INFO [2026-03-16 13:59:29] Memory: Total: 61649012 kB, Available: 58830540 kB, Active: 1835756 kB, SwapTotal: 40894456 kB, SwapFree: 40861944 kB
INFO [2026-03-16 13:59:29] Processing missing values ...
INFO [2026-03-16 13:59:29] Figuring out comparisons to do ...
INFO [2026-03-16 13:59:29] Splitting up across compute ...
INFO [2026-03-16 13:59:29] Running correlations ...
INFO [2026-03-16 13:59:30] Memory: Total: 61649012 kB, Available: 58211780 kB, Active: 2452352 kB, SwapTotal: 40894456 kB, SwapFree: 40861944 kB
INFO [2026-03-16 13:59:30] Memory: Total: 61649012 kB, Available: 58202644 kB, Active: 2452920 kB, SwapTotal: 40894456 kB, SwapFree: 40861944 kB
INFO [2026-03-16 13:59:30] Memory: Total: 61649012 kB, Available: 58202644 kB, Active: 2454340 kB, SwapTotal: 40894456 kB, SwapFree: 40861944 kB
INFO [2026-03-16 13:59:30] Memory: Total: 61649012 kB, Available: 58202644 kB, Active: 2455112 kB, SwapTotal: 40894456 kB, SwapFree: 40861944 kB
INFO [2026-03-16 13:59:31] Memory: Total: 61649012 kB, Available: 58202284 kB, Active: 2457400 kB, SwapTotal: 40894456 kB, SwapFree: 40861944 kB
INFO [2026-03-16 13:59:31] Memory: Total: 61649012 kB, Available: 58202284 kB, Active: 2457524 kB, SwapTotal: 40894456 kB, SwapFree: 40861944 kB
INFO [2026-03-16 13:59:31] Memory: Total: 61649012 kB, Available: 58202284 kB, Active: 2457524 kB, SwapTotal: 40894456 kB, SwapFree: 40861944 kB
INFO [2026-03-16 13:59:31] Memory: Total: 61649012 kB, Available: 58202284 kB, Active: 2457648 kB, SwapTotal: 40894456 kB, SwapFree: 40861944 kB
INFO [2026-03-16 13:59:31] Memory: Total: 61649012 kB, Available: 58202284 kB, Active: 2458516 kB, SwapTotal: 40894456 kB, SwapFree: 40861944 kB
INFO [2026-03-16 13:59:31] Memory: Total: 61649012 kB, Available: 58202284 kB, Active: 2458964 kB, SwapTotal: 40894456 kB, SwapFree: 40861944 kB
INFO [2026-03-16 13:59:31] Memory: Total: 61649012 kB, Available: 58202284 kB, Active: 2459088 kB, SwapTotal: 40894456 kB, SwapFree: 40861944 kB
INFO [2026-03-16 13:59:31] Memory: Total: 61649012 kB, Available: 58202284 kB, Active: 2459088 kB, SwapTotal: 40894456 kB, SwapFree: 40861944 kB
INFO [2026-03-16 13:59:31] Memory: Total: 61649012 kB, Available: 58202100 kB, Active: 2460796 kB, SwapTotal: 40894456 kB, SwapFree: 40861944 kB
INFO [2026-03-16 13:59:31] Memory: Total: 61649012 kB, Available: 58202100 kB, Active: 2460920 kB, SwapTotal: 40894456 kB, SwapFree: 40861944 kB
INFO [2026-03-16 13:59:31] Memory: Total: 61649012 kB, Available: 58202100 kB, Active: 2461044 kB, SwapTotal: 40894456 kB, SwapFree: 40861944 kB
INFO [2026-03-16 13:59:31] Memory: Total: 61649012 kB, Available: 58202100 kB, Active: 2461044 kB, SwapTotal: 40894456 kB, SwapFree: 40861944 kB
INFO [2026-03-16 13:59:32] Memory: Total: 61649012 kB, Available: 58202100 kB, Active: 2462036 kB, SwapTotal: 40894456 kB, SwapFree: 40861944 kB
INFO [2026-03-16 13:59:32] Memory: Total: 61649012 kB, Available: 58202100 kB, Active: 2462036 kB, SwapTotal: 40894456 kB, SwapFree: 40861944 kB
INFO [2026-03-16 13:59:32] Memory: Total: 61649012 kB, Available: 58200348 kB, Active: 2463456 kB, SwapTotal: 40894456 kB, SwapFree: 40861944 kB
INFO [2026-03-16 13:59:32] Memory: Total: 61649012 kB, Available: 58178172 kB, Active: 2479132 kB, SwapTotal: 40894456 kB, SwapFree: 40861944 kB
INFO [2026-03-16 13:59:32] Memory: Total: 61649012 kB, Available: 58122596 kB, Active: 2530544 kB, SwapTotal: 40894456 kB, SwapFree: 40861944 kB
INFO [2026-03-16 13:59:32] Memory: Total: 61649012 kB, Available: 58122596 kB, Active: 2530668 kB, SwapTotal: 40894456 kB, SwapFree: 40861944 kB
INFO [2026-03-16 13:59:32] Memory: Total: 61649012 kB, Available: 58122596 kB, Active: 2530668 kB, SwapTotal: 40894456 kB, SwapFree: 40861944 kB
INFO [2026-03-16 13:59:32] Memory: Total: 61649012 kB, Available: 58122596 kB, Active: 2530792 kB, SwapTotal: 40894456 kB, SwapFree: 40861944 kB
INFO [2026-03-16 13:59:33] Memory: Total: 61649012 kB, Available: 58122216 kB, Active: 2532408 kB, SwapTotal: 40894456 kB, SwapFree: 40861944 kB
INFO [2026-03-16 13:59:33] Memory: Total: 61649012 kB, Available: 58121964 kB, Active: 2532532 kB, SwapTotal: 40894456 kB, SwapFree: 40861944 kB
INFO [2026-03-16 13:59:33] Memory: Total: 61649012 kB, Available: 58121964 kB, Active: 2532656 kB, SwapTotal: 40894456 kB, SwapFree: 40861944 kB
INFO [2026-03-16 13:59:33] Memory: Total: 61649012 kB, Available: 58121964 kB, Active: 2532780 kB, SwapTotal: 40894456 kB, SwapFree: 40861944 kB
INFO [2026-03-16 13:59:33] Memory: Total: 61649012 kB, Available: 58120452 kB, Active: 2533524 kB, SwapTotal: 40894456 kB, SwapFree: 40861944 kB
INFO [2026-03-16 13:59:33] Memory: Total: 61649012 kB, Available: 58120452 kB, Active: 2533648 kB, SwapTotal: 40894456 kB, SwapFree: 40861944 kB
INFO [2026-03-16 13:59:33] Memory: Total: 61649012 kB, Available: 58120452 kB, Active: 2533648 kB, SwapTotal: 40894456 kB, SwapFree: 40861944 kB
INFO [2026-03-16 13:59:33] Memory: Total: 61649012 kB, Available: 58120452 kB, Active: 2533772 kB, SwapTotal: 40894456 kB, SwapFree: 40861944 kB
INFO [2026-03-16 13:59:33] Memory: Total: 61649012 kB, Available: 58119956 kB, Active: 2534840 kB, SwapTotal: 40894456 kB, SwapFree: 40861944 kB
INFO [2026-03-16 13:59:33] Memory: Total: 61649012 kB, Available: 58119956 kB, Active: 2534648 kB, SwapTotal: 40894456 kB, SwapFree: 40861944 kB
INFO [2026-03-16 13:59:33] Memory: Total: 61649012 kB, Available: 58119956 kB, Active: 2534972 kB, SwapTotal: 40894456 kB, SwapFree: 40861944 kB
INFO [2026-03-16 13:59:33] Memory: Total: 61649012 kB, Available: 58118952 kB, Active: 2535996 kB, SwapTotal: 40894456 kB, SwapFree: 40861944 kB
INFO [2026-03-16 13:59:34] Memory: Total: 61649012 kB, Available: 58118952 kB, Active: 2536740 kB, SwapTotal: 40894456 kB, SwapFree: 40861944 kB
INFO [2026-03-16 13:59:34] Memory: Total: 61649012 kB, Available: 58118952 kB, Active: 2536864 kB, SwapTotal: 40894456 kB, SwapFree: 40861944 kB
INFO [2026-03-16 13:59:34] Memory: Total: 61649012 kB, Available: 58118952 kB, Active: 2536864 kB, SwapTotal: 40894456 kB, SwapFree: 40861944 kB
INFO [2026-03-16 13:59:34] Memory: Total: 61649012 kB, Available: 58116936 kB, Active: 2536988 kB, SwapTotal: 40894456 kB, SwapFree: 40861944 kB
INFO [2026-03-16 13:59:34] Memory: Total: 61649012 kB, Available: 58116936 kB, Active: 2537732 kB, SwapTotal: 40894456 kB, SwapFree: 40861944 kB
INFO [2026-03-16 13:59:34] Memory: Total: 61649012 kB, Available: 58116936 kB, Active: 2537856 kB, SwapTotal: 40894456 kB, SwapFree: 40861944 kB
INFO [2026-03-16 13:59:34] Memory: Total: 61649012 kB, Available: 58116936 kB, Active: 2537856 kB, SwapTotal: 40894456 kB, SwapFree: 40861944 kB
INFO [2026-03-16 13:59:34] Memory: Total: 61649012 kB, Available: 58116936 kB, Active: 2537980 kB, SwapTotal: 40894456 kB, SwapFree: 40861944 kB
INFO [2026-03-16 13:59:34] Memory: Total: 61649012 kB, Available: 58116936 kB, Active: 2539604 kB, SwapTotal: 40894456 kB, SwapFree: 40861944 kB
INFO [2026-03-16 13:59:34] Memory: Total: 61649012 kB, Available: 58116936 kB, Active: 2539604 kB, SwapTotal: 40894456 kB, SwapFree: 40861944 kB
INFO [2026-03-16 13:59:34] Memory: Total: 61649012 kB, Available: 58116936 kB, Active: 2539604 kB, SwapTotal: 40894456 kB, SwapFree: 40861944 kB
INFO [2026-03-16 13:59:35] Memory: Total: 61649012 kB, Available: 58112904 kB, Active: 2539852 kB, SwapTotal: 40894456 kB, SwapFree: 40861944 kB
INFO [2026-03-16 13:59:35] Memory: Total: 61649012 kB, Available: 58112904 kB, Active: 2540596 kB, SwapTotal: 40894456 kB, SwapFree: 40861944 kB
INFO [2026-03-16 13:59:35] Memory: Total: 61649012 kB, Available: 58112904 kB, Active: 2540596 kB, SwapTotal: 40894456 kB, SwapFree: 40861944 kB
INFO [2026-03-16 13:59:35] Memory: Total: 61649012 kB, Available: 58112904 kB, Active: 2540720 kB, SwapTotal: 40894456 kB, SwapFree: 40861944 kB
INFO [2026-03-16 13:59:35] Memory: Total: 61649012 kB, Available: 58112904 kB, Active: 2540844 kB, SwapTotal: 40894456 kB, SwapFree: 40861944 kB
INFO [2026-03-16 13:59:35] Memory: Total: 61649012 kB, Available: 58112904 kB, Active: 2541712 kB, SwapTotal: 40894456 kB, SwapFree: 40861944 kB
INFO [2026-03-16 13:59:35] Memory: Total: 61649012 kB, Available: 58112904 kB, Active: 2542160 kB, SwapTotal: 40894456 kB, SwapFree: 40861944 kB
INFO [2026-03-16 13:59:35] Memory: Total: 61649012 kB, Available: 58112904 kB, Active: 2542160 kB, SwapTotal: 40894456 kB, SwapFree: 40861944 kB
INFO [2026-03-16 13:59:35] Memory: Total: 61649012 kB, Available: 58112904 kB, Active: 2542284 kB, SwapTotal: 40894456 kB, SwapFree: 40861944 kB
INFO [2026-03-16 13:59:36] Memory: Total: 61649012 kB, Available: 58112908 kB, Active: 2543936 kB, SwapTotal: 40894456 kB, SwapFree: 40861944 kB
INFO [2026-03-16 13:59:36] Memory: Total: 61649012 kB, Available: 58112908 kB, Active: 2543936 kB, SwapTotal: 40894456 kB, SwapFree: 40861944 kB
INFO [2026-03-16 13:59:36] Memory: Total: 61649012 kB, Available: 58112908 kB, Active: 2544060 kB, SwapTotal: 40894456 kB, SwapFree: 40861944 kB
INFO [2026-03-16 13:59:36] Memory: Total: 61649012 kB, Available: 58112908 kB, Active: 2544184 kB, SwapTotal: 40894456 kB, SwapFree: 40861944 kB
INFO [2026-03-16 13:59:36] Memory: Total: 61649012 kB, Available: 58104844 kB, Active: 2544928 kB, SwapTotal: 40894456 kB, SwapFree: 40861944 kB
INFO [2026-03-16 13:59:36] Memory: Total: 61649012 kB, Available: 58104844 kB, Active: 2544928 kB, SwapTotal: 40894456 kB, SwapFree: 40861944 kB
INFO [2026-03-16 13:59:36] Memory: Total: 61649012 kB, Available: 58104844 kB, Active: 2545052 kB, SwapTotal: 40894456 kB, SwapFree: 40861944 kB
INFO [2026-03-16 13:59:36] Memory: Total: 61649012 kB, Available: 58104844 kB, Active: 2545176 kB, SwapTotal: 40894456 kB, SwapFree: 40861944 kB
INFO [2026-03-16 13:59:36] Memory: Total: 61649012 kB, Available: 58104836 kB, Active: 2545920 kB, SwapTotal: 40894456 kB, SwapFree: 40861944 kB
INFO [2026-03-16 13:59:36] Memory: Total: 61649012 kB, Available: 58104836 kB, Active: 2545920 kB, SwapTotal: 40894456 kB, SwapFree: 40861944 kB
INFO [2026-03-16 13:59:36] Memory: Total: 61649012 kB, Available: 58104836 kB, Active: 2546044 kB, SwapTotal: 40894456 kB, SwapFree: 40861944 kB
INFO [2026-03-16 13:59:36] Memory: Total: 61649012 kB, Available: 58104836 kB, Active: 2547004 kB, SwapTotal: 40894456 kB, SwapFree: 40861944 kB
INFO [2026-03-16 13:59:37] Memory: Total: 61649012 kB, Available: 58104836 kB, Active: 2547748 kB, SwapTotal: 40894456 kB, SwapFree: 40861944 kB
INFO [2026-03-16 13:59:37] Memory: Total: 61649012 kB, Available: 58104836 kB, Active: 2547872 kB, SwapTotal: 40894456 kB, SwapFree: 40861944 kB
INFO [2026-03-16 13:59:37] Memory: Total: 61649012 kB, Available: 58104836 kB, Active: 2547872 kB, SwapTotal: 40894456 kB, SwapFree: 40861944 kB
INFO [2026-03-16 13:59:37] Memory: Total: 61649012 kB, Available: 58104836 kB, Active: 2547996 kB, SwapTotal: 40894456 kB, SwapFree: 40861944 kB
INFO [2026-03-16 13:59:37] Memory: Total: 61649012 kB, Available: 58104836 kB, Active: 2548864 kB, SwapTotal: 40894456 kB, SwapFree: 40861944 kB
INFO [2026-03-16 13:59:37] Memory: Total: 61649012 kB, Available: 58104836 kB, Active: 2548864 kB, SwapTotal: 40894456 kB, SwapFree: 40861944 kB
INFO [2026-03-16 13:59:37] Memory: Total: 61649012 kB, Available: 58104836 kB, Active: 2548864 kB, SwapTotal: 40894456 kB, SwapFree: 40861944 kB
INFO [2026-03-16 13:59:37] Memory: Total: 61649012 kB, Available: 58104836 kB, Active: 2549112 kB, SwapTotal: 40894456 kB, SwapFree: 40861944 kB
INFO [2026-03-16 13:59:37] Memory: Total: 61649012 kB, Available: 58104584 kB, Active: 2550328 kB, SwapTotal: 40894456 kB, SwapFree: 40861944 kB
INFO [2026-03-16 13:59:37] Memory: Total: 61649012 kB, Available: 58104584 kB, Active: 2550492 kB, SwapTotal: 40894456 kB, SwapFree: 40861944 kB
INFO [2026-03-16 13:59:37] Memory: Total: 61649012 kB, Available: 58104584 kB, Active: 2550516 kB, SwapTotal: 40894456 kB, SwapFree: 40861944 kB
INFO [2026-03-16 13:59:38] Memory: Total: 61649012 kB, Available: 58104584 kB, Active: 2550600 kB, SwapTotal: 40894456 kB, SwapFree: 40861944 kB
INFO [2026-03-16 13:59:38] Memory: Total: 61649012 kB, Available: 58104588 kB, Active: 2551344 kB, SwapTotal: 40894456 kB, SwapFree: 40861944 kB
INFO [2026-03-16 13:59:38] Memory: Total: 61649012 kB, Available: 58104588 kB, Active: 2551344 kB, SwapTotal: 40894456 kB, SwapFree: 40861944 kB
INFO [2026-03-16 13:59:38] Memory: Total: 61649012 kB, Available: 58104588 kB, Active: 2551344 kB, SwapTotal: 40894456 kB, SwapFree: 40861944 kB
INFO [2026-03-16 13:59:38] Memory: Total: 61649012 kB, Available: 58104588 kB, Active: 2551596 kB, SwapTotal: 40894456 kB, SwapFree: 40861944 kB
INFO [2026-03-16 13:59:38] Memory: Total: 61649012 kB, Available: 58104588 kB, Active: 2552216 kB, SwapTotal: 40894456 kB, SwapFree: 40861944 kB
INFO [2026-03-16 13:59:38] Memory: Total: 61649012 kB, Available: 58104588 kB, Active: 2552216 kB, SwapTotal: 40894456 kB, SwapFree: 40861944 kB
INFO [2026-03-16 13:59:38] Memory: Total: 61649012 kB, Available: 58104588 kB, Active: 2552216 kB, SwapTotal: 40894456 kB, SwapFree: 40861944 kB
INFO [2026-03-16 13:59:38] Memory: Total: 61649012 kB, Available: 58104588 kB, Active: 2552464 kB, SwapTotal: 40894456 kB, SwapFree: 40861944 kB
INFO [2026-03-16 13:59:39] Memory: Total: 61649012 kB, Available: 58104012 kB, Active: 2554216 kB, SwapTotal: 40894456 kB, SwapFree: 40861944 kB
INFO [2026-03-16 13:59:39] Memory: Total: 61649012 kB, Available: 58104012 kB, Active: 2554340 kB, SwapTotal: 40894456 kB, SwapFree: 40861944 kB
INFO [2026-03-16 13:59:39] Memory: Total: 61649012 kB, Available: 58104012 kB, Active: 2554340 kB, SwapTotal: 40894456 kB, SwapFree: 40861944 kB
INFO [2026-03-16 13:59:39] Memory: Total: 61649012 kB, Available: 58104012 kB, Active: 2554716 kB, SwapTotal: 40894456 kB, SwapFree: 40861944 kB
INFO [2026-03-16 13:59:39] Memory: Total: 61649012 kB, Available: 58095948 kB, Active: 2555460 kB, SwapTotal: 40894456 kB, SwapFree: 40861944 kB
INFO [2026-03-16 13:59:39] Memory: Total: 61649012 kB, Available: 58095948 kB, Active: 2555708 kB, SwapTotal: 40894456 kB, SwapFree: 40861944 kB
INFO [2026-03-16 13:59:39] Memory: Total: 61649012 kB, Available: 58095948 kB, Active: 2555708 kB, SwapTotal: 40894456 kB, SwapFree: 40861944 kB
INFO [2026-03-16 13:59:39] Memory: Total: 61649012 kB, Available: 58095948 kB, Active: 2555956 kB, SwapTotal: 40894456 kB, SwapFree: 40861944 kB
INFO [2026-03-16 13:59:39] Memory: Total: 61649012 kB, Available: 58095948 kB, Active: 2556948 kB, SwapTotal: 40894456 kB, SwapFree: 40861944 kB
INFO [2026-03-16 13:59:39] Memory: Total: 61649012 kB, Available: 58095948 kB, Active: 2557072 kB, SwapTotal: 40894456 kB, SwapFree: 40861944 kB
INFO [2026-03-16 13:59:39] Memory: Total: 61649012 kB, Available: 58095948 kB, Active: 2557072 kB, SwapTotal: 40894456 kB, SwapFree: 40861944 kB
INFO [2026-03-16 13:59:39] Memory: Total: 61649012 kB, Available: 57991256 kB, Active: 2663528 kB, SwapTotal: 40894456 kB, SwapFree: 40861944 kB
INFO [2026-03-16 13:59:41] Memory: Total: 61649012 kB, Available: 54847148 kB, Active: 5793880 kB, SwapTotal: 40894456 kB, SwapFree: 40861944 kB
INFO [2026-03-16 13:59:41] Memory: Total: 61649012 kB, Available: 54847148 kB, Active: 5807164 kB, SwapTotal: 40894456 kB, SwapFree: 40861944 kB
INFO [2026-03-16 13:59:41] Memory: Total: 61649012 kB, Available: 54827948 kB, Active: 5825308 kB, SwapTotal: 40894456 kB, SwapFree: 40861944 kB
INFO [2026-03-16 13:59:41] Memory: Total: 61649012 kB, Available: 54736620 kB, Active: 5917764 kB, SwapTotal: 40894456 kB, SwapFree: 40861944 kB
INFO [2026-03-16 13:59:41] Memory: Total: 61649012 kB, Available: 54713612 kB, Active: 5946144 kB, SwapTotal: 40894456 kB, SwapFree: 40861944 kB
INFO [2026-03-16 13:59:41] Memory: Total: 61649012 kB, Available: 54713612 kB, Active: 5946144 kB, SwapTotal: 40894456 kB, SwapFree: 40861944 kB
INFO [2026-03-16 13:59:41] Memory: Total: 61649012 kB, Available: 54713612 kB, Active: 5946144 kB, SwapTotal: 40894456 kB, SwapFree: 40861944 kB
INFO [2026-03-16 13:59:41] Memory: Total: 61649012 kB, Available: 54713612 kB, Active: 5946468 kB, SwapTotal: 40894456 kB, SwapFree: 40861944 kB
INFO [2026-03-16 13:59:42] Memory: Total: 61649012 kB, Available: 54713196 kB, Active: 5946948 kB, SwapTotal: 40894456 kB, SwapFree: 40861944 kB
INFO [2026-03-16 13:59:42] Memory: Total: 61649012 kB, Available: 54713196 kB, Active: 5947008 kB, SwapTotal: 40894456 kB, SwapFree: 40861944 kB
INFO [2026-03-16 13:59:42] Memory: Total: 61649012 kB, Available: 54713196 kB, Active: 5947008 kB, SwapTotal: 40894456 kB, SwapFree: 40861944 kB
INFO [2026-03-16 13:59:42] Memory: Total: 61649012 kB, Available: 54713196 kB, Active: 5946948 kB, SwapTotal: 40894456 kB, SwapFree: 40861944 kB
INFO [2026-03-16 13:59:42] Memory: Total: 61649012 kB, Available: 54713196 kB, Active: 5947040 kB, SwapTotal: 40894456 kB, SwapFree: 40861944 kB
INFO [2026-03-16 13:59:42] Memory: Total: 61649012 kB, Available: 54713196 kB, Active: 5947040 kB, SwapTotal: 40894456 kB, SwapFree: 40861944 kB
INFO [2026-03-16 13:59:42] Memory: Total: 61649012 kB, Available: 54713196 kB, Active: 5947040 kB, SwapTotal: 40894456 kB, SwapFree: 40861944 kB
INFO [2026-03-16 13:59:42] Memory: Total: 61649012 kB, Available: 54713196 kB, Active: 5947040 kB, SwapTotal: 40894456 kB, SwapFree: 40861944 kB
INFO [2026-03-16 13:59:42] Memory: Total: 61649012 kB, Available: 54713204 kB, Active: 5947040 kB, SwapTotal: 40894456 kB, SwapFree: 40861944 kB
INFO [2026-03-16 13:59:42] Memory: Total: 61649012 kB, Available: 54713204 kB, Active: 5947040 kB, SwapTotal: 40894456 kB, SwapFree: 40861944 kB
INFO [2026-03-16 13:59:42] Memory: Total: 61649012 kB, Available: 54713204 kB, Active: 5947040 kB, SwapTotal: 40894456 kB, SwapFree: 40861944 kB
INFO [2026-03-16 13:59:42] Memory: Total: 61649012 kB, Available: 54713204 kB, Active: 5947040 kB, SwapTotal: 40894456 kB, SwapFree: 40861944 kB
INFO [2026-03-16 13:59:43] Memory: Total: 61649012 kB, Available: 54713208 kB, Active: 5947040 kB, SwapTotal: 40894456 kB, SwapFree: 40861944 kB
INFO [2026-03-16 13:59:43] Memory: Total: 61649012 kB, Available: 54713208 kB, Active: 5947040 kB, SwapTotal: 40894456 kB, SwapFree: 40861944 kB
INFO [2026-03-16 13:59:43] Memory: Total: 61649012 kB, Available: 54713208 kB, Active: 5947040 kB, SwapTotal: 40894456 kB, SwapFree: 40861944 kB
INFO [2026-03-16 13:59:43] Memory: Total: 61649012 kB, Available: 54713208 kB, Active: 5947044 kB, SwapTotal: 40894456 kB, SwapFree: 40861944 kB
INFO [2026-03-16 13:59:43] Memory: Total: 61649012 kB, Available: 54713208 kB, Active: 5947044 kB, SwapTotal: 40894456 kB, SwapFree: 40861944 kB
INFO [2026-03-16 13:59:43] Memory: Total: 61649012 kB, Available: 54713208 kB, Active: 5947044 kB, SwapTotal: 40894456 kB, SwapFree: 40861944 kB
INFO [2026-03-16 13:59:43] Memory: Total: 61649012 kB, Available: 54713208 kB, Active: 5947044 kB, SwapTotal: 40894456 kB, SwapFree: 40861944 kB
INFO [2026-03-16 13:59:43] Memory: Total: 61649012 kB, Available: 54713208 kB, Active: 5947048 kB, SwapTotal: 40894456 kB, SwapFree: 40861944 kB
INFO [2026-03-16 13:59:43] Memory: Total: 61649012 kB, Available: 54713208 kB, Active: 5947376 kB, SwapTotal: 40894456 kB, SwapFree: 40861944 kB
INFO [2026-03-16 13:59:43] Memory: Total: 61649012 kB, Available: 54713208 kB, Active: 5947660 kB, SwapTotal: 40894456 kB, SwapFree: 40861944 kB
INFO [2026-03-16 13:59:43] Memory: Total: 61649012 kB, Available: 54713208 kB, Active: 5947660 kB, SwapTotal: 40894456 kB, SwapFree: 40861944 kB
INFO [2026-03-16 13:59:43] Memory: Total: 61649012 kB, Available: 54713208 kB, Active: 5947080 kB, SwapTotal: 40894456 kB, SwapFree: 40861944 kB
INFO [2026-03-16 13:59:44] Memory: Total: 61649012 kB, Available: 54713208 kB, Active: 5947080 kB, SwapTotal: 40894456 kB, SwapFree: 40861944 kB
INFO [2026-03-16 13:59:44] Memory: Total: 61649012 kB, Available: 54713204 kB, Active: 5947080 kB, SwapTotal: 40894456 kB, SwapFree: 40861944 kB
INFO [2026-03-16 13:59:44] Memory: Total: 61649012 kB, Available: 54713204 kB, Active: 5947080 kB, SwapTotal: 40894456 kB, SwapFree: 40861944 kB
INFO [2026-03-16 13:59:44] Memory: Total: 61649012 kB, Available: 54713204 kB, Active: 5947080 kB, SwapTotal: 40894456 kB, SwapFree: 40861944 kB
INFO [2026-03-16 13:59:44] Memory: Total: 61649012 kB, Available: 54713204 kB, Active: 5947080 kB, SwapTotal: 40894456 kB, SwapFree: 40861944 kB
INFO [2026-03-16 13:59:44] Memory: Total: 61649012 kB, Available: 54713204 kB, Active: 5947080 kB, SwapTotal: 40894456 kB, SwapFree: 40861944 kB
INFO [2026-03-16 13:59:44] Memory: Total: 61649012 kB, Available: 54713204 kB, Active: 5947080 kB, SwapTotal: 40894456 kB, SwapFree: 40861944 kB
INFO [2026-03-16 13:59:44] Memory: Total: 61649012 kB, Available: 54713204 kB, Active: 5947080 kB, SwapTotal: 40894456 kB, SwapFree: 40861944 kB
INFO [2026-03-16 13:59:44] Memory: Total: 61649012 kB, Available: 54713208 kB, Active: 5947368 kB, SwapTotal: 40894456 kB, SwapFree: 40861944 kB
INFO [2026-03-16 13:59:45] Memory: Total: 61649012 kB, Available: 54713208 kB, Active: 5947316 kB, SwapTotal: 40894456 kB, SwapFree: 40861944 kB
INFO [2026-03-16 13:59:45] Memory: Total: 61649012 kB, Available: 54713208 kB, Active: 5947316 kB, SwapTotal: 40894456 kB, SwapFree: 40861944 kB
INFO [2026-03-16 13:59:45] Memory: Total: 61649012 kB, Available: 54713208 kB, Active: 5947316 kB, SwapTotal: 40894456 kB, SwapFree: 40861944 kB
INFO [2026-03-16 13:59:45] Memory: Total: 61649012 kB, Available: 54713208 kB, Active: 5947316 kB, SwapTotal: 40894456 kB, SwapFree: 40861944 kB
INFO [2026-03-16 13:59:45] Memory: Total: 61649012 kB, Available: 54713208 kB, Active: 5947316 kB, SwapTotal: 40894456 kB, SwapFree: 40861944 kB
INFO [2026-03-16 13:59:45] Memory: Total: 61649012 kB, Available: 54713208 kB, Active: 5947316 kB, SwapTotal: 40894456 kB, SwapFree: 40861944 kB
INFO [2026-03-16 13:59:45] Memory: Total: 61649012 kB, Available: 54713208 kB, Active: 5947316 kB, SwapTotal: 40894456 kB, SwapFree: 40861944 kB
INFO [2026-03-16 13:59:45] Memory: Total: 61649012 kB, Available: 54713208 kB, Active: 5947316 kB, SwapTotal: 40894456 kB, SwapFree: 40861944 kB
INFO [2026-03-16 13:59:45] Memory: Total: 61649012 kB, Available: 54713208 kB, Active: 5947316 kB, SwapTotal: 40894456 kB, SwapFree: 40861944 kB
INFO [2026-03-16 13:59:45] Memory: Total: 61649012 kB, Available: 54713208 kB, Active: 5947316 kB, SwapTotal: 40894456 kB, SwapFree: 40861944 kB
INFO [2026-03-16 13:59:45] Memory: Total: 61649012 kB, Available: 54713208 kB, Active: 5947316 kB, SwapTotal: 40894456 kB, SwapFree: 40861944 kB
INFO [2026-03-16 13:59:46] Memory: Total: 61649012 kB, Available: 54712956 kB, Active: 5947652 kB, SwapTotal: 40894456 kB, SwapFree: 40861944 kB
INFO [2026-03-16 13:59:46] Memory: Total: 61649012 kB, Available: 54712956 kB, Active: 5947496 kB, SwapTotal: 40894456 kB, SwapFree: 40861944 kB
INFO [2026-03-16 13:59:46] Memory: Total: 61649012 kB, Available: 54712956 kB, Active: 5947496 kB, SwapTotal: 40894456 kB, SwapFree: 40861944 kB
INFO [2026-03-16 13:59:46] Memory: Total: 61649012 kB, Available: 54712956 kB, Active: 5947496 kB, SwapTotal: 40894456 kB, SwapFree: 40861944 kB
INFO [2026-03-16 13:59:46] Memory: Total: 61649012 kB, Available: 54712956 kB, Active: 5947496 kB, SwapTotal: 40894456 kB, SwapFree: 40861944 kB
INFO [2026-03-16 13:59:46] Memory: Total: 61649012 kB, Available: 54712592 kB, Active: 5947496 kB, SwapTotal: 40894456 kB, SwapFree: 40861944 kB
INFO [2026-03-16 13:59:46] Memory: Total: 61649012 kB, Available: 54712592 kB, Active: 5947496 kB, SwapTotal: 40894456 kB, SwapFree: 40861944 kB
INFO [2026-03-16 13:59:46] Memory: Total: 61649012 kB, Available: 54712592 kB, Active: 5947496 kB, SwapTotal: 40894456 kB, SwapFree: 40861944 kB
INFO [2026-03-16 13:59:46] Memory: Total: 61649012 kB, Available: 54712704 kB, Active: 5947576 kB, SwapTotal: 40894456 kB, SwapFree: 40861944 kB
INFO [2026-03-16 13:59:46] Memory: Total: 61649012 kB, Available: 54712704 kB, Active: 5947584 kB, SwapTotal: 40894456 kB, SwapFree: 40861944 kB
INFO [2026-03-16 13:59:46] Memory: Total: 61649012 kB, Available: 54712704 kB, Active: 5947584 kB, SwapTotal: 40894456 kB, SwapFree: 40861944 kB
INFO [2026-03-16 13:59:46] Memory: Total: 61649012 kB, Available: 54712704 kB, Active: 5947584 kB, SwapTotal: 40894456 kB, SwapFree: 40861944 kB
INFO [2026-03-16 13:59:47] Memory: Total: 61649012 kB, Available: 54712704 kB, Active: 5947584 kB, SwapTotal: 40894456 kB, SwapFree: 40861944 kB
INFO [2026-03-16 13:59:47] Memory: Total: 61649012 kB, Available: 54712704 kB, Active: 5947584 kB, SwapTotal: 40894456 kB, SwapFree: 40861944 kB
INFO [2026-03-16 13:59:47] Memory: Total: 61649012 kB, Available: 54712704 kB, Active: 5947584 kB, SwapTotal: 40894456 kB, SwapFree: 40861944 kB
INFO [2026-03-16 13:59:47] Memory: Total: 61649012 kB, Available: 54712704 kB, Active: 5947588 kB, SwapTotal: 40894456 kB, SwapFree: 40861944 kB
INFO [2026-03-16 13:59:47] Memory: Total: 61649012 kB, Available: 54712704 kB, Active: 5947588 kB, SwapTotal: 40894456 kB, SwapFree: 40861944 kB
INFO [2026-03-16 13:59:47] Memory: Total: 61649012 kB, Available: 54712704 kB, Active: 5947588 kB, SwapTotal: 40894456 kB, SwapFree: 40861944 kB
INFO [2026-03-16 13:59:47] Memory: Total: 61649012 kB, Available: 54712704 kB, Active: 5947588 kB, SwapTotal: 40894456 kB, SwapFree: 40861944 kB
INFO [2026-03-16 13:59:47] Memory: Total: 61649012 kB, Available: 54712704 kB, Active: 5947592 kB, SwapTotal: 40894456 kB, SwapFree: 40861944 kB
INFO [2026-03-16 13:59:47] Memory: Total: 61649012 kB, Available: 54712708 kB, Active: 5947764 kB, SwapTotal: 40894456 kB, SwapFree: 40861944 kB
INFO [2026-03-16 13:59:47] Memory: Total: 61649012 kB, Available: 54712708 kB, Active: 5947764 kB, SwapTotal: 40894456 kB, SwapFree: 40861944 kB
INFO [2026-03-16 13:59:48] Memory: Total: 61649012 kB, Available: 54712708 kB, Active: 5947724 kB, SwapTotal: 40894456 kB, SwapFree: 40861944 kB
INFO [2026-03-16 13:59:48] Memory: Total: 61649012 kB, Available: 54712708 kB, Active: 5947784 kB, SwapTotal: 40894456 kB, SwapFree: 40861944 kB
INFO [2026-03-16 13:59:48] Memory: Total: 61649012 kB, Available: 54712708 kB, Active: 5947724 kB, SwapTotal: 40894456 kB, SwapFree: 40861944 kB
INFO [2026-03-16 13:59:48] Memory: Total: 61649012 kB, Available: 54712708 kB, Active: 5947724 kB, SwapTotal: 40894456 kB, SwapFree: 40861944 kB
INFO [2026-03-16 13:59:48] Memory: Total: 61649012 kB, Available: 54712708 kB, Active: 5947724 kB, SwapTotal: 40894456 kB, SwapFree: 40861944 kB
INFO [2026-03-16 13:59:48] Memory: Total: 61649012 kB, Available: 54712708 kB, Active: 5947724 kB, SwapTotal: 40894456 kB, SwapFree: 40861944 kB
INFO [2026-03-16 13:59:48] Memory: Total: 61649012 kB, Available: 54712708 kB, Active: 5947724 kB, SwapTotal: 40894456 kB, SwapFree: 40861944 kB
INFO [2026-03-16 13:59:48] Memory: Total: 61649012 kB, Available: 54712708 kB, Active: 5947724 kB, SwapTotal: 40894456 kB, SwapFree: 40861944 kB
INFO [2026-03-16 13:59:48] Memory: Total: 61649012 kB, Available: 54712708 kB, Active: 5947724 kB, SwapTotal: 40894456 kB, SwapFree: 40861944 kB
INFO [2026-03-16 13:59:48] Memory: Total: 61649012 kB, Available: 54712708 kB, Active: 5947724 kB, SwapTotal: 40894456 kB, SwapFree: 40861944 kB
INFO [2026-03-16 13:59:49] Memory: Total: 61649012 kB, Available: 54712708 kB, Active: 5947740 kB, SwapTotal: 40894456 kB, SwapFree: 40861944 kB
INFO [2026-03-16 13:59:49] Memory: Total: 61649012 kB, Available: 54712708 kB, Active: 5947740 kB, SwapTotal: 40894456 kB, SwapFree: 40861944 kB
INFO [2026-03-16 13:59:49] Memory: Total: 61649012 kB, Available: 54712708 kB, Active: 5947740 kB, SwapTotal: 40894456 kB, SwapFree: 40861944 kB
INFO [2026-03-16 13:59:49] Memory: Total: 61649012 kB, Available: 54712708 kB, Active: 5947740 kB, SwapTotal: 40894456 kB, SwapFree: 40861944 kB
INFO [2026-03-16 13:59:49] Memory: Total: 61649012 kB, Available: 54712708 kB, Active: 5947740 kB, SwapTotal: 40894456 kB, SwapFree: 40861944 kB
INFO [2026-03-16 13:59:49] Memory: Total: 61649012 kB, Available: 54712708 kB, Active: 5947740 kB, SwapTotal: 40894456 kB, SwapFree: 40861944 kB
INFO [2026-03-16 13:59:49] Memory: Total: 61649012 kB, Available: 54712708 kB, Active: 5947740 kB, SwapTotal: 40894456 kB, SwapFree: 40861944 kB
INFO [2026-03-16 13:59:49] Memory: Total: 61649012 kB, Available: 54712708 kB, Active: 5947740 kB, SwapTotal: 40894456 kB, SwapFree: 40861944 kB
INFO [2026-03-16 13:59:49] Memory: Total: 61649012 kB, Available: 54712708 kB, Active: 5947740 kB, SwapTotal: 40894456 kB, SwapFree: 40861944 kB
INFO [2026-03-16 13:59:49] Memory: Total: 61649012 kB, Available: 54712708 kB, Active: 5947740 kB, SwapTotal: 40894456 kB, SwapFree: 40861944 kB
INFO [2026-03-16 13:59:49] Memory: Total: 61649012 kB, Available: 54712708 kB, Active: 5947740 kB, SwapTotal: 40894456 kB, SwapFree: 40861944 kB
INFO [2026-03-16 13:59:49] Memory: Total: 61649012 kB, Available: 54712708 kB, Active: 5947740 kB, SwapTotal: 40894456 kB, SwapFree: 40861944 kB
INFO [2026-03-16 13:59:50] Memory: Total: 61649012 kB, Available: 54712708 kB, Active: 5947740 kB, SwapTotal: 40894456 kB, SwapFree: 40861944 kB
INFO [2026-03-16 13:59:50] Memory: Total: 61649012 kB, Available: 54712708 kB, Active: 5947740 kB, SwapTotal: 40894456 kB, SwapFree: 40861944 kB
INFO [2026-03-16 13:59:50] Memory: Total: 61649012 kB, Available: 54712708 kB, Active: 5948064 kB, SwapTotal: 40894456 kB, SwapFree: 40861944 kB
INFO [2026-03-16 13:59:50] Memory: Total: 61649012 kB, Available: 54712708 kB, Active: 5947864 kB, SwapTotal: 40894456 kB, SwapFree: 40861944 kB
INFO [2026-03-16 13:59:50] Memory: Total: 61649012 kB, Available: 54712368 kB, Active: 5947864 kB, SwapTotal: 40894456 kB, SwapFree: 40861944 kB
INFO [2026-03-16 13:59:50] Memory: Total: 61649012 kB, Available: 54712368 kB, Active: 5947864 kB, SwapTotal: 40894456 kB, SwapFree: 40861944 kB
INFO [2026-03-16 13:59:50] Memory: Total: 61649012 kB, Available: 54712368 kB, Active: 5947864 kB, SwapTotal: 40894456 kB, SwapFree: 40861944 kB
INFO [2026-03-16 13:59:50] Memory: Total: 61649012 kB, Available: 54712368 kB, Active: 5947864 kB, SwapTotal: 40894456 kB, SwapFree: 40861944 kB
INFO [2026-03-16 13:59:50] Memory: Total: 61649012 kB, Available: 54712460 kB, Active: 5947860 kB, SwapTotal: 40894456 kB, SwapFree: 40861944 kB
INFO [2026-03-16 13:59:50] Memory: Total: 61649012 kB, Available: 54712460 kB, Active: 5947860 kB, SwapTotal: 40894456 kB, SwapFree: 40861944 kB
INFO [2026-03-16 13:59:51] Memory: Total: 61649012 kB, Available: 54712460 kB, Active: 5947860 kB, SwapTotal: 40894456 kB, SwapFree: 40861944 kB
INFO [2026-03-16 13:59:51] Memory: Total: 61649012 kB, Available: 54712460 kB, Active: 5947860 kB, SwapTotal: 40894456 kB, SwapFree: 40861944 kB
INFO [2026-03-16 13:59:51] Memory: Total: 61649012 kB, Available: 54712460 kB, Active: 5947860 kB, SwapTotal: 40894456 kB, SwapFree: 40861944 kB
INFO [2026-03-16 13:59:51] Memory: Total: 61649012 kB, Available: 54712460 kB, Active: 5947860 kB, SwapTotal: 40894456 kB, SwapFree: 40861944 kB
INFO [2026-03-16 13:59:51] Memory: Total: 61649012 kB, Available: 54712460 kB, Active: 5947860 kB, SwapTotal: 40894456 kB, SwapFree: 40861944 kB
INFO [2026-03-16 13:59:51] Memory: Total: 61649012 kB, Available: 54712460 kB, Active: 5947860 kB, SwapTotal: 40894456 kB, SwapFree: 40861944 kB
INFO [2026-03-16 13:59:51] Memory: Total: 61649012 kB, Available: 54712460 kB, Active: 5947860 kB, SwapTotal: 40894456 kB, SwapFree: 40861944 kB
INFO [2026-03-16 13:59:51] Memory: Total: 61649012 kB, Available: 54712460 kB, Active: 5947860 kB, SwapTotal: 40894456 kB, SwapFree: 40861944 kB
INFO [2026-03-16 13:59:51] Memory: Total: 61649012 kB, Available: 54712460 kB, Active: 5947860 kB, SwapTotal: 40894456 kB, SwapFree: 40861944 kB
INFO [2026-03-16 13:59:51] Memory: Total: 61649012 kB, Available: 54712460 kB, Active: 5947860 kB, SwapTotal: 40894456 kB, SwapFree: 40861944 kB
INFO [2026-03-16 13:59:52] Memory: Total: 61649012 kB, Available: 54713464 kB, Active: 5947884 kB, SwapTotal: 40894456 kB, SwapFree: 40861944 kB
INFO [2026-03-16 13:59:52] Memory: Total: 61649012 kB, Available: 54713464 kB, Active: 5947884 kB, SwapTotal: 40894456 kB, SwapFree: 40861944 kB
INFO [2026-03-16 13:59:52] Memory: Total: 61649012 kB, Available: 54713464 kB, Active: 5947884 kB, SwapTotal: 40894456 kB, SwapFree: 40861944 kB
INFO [2026-03-16 13:59:52] Memory: Total: 61649012 kB, Available: 54713464 kB, Active: 5947884 kB, SwapTotal: 40894456 kB, SwapFree: 40861944 kB
INFO [2026-03-16 13:59:52] Memory: Total: 61649012 kB, Available: 54713464 kB, Active: 5947884 kB, SwapTotal: 40894456 kB, SwapFree: 40861944 kB
INFO [2026-03-16 13:59:52] Memory: Total: 61649012 kB, Available: 54713464 kB, Active: 5947884 kB, SwapTotal: 40894456 kB, SwapFree: 40861944 kB
INFO [2026-03-16 13:59:52] Memory: Total: 61649012 kB, Available: 54713464 kB, Active: 5947884 kB, SwapTotal: 40894456 kB, SwapFree: 40861944 kB
INFO [2026-03-16 13:59:52] Memory: Total: 61649012 kB, Available: 54713464 kB, Active: 5947884 kB, SwapTotal: 40894456 kB, SwapFree: 40861944 kB
INFO [2026-03-16 13:59:52] Memory: Total: 61649012 kB, Available: 54713464 kB, Active: 5947884 kB, SwapTotal: 40894456 kB, SwapFree: 40861944 kB
INFO [2026-03-16 13:59:52] Memory: Total: 61649012 kB, Available: 54713464 kB, Active: 5947884 kB, SwapTotal: 40894456 kB, SwapFree: 40861944 kB
INFO [2026-03-16 13:59:52] Memory: Total: 61649012 kB, Available: 54713464 kB, Active: 5947952 kB, SwapTotal: 40894456 kB, SwapFree: 40861944 kB
INFO [2026-03-16 13:59:52] Memory: Total: 61649012 kB, Available: 54713800 kB, Active: 5948036 kB, SwapTotal: 40894456 kB, SwapFree: 40861944 kB
INFO [2026-03-16 13:59:53] Memory: Total: 61649012 kB, Available: 54713800 kB, Active: 5948036 kB, SwapTotal: 40894456 kB, SwapFree: 40861944 kB
INFO [2026-03-16 13:59:53] Memory: Total: 61649012 kB, Available: 54713800 kB, Active: 5948036 kB, SwapTotal: 40894456 kB, SwapFree: 40861944 kB
INFO [2026-03-16 13:59:53] Memory: Total: 61649012 kB, Available: 54713800 kB, Active: 5948036 kB, SwapTotal: 40894456 kB, SwapFree: 40861944 kB
INFO [2026-03-16 13:59:53] Memory: Total: 61649012 kB, Available: 54713800 kB, Active: 5948036 kB, SwapTotal: 40894456 kB, SwapFree: 40861944 kB
INFO [2026-03-16 13:59:53] Memory: Total: 61649012 kB, Available: 54713800 kB, Active: 5948036 kB, SwapTotal: 40894456 kB, SwapFree: 40861944 kB
INFO [2026-03-16 13:59:53] Memory: Total: 61649012 kB, Available: 54713800 kB, Active: 5948036 kB, SwapTotal: 40894456 kB, SwapFree: 40861944 kB
INFO [2026-03-16 13:59:53] Memory: Total: 61649012 kB, Available: 54713800 kB, Active: 5948036 kB, SwapTotal: 40894456 kB, SwapFree: 40861944 kB
INFO [2026-03-16 13:59:53] Memory: Total: 61649012 kB, Available: 54713800 kB, Active: 5948036 kB, SwapTotal: 40894456 kB, SwapFree: 40861944 kB
INFO [2026-03-16 13:59:53] Memory: Total: 61649012 kB, Available: 54713548 kB, Active: 5948036 kB, SwapTotal: 40894456 kB, SwapFree: 40861944 kB
INFO [2026-03-16 13:59:53] Memory: Total: 61649012 kB, Available: 54715232 kB, Active: 5948036 kB, SwapTotal: 40894456 kB, SwapFree: 40861944 kB
INFO [2026-03-16 13:59:53] Memory: Total: 61649012 kB, Available: 54715232 kB, Active: 5948036 kB, SwapTotal: 40894456 kB, SwapFree: 40861944 kB
INFO [2026-03-16 13:59:54] Memory: Total: 61649012 kB, Available: 54715232 kB, Active: 5948036 kB, SwapTotal: 40894456 kB, SwapFree: 40861944 kB
INFO [2026-03-16 13:59:54] Memory: Total: 61649012 kB, Available: 54715232 kB, Active: 5948036 kB, SwapTotal: 40894456 kB, SwapFree: 40861944 kB
INFO [2026-03-16 13:59:54] Memory: Total: 61649012 kB, Available: 54715232 kB, Active: 5948036 kB, SwapTotal: 40894456 kB, SwapFree: 40861944 kB
INFO [2026-03-16 13:59:54] Memory: Total: 61649012 kB, Available: 54715232 kB, Active: 5948036 kB, SwapTotal: 40894456 kB, SwapFree: 40861944 kB
INFO [2026-03-16 13:59:54] Memory: Total: 61649012 kB, Available: 54715232 kB, Active: 5948036 kB, SwapTotal: 40894456 kB, SwapFree: 40861944 kB
INFO [2026-03-16 13:59:54] Memory: Total: 61649012 kB, Available: 54715484 kB, Active: 5948036 kB, SwapTotal: 40894456 kB, SwapFree: 40861944 kB
INFO [2026-03-16 13:59:54] Memory: Total: 61649012 kB, Available: 54715484 kB, Active: 5948036 kB, SwapTotal: 40894456 kB, SwapFree: 40861944 kB
INFO [2026-03-16 13:59:54] Memory: Total: 61649012 kB, Available: 54715484 kB, Active: 5948036 kB, SwapTotal: 40894456 kB, SwapFree: 40861944 kB
INFO [2026-03-16 13:59:54] Memory: Total: 61649012 kB, Available: 54715484 kB, Active: 5948036 kB, SwapTotal: 40894456 kB, SwapFree: 40861944 kB
INFO [2026-03-16 13:59:55] Memory: Total: 61649012 kB, Available: 54715600 kB, Active: 5948036 kB, SwapTotal: 40894456 kB, SwapFree: 40861944 kB
INFO [2026-03-16 13:59:55] Memory: Total: 61649012 kB, Available: 54716828 kB, Active: 5948036 kB, SwapTotal: 40894456 kB, SwapFree: 40861944 kB
INFO [2026-03-16 13:59:55] Memory: Total: 61649012 kB, Available: 54716604 kB, Active: 5948036 kB, SwapTotal: 40894456 kB, SwapFree: 40861944 kB
INFO [2026-03-16 13:59:55] Memory: Total: 61649012 kB, Available: 54716604 kB, Active: 5948036 kB, SwapTotal: 40894456 kB, SwapFree: 40861944 kB
INFO [2026-03-16 13:59:55] Memory: Total: 61649012 kB, Available: 54716604 kB, Active: 5948036 kB, SwapTotal: 40894456 kB, SwapFree: 40861944 kB
INFO [2026-03-16 13:59:55] Memory: Total: 61649012 kB, Available: 54716604 kB, Active: 5948036 kB, SwapTotal: 40894456 kB, SwapFree: 40861944 kB
INFO [2026-03-16 13:59:55] Memory: Total: 61649012 kB, Available: 54716604 kB, Active: 5948036 kB, SwapTotal: 40894456 kB, SwapFree: 40861944 kB
INFO [2026-03-16 13:59:55] Memory: Total: 61649012 kB, Available: 54716604 kB, Active: 5948036 kB, SwapTotal: 40894456 kB, SwapFree: 40861944 kB
INFO [2026-03-16 13:59:55] Memory: Total: 61649012 kB, Available: 54716604 kB, Active: 5948036 kB, SwapTotal: 40894456 kB, SwapFree: 40861944 kB
INFO [2026-03-16 13:59:55] Memory: Total: 61649012 kB, Available: 54716604 kB, Active: 5948036 kB, SwapTotal: 40894456 kB, SwapFree: 40861944 kB
INFO [2026-03-16 13:59:55] Memory: Total: 61649012 kB, Available: 54716604 kB, Active: 5948036 kB, SwapTotal: 40894456 kB, SwapFree: 40861944 kB
INFO [2026-03-16 13:59:55] Memory: Total: 61649012 kB, Available: 54717024 kB, Active: 5948036 kB, SwapTotal: 40894456 kB, SwapFree: 40861944 kB
INFO [2026-03-16 13:59:56] Memory: Total: 61649012 kB, Available: 54717072 kB, Active: 5948160 kB, SwapTotal: 40894456 kB, SwapFree: 40861944 kB
INFO [2026-03-16 13:59:56] Memory: Total: 61649012 kB, Available: 54717072 kB, Active: 5948160 kB, SwapTotal: 40894456 kB, SwapFree: 40861944 kB
INFO [2026-03-16 13:59:56] Memory: Total: 61649012 kB, Available: 54717072 kB, Active: 5948160 kB, SwapTotal: 40894456 kB, SwapFree: 40861944 kB
INFO [2026-03-16 13:59:56] Memory: Total: 61649012 kB, Available: 54717072 kB, Active: 5948160 kB, SwapTotal: 40894456 kB, SwapFree: 40861944 kB
INFO [2026-03-16 13:59:56] Memory: Total: 61649012 kB, Available: 54717072 kB, Active: 5948160 kB, SwapTotal: 40894456 kB, SwapFree: 40861944 kB
INFO [2026-03-16 13:59:56] Memory: Total: 61649012 kB, Available: 54717072 kB, Active: 5948160 kB, SwapTotal: 40894456 kB, SwapFree: 40861944 kB
INFO [2026-03-16 13:59:56] Memory: Total: 61649012 kB, Available: 54717072 kB, Active: 5948160 kB, SwapTotal: 40894456 kB, SwapFree: 40861944 kB
INFO [2026-03-16 13:59:56] Memory: Total: 61649012 kB, Available: 54717072 kB, Active: 5948160 kB, SwapTotal: 40894456 kB, SwapFree: 40861944 kB
INFO [2026-03-16 13:59:56] Memory: Total: 61649012 kB, Available: 54717324 kB, Active: 5948164 kB, SwapTotal: 40894456 kB, SwapFree: 40861944 kB
INFO [2026-03-16 13:59:56] Memory: Total: 61649012 kB, Available: 54717324 kB, Active: 5948164 kB, SwapTotal: 40894456 kB, SwapFree: 40861944 kB
INFO [2026-03-16 13:59:56] Memory: Total: 61649012 kB, Available: 54717324 kB, Active: 5948164 kB, SwapTotal: 40894456 kB, SwapFree: 40861944 kB
INFO [2026-03-16 13:59:57] Memory: Total: 61649012 kB, Available: 54717324 kB, Active: 5948164 kB, SwapTotal: 40894456 kB, SwapFree: 40861944 kB
INFO [2026-03-16 13:59:57] Memory: Total: 61649012 kB, Available: 54717368 kB, Active: 5948164 kB, SwapTotal: 40894456 kB, SwapFree: 40861944 kB
INFO [2026-03-16 13:59:57] Memory: Total: 61649012 kB, Available: 54717368 kB, Active: 5948164 kB, SwapTotal: 40894456 kB, SwapFree: 40861944 kB
INFO [2026-03-16 13:59:57] Memory: Total: 61649012 kB, Available: 54717368 kB, Active: 5948164 kB, SwapTotal: 40894456 kB, SwapFree: 40861944 kB
INFO [2026-03-16 13:59:57] Memory: Total: 61649012 kB, Available: 54717368 kB, Active: 5948164 kB, SwapTotal: 40894456 kB, SwapFree: 40861944 kB
INFO [2026-03-16 13:59:57] Memory: Total: 61649012 kB, Available: 54717632 kB, Active: 5948164 kB, SwapTotal: 40894456 kB, SwapFree: 40861944 kB
INFO [2026-03-16 13:59:57] Memory: Total: 61649012 kB, Available: 54717632 kB, Active: 5948164 kB, SwapTotal: 40894456 kB, SwapFree: 40861944 kB
INFO [2026-03-16 13:59:57] Memory: Total: 61649012 kB, Available: 54717384 kB, Active: 5948164 kB, SwapTotal: 40894456 kB, SwapFree: 40861944 kB
INFO [2026-03-16 13:59:57] Memory: Total: 61649012 kB, Available: 54717384 kB, Active: 5948164 kB, SwapTotal: 40894456 kB, SwapFree: 40861944 kB
INFO [2026-03-16 13:59:58] Memory: Total: 61649012 kB, Available: 54717388 kB, Active: 5948364 kB, SwapTotal: 40894456 kB, SwapFree: 40861944 kB
INFO [2026-03-16 13:59:58] Memory: Total: 61649012 kB, Available: 54717388 kB, Active: 5948364 kB, SwapTotal: 40894456 kB, SwapFree: 40861944 kB
INFO [2026-03-16 13:59:58] Memory: Total: 61649012 kB, Available: 54717388 kB, Active: 5947412 kB, SwapTotal: 40894456 kB, SwapFree: 40861944 kB
INFO [2026-03-16 13:59:58] Memory: Total: 61649012 kB, Available: 54717132 kB, Active: 5947504 kB, SwapTotal: 40894456 kB, SwapFree: 40861944 kB
INFO [2026-03-16 13:59:58] Memory: Total: 61649012 kB, Available: 54717132 kB, Active: 5947504 kB, SwapTotal: 40894456 kB, SwapFree: 40861944 kB
INFO [2026-03-16 13:59:58] Memory: Total: 61649012 kB, Available: 54717132 kB, Active: 5947504 kB, SwapTotal: 40894456 kB, SwapFree: 40861944 kB
INFO [2026-03-16 13:59:58] Memory: Total: 61649012 kB, Available: 54717132 kB, Active: 5947504 kB, SwapTotal: 40894456 kB, SwapFree: 40861944 kB
INFO [2026-03-16 13:59:58] Memory: Total: 61649012 kB, Available: 54717132 kB, Active: 5947504 kB, SwapTotal: 40894456 kB, SwapFree: 40861944 kB
INFO [2026-03-16 13:59:58] Memory: Total: 61649012 kB, Available: 54717132 kB, Active: 5947628 kB, SwapTotal: 40894456 kB, SwapFree: 40861944 kB
INFO [2026-03-16 13:59:58] Memory: Total: 61649012 kB, Available: 54717132 kB, Active: 5947628 kB, SwapTotal: 40894456 kB, SwapFree: 40861944 kB
INFO [2026-03-16 13:59:58] Memory: Total: 61649012 kB, Available: 54717132 kB, Active: 5947628 kB, SwapTotal: 40894456 kB, SwapFree: 40861944 kB
INFO [2026-03-16 13:59:58] Memory: Total: 61649012 kB, Available: 54717132 kB, Active: 5947792 kB, SwapTotal: 40894456 kB, SwapFree: 40861944 kB
INFO [2026-03-16 13:59:59] Memory: Total: 61649012 kB, Available: 54717448 kB, Active: 5947704 kB, SwapTotal: 40894456 kB, SwapFree: 40861944 kB
INFO [2026-03-16 13:59:59] Memory: Total: 61649012 kB, Available: 54717448 kB, Active: 5947704 kB, SwapTotal: 40894456 kB, SwapFree: 40861944 kB
INFO [2026-03-16 13:59:59] Memory: Total: 61649012 kB, Available: 54717448 kB, Active: 5947704 kB, SwapTotal: 40894456 kB, SwapFree: 40861944 kB
INFO [2026-03-16 13:59:59] Memory: Total: 61649012 kB, Available: 54717448 kB, Active: 5947704 kB, SwapTotal: 40894456 kB, SwapFree: 40861944 kB
INFO [2026-03-16 13:59:59] Memory: Total: 61649012 kB, Available: 54717448 kB, Active: 5947832 kB, SwapTotal: 40894456 kB, SwapFree: 40861944 kB
INFO [2026-03-16 13:59:59] Memory: Total: 61649012 kB, Available: 54717448 kB, Active: 5947832 kB, SwapTotal: 40894456 kB, SwapFree: 40861944 kB
INFO [2026-03-16 13:59:59] Memory: Total: 61649012 kB, Available: 54717448 kB, Active: 5947832 kB, SwapTotal: 40894456 kB, SwapFree: 40861944 kB
INFO [2026-03-16 13:59:59] Memory: Total: 61649012 kB, Available: 54717448 kB, Active: 5947832 kB, SwapTotal: 40894456 kB, SwapFree: 40861944 kB
INFO [2026-03-16 13:59:59] Memory: Total: 61649012 kB, Available: 54717448 kB, Active: 5948276 kB, SwapTotal: 40894456 kB, SwapFree: 40861944 kB
INFO [2026-03-16 13:59:59] Memory: Total: 61649012 kB, Available: 54717448 kB, Active: 5948276 kB, SwapTotal: 40894456 kB, SwapFree: 40861944 kB
INFO [2026-03-16 14:00:00] Memory: Total: 61649012 kB, Available: 54717448 kB, Active: 5948072 kB, SwapTotal: 40894456 kB, SwapFree: 40861944 kB
INFO [2026-03-16 14:00:00] Memory: Total: 61649012 kB, Available: 54717448 kB, Active: 5948072 kB, SwapTotal: 40894456 kB, SwapFree: 40861944 kB
INFO [2026-03-16 14:00:00] Memory: Total: 61649012 kB, Available: 54717448 kB, Active: 5948072 kB, SwapTotal: 40894456 kB, SwapFree: 40861944 kB
INFO [2026-03-16 14:00:00] Memory: Total: 61649012 kB, Available: 54717448 kB, Active: 5948072 kB, SwapTotal: 40894456 kB, SwapFree: 40861944 kB
INFO [2026-03-16 14:00:00] Memory: Total: 61649012 kB, Available: 54717448 kB, Active: 5948156 kB, SwapTotal: 40894456 kB, SwapFree: 40861944 kB
INFO [2026-03-16 14:00:00] Memory: Total: 61649012 kB, Available: 54717448 kB, Active: 5948156 kB, SwapTotal: 40894456 kB, SwapFree: 40861944 kB
INFO [2026-03-16 14:00:00] Memory: Total: 61649012 kB, Available: 54717196 kB, Active: 5948156 kB, SwapTotal: 40894456 kB, SwapFree: 40861944 kB
INFO [2026-03-16 14:00:00] Memory: Total: 61649012 kB, Available: 54717196 kB, Active: 5948156 kB, SwapTotal: 40894456 kB, SwapFree: 40861944 kB
INFO [2026-03-16 14:00:00] Memory: Total: 61649012 kB, Available: 54717196 kB, Active: 5948156 kB, SwapTotal: 40894456 kB, SwapFree: 40861944 kB
INFO [2026-03-16 14:00:00] Memory: Total: 61649012 kB, Available: 54717196 kB, Active: 5948156 kB, SwapTotal: 40894456 kB, SwapFree: 40861944 kB
INFO [2026-03-16 14:00:01] Memory: Total: 61649012 kB, Available: 54717696 kB, Active: 5948288 kB, SwapTotal: 40894456 kB, SwapFree: 40861944 kB
INFO [2026-03-16 14:00:01] Memory: Total: 61649012 kB, Available: 54718020 kB, Active: 5948572 kB, SwapTotal: 40894456 kB, SwapFree: 40861944 kB
INFO [2026-03-16 14:00:01] Memory: Total: 61649012 kB, Available: 54718260 kB, Active: 5948288 kB, SwapTotal: 40894456 kB, SwapFree: 40861944 kB
INFO [2026-03-16 14:00:01] Memory: Total: 61649012 kB, Available: 54718260 kB, Active: 5948288 kB, SwapTotal: 40894456 kB, SwapFree: 40861944 kB
INFO [2026-03-16 14:00:01] Memory: Total: 61649012 kB, Available: 54718260 kB, Active: 5948288 kB, SwapTotal: 40894456 kB, SwapFree: 40861944 kBINFO [2026-03-16 14:00:01] Memory: Total: 61649012 kB, Available: 54718260 kB, Active: 5948288 kB, SwapTotal: 40894456 kB, SwapFree: 40861944 kB

INFO [2026-03-16 14:00:02] Memory: Total: 61649012 kB, Available: 54718260 kB, Active: 5948832 kB, SwapTotal: 40894456 kB, SwapFree: 40861944 kB
INFO [2026-03-16 14:00:02] Memory: Total: 61649012 kB, Available: 54718260 kB, Active: 5948668 kB, SwapTotal: 40894456 kB, SwapFree: 40861944 kB
INFO [2026-03-16 14:00:02] Memory: Total: 61649012 kB, Available: 54718260 kB, Active: 5948668 kB, SwapTotal: 40894456 kB, SwapFree: 40861944 kB
INFO [2026-03-16 14:00:02] Memory: Total: 61649012 kB, Available: 54718260 kB, Active: 5948668 kB, SwapTotal: 40894456 kB, SwapFree: 40861944 kB
INFO [2026-03-16 14:00:02] Memory: Total: 61649012 kB, Available: 54718260 kB, Active: 5948668 kB, SwapTotal: 40894456 kB, SwapFree: 40861944 kB
INFO [2026-03-16 14:00:03] Memory: Total: 61649012 kB, Available: 54718008 kB, Active: 5948672 kB, SwapTotal: 40894456 kB, SwapFree: 40861944 kB
INFO [2026-03-16 14:00:03] Memory: Total: 61649012 kB, Available: 54718008 kB, Active: 5948672 kB, SwapTotal: 40894456 kB, SwapFree: 40861944 kB
INFO [2026-03-16 14:00:03] Memory: Total: 61649012 kB, Available: 54718008 kB, Active: 5948672 kB, SwapTotal: 40894456 kB, SwapFree: 40861944 kB
INFO [2026-03-16 14:00:03] Memory: Total: 61649012 kB, Available: 54718008 kB, Active: 5948672 kB, SwapTotal: 40894456 kB, SwapFree: 40861944 kB
INFO [2026-03-16 14:00:03] Memory: Total: 61649012 kB, Available: 54718008 kB, Active: 5948796 kB, SwapTotal: 40894456 kB, SwapFree: 40861944 kB
INFO [2026-03-16 14:00:03] Memory: Total: 61649012 kB, Available: 54718008 kB, Active: 5948796 kB, SwapTotal: 40894456 kB, SwapFree: 40861944 kB
INFO [2026-03-16 14:00:03] Memory: Total: 61649012 kB, Available: 54718008 kB, Active: 5948796 kB, SwapTotal: 40894456 kB, SwapFree: 40861944 kB
INFO [2026-03-16 14:00:03] Memory: Total: 61649012 kB, Available: 54718008 kB, Active: 5948796 kB, SwapTotal: 40894456 kB, SwapFree: 40861944 kB
INFO [2026-03-16 14:00:03] Memory: Total: 61649012 kB, Available: 54717756 kB, Active: 5949056 kB, SwapTotal: 40894456 kB, SwapFree: 40861944 kB
INFO [2026-03-16 14:00:03] Memory: Total: 61649012 kB, Available: 54717756 kB, Active: 5949056 kB, SwapTotal: 40894456 kB, SwapFree: 40861944 kB
INFO [2026-03-16 14:00:03] Memory: Total: 61649012 kB, Available: 54717756 kB, Active: 5949056 kB, SwapTotal: 40894456 kB, SwapFree: 40861944 kB
INFO [2026-03-16 14:00:03] Memory: Total: 61649012 kB, Available: 54717756 kB, Active: 5949056 kB, SwapTotal: 40894456 kB, SwapFree: 40861944 kB
INFO [2026-03-16 14:00:04] Memory: Total: 61649012 kB, Available: 54717756 kB, Active: 5948996 kB, SwapTotal: 40894456 kB, SwapFree: 40861944 kB
INFO [2026-03-16 14:00:04] Memory: Total: 61649012 kB, Available: 54717756 kB, Active: 5948996 kB, SwapTotal: 40894456 kB, SwapFree: 40861944 kB
INFO [2026-03-16 14:00:04] Memory: Total: 61649012 kB, Available: 54717756 kB, Active: 5948996 kB, SwapTotal: 40894456 kB, SwapFree: 40861944 kB
INFO [2026-03-16 14:00:04] Memory: Total: 61649012 kB, Available: 54717756 kB, Active: 5948996 kB, SwapTotal: 40894456 kB, SwapFree: 40861944 kB
INFO [2026-03-16 14:00:04] Memory: Total: 61649012 kB, Available: 54717760 kB, Active: 5949120 kB, SwapTotal: 40894456 kB, SwapFree: 40861944 kB
INFO [2026-03-16 14:00:04] Memory: Total: 61649012 kB, Available: 54717760 kB, Active: 5949120 kB, SwapTotal: 40894456 kB, SwapFree: 40861944 kB
INFO [2026-03-16 14:00:04] Memory: Total: 61649012 kB, Available: 54717760 kB, Active: 5949120 kB, SwapTotal: 40894456 kB, SwapFree: 40861944 kB
INFO [2026-03-16 14:00:04] Memory: Total: 61649012 kB, Available: 54717760 kB, Active: 5949120 kB, SwapTotal: 40894456 kB, SwapFree: 40861944 kB
INFO [2026-03-16 14:00:05] Memory: Total: 61649012 kB, Available: 54717768 kB, Active: 5949120 kB, SwapTotal: 40894456 kB, SwapFree: 40861944 kB
INFO [2026-03-16 14:00:05] Memory: Total: 61649012 kB, Available: 54717768 kB, Active: 5949120 kB, SwapTotal: 40894456 kB, SwapFree: 40861944 kB
INFO [2026-03-16 14:00:05] Memory: Total: 61649012 kB, Available: 54717768 kB, Active: 5949120 kB, SwapTotal: 40894456 kB, SwapFree: 40861944 kB
INFO [2026-03-16 14:00:05] Memory: Total: 61649012 kB, Available: 54717768 kB, Active: 5949120 kB, SwapTotal: 40894456 kB, SwapFree: 40861944 kB
INFO [2026-03-16 14:00:05] Memory: Total: 61649012 kB, Available: 54717768 kB, Active: 5949120 kB, SwapTotal: 40894456 kB, SwapFree: 40861944 kB
INFO [2026-03-16 14:00:05] Memory: Total: 61649012 kB, Available: 54717768 kB, Active: 5949120 kB, SwapTotal: 40894456 kB, SwapFree: 40861944 kB
INFO [2026-03-16 14:00:05] Memory: Total: 61649012 kB, Available: 54717768 kB, Active: 5949120 kB, SwapTotal: 40894456 kB, SwapFree: 40861944 kB
INFO [2026-03-16 14:00:05] Memory: Total: 61649012 kB, Available: 54717768 kB, Active: 5949120 kB, SwapTotal: 40894456 kB, SwapFree: 40861944 kB
INFO [2026-03-16 14:00:05] Memory: Total: 61649012 kB, Available: 54717768 kB, Active: 5949120 kB, SwapTotal: 40894456 kB, SwapFree: 40861944 kB
INFO [2026-03-16 14:00:05] Memory: Total: 61649012 kB, Available: 54717768 kB, Active: 5950092 kB, SwapTotal: 40894456 kB, SwapFree: 40861944 kB
INFO [2026-03-16 14:00:05] Memory: Total: 61649012 kB, Available: 54717768 kB, Active: 5950416 kB, SwapTotal: 40894456 kB, SwapFree: 40861944 kB
INFO [2026-03-16 14:00:05] Memory: Total: 61649012 kB, Available: 54717768 kB, Active: 5951252 kB, SwapTotal: 40894456 kB, SwapFree: 40861944 kB
INFO [2026-03-16 14:00:06] Memory: Total: 61649012 kB, Available: 54707328 kB, Active: 5955664 kB, SwapTotal: 40894456 kB, SwapFree: 40861944 kB
INFO [2026-03-16 14:00:06] Memory: Total: 61649012 kB, Available: 54707328 kB, Active: 5955664 kB, SwapTotal: 40894456 kB, SwapFree: 40861944 kB
INFO [2026-03-16 14:00:06] Memory: Total: 61649012 kB, Available: 54707328 kB, Active: 5956812 kB, SwapTotal: 40894456 kB, SwapFree: 40861944 kB
INFO [2026-03-16 14:00:06] Memory: Total: 61649012 kB, Available: 54706472 kB, Active: 5956616 kB, SwapTotal: 40894456 kB, SwapFree: 40861944 kB
INFO [2026-03-16 14:00:06] Memory: Total: 61649012 kB, Available: 54716896 kB, Active: 5958692 kB, SwapTotal: 40894456 kB, SwapFree: 40861944 kB
INFO [2026-03-16 14:00:06] Memory: Total: 61649012 kB, Available: 54716460 kB, Active: 5958692 kB, SwapTotal: 40894456 kB, SwapFree: 40861944 kB
INFO [2026-03-16 14:00:06] Memory: Total: 61649012 kB, Available: 54716460 kB, Active: 5958692 kB, SwapTotal: 40894456 kB, SwapFree: 40861944 kB
INFO [2026-03-16 14:00:06] Memory: Total: 61649012 kB, Available: 54716140 kB, Active: 5958424 kB, SwapTotal: 40894456 kB, SwapFree: 40861944 kB
INFO [2026-03-16 14:00:06] Memory: Total: 61649012 kB, Available: 54723036 kB, Active: 5956872 kB, SwapTotal: 40894456 kB, SwapFree: 40861944 kB
INFO [2026-03-16 14:00:06] Memory: Total: 61649012 kB, Available: 54723036 kB, Active: 5956792 kB, SwapTotal: 40894456 kB, SwapFree: 40861944 kB
INFO [2026-03-16 14:00:06] Memory: Total: 61649012 kB, Available: 54723036 kB, Active: 5956792 kB, SwapTotal: 40894456 kB, SwapFree: 40861944 kB
INFO [2026-03-16 14:00:06] Memory: Total: 61649012 kB, Available: 54734412 kB, Active: 5955388 kB, SwapTotal: 40894456 kB, SwapFree: 40861944 kB
INFO [2026-03-16 14:00:07] Memory: Total: 61649012 kB, Available: 54742524 kB, Active: 5953960 kB, SwapTotal: 40894456 kB, SwapFree: 40861944 kB
INFO [2026-03-16 14:00:07] Memory: Total: 61649012 kB, Available: 54742284 kB, Active: 5953960 kB, SwapTotal: 40894456 kB, SwapFree: 40861944 kB
INFO [2026-03-16 14:00:07] Memory: Total: 61649012 kB, Available: 54741708 kB, Active: 5954084 kB, SwapTotal: 40894456 kB, SwapFree: 40861944 kB
INFO [2026-03-16 14:00:07] Memory: Total: 61649012 kB, Available: 54741708 kB, Active: 5954084 kB, SwapTotal: 40894456 kB, SwapFree: 40861944 kB
INFO [2026-03-16 14:00:07] Memory: Total: 61649012 kB, Available: 54741708 kB, Active: 5954332 kB, SwapTotal: 40894456 kB, SwapFree: 40861944 kB
INFO [2026-03-16 14:00:07] Memory: Total: 61649012 kB, Available: 54741708 kB, Active: 5954332 kB, SwapTotal: 40894456 kB, SwapFree: 40861944 kB
INFO [2026-03-16 14:00:07] Memory: Total: 61649012 kB, Available: 54741708 kB, Active: 5954332 kB, SwapTotal: 40894456 kB, SwapFree: 40861944 kB
INFO [2026-03-16 14:00:07] Memory: Total: 61649012 kB, Available: 54741708 kB, Active: 5954656 kB, SwapTotal: 40894456 kB, SwapFree: 40861944 kB
INFO [2026-03-16 14:00:08] Memory: Total: 61649012 kB, Available: 54741320 kB, Active: 5955232 kB, SwapTotal: 40894456 kB, SwapFree: 40861944 kB
INFO [2026-03-16 14:00:08] Memory: Total: 61649012 kB, Available: 54741320 kB, Active: 5955232 kB, SwapTotal: 40894456 kB, SwapFree: 40861944 kB
INFO [2026-03-16 14:00:08] Memory: Total: 61649012 kB, Available: 54741320 kB, Active: 5955176 kB, SwapTotal: 40894456 kB, SwapFree: 40861944 kB
INFO [2026-03-16 14:00:08] Memory: Total: 61649012 kB, Available: 54741320 kB, Active: 5955176 kB, SwapTotal: 40894456 kB, SwapFree: 40861944 kB
INFO [2026-03-16 14:00:08] Memory: Total: 61649012 kB, Available: 54741320 kB, Active: 5955672 kB, SwapTotal: 40894456 kB, SwapFree: 40861944 kB
INFO [2026-03-16 14:00:08] Memory: Total: 61649012 kB, Available: 54741320 kB, Active: 5955672 kB, SwapTotal: 40894456 kB, SwapFree: 40861944 kB
INFO [2026-03-16 14:00:08] Memory: Total: 61649012 kB, Available: 54741080 kB, Active: 5955672 kB, SwapTotal: 40894456 kB, SwapFree: 40861944 kB
INFO [2026-03-16 14:00:08] Memory: Total: 61649012 kB, Available: 54741080 kB, Active: 5955796 kB, SwapTotal: 40894456 kB, SwapFree: 40861944 kB
INFO [2026-03-16 14:00:08] Memory: Total: 61649012 kB, Available: 54741092 kB, Active: 5956376 kB, SwapTotal: 40894456 kB, SwapFree: 40861944 kB
INFO [2026-03-16 14:00:08] Memory: Total: 61649012 kB, Available: 54741092 kB, Active: 5956376 kB, SwapTotal: 40894456 kB, SwapFree: 40861944 kB
INFO [2026-03-16 14:00:08] Memory: Total: 61649012 kB, Available: 54740852 kB, Active: 5956504 kB, SwapTotal: 40894456 kB, SwapFree: 40861944 kB
INFO [2026-03-16 14:00:08] Memory: Total: 61649012 kB, Available: 54740852 kB, Active: 5956504 kB, SwapTotal: 40894456 kB, SwapFree: 40861944 kB
INFO [2026-03-16 14:00:09] Memory: Total: 61649012 kB, Available: 54740600 kB, Active: 5957164 kB, SwapTotal: 40894456 kB, SwapFree: 40861944 kB
INFO [2026-03-16 14:00:09] Memory: Total: 61649012 kB, Available: 54740600 kB, Active: 5957164 kB, SwapTotal: 40894456 kB, SwapFree: 40861944 kB
INFO [2026-03-16 14:00:09] Memory: Total: 61649012 kB, Available: 54740600 kB, Active: 5957288 kB, SwapTotal: 40894456 kB, SwapFree: 40861944 kB
INFO [2026-03-16 14:00:09] Memory: Total: 61649012 kB, Available: 54740600 kB, Active: 5957288 kB, SwapTotal: 40894456 kB, SwapFree: 40861944 kB
INFO [2026-03-16 14:00:09] Memory: Total: 61649012 kB, Available: 54739088 kB, Active: 5957908 kB, SwapTotal: 40894456 kB, SwapFree: 40861944 kB
INFO [2026-03-16 14:00:09] Memory: Total: 61649012 kB, Available: 54739088 kB, Active: 5957908 kB, SwapTotal: 40894456 kB, SwapFree: 40861944 kB
INFO [2026-03-16 14:00:09] Memory: Total: 61649012 kB, Available: 54739088 kB, Active: 5957908 kB, SwapTotal: 40894456 kB, SwapFree: 40861944 kB
INFO [2026-03-16 14:00:09] Memory: Total: 61649012 kB, Available: 54739088 kB, Active: 5958032 kB, SwapTotal: 40894456 kB, SwapFree: 40861944 kB
INFO [2026-03-16 14:00:10] Memory: Total: 61649012 kB, Available: 54738840 kB, Active: 5958692 kB, SwapTotal: 40894456 kB, SwapFree: 40861944 kB
INFO [2026-03-16 14:00:10] Memory: Total: 61649012 kB, Available: 54738840 kB, Active: 5958692 kB, SwapTotal: 40894456 kB, SwapFree: 40861944 kB
INFO [2026-03-16 14:00:10] Memory: Total: 61649012 kB, Available: 54738840 kB, Active: 5958692 kB, SwapTotal: 40894456 kB, SwapFree: 40861944 kB
INFO [2026-03-16 14:00:10] Memory: Total: 61649012 kB, Available: 54738840 kB, Active: 5958692 kB, SwapTotal: 40894456 kB, SwapFree: 40861944 kB
INFO [2026-03-16 14:00:10] Memory: Total: 61649012 kB, Available: 54736828 kB, Active: 5958940 kB, SwapTotal: 40894456 kB, SwapFree: 40861944 kB
INFO [2026-03-16 14:00:10] Memory: Total: 61649012 kB, Available: 54736828 kB, Active: 5959064 kB, SwapTotal: 40894456 kB, SwapFree: 40861944 kB
INFO [2026-03-16 14:00:10] Memory: Total: 61649012 kB, Available: 54736828 kB, Active: 5959064 kB, SwapTotal: 40894456 kB, SwapFree: 40861944 kB
INFO [2026-03-16 14:00:10] Memory: Total: 61649012 kB, Available: 54736828 kB, Active: 5959064 kB, SwapTotal: 40894456 kB, SwapFree: 40861944 kB
INFO [2026-03-16 14:00:10] Memory: Total: 61649012 kB, Available: 54736828 kB, Active: 5959312 kB, SwapTotal: 40894456 kB, SwapFree: 40861944 kB
INFO [2026-03-16 14:00:10] Memory: Total: 61649012 kB, Available: 54736828 kB, Active: 5959312 kB, SwapTotal: 40894456 kB, SwapFree: 40861944 kB
INFO [2026-03-16 14:00:10] Memory: Total: 61649012 kB, Available: 54736828 kB, Active: 5959312 kB, SwapTotal: 40894456 kB, SwapFree: 40861944 kB
INFO [2026-03-16 14:00:10] Memory: Total: 61649012 kB, Available: 54736828 kB, Active: 5959312 kB, SwapTotal: 40894456 kB, SwapFree: 40861944 kB
INFO [2026-03-16 14:00:11] Memory: Total: 61649012 kB, Available: 54736828 kB, Active: 5959612 kB, SwapTotal: 40894456 kB, SwapFree: 40861944 kB
INFO [2026-03-16 14:00:11] Memory: Total: 61649012 kB, Available: 54736828 kB, Active: 5959612 kB, SwapTotal: 40894456 kB, SwapFree: 40861944 kB
INFO [2026-03-16 14:00:11] Memory: Total: 61649012 kB, Available: 54736828 kB, Active: 5959612 kB, SwapTotal: 40894456 kB, SwapFree: 40861944 kB
INFO [2026-03-16 14:00:11] Memory: Total: 61649012 kB, Available: 54736828 kB, Active: 5959736 kB, SwapTotal: 40894456 kB, SwapFree: 40861944 kB
INFO [2026-03-16 14:00:11] Memory: Total: 61649012 kB, Available: 54736828 kB, Active: 5959984 kB, SwapTotal: 40894456 kB, SwapFree: 40861944 kB
INFO [2026-03-16 14:00:11] Memory: Total: 61649012 kB, Available: 54736828 kB, Active: 5959984 kB, SwapTotal: 40894456 kB, SwapFree: 40861944 kB
INFO [2026-03-16 14:00:11] Memory: Total: 61649012 kB, Available: 54736828 kB, Active: 5959984 kB, SwapTotal: 40894456 kB, SwapFree: 40861944 kB
INFO [2026-03-16 14:00:11] Memory: Total: 61649012 kB, Available: 54736828 kB, Active: 5959984 kB, SwapTotal: 40894456 kB, SwapFree: 40861944 kB
INFO [2026-03-16 14:00:11] Memory: Total: 61649012 kB, Available: 54736580 kB, Active: 5960644 kB, SwapTotal: 40894456 kB, SwapFree: 40861944 kB
INFO [2026-03-16 14:00:11] Memory: Total: 61649012 kB, Available: 54736580 kB, Active: 5960644 kB, SwapTotal: 40894456 kB, SwapFree: 40861944 kB
INFO [2026-03-16 14:00:11] Memory: Total: 61649012 kB, Available: 54736580 kB, Active: 5960644 kB, SwapTotal: 40894456 kB, SwapFree: 40861944 kB
INFO [2026-03-16 14:00:12] Memory: Total: 61649012 kB, Available: 54736580 kB, Active: 5960644 kB, SwapTotal: 40894456 kB, SwapFree: 40861944 kB
INFO [2026-03-16 14:00:12] Memory: Total: 61649012 kB, Available: 54735572 kB, Active: 5960976 kB, SwapTotal: 40894456 kB, SwapFree: 40861944 kB
INFO [2026-03-16 14:00:12] Memory: Total: 61649012 kB, Available: 54735572 kB, Active: 5960976 kB, SwapTotal: 40894456 kB, SwapFree: 40861944 kB
INFO [2026-03-16 14:00:12] Memory: Total: 61649012 kB, Available: 54735572 kB, Active: 5960976 kB, SwapTotal: 40894456 kB, SwapFree: 40861944 kB
INFO [2026-03-16 14:00:12] Memory: Total: 61649012 kB, Available: 54735572 kB, Active: 5961100 kB, SwapTotal: 40894456 kB, SwapFree: 40861944 kB
INFO [2026-03-16 14:00:12] Memory: Total: 61649012 kB, Available: 54734564 kB, Active: 5961472 kB, SwapTotal: 40894456 kB, SwapFree: 40861944 kB
INFO [2026-03-16 14:00:12] Memory: Total: 61649012 kB, Available: 54734564 kB, Active: 5961472 kB, SwapTotal: 40894456 kB, SwapFree: 40861944 kB
INFO [2026-03-16 14:00:12] Memory: Total: 61649012 kB, Available: 54734564 kB, Active: 5961472 kB, SwapTotal: 40894456 kB, SwapFree: 40861944 kB
INFO [2026-03-16 14:00:12] Memory: Total: 61649012 kB, Available: 54734564 kB, Active: 5961920 kB, SwapTotal: 40894456 kB, SwapFree: 40861944 kB
INFO [2026-03-16 14:00:13] Memory: Total: 61649012 kB, Available: 54734320 kB, Active: 5962256 kB, SwapTotal: 40894456 kB, SwapFree: 40861944 kB
INFO [2026-03-16 14:00:13] Memory: Total: 61649012 kB, Available: 54734320 kB, Active: 5962256 kB, SwapTotal: 40894456 kB, SwapFree: 40861944 kB
INFO [2026-03-16 14:00:13] Memory: Total: 61649012 kB, Available: 54734320 kB, Active: 5962092 kB, SwapTotal: 40894456 kB, SwapFree: 40861944 kB
INFO [2026-03-16 14:00:13] Memory: Total: 61649012 kB, Available: 54734320 kB, Active: 5962092 kB, SwapTotal: 40894456 kB, SwapFree: 40861944 kB
INFO [2026-03-16 14:00:13] Memory: Total: 61649012 kB, Available: 54732080 kB, Active: 5962588 kB, SwapTotal: 40894456 kB, SwapFree: 40861944 kB
INFO [2026-03-16 14:00:13] Memory: Total: 61649012 kB, Available: 54732080 kB, Active: 5962712 kB, SwapTotal: 40894456 kB, SwapFree: 40861944 kB
INFO [2026-03-16 14:00:13] Memory: Total: 61649012 kB, Available: 54732080 kB, Active: 5962712 kB, SwapTotal: 40894456 kB, SwapFree: 40861944 kB
INFO [2026-03-16 14:00:13] Memory: Total: 61649012 kB, Available: 54732080 kB, Active: 5962712 kB, SwapTotal: 40894456 kB, SwapFree: 40861944 kB
INFO [2026-03-16 14:00:13] Memory: Total: 61649012 kB, Available: 54732080 kB, Active: 5963648 kB, SwapTotal: 40894456 kB, SwapFree: 40861944 kB
INFO [2026-03-16 14:00:13] Memory: Total: 61649012 kB, Available: 54732080 kB, Active: 5963648 kB, SwapTotal: 40894456 kB, SwapFree: 40861944 kB
INFO [2026-03-16 14:00:13] Memory: Total: 61649012 kB, Available: 54732080 kB, Active: 5963488 kB, SwapTotal: 40894456 kB, SwapFree: 40861944 kB
INFO [2026-03-16 14:00:13] Memory: Total: 61649012 kB, Available: 54732080 kB, Active: 5963488 kB, SwapTotal: 40894456 kB, SwapFree: 40861944 kB
INFO [2026-03-16 14:00:14] Memory: Total: 61649012 kB, Available: 54732080 kB, Active: 5964232 kB, SwapTotal: 40894456 kB, SwapFree: 40861944 kB
INFO [2026-03-16 14:00:14] Memory: Total: 61649012 kB, Available: 54732080 kB, Active: 5964232 kB, SwapTotal: 40894456 kB, SwapFree: 40861944 kB
INFO [2026-03-16 14:00:14] Memory: Total: 61649012 kB, Available: 54732080 kB, Active: 5964232 kB, SwapTotal: 40894456 kB, SwapFree: 40861944 kB
INFO [2026-03-16 14:00:14] Memory: Total: 61649012 kB, Available: 54732080 kB, Active: 5964232 kB, SwapTotal: 40894456 kB, SwapFree: 40861944 kB
INFO [2026-03-16 14:00:14] Memory: Total: 61649012 kB, Available: 54728048 kB, Active: 5964856 kB, SwapTotal: 40894456 kB, SwapFree: 40861944 kB
INFO [2026-03-16 14:00:14] Memory: Total: 61649012 kB, Available: 54728048 kB, Active: 5964856 kB, SwapTotal: 40894456 kB, SwapFree: 40861944 kB
INFO [2026-03-16 14:00:14] Memory: Total: 61649012 kB, Available: 54728048 kB, Active: 5964980 kB, SwapTotal: 40894456 kB, SwapFree: 40861944 kB
INFO [2026-03-16 14:00:14] Memory: Total: 61649012 kB, Available: 54728048 kB, Active: 5964980 kB, SwapTotal: 40894456 kB, SwapFree: 40861944 kB
INFO [2026-03-16 14:00:15] Memory: Total: 61649012 kB, Available: 54728016 kB, Active: 5965652 kB, SwapTotal: 40894456 kB, SwapFree: 40861944 kB
INFO [2026-03-16 14:00:15] Memory: Total: 61649012 kB, Available: 54728016 kB, Active: 5965976 kB, SwapTotal: 40894456 kB, SwapFree: 40861944 kB
INFO [2026-03-16 14:00:15] Memory: Total: 61649012 kB, Available: 54728016 kB, Active: 5965704 kB, SwapTotal: 40894456 kB, SwapFree: 40861944 kB
INFO [2026-03-16 14:00:15] Memory: Total: 61649012 kB, Available: 54728016 kB, Active: 5965704 kB, SwapTotal: 40894456 kB, SwapFree: 40861944 kB
INFO [2026-03-16 14:00:15] Memory: Total: 61649012 kB, Available: 54728016 kB, Active: 5966324 kB, SwapTotal: 40894456 kB, SwapFree: 40861944 kB
INFO [2026-03-16 14:00:15] Memory: Total: 61649012 kB, Available: 54728016 kB, Active: 5966648 kB, SwapTotal: 40894456 kB, SwapFree: 40861944 kB
INFO [2026-03-16 14:00:15] Memory: Total: 61649012 kB, Available: 54728016 kB, Active: 5966408 kB, SwapTotal: 40894456 kB, SwapFree: 40861944 kB
INFO [2026-03-16 14:00:15] Memory: Total: 61649012 kB, Available: 54728016 kB, Active: 5966408 kB, SwapTotal: 40894456 kB, SwapFree: 40861944 kB
INFO [2026-03-16 14:00:15] Memory: Total: 61649012 kB, Available: 54728016 kB, Active: 5967352 kB, SwapTotal: 40894456 kB, SwapFree: 40861944 kB
INFO [2026-03-16 14:00:15] Memory: Total: 61649012 kB, Available: 54728016 kB, Active: 5967676 kB, SwapTotal: 40894456 kB, SwapFree: 40861944 kB
INFO [2026-03-16 14:00:15] Memory: Total: 61649012 kB, Available: 54728020 kB, Active: 5967400 kB, SwapTotal: 40894456 kB, SwapFree: 40861944 kB
INFO [2026-03-16 14:00:15] Memory: Total: 61649012 kB, Available: 54728020 kB, Active: 5967400 kB, SwapTotal: 40894456 kB, SwapFree: 40861944 kB
INFO [2026-03-16 14:00:16] Memory: Total: 61649012 kB, Available: 54727624 kB, Active: 5968168 kB, SwapTotal: 40894456 kB, SwapFree: 40861944 kB
INFO [2026-03-16 14:00:16] Memory: Total: 61649012 kB, Available: 54727624 kB, Active: 5968168 kB, SwapTotal: 40894456 kB, SwapFree: 40861944 kB
INFO [2026-03-16 14:00:16] Memory: Total: 61649012 kB, Available: 54727452 kB, Active: 5967644 kB, SwapTotal: 40894456 kB, SwapFree: 40861944 kB
INFO [2026-03-16 14:00:16] Memory: Total: 61649012 kB, Available: 54727452 kB, Active: 5967968 kB, SwapTotal: 40894456 kB, SwapFree: 40861944 kB
INFO [2026-03-16 14:00:16] Memory: Total: 61649012 kB, Available: 54727480 kB, Active: 5968272 kB, SwapTotal: 40894456 kB, SwapFree: 40861944 kB
INFO [2026-03-16 14:00:16] Memory: Total: 61649012 kB, Available: 54727480 kB, Active: 5968272 kB, SwapTotal: 40894456 kB, SwapFree: 40861944 kB
INFO [2026-03-16 14:00:16] Memory: Total: 61649012 kB, Available: 54727228 kB, Active: 5968056 kB, SwapTotal: 40894456 kB, SwapFree: 40861944 kB
INFO [2026-03-16 14:00:16] Memory: Total: 61649012 kB, Available: 54727228 kB, Active: 5968056 kB, SwapTotal: 40894456 kB, SwapFree: 40861944 kB
INFO [2026-03-16 14:00:16] Memory: Total: 61649012 kB, Available: 54726976 kB, Active: 5968428 kB, SwapTotal: 40894456 kB, SwapFree: 40861944 kB
INFO [2026-03-16 14:00:16] Memory: Total: 61649012 kB, Available: 54726976 kB, Active: 5968428 kB, SwapTotal: 40894456 kB, SwapFree: 40861944 kB
INFO [2026-03-16 14:00:17] Memory: Total: 61649012 kB, Available: 54726736 kB, Active: 5968428 kB, SwapTotal: 40894456 kB, SwapFree: 40861944 kB
INFO [2026-03-16 14:00:17] Memory: Total: 61649012 kB, Available: 54726736 kB, Active: 5968428 kB, SwapTotal: 40894456 kB, SwapFree: 40861944 kB
INFO [2026-03-16 14:00:17] Memory: Total: 61649012 kB, Available: 54725980 kB, Active: 5969248 kB, SwapTotal: 40894456 kB, SwapFree: 40861944 kB
INFO [2026-03-16 14:00:17] Memory: Total: 61649012 kB, Available: 54725980 kB, Active: 5969248 kB, SwapTotal: 40894456 kB, SwapFree: 40861944 kB
INFO [2026-03-16 14:00:17] Memory: Total: 61649012 kB, Available: 54725980 kB, Active: 5968936 kB, SwapTotal: 40894456 kB, SwapFree: 40861944 kB
INFO [2026-03-16 14:00:17] Memory: Total: 61649012 kB, Available: 54725980 kB, Active: 5968936 kB, SwapTotal: 40894456 kB, SwapFree: 40861944 kB
INFO [2026-03-16 14:00:17] Memory: Total: 61649012 kB, Available: 54724752 kB, Active: 5965704 kB, SwapTotal: 40894456 kB, SwapFree: 40861944 kB
INFO [2026-03-16 14:00:17] Memory: Total: 61649012 kB, Available: 54724752 kB, Active: 5965704 kB, SwapTotal: 40894456 kB, SwapFree: 40861944 kB
INFO [2026-03-16 14:00:17] Memory: Total: 61649012 kB, Available: 54724684 kB, Active: 5965704 kB, SwapTotal: 40894456 kB, SwapFree: 40861944 kB
INFO [2026-03-16 14:00:17] Memory: Total: 61649012 kB, Available: 54724684 kB, Active: 5965704 kB, SwapTotal: 40894456 kB, SwapFree: 40861944 kB
INFO [2026-03-16 14:00:18] Memory: Total: 61649012 kB, Available: 54724692 kB, Active: 5966080 kB, SwapTotal: 40894456 kB, SwapFree: 40861944 kB
INFO [2026-03-16 14:00:18] Memory: Total: 61649012 kB, Available: 54724692 kB, Active: 5966080 kB, SwapTotal: 40894456 kB, SwapFree: 40861944 kB
INFO [2026-03-16 14:00:18] Memory: Total: 61649012 kB, Available: 54724692 kB, Active: 5966080 kB, SwapTotal: 40894456 kB, SwapFree: 40861944 kB
INFO [2026-03-16 14:00:18] Memory: Total: 61649012 kB, Available: 54724692 kB, Active: 5966204 kB, SwapTotal: 40894456 kB, SwapFree: 40861944 kB
INFO [2026-03-16 14:00:18] Memory: Total: 61649012 kB, Available: 54724440 kB, Active: 5966576 kB, SwapTotal: 40894456 kB, SwapFree: 40861944 kB
INFO [2026-03-16 14:00:18] Memory: Total: 61649012 kB, Available: 54724440 kB, Active: 5966576 kB, SwapTotal: 40894456 kB, SwapFree: 40861944 kB
INFO [2026-03-16 14:00:18] Memory: Total: 61649012 kB, Available: 54724440 kB, Active: 5966576 kB, SwapTotal: 40894456 kB, SwapFree: 40861944 kB
INFO [2026-03-16 14:00:18] Memory: Total: 61649012 kB, Available: 54724440 kB, Active: 5966576 kB, SwapTotal: 40894456 kB, SwapFree: 40861944 kB
INFO [2026-03-16 14:00:18] Memory: Total: 61649012 kB, Available: 54723864 kB, Active: 5967196 kB, SwapTotal: 40894456 kB, SwapFree: 40861944 kB
INFO [2026-03-16 14:00:18] Memory: Total: 61649012 kB, Available: 54723536 kB, Active: 5967520 kB, SwapTotal: 40894456 kB, SwapFree: 40861944 kB
INFO [2026-03-16 14:00:18] Memory: Total: 61649012 kB, Available: 54723684 kB, Active: 5967076 kB, SwapTotal: 40894456 kB, SwapFree: 40861944 kB
INFO [2026-03-16 14:00:18] Memory: Total: 61649012 kB, Available: 54723684 kB, Active: 5967076 kB, SwapTotal: 40894456 kB, SwapFree: 40861944 kB
INFO [2026-03-16 14:00:19] Memory: Total: 61649012 kB, Available: 54723432 kB, Active: 5967572 kB, SwapTotal: 40894456 kB, SwapFree: 40861944 kB
INFO [2026-03-16 14:00:19] Memory: Total: 61649012 kB, Available: 54723432 kB, Active: 5967572 kB, SwapTotal: 40894456 kB, SwapFree: 40861944 kB
INFO [2026-03-16 14:00:19] Memory: Total: 61649012 kB, Available: 54723432 kB, Active: 5967572 kB, SwapTotal: 40894456 kB, SwapFree: 40861944 kB
INFO [2026-03-16 14:00:19] Memory: Total: 61649012 kB, Available: 54723432 kB, Active: 5967572 kB, SwapTotal: 40894456 kB, SwapFree: 40861944 kB
INFO [2026-03-16 14:00:19] Memory: Total: 61649012 kB, Available: 54722928 kB, Active: 5968068 kB, SwapTotal: 40894456 kB, SwapFree: 40861944 kB
INFO [2026-03-16 14:00:19] Memory: Total: 61649012 kB, Available: 54722928 kB, Active: 5968192 kB, SwapTotal: 40894456 kB, SwapFree: 40861944 kB
INFO [2026-03-16 14:00:19] Memory: Total: 61649012 kB, Available: 54722928 kB, Active: 5968192 kB, SwapTotal: 40894456 kB, SwapFree: 40861944 kB
INFO [2026-03-16 14:00:19] Memory: Total: 61649012 kB, Available: 54721920 kB, Active: 5968192 kB, SwapTotal: 40894456 kB, SwapFree: 40861944 kB
INFO [2026-03-16 14:00:20] Memory: Total: 61649012 kB, Available: 54721920 kB, Active: 5968768 kB, SwapTotal: 40894456 kB, SwapFree: 40861944 kB
INFO [2026-03-16 14:00:20] Memory: Total: 61649012 kB, Available: 54721920 kB, Active: 5968768 kB, SwapTotal: 40894456 kB, SwapFree: 40861944 kB
INFO [2026-03-16 14:00:20] Memory: Total: 61649012 kB, Available: 54721920 kB, Active: 5968768 kB, SwapTotal: 40894456 kB, SwapFree: 40861944 kB
INFO [2026-03-16 14:00:20] Memory: Total: 61649012 kB, Available: 54721920 kB, Active: 5968768 kB, SwapTotal: 40894456 kB, SwapFree: 40861944 kB
INFO [2026-03-16 14:00:20] Memory: Total: 61649012 kB, Available: 54719904 kB, Active: 5969264 kB, SwapTotal: 40894456 kB, SwapFree: 40861944 kB
INFO [2026-03-16 14:00:20] Memory: Total: 61649012 kB, Available: 54719904 kB, Active: 5969388 kB, SwapTotal: 40894456 kB, SwapFree: 40861944 kB
INFO [2026-03-16 14:00:20] Memory: Total: 61649012 kB, Available: 54719904 kB, Active: 5969388 kB, SwapTotal: 40894456 kB, SwapFree: 40861944 kB
INFO [2026-03-16 14:00:20] Memory: Total: 61649012 kB, Available: 54719904 kB, Active: 5969388 kB, SwapTotal: 40894456 kB, SwapFree: 40861944 kB
INFO [2026-03-16 14:00:20] Memory: Total: 61649012 kB, Available: 54719904 kB, Active: 5970008 kB, SwapTotal: 40894456 kB, SwapFree: 40861944 kB
INFO [2026-03-16 14:00:20] Memory: Total: 61649012 kB, Available: 54719904 kB, Active: 5970008 kB, SwapTotal: 40894456 kB, SwapFree: 40861944 kB
INFO [2026-03-16 14:00:20] Memory: Total: 61649012 kB, Available: 54719904 kB, Active: 5970008 kB, SwapTotal: 40894456 kB, SwapFree: 40861944 kB
INFO [2026-03-16 14:00:20] Memory: Total: 61649012 kB, Available: 54719904 kB, Active: 5970008 kB, SwapTotal: 40894456 kB, SwapFree: 40861944 kB
INFO [2026-03-16 14:00:21] Memory: Total: 61649012 kB, Available: 54719652 kB, Active: 5970704 kB, SwapTotal: 40894456 kB, SwapFree: 40861944 kB
INFO [2026-03-16 14:00:21] Memory: Total: 61649012 kB, Available: 54719652 kB, Active: 5970704 kB, SwapTotal: 40894456 kB, SwapFree: 40861944 kB
INFO [2026-03-16 14:00:21] Memory: Total: 61649012 kB, Available: 54719652 kB, Active: 5970704 kB, SwapTotal: 40894456 kB, SwapFree: 40861944 kB
INFO [2026-03-16 14:00:21] Memory: Total: 61649012 kB, Available: 54719652 kB, Active: 5970828 kB, SwapTotal: 40894456 kB, SwapFree: 40861944 kB
INFO [2026-03-16 14:00:21] Memory: Total: 61649012 kB, Available: 54719652 kB, Active: 5971324 kB, SwapTotal: 40894456 kB, SwapFree: 40861944 kB
INFO [2026-03-16 14:00:21] Memory: Total: 61649012 kB, Available: 54715620 kB, Active: 5971448 kB, SwapTotal: 40894456 kB, SwapFree: 40861944 kB
INFO [2026-03-16 14:00:21] Memory: Total: 61649012 kB, Available: 54715620 kB, Active: 5971452 kB, SwapTotal: 40894456 kB, SwapFree: 40861944 kB
INFO [2026-03-16 14:00:21] Memory: Total: 61649012 kB, Available: 54715620 kB, Active: 5971452 kB, SwapTotal: 40894456 kB, SwapFree: 40861944 kB
INFO [2026-03-16 14:00:21] Memory: Total: 61649012 kB, Available: 54715620 kB, Active: 5972144 kB, SwapTotal: 40894456 kB, SwapFree: 40861944 kB
INFO [2026-03-16 14:00:22] Memory: Total: 61649012 kB, Available: 54715620 kB, Active: 5972144 kB, SwapTotal: 40894456 kB, SwapFree: 40861944 kB
INFO [2026-03-16 14:00:22] Memory: Total: 61649012 kB, Available: 54715620 kB, Active: 5972268 kB, SwapTotal: 40894456 kB, SwapFree: 40861944 kB
INFO [2026-03-16 14:00:22] Memory: Total: 61649012 kB, Available: 54715620 kB, Active: 5972268 kB, SwapTotal: 40894456 kB, SwapFree: 40861944 kB
INFO [2026-03-16 14:00:22] Memory: Total: 61649012 kB, Available: 54715620 kB, Active: 5972888 kB, SwapTotal: 40894456 kB, SwapFree: 40861944 kB
INFO [2026-03-16 14:00:22] Memory: Total: 61649012 kB, Available: 54715620 kB, Active: 5972888 kB, SwapTotal: 40894456 kB, SwapFree: 40861944 kB
INFO [2026-03-16 14:00:22] Memory: Total: 61649012 kB, Available: 54715620 kB, Active: 5973668 kB, SwapTotal: 40894456 kB, SwapFree: 40861944 kB
INFO [2026-03-16 14:00:23] Memory: Total: 61649012 kB, Available: 54715620 kB, Active: 5973792 kB, SwapTotal: 40894456 kB, SwapFree: 40861944 kB
INFO [2026-03-16 14:00:23] Memory: Total: 61649012 kB, Available: 54715620 kB, Active: 5974164 kB, SwapTotal: 40894456 kB, SwapFree: 40861944 kB
INFO [2026-03-16 14:00:23] Memory: Total: 61649012 kB, Available: 54715620 kB, Active: 5974288 kB, SwapTotal: 40894456 kB, SwapFree: 40861944 kB
INFO [2026-03-16 14:00:23] Memory: Total: 61649012 kB, Available: 54715620 kB, Active: 5974288 kB, SwapTotal: 40894456 kB, SwapFree: 40861944 kB
INFO [2026-03-16 14:00:23] Memory: Total: 61649012 kB, Available: 54715620 kB, Active: 5974288 kB, SwapTotal: 40894456 kB, SwapFree: 40861944 kB
INFO [2026-03-16 14:00:23] Memory: Total: 61649012 kB, Available: 54715620 kB, Active: 5974784 kB, SwapTotal: 40894456 kB, SwapFree: 40861944 kB
INFO [2026-03-16 14:00:23] Memory: Total: 61649012 kB, Available: 54715620 kB, Active: 5974784 kB, SwapTotal: 40894456 kB, SwapFree: 40861944 kB
INFO [2026-03-16 14:00:23] Memory: Total: 61649012 kB, Available: 54715620 kB, Active: 5974908 kB, SwapTotal: 40894456 kB, SwapFree: 40861944 kB
INFO [2026-03-16 14:00:23] Memory: Total: 61649012 kB, Available: 54715368 kB, Active: 5975076 kB, SwapTotal: 40894456 kB, SwapFree: 40861944 kB
INFO [2026-03-16 14:00:24] Memory: Total: 61649012 kB, Available: 54715368 kB, Active: 5975408 kB, SwapTotal: 40894456 kB, SwapFree: 40861944 kB
INFO [2026-03-16 14:00:24] Memory: Total: 61649012 kB, Available: 54715368 kB, Active: 5975408 kB, SwapTotal: 40894456 kB, SwapFree: 40861944 kB
INFO [2026-03-16 14:00:24] Memory: Total: 61649012 kB, Available: 54715368 kB, Active: 5975408 kB, SwapTotal: 40894456 kB, SwapFree: 40861944 kB
INFO [2026-03-16 14:00:24] Memory: Total: 61649012 kB, Available: 54715116 kB, Active: 5975532 kB, SwapTotal: 40894456 kB, SwapFree: 40861944 kB
INFO [2026-03-16 14:00:24] Memory: Total: 61649012 kB, Available: 54714360 kB, Active: 5976028 kB, SwapTotal: 40894456 kB, SwapFree: 40861944 kB
INFO [2026-03-16 14:00:24] Memory: Total: 61649012 kB, Available: 54714360 kB, Active: 5976152 kB, SwapTotal: 40894456 kB, SwapFree: 40861944 kB
INFO [2026-03-16 14:00:24] Memory: Total: 61649012 kB, Available: 54714360 kB, Active: 5976152 kB, SwapTotal: 40894456 kB, SwapFree: 40861944 kB
INFO [2026-03-16 14:00:24] Memory: Total: 61649012 kB, Available: 54714360 kB, Active: 5976276 kB, SwapTotal: 40894456 kB, SwapFree: 40861944 kB
INFO [2026-03-16 14:00:24] Memory: Total: 61649012 kB, Available: 54714116 kB, Active: 5976648 kB, SwapTotal: 40894456 kB, SwapFree: 40861944 kB
INFO [2026-03-16 14:00:24] Memory: Total: 61649012 kB, Available: 54713864 kB, Active: 5976772 kB, SwapTotal: 40894456 kB, SwapFree: 40861944 kB
INFO [2026-03-16 14:00:24] Memory: Total: 61649012 kB, Available: 54713864 kB, Active: 5976896 kB, SwapTotal: 40894456 kB, SwapFree: 40861944 kB
INFO [2026-03-16 14:00:25] Memory: Total: 61649012 kB, Available: 54713864 kB, Active: 5976896 kB, SwapTotal: 40894456 kB, SwapFree: 40861944 kB
INFO [2026-03-16 14:00:25] Memory: Total: 61649012 kB, Available: 54713108 kB, Active: 5977392 kB, SwapTotal: 40894456 kB, SwapFree: 40861944 kB
INFO [2026-03-16 14:00:25] Memory: Total: 61649012 kB, Available: 54713108 kB, Active: 5977716 kB, SwapTotal: 40894456 kB, SwapFree: 40861944 kB
INFO [2026-03-16 14:00:25] Memory: Total: 61649012 kB, Available: 54713108 kB, Active: 5977840 kB, SwapTotal: 40894456 kB, SwapFree: 40861944 kB
INFO [2026-03-16 14:00:25] Memory: Total: 61649012 kB, Available: 54713108 kB, Active: 5977584 kB, SwapTotal: 40894456 kB, SwapFree: 40861944 kB
INFO [2026-03-16 14:00:25] Memory: Total: 61649012 kB, Available: 54712352 kB, Active: 5978080 kB, SwapTotal: 40894456 kB, SwapFree: 40861944 kB
INFO [2026-03-16 14:00:25] Memory: Total: 61649012 kB, Available: 54712352 kB, Active: 5978204 kB, SwapTotal: 40894456 kB, SwapFree: 40861944 kB
INFO [2026-03-16 14:00:25] Memory: Total: 61649012 kB, Available: 54712352 kB, Active: 5978204 kB, SwapTotal: 40894456 kB, SwapFree: 40861944 kB
INFO [2026-03-16 14:00:25] Memory: Total: 61649012 kB, Available: 54712352 kB, Active: 5978328 kB, SwapTotal: 40894456 kB, SwapFree: 40861944 kB
INFO [2026-03-16 14:00:26] Memory: Total: 61649012 kB, Available: 54711344 kB, Active: 5978836 kB, SwapTotal: 40894456 kB, SwapFree: 40861944 kB
INFO [2026-03-16 14:00:26] Memory: Total: 61649012 kB, Available: 54711092 kB, Active: 5978960 kB, SwapTotal: 40894456 kB, SwapFree: 40861944 kB
INFO [2026-03-16 14:00:26] Memory: Total: 61649012 kB, Available: 54711092 kB, Active: 5978960 kB, SwapTotal: 40894456 kB, SwapFree: 40861944 kB
INFO [2026-03-16 14:00:26] Memory: Total: 61649012 kB, Available: 54711092 kB, Active: 5979084 kB, SwapTotal: 40894456 kB, SwapFree: 40861944 kB
INFO [2026-03-16 14:00:26] Memory: Total: 61649012 kB, Available: 54709580 kB, Active: 5979704 kB, SwapTotal: 40894456 kB, SwapFree: 40861944 kB
INFO [2026-03-16 14:00:26] Memory: Total: 61649012 kB, Available: 54709580 kB, Active: 5979828 kB, SwapTotal: 40894456 kB, SwapFree: 40861944 kB
INFO [2026-03-16 14:00:26] Memory: Total: 61649012 kB, Available: 54709580 kB, Active: 5979828 kB, SwapTotal: 40894456 kB, SwapFree: 40861944 kB
INFO [2026-03-16 14:00:26] Memory: Total: 61649012 kB, Available: 54709580 kB, Active: 5979952 kB, SwapTotal: 40894456 kB, SwapFree: 40861944 kB
INFO [2026-03-16 14:00:26] Memory: Total: 61649012 kB, Available: 54709580 kB, Active: 5980572 kB, SwapTotal: 40894456 kB, SwapFree: 40861944 kB
INFO [2026-03-16 14:00:26] Memory: Total: 61649012 kB, Available: 54707072 kB, Active: 5980700 kB, SwapTotal: 40894456 kB, SwapFree: 40861944 kB
INFO [2026-03-16 14:00:26] Memory: Total: 61649012 kB, Available: 54707072 kB, Active: 5980824 kB, SwapTotal: 40894456 kB, SwapFree: 40861944 kB
INFO [2026-03-16 14:00:26] Memory: Total: 61649012 kB, Available: 54707072 kB, Active: 5980824 kB, SwapTotal: 40894456 kB, SwapFree: 40861944 kB
INFO [2026-03-16 14:00:27] Memory: Total: 61649012 kB, Available: 54707072 kB, Active: 5981320 kB, SwapTotal: 40894456 kB, SwapFree: 40861944 kB
INFO [2026-03-16 14:00:27] Memory: Total: 61649012 kB, Available: 54707072 kB, Active: 5981444 kB, SwapTotal: 40894456 kB, SwapFree: 40861944 kB
INFO [2026-03-16 14:00:27] Memory: Total: 61649012 kB, Available: 54707072 kB, Active: 5981444 kB, SwapTotal: 40894456 kB, SwapFree: 40861944 kB
INFO [2026-03-16 14:00:27] Memory: Total: 61649012 kB, Available: 54707072 kB, Active: 5981568 kB, SwapTotal: 40894456 kB, SwapFree: 40861944 kB
INFO [2026-03-16 14:00:27] Memory: Total: 61649012 kB, Available: 54707072 kB, Active: 5981940 kB, SwapTotal: 40894456 kB, SwapFree: 40861944 kB
INFO [2026-03-16 14:00:27] Memory: Total: 61649012 kB, Available: 54707072 kB, Active: 5982384 kB, SwapTotal: 40894456 kB, SwapFree: 40861944 kB
INFO [2026-03-16 14:00:27] Memory: Total: 61649012 kB, Available: 54707072 kB, Active: 5982464 kB, SwapTotal: 40894456 kB, SwapFree: 40861944 kB
INFO [2026-03-16 14:00:27] Memory: Total: 61649012 kB, Available: 54707072 kB, Active: 5982464 kB, SwapTotal: 40894456 kB, SwapFree: 40861944 kB
INFO [2026-03-16 14:00:27] Memory: Total: 61649012 kB, Available: 54707072 kB, Active: 5982944 kB, SwapTotal: 40894456 kB, SwapFree: 40861944 kB
INFO [2026-03-16 14:00:28] Memory: Total: 61649012 kB, Available: 54707072 kB, Active: 5982660 kB, SwapTotal: 40894456 kB, SwapFree: 40861944 kB
INFO [2026-03-16 14:00:28] Memory: Total: 61649012 kB, Available: 54707072 kB, Active: 5982660 kB, SwapTotal: 40894456 kB, SwapFree: 40861944 kB
INFO [2026-03-16 14:00:28] Memory: Total: 61649012 kB, Available: 54707072 kB, Active: 5982784 kB, SwapTotal: 40894456 kB, SwapFree: 40861944 kB
INFO [2026-03-16 14:00:28] Memory: Total: 61649012 kB, Available: 54706820 kB, Active: 5983156 kB, SwapTotal: 40894456 kB, SwapFree: 40861944 kB
INFO [2026-03-16 14:00:28] Memory: Total: 61649012 kB, Available: 54706820 kB, Active: 5983156 kB, SwapTotal: 40894456 kB, SwapFree: 40861944 kB
INFO [2026-03-16 14:00:28] Memory: Total: 61649012 kB, Available: 54706316 kB, Active: 5983280 kB, SwapTotal: 40894456 kB, SwapFree: 40861944 kB
INFO [2026-03-16 14:00:28] Memory: Total: 61649012 kB, Available: 54706316 kB, Active: 5983280 kB, SwapTotal: 40894456 kB, SwapFree: 40861944 kB
INFO [2026-03-16 14:00:28] Memory: Total: 61649012 kB, Available: 54706316 kB, Active: 5983652 kB, SwapTotal: 40894456 kB, SwapFree: 40861944 kB
INFO [2026-03-16 14:00:28] Memory: Total: 61649012 kB, Available: 54705308 kB, Active: 5983776 kB, SwapTotal: 40894456 kB, SwapFree: 40861944 kB
INFO [2026-03-16 14:00:28] Memory: Total: 61649012 kB, Available: 54705308 kB, Active: 5983776 kB, SwapTotal: 40894456 kB, SwapFree: 40861944 kB
INFO [2026-03-16 14:00:28] Memory: Total: 61649012 kB, Available: 54705308 kB, Active: 5983960 kB, SwapTotal: 40894456 kB, SwapFree: 40861944 kB
INFO [2026-03-16 14:00:29] Memory: Total: 61649012 kB, Available: 54705308 kB, Active: 5984184 kB, SwapTotal: 40894456 kB, SwapFree: 40861944 kB
INFO [2026-03-16 14:00:29] Memory: Total: 61649012 kB, Available: 54705308 kB, Active: 5983960 kB, SwapTotal: 40894456 kB, SwapFree: 40861944 kB
INFO [2026-03-16 14:00:29] Memory: Total: 61649012 kB, Available: 54705308 kB, Active: 5983960 kB, SwapTotal: 40894456 kB, SwapFree: 40861944 kB
INFO [2026-03-16 14:00:29] Memory: Total: 61649012 kB, Available: 54705308 kB, Active: 5983960 kB, SwapTotal: 40894456 kB, SwapFree: 40861944 kB
INFO [2026-03-16 14:00:29] Memory: Total: 61649012 kB, Available: 54705308 kB, Active: 5983960 kB, SwapTotal: 40894456 kB, SwapFree: 40861944 kB
INFO [2026-03-16 14:00:29] Memory: Total: 61649012 kB, Available: 54705308 kB, Active: 5983960 kB, SwapTotal: 40894456 kB, SwapFree: 40861944 kB
INFO [2026-03-16 14:00:29] Memory: Total: 61649012 kB, Available: 54705308 kB, Active: 5983960 kB, SwapTotal: 40894456 kB, SwapFree: 40861944 kB
INFO [2026-03-16 14:00:29] Memory: Total: 61649012 kB, Available: 54705308 kB, Active: 5983960 kB, SwapTotal: 40894456 kB, SwapFree: 40861944 kB
INFO [2026-03-16 14:00:29] Memory: Total: 61649012 kB, Available: 54705308 kB, Active: 5984248 kB, SwapTotal: 40894456 kB, SwapFree: 40861944 kB
INFO [2026-03-16 14:00:29] Memory: Total: 61649012 kB, Available: 54705308 kB, Active: 5983976 kB, SwapTotal: 40894456 kB, SwapFree: 40861944 kB
INFO [2026-03-16 14:00:29] Memory: Total: 61649012 kB, Available: 54705308 kB, Active: 5983976 kB, SwapTotal: 40894456 kB, SwapFree: 40861944 kB
INFO [2026-03-16 14:00:30] Memory: Total: 61649012 kB, Available: 54705308 kB, Active: 5983976 kB, SwapTotal: 40894456 kB, SwapFree: 40861944 kB
INFO [2026-03-16 14:00:30] Memory: Total: 61649012 kB, Available: 54705308 kB, Active: 5983976 kB, SwapTotal: 40894456 kB, SwapFree: 40861944 kB
INFO [2026-03-16 14:00:30] Memory: Total: 61649012 kB, Available: 54705308 kB, Active: 5983976 kB, SwapTotal: 40894456 kB, SwapFree: 40861944 kB
INFO [2026-03-16 14:00:30] Memory: Total: 61649012 kB, Available: 54705308 kB, Active: 5983976 kB, SwapTotal: 40894456 kB, SwapFree: 40861944 kB
INFO [2026-03-16 14:00:30] Memory: Total: 61649012 kB, Available: 54705308 kB, Active: 5983976 kB, SwapTotal: 40894456 kB, SwapFree: 40861944 kB
INFO [2026-03-16 14:00:30] Memory: Total: 61649012 kB, Available: 54705308 kB, Active: 5983976 kB, SwapTotal: 40894456 kB, SwapFree: 40861944 kB
INFO [2026-03-16 14:00:30] Memory: Total: 61649012 kB, Available: 54705308 kB, Active: 5983976 kB, SwapTotal: 40894456 kB, SwapFree: 40861944 kB
INFO [2026-03-16 14:00:30] Memory: Total: 61649012 kB, Available: 54705308 kB, Active: 5983976 kB, SwapTotal: 40894456 kB, SwapFree: 40861944 kB
INFO [2026-03-16 14:00:30] Memory: Total: 61649012 kB, Available: 54705308 kB, Active: 5983976 kB, SwapTotal: 40894456 kB, SwapFree: 40861944 kB
INFO [2026-03-16 14:00:31] Memory: Total: 61649012 kB, Available: 54705308 kB, Active: 5983988 kB, SwapTotal: 40894456 kB, SwapFree: 40861944 kB
INFO [2026-03-16 14:00:31] Memory: Total: 61649012 kB, Available: 54705308 kB, Active: 5983976 kB, SwapTotal: 40894456 kB, SwapFree: 40861944 kB
INFO [2026-03-16 14:00:31] Memory: Total: 61649012 kB, Available: 54705308 kB, Active: 5983976 kB, SwapTotal: 40894456 kB, SwapFree: 40861944 kB
INFO [2026-03-16 14:00:31] Memory: Total: 61649012 kB, Available: 54705308 kB, Active: 5983976 kB, SwapTotal: 40894456 kB, SwapFree: 40861944 kB
INFO [2026-03-16 14:00:31] Memory: Total: 61649012 kB, Available: 54705308 kB, Active: 5983976 kB, SwapTotal: 40894456 kB, SwapFree: 40861944 kB
INFO [2026-03-16 14:00:31] Memory: Total: 61649012 kB, Available: 54705308 kB, Active: 5984100 kB, SwapTotal: 40894456 kB, SwapFree: 40861944 kB
INFO [2026-03-16 14:00:31] Memory: Total: 61649012 kB, Available: 54705308 kB, Active: 5984100 kB, SwapTotal: 40894456 kB, SwapFree: 40861944 kB
INFO [2026-03-16 14:00:31] Memory: Total: 61649012 kB, Available: 54705308 kB, Active: 5984100 kB, SwapTotal: 40894456 kB, SwapFree: 40861944 kB
INFO [2026-03-16 14:00:31] Memory: Total: 61649012 kB, Available: 54705308 kB, Active: 5984100 kB, SwapTotal: 40894456 kB, SwapFree: 40861944 kB
INFO [2026-03-16 14:00:31] Memory: Total: 61649012 kB, Available: 54705308 kB, Active: 5984384 kB, SwapTotal: 40894456 kB, SwapFree: 40861944 kB
INFO [2026-03-16 14:00:31] Memory: Total: 61649012 kB, Available: 54705308 kB, Active: 5984180 kB, SwapTotal: 40894456 kB, SwapFree: 40861944 kB
INFO [2026-03-16 14:00:31] Memory: Total: 61649012 kB, Available: 54705308 kB, Active: 5984180 kB, SwapTotal: 40894456 kB, SwapFree: 40861944 kB
INFO [2026-03-16 14:00:32] Memory: Total: 61649012 kB, Available: 54705308 kB, Active: 5984180 kB, SwapTotal: 40894456 kB, SwapFree: 40861944 kB
INFO [2026-03-16 14:00:32] Memory: Total: 61649012 kB, Available: 54705304 kB, Active: 5984180 kB, SwapTotal: 40894456 kB, SwapFree: 40861944 kB
INFO [2026-03-16 14:00:32] Memory: Total: 61649012 kB, Available: 54705304 kB, Active: 5984180 kB, SwapTotal: 40894456 kB, SwapFree: 40861944 kB
INFO [2026-03-16 14:00:32] Memory: Total: 61649012 kB, Available: 54705304 kB, Active: 5984180 kB, SwapTotal: 40894456 kB, SwapFree: 40861944 kB
INFO [2026-03-16 14:00:32] Memory: Total: 61649012 kB, Available: 54705304 kB, Active: 5984304 kB, SwapTotal: 40894456 kB, SwapFree: 40861944 kB
INFO [2026-03-16 14:00:32] Memory: Total: 61649012 kB, Available: 54705304 kB, Active: 5984304 kB, SwapTotal: 40894456 kB, SwapFree: 40861944 kB
INFO [2026-03-16 14:00:32] Memory: Total: 61649012 kB, Available: 54705304 kB, Active: 5984304 kB, SwapTotal: 40894456 kB, SwapFree: 40861944 kB
INFO [2026-03-16 14:00:32] Memory: Total: 61649012 kB, Available: 54705304 kB, Active: 5984304 kB, SwapTotal: 40894456 kB, SwapFree: 40861944 kB
INFO [2026-03-16 14:00:32] Memory: Total: 61649012 kB, Available: 54705308 kB, Active: 5984628 kB, SwapTotal: 40894456 kB, SwapFree: 40861944 kB
INFO [2026-03-16 14:00:33] Memory: Total: 61649012 kB, Available: 54705308 kB, Active: 5984380 kB, SwapTotal: 40894456 kB, SwapFree: 40861944 kB
INFO [2026-03-16 14:00:33] Memory: Total: 61649012 kB, Available: 54705308 kB, Active: 5984380 kB, SwapTotal: 40894456 kB, SwapFree: 40861944 kB
INFO [2026-03-16 14:00:33] Memory: Total: 61649012 kB, Available: 54705308 kB, Active: 5984380 kB, SwapTotal: 40894456 kB, SwapFree: 40861944 kB
INFO [2026-03-16 14:00:33] Memory: Total: 61649012 kB, Available: 54705308 kB, Active: 5984380 kB, SwapTotal: 40894456 kB, SwapFree: 40861944 kB
INFO [2026-03-16 14:00:33] Memory: Total: 61649012 kB, Available: 54705308 kB, Active: 5984380 kB, SwapTotal: 40894456 kB, SwapFree: 40861944 kB
INFO [2026-03-16 14:00:33] Memory: Total: 61649012 kB, Available: 54705308 kB, Active: 5984380 kB, SwapTotal: 40894456 kB, SwapFree: 40861944 kB
INFO [2026-03-16 14:00:33] Memory: Total: 61649012 kB, Available: 54705308 kB, Active: 5984380 kB, SwapTotal: 40894456 kB, SwapFree: 40861944 kB
INFO [2026-03-16 14:00:33] Memory: Total: 61649012 kB, Available: 54705308 kB, Active: 5984504 kB, SwapTotal: 40894456 kB, SwapFree: 40861944 kB
INFO [2026-03-16 14:00:33] Memory: Total: 61649012 kB, Available: 54705308 kB, Active: 5984504 kB, SwapTotal: 40894456 kB, SwapFree: 40861944 kB
INFO [2026-03-16 14:00:33] Memory: Total: 61649012 kB, Available: 54705308 kB, Active: 5984504 kB, SwapTotal: 40894456 kB, SwapFree: 40861944 kB
INFO [2026-03-16 14:00:33] Memory: Total: 61649012 kB, Available: 54705308 kB, Active: 5984504 kB, SwapTotal: 40894456 kB, SwapFree: 40861944 kB
INFO [2026-03-16 14:00:34] Memory: Total: 61649012 kB, Available: 54705308 kB, Active: 5984504 kB, SwapTotal: 40894456 kB, SwapFree: 40861944 kB
INFO [2026-03-16 14:00:34] Memory: Total: 61649012 kB, Available: 54705308 kB, Active: 5984504 kB, SwapTotal: 40894456 kB, SwapFree: 40861944 kB
INFO [2026-03-16 14:00:34] Memory: Total: 61649012 kB, Available: 54705308 kB, Active: 5984504 kB, SwapTotal: 40894456 kB, SwapFree: 40861944 kB
INFO [2026-03-16 14:00:34] Memory: Total: 61649012 kB, Available: 54705308 kB, Active: 5984504 kB, SwapTotal: 40894456 kB, SwapFree: 40861944 kB
INFO [2026-03-16 14:00:34] Memory: Total: 61649012 kB, Available: 54705308 kB, Active: 5984628 kB, SwapTotal: 40894456 kB, SwapFree: 40861944 kB
INFO [2026-03-16 14:00:34] Memory: Total: 61649012 kB, Available: 54705308 kB, Active: 5984628 kB, SwapTotal: 40894456 kB, SwapFree: 40861944 kB
INFO [2026-03-16 14:00:34] Memory: Total: 61649012 kB, Available: 54705308 kB, Active: 5984628 kB, SwapTotal: 40894456 kB, SwapFree: 40861944 kB
INFO [2026-03-16 14:00:34] Memory: Total: 61649012 kB, Available: 54705308 kB, Active: 5984628 kB, SwapTotal: 40894456 kB, SwapFree: 40861944 kB
INFO [2026-03-16 14:00:34] Memory: Total: 61649012 kB, Available: 54705056 kB, Active: 5984916 kB, SwapTotal: 40894456 kB, SwapFree: 40861944 kB
INFO [2026-03-16 14:00:34] Memory: Total: 61649012 kB, Available: 54705056 kB, Active: 5984720 kB, SwapTotal: 40894456 kB, SwapFree: 40861944 kB
INFO [2026-03-16 14:00:34] Memory: Total: 61649012 kB, Available: 54705056 kB, Active: 5984720 kB, SwapTotal: 40894456 kB, SwapFree: 40861944 kB
INFO [2026-03-16 14:00:35] Memory: Total: 61649012 kB, Available: 54705056 kB, Active: 5984720 kB, SwapTotal: 40894456 kB, SwapFree: 40861944 kB
INFO [2026-03-16 14:00:35] Memory: Total: 61649012 kB, Available: 54705052 kB, Active: 5984720 kB, SwapTotal: 40894456 kB, SwapFree: 40861944 kB
INFO [2026-03-16 14:00:35] Memory: Total: 61649012 kB, Available: 54705052 kB, Active: 5984844 kB, SwapTotal: 40894456 kB, SwapFree: 40861944 kB
INFO [2026-03-16 14:00:35] Memory: Total: 61649012 kB, Available: 54705052 kB, Active: 5984844 kB, SwapTotal: 40894456 kB, SwapFree: 40861944 kB
INFO [2026-03-16 14:00:35] Memory: Total: 61649012 kB, Available: 54705052 kB, Active: 5984844 kB, SwapTotal: 40894456 kB, SwapFree: 40861944 kB
INFO [2026-03-16 14:00:35] Memory: Total: 61649012 kB, Available: 54705052 kB, Active: 5984844 kB, SwapTotal: 40894456 kB, SwapFree: 40861944 kB
INFO [2026-03-16 14:00:35] Memory: Total: 61649012 kB, Available: 54705052 kB, Active: 5984968 kB, SwapTotal: 40894456 kB, SwapFree: 40861944 kB
INFO [2026-03-16 14:00:35] Memory: Total: 61649012 kB, Available: 54705052 kB, Active: 5984968 kB, SwapTotal: 40894456 kB, SwapFree: 40861944 kB
INFO [2026-03-16 14:00:35] Memory: Total: 61649012 kB, Available: 54705052 kB, Active: 5984968 kB, SwapTotal: 40894456 kB, SwapFree: 40861944 kB
INFO [2026-03-16 14:00:36] Memory: Total: 61649012 kB, Available: 54705056 kB, Active: 5985096 kB, SwapTotal: 40894456 kB, SwapFree: 40861944 kB
INFO [2026-03-16 14:00:36] Memory: Total: 61649012 kB, Available: 54705056 kB, Active: 5985384 kB, SwapTotal: 40894456 kB, SwapFree: 40861944 kB
INFO [2026-03-16 14:00:36] Memory: Total: 61649012 kB, Available: 54704704 kB, Active: 5985156 kB, SwapTotal: 40894456 kB, SwapFree: 40861944 kB
INFO [2026-03-16 14:00:36] Memory: Total: 61649012 kB, Available: 54704804 kB, Active: 5985156 kB, SwapTotal: 40894456 kB, SwapFree: 40861944 kB
INFO [2026-03-16 14:00:36] Memory: Total: 61649012 kB, Available: 54704804 kB, Active: 5985280 kB, SwapTotal: 40894456 kB, SwapFree: 40861944 kB
INFO [2026-03-16 14:00:36] Memory: Total: 61649012 kB, Available: 54704804 kB, Active: 5985280 kB, SwapTotal: 40894456 kB, SwapFree: 40861944 kB
INFO [2026-03-16 14:00:36] Memory: Total: 61649012 kB, Available: 54704804 kB, Active: 5985280 kB, SwapTotal: 40894456 kB, SwapFree: 40861944 kB
INFO [2026-03-16 14:00:36] Memory: Total: 61649012 kB, Available: 54704804 kB, Active: 5985280 kB, SwapTotal: 40894456 kB, SwapFree: 40861944 kB
INFO [2026-03-16 14:00:36] Memory: Total: 61649012 kB, Available: 54704804 kB, Active: 5985404 kB, SwapTotal: 40894456 kB, SwapFree: 40861944 kB
INFO [2026-03-16 14:00:36] Memory: Total: 61649012 kB, Available: 54704552 kB, Active: 5985404 kB, SwapTotal: 40894456 kB, SwapFree: 40861944 kB
INFO [2026-03-16 14:00:36] Memory: Total: 61649012 kB, Available: 54704552 kB, Active: 5985404 kB, SwapTotal: 40894456 kB, SwapFree: 40861944 kB
INFO [2026-03-16 14:00:36] Memory: Total: 61649012 kB, Available: 54704552 kB, Active: 5985404 kB, SwapTotal: 40894456 kB, SwapFree: 40861944 kB
INFO [2026-03-16 14:00:37] Memory: Total: 61649012 kB, Available: 54704552 kB, Active: 5985528 kB, SwapTotal: 40894456 kB, SwapFree: 40861944 kB
INFO [2026-03-16 14:00:37] Memory: Total: 61649012 kB, Available: 54704552 kB, Active: 5985652 kB, SwapTotal: 40894456 kB, SwapFree: 40861944 kB
INFO [2026-03-16 14:00:37] Memory: Total: 61649012 kB, Available: 54704552 kB, Active: 5985652 kB, SwapTotal: 40894456 kB, SwapFree: 40861944 kB
INFO [2026-03-16 14:00:37] Memory: Total: 61649012 kB, Available: 54704552 kB, Active: 5985652 kB, SwapTotal: 40894456 kB, SwapFree: 40861944 kB
INFO [2026-03-16 14:00:37] Memory: Total: 61649012 kB, Available: 54704552 kB, Active: 5985780 kB, SwapTotal: 40894456 kB, SwapFree: 40861944 kB
INFO [2026-03-16 14:00:37] Memory: Total: 61649012 kB, Available: 54704552 kB, Active: 5985780 kB, SwapTotal: 40894456 kB, SwapFree: 40861944 kB
INFO [2026-03-16 14:00:37] Memory: Total: 61649012 kB, Available: 54704552 kB, Active: 5985780 kB, SwapTotal: 40894456 kB, SwapFree: 40861944 kB
INFO [2026-03-16 14:00:37] Memory: Total: 61649012 kB, Available: 54704552 kB, Active: 5985780 kB, SwapTotal: 40894456 kB, SwapFree: 40861944 kB
INFO [2026-03-16 14:00:38] Memory: Total: 61649012 kB, Available: 54704300 kB, Active: 5985960 kB, SwapTotal: 40894456 kB, SwapFree: 40861944 kB
INFO [2026-03-16 14:00:38] Memory: Total: 61649012 kB, Available: 54704300 kB, Active: 5985904 kB, SwapTotal: 40894456 kB, SwapFree: 40861944 kB
INFO [2026-03-16 14:00:38] Memory: Total: 61649012 kB, Available: 54704300 kB, Active: 5985904 kB, SwapTotal: 40894456 kB, SwapFree: 40861944 kB
INFO [2026-03-16 14:00:38] Memory: Total: 61649012 kB, Available: 54704300 kB, Active: 5985904 kB, SwapTotal: 40894456 kB, SwapFree: 40861944 kB
INFO [2026-03-16 14:00:38] Memory: Total: 61649012 kB, Available: 54704300 kB, Active: 5986028 kB, SwapTotal: 40894456 kB, SwapFree: 40861944 kB
INFO [2026-03-16 14:00:38] Memory: Total: 61649012 kB, Available: 54704300 kB, Active: 5986028 kB, SwapTotal: 40894456 kB, SwapFree: 40861944 kB
INFO [2026-03-16 14:00:38] Memory: Total: 61649012 kB, Available: 54704300 kB, Active: 5986028 kB, SwapTotal: 40894456 kB, SwapFree: 40861944 kB
INFO [2026-03-16 14:00:38] Memory: Total: 61649012 kB, Available: 54704300 kB, Active: 5986152 kB, SwapTotal: 40894456 kB, SwapFree: 40861944 kB
INFO [2026-03-16 14:00:38] Memory: Total: 61649012 kB, Available: 54704048 kB, Active: 5986152 kB, SwapTotal: 40894456 kB, SwapFree: 40861944 kB
INFO [2026-03-16 14:00:38] Memory: Total: 61649012 kB, Available: 54704048 kB, Active: 5986276 kB, SwapTotal: 40894456 kB, SwapFree: 40861944 kB
INFO [2026-03-16 14:00:38] Memory: Total: 61649012 kB, Available: 54704048 kB, Active: 5986276 kB, SwapTotal: 40894456 kB, SwapFree: 40861944 kB
INFO [2026-03-16 14:00:38] Memory: Total: 61649012 kB, Available: 54704048 kB, Active: 5986276 kB, SwapTotal: 40894456 kB, SwapFree: 40861944 kB
INFO [2026-03-16 14:00:39] Memory: Total: 61649012 kB, Available: 54704048 kB, Active: 5986600 kB, SwapTotal: 40894456 kB, SwapFree: 40861944 kB
INFO [2026-03-16 14:00:39] Memory: Total: 61649012 kB, Available: 54704048 kB, Active: 5986624 kB, SwapTotal: 40894456 kB, SwapFree: 40861944 kB
INFO [2026-03-16 14:00:39] Memory: Total: 61649012 kB, Available: 54703688 kB, Active: 5986652 kB, SwapTotal: 40894456 kB, SwapFree: 40861944 kB
INFO [2026-03-16 14:00:39] Memory: Total: 61649012 kB, Available: 54703688 kB, Active: 5986652 kB, SwapTotal: 40894456 kB, SwapFree: 40861944 kB
INFO [2026-03-16 14:00:39] Memory: Total: 61649012 kB, Available: 54703796 kB, Active: 5986568 kB, SwapTotal: 40894456 kB, SwapFree: 40861944 kB
INFO [2026-03-16 14:00:39] Memory: Total: 61649012 kB, Available: 54703796 kB, Active: 5986568 kB, SwapTotal: 40894456 kB, SwapFree: 40861944 kB
INFO [2026-03-16 14:00:39] Memory: Total: 61649012 kB, Available: 54703796 kB, Active: 5986568 kB, SwapTotal: 40894456 kB, SwapFree: 40861944 kB
INFO [2026-03-16 14:00:39] Memory: Total: 61649012 kB, Available: 54703796 kB, Active: 5986568 kB, SwapTotal: 40894456 kB, SwapFree: 40861944 kB
INFO [2026-03-16 14:00:39] Memory: Total: 61649012 kB, Available: 54703432 kB, Active: 5987012 kB, SwapTotal: 40894456 kB, SwapFree: 40861944 kB
INFO [2026-03-16 14:00:39] Memory: Total: 61649012 kB, Available: 54703544 kB, Active: 5987100 kB, SwapTotal: 40894456 kB, SwapFree: 40861944 kB
INFO [2026-03-16 14:00:40] Memory: Total: 61649012 kB, Available: 54703544 kB, Active: 5986812 kB, SwapTotal: 40894456 kB, SwapFree: 40861944 kB
INFO [2026-03-16 14:00:40] Memory: Total: 61649012 kB, Available: 54703544 kB, Active: 5986812 kB, SwapTotal: 40894456 kB, SwapFree: 40861944 kB
INFO [2026-03-16 14:00:40] Memory: Total: 61649012 kB, Available: 54703544 kB, Active: 5986936 kB, SwapTotal: 40894456 kB, SwapFree: 40861944 kB
INFO [2026-03-16 14:00:40] Memory: Total: 61649012 kB, Available: 54703544 kB, Active: 5986936 kB, SwapTotal: 40894456 kB, SwapFree: 40861944 kB
INFO [2026-03-16 14:00:40] Memory: Total: 61649012 kB, Available: 54703544 kB, Active: 5986936 kB, SwapTotal: 40894456 kB, SwapFree: 40861944 kB
INFO [2026-03-16 14:00:40] Memory: Total: 61649012 kB, Available: 54703544 kB, Active: 5986936 kB, SwapTotal: 40894456 kB, SwapFree: 40861944 kB
INFO [2026-03-16 14:00:40] Memory: Total: 61649012 kB, Available: 54703540 kB, Active: 5987476 kB, SwapTotal: 40894456 kB, SwapFree: 40861944 kB
INFO [2026-03-16 14:00:40] Memory: Total: 61649012 kB, Available: 54703540 kB, Active: 5987532 kB, SwapTotal: 40894456 kB, SwapFree: 40861944 kB
INFO [2026-03-16 14:00:40] Memory: Total: 61649012 kB, Available: 54703540 kB, Active: 5987240 kB, SwapTotal: 40894456 kB, SwapFree: 40861944 kB
INFO [2026-03-16 14:00:40] Memory: Total: 61649012 kB, Available: 54703540 kB, Active: 5987240 kB, SwapTotal: 40894456 kB, SwapFree: 40861944 kB
INFO [2026-03-16 14:00:41] Memory: Total: 61649012 kB, Available: 54703544 kB, Active: 5987364 kB, SwapTotal: 40894456 kB, SwapFree: 40861944 kB
INFO [2026-03-16 14:00:41] Memory: Total: 61649012 kB, Available: 54703544 kB, Active: 5987364 kB, SwapTotal: 40894456 kB, SwapFree: 40861944 kB
INFO [2026-03-16 14:00:41] Memory: Total: 61649012 kB, Available: 54703544 kB, Active: 5987488 kB, SwapTotal: 40894456 kB, SwapFree: 40861944 kB
INFO [2026-03-16 14:00:41] Memory: Total: 61649012 kB, Available: 54703544 kB, Active: 5987488 kB, SwapTotal: 40894456 kB, SwapFree: 40861944 kB
INFO [2026-03-16 14:00:41] Memory: Total: 61649012 kB, Available: 54703544 kB, Active: 5987612 kB, SwapTotal: 40894456 kB, SwapFree: 40861944 kB
INFO [2026-03-16 14:00:41] Memory: Total: 61649012 kB, Available: 54703544 kB, Active: 5987612 kB, SwapTotal: 40894456 kB, SwapFree: 40861944 kB
INFO [2026-03-16 14:00:41] Memory: Total: 61649012 kB, Available: 54703544 kB, Active: 5987736 kB, SwapTotal: 40894456 kB, SwapFree: 40861944 kB
INFO [2026-03-16 14:00:41] Memory: Total: 61649012 kB, Available: 54703544 kB, Active: 5987736 kB, SwapTotal: 40894456 kB, SwapFree: 40861944 kB
INFO [2026-03-16 14:00:41] Memory: Total: 61649012 kB, Available: 54703544 kB, Active: 5987860 kB, SwapTotal: 40894456 kB, SwapFree: 40861944 kB
INFO [2026-03-16 14:00:41] Memory: Total: 61649012 kB, Available: 54703544 kB, Active: 5987860 kB, SwapTotal: 40894456 kB, SwapFree: 40861944 kB
INFO [2026-03-16 14:00:41] Memory: Total: 61649012 kB, Available: 54703544 kB, Active: 5987984 kB, SwapTotal: 40894456 kB, SwapFree: 40861944 kB
INFO [2026-03-16 14:00:41] Memory: Total: 61649012 kB, Available: 54703176 kB, Active: 5987984 kB, SwapTotal: 40894456 kB, SwapFree: 40861944 kB
INFO [2026-03-16 14:00:42] Memory: Total: 61649012 kB, Available: 54702788 kB, Active: 5988440 kB, SwapTotal: 40894456 kB, SwapFree: 40861944 kB
INFO [2026-03-16 14:00:42] Memory: Total: 61649012 kB, Available: 54702536 kB, Active: 5988176 kB, SwapTotal: 40894456 kB, SwapFree: 40861944 kB
INFO [2026-03-16 14:00:42] Memory: Total: 61649012 kB, Available: 54702536 kB, Active: 5988176 kB, SwapTotal: 40894456 kB, SwapFree: 40861944 kB
INFO [2026-03-16 14:00:42] Memory: Total: 61649012 kB, Available: 54702536 kB, Active: 5988176 kB, SwapTotal: 40894456 kB, SwapFree: 40861944 kB
INFO [2026-03-16 14:00:42] Memory: Total: 61649012 kB, Available: 54702536 kB, Active: 5988304 kB, SwapTotal: 40894456 kB, SwapFree: 40861944 kB
INFO [2026-03-16 14:00:42] Memory: Total: 61649012 kB, Available: 54702536 kB, Active: 5988424 kB, SwapTotal: 40894456 kB, SwapFree: 40861944 kB
INFO [2026-03-16 14:00:42] Memory: Total: 61649012 kB, Available: 54702536 kB, Active: 5988748 kB, SwapTotal: 40894456 kB, SwapFree: 40861944 kB
INFO [2026-03-16 14:00:42] Memory: Total: 61649012 kB, Available: 54702536 kB, Active: 5988748 kB, SwapTotal: 40894456 kB, SwapFree: 40861944 kB
INFO [2026-03-16 14:00:42] Memory: Total: 61649012 kB, Available: 54702032 kB, Active: 5987956 kB, SwapTotal: 40894456 kB, SwapFree: 40861944 kB
INFO [2026-03-16 14:00:43] Memory: Total: 61649012 kB, Available: 54702032 kB, Active: 5988516 kB, SwapTotal: 40894456 kB, SwapFree: 40861944 kB
INFO [2026-03-16 14:00:43] Memory: Total: 61649012 kB, Available: 54702032 kB, Active: 5988516 kB, SwapTotal: 40894456 kB, SwapFree: 40861944 kB
INFO [2026-03-16 14:00:43] Memory: Total: 61649012 kB, Available: 54702032 kB, Active: 5988840 kB, SwapTotal: 40894456 kB, SwapFree: 40861944 kB
INFO [2026-03-16 14:00:43] Memory: Total: 61649012 kB, Available: 54701780 kB, Active: 5988728 kB, SwapTotal: 40894456 kB, SwapFree: 40861944 kB
INFO [2026-03-16 14:00:43] Memory: Total: 61649012 kB, Available: 54701780 kB, Active: 5988728 kB, SwapTotal: 40894456 kB, SwapFree: 40861944 kB
INFO [2026-03-16 14:00:43] Memory: Total: 61649012 kB, Available: 54701780 kB, Active: 5988728 kB, SwapTotal: 40894456 kB, SwapFree: 40861944 kB
INFO [2026-03-16 14:00:43] Memory: Total: 61649012 kB, Available: 54701780 kB, Active: 5988852 kB, SwapTotal: 40894456 kB, SwapFree: 40861944 kB
INFO [2026-03-16 14:00:43] Memory: Total: 61649012 kB, Available: 54701780 kB, Active: 5989300 kB, SwapTotal: 40894456 kB, SwapFree: 40861944 kB
INFO [2026-03-16 14:00:43] Memory: Total: 61649012 kB, Available: 54701528 kB, Active: 5989008 kB, SwapTotal: 40894456 kB, SwapFree: 40861944 kB
INFO [2026-03-16 14:00:43] Memory: Total: 61649012 kB, Available: 54701528 kB, Active: 5989008 kB, SwapTotal: 40894456 kB, SwapFree: 40861944 kB
INFO [2026-03-16 14:00:43] Memory: Total: 61649012 kB, Available: 54701528 kB, Active: 5989008 kB, SwapTotal: 40894456 kB, SwapFree: 40861944 kB
INFO [2026-03-16 14:00:44] Memory: Total: 61649012 kB, Available: 54701528 kB, Active: 5989132 kB, SwapTotal: 40894456 kB, SwapFree: 40861944 kB
INFO [2026-03-16 14:00:44] Memory: Total: 61649012 kB, Available: 54701528 kB, Active: 5989256 kB, SwapTotal: 40894456 kB, SwapFree: 40861944 kB
INFO [2026-03-16 14:00:44] Memory: Total: 61649012 kB, Available: 54701528 kB, Active: 5989256 kB, SwapTotal: 40894456 kB, SwapFree: 40861944 kB
INFO [2026-03-16 14:00:44] Memory: Total: 61649012 kB, Available: 54701528 kB, Active: 5989256 kB, SwapTotal: 40894456 kB, SwapFree: 40861944 kB
INFO [2026-03-16 14:00:44] Memory: Total: 61649012 kB, Available: 54701276 kB, Active: 5989380 kB, SwapTotal: 40894456 kB, SwapFree: 40861944 kB
INFO [2026-03-16 14:00:44] Memory: Total: 61649012 kB, Available: 54701276 kB, Active: 5989504 kB, SwapTotal: 40894456 kB, SwapFree: 40861944 kB
INFO [2026-03-16 14:00:44] Memory: Total: 61649012 kB, Available: 54701276 kB, Active: 5989828 kB, SwapTotal: 40894456 kB, SwapFree: 40861944 kB
INFO [2026-03-16 14:00:44] Memory: Total: 61649012 kB, Available: 54701276 kB, Active: 5989828 kB, SwapTotal: 40894456 kB, SwapFree: 40861944 kB
INFO [2026-03-16 14:00:44] Memory: Total: 61649012 kB, Available: 54701024 kB, Active: 5989948 kB, SwapTotal: 40894456 kB, SwapFree: 40861944 kB
INFO [2026-03-16 14:00:44] Memory: Total: 61649012 kB, Available: 54701024 kB, Active: 5989664 kB, SwapTotal: 40894456 kB, SwapFree: 40861944 kB
INFO [2026-03-16 14:00:45] Memory: Total: 61649012 kB, Available: 54700772 kB, Active: 5989664 kB, SwapTotal: 40894456 kB, SwapFree: 40861944 kB
INFO [2026-03-16 14:00:45] Memory: Total: 61649012 kB, Available: 54700772 kB, Active: 5989664 kB, SwapTotal: 40894456 kB, SwapFree: 40861944 kB
INFO [2026-03-16 14:00:45] Memory: Total: 61649012 kB, Available: 54700520 kB, Active: 5990112 kB, SwapTotal: 40894456 kB, SwapFree: 40861944 kB
INFO [2026-03-16 14:00:45] Memory: Total: 61649012 kB, Available: 54700520 kB, Active: 5990192 kB, SwapTotal: 40894456 kB, SwapFree: 40861944 kB
INFO [2026-03-16 14:00:45] Memory: Total: 61649012 kB, Available: 54700268 kB, Active: 5989948 kB, SwapTotal: 40894456 kB, SwapFree: 40861944 kB
INFO [2026-03-16 14:00:45] Memory: Total: 61649012 kB, Available: 54700268 kB, Active: 5990272 kB, SwapTotal: 40894456 kB, SwapFree: 40861944 kB
INFO [2026-03-16 14:00:45] Memory: Total: 61649012 kB, Available: 54700016 kB, Active: 5990136 kB, SwapTotal: 40894456 kB, SwapFree: 40861944 kB
INFO [2026-03-16 14:00:45] Memory: Total: 61649012 kB, Available: 54700016 kB, Active: 5990136 kB, SwapTotal: 40894456 kB, SwapFree: 40861944 kB
INFO [2026-03-16 14:00:45] Memory: Total: 61649012 kB, Available: 54700016 kB, Active: 5990460 kB, SwapTotal: 40894456 kB, SwapFree: 40861944 kB
INFO [2026-03-16 14:00:45] Memory: Total: 61649012 kB, Available: 54700016 kB, Active: 5990460 kB, SwapTotal: 40894456 kB, SwapFree: 40861944 kB
INFO [2026-03-16 14:00:46] Memory: Total: 61649012 kB, Available: 54699752 kB, Active: 5990368 kB, SwapTotal: 40894456 kB, SwapFree: 40861944 kB
INFO [2026-03-16 14:00:46] Memory: Total: 61649012 kB, Available: 54699752 kB, Active: 5990368 kB, SwapTotal: 40894456 kB, SwapFree: 40861944 kB
INFO [2026-03-16 14:00:46] Memory: Total: 61649012 kB, Available: 54699752 kB, Active: 5990368 kB, SwapTotal: 40894456 kB, SwapFree: 40861944 kB
INFO [2026-03-16 14:00:46] Memory: Total: 61649012 kB, Available: 54699756 kB, Active: 5990488 kB, SwapTotal: 40894456 kB, SwapFree: 40861944 kB
INFO [2026-03-16 14:00:46] Memory: Total: 61649012 kB, Available: 54699760 kB, Active: 5990608 kB, SwapTotal: 40894456 kB, SwapFree: 40861944 kB
INFO [2026-03-16 14:00:46] Memory: Total: 61649012 kB, Available: 54699760 kB, Active: 5990608 kB, SwapTotal: 40894456 kB, SwapFree: 40861944 kB
INFO [2026-03-16 14:00:46] Memory: Total: 61649012 kB, Available: 54699760 kB, Active: 5990608 kB, SwapTotal: 40894456 kB, SwapFree: 40861944 kB
INFO [2026-03-16 14:00:46] Memory: Total: 61649012 kB, Available: 54699760 kB, Active: 5990608 kB, SwapTotal: 40894456 kB, SwapFree: 40861944 kB
INFO [2026-03-16 14:00:46] Memory: Total: 61649012 kB, Available: 54699508 kB, Active: 5991180 kB, SwapTotal: 40894456 kB, SwapFree: 40861944 kB
INFO [2026-03-16 14:00:46] Memory: Total: 61649012 kB, Available: 54699004 kB, Active: 5990892 kB, SwapTotal: 40894456 kB, SwapFree: 40861944 kB
INFO [2026-03-16 14:00:46] Memory: Total: 61649012 kB, Available: 54699004 kB, Active: 5990892 kB, SwapTotal: 40894456 kB, SwapFree: 40861944 kB
INFO [2026-03-16 14:00:46] Memory: Total: 61649012 kB, Available: 54699004 kB, Active: 5990892 kB, SwapTotal: 40894456 kB, SwapFree: 40861944 kB
INFO [2026-03-16 14:00:47] Memory: Total: 61649012 kB, Available: 54699004 kB, Active: 5991016 kB, SwapTotal: 40894456 kB, SwapFree: 40861944 kB
INFO [2026-03-16 14:00:47] Memory: Total: 61649012 kB, Available: 54699004 kB, Active: 5991140 kB, SwapTotal: 40894456 kB, SwapFree: 40861944 kB
INFO [2026-03-16 14:00:47] Memory: Total: 61649012 kB, Available: 54699004 kB, Active: 5991140 kB, SwapTotal: 40894456 kB, SwapFree: 40861944 kB
INFO [2026-03-16 14:00:47] Memory: Total: 61649012 kB, Available: 54699004 kB, Active: 5991140 kB, SwapTotal: 40894456 kB, SwapFree: 40861944 kB
INFO [2026-03-16 14:00:47] Memory: Total: 61649012 kB, Available: 54698752 kB, Active: 5991264 kB, SwapTotal: 40894456 kB, SwapFree: 40861944 kB
INFO [2026-03-16 14:00:47] Memory: Total: 61649012 kB, Available: 54698752 kB, Active: 5991388 kB, SwapTotal: 40894456 kB, SwapFree: 40861944 kB
INFO [2026-03-16 14:00:47] Memory: Total: 61649012 kB, Available: 54698752 kB, Active: 5991388 kB, SwapTotal: 40894456 kB, SwapFree: 40861944 kB
INFO [2026-03-16 14:00:47] Memory: Total: 61649012 kB, Available: 54698752 kB, Active: 5991712 kB, SwapTotal: 40894456 kB, SwapFree: 40861944 kB
INFO [2026-03-16 14:00:48] Memory: Total: 61649012 kB, Available: 54698500 kB, Active: 5991580 kB, SwapTotal: 40894456 kB, SwapFree: 40861944 kB
INFO [2026-03-16 14:00:48] Memory: Total: 61649012 kB, Available: 54698500 kB, Active: 5991580 kB, SwapTotal: 40894456 kB, SwapFree: 40861944 kB
INFO [2026-03-16 14:00:48] Memory: Total: 61649012 kB, Available: 54698500 kB, Active: 5991704 kB, SwapTotal: 40894456 kB, SwapFree: 40861944 kB
INFO [2026-03-16 14:00:48] Memory: Total: 61649012 kB, Available: 54698500 kB, Active: 5991704 kB, SwapTotal: 40894456 kB, SwapFree: 40861944 kB
INFO [2026-03-16 14:00:48] Memory: Total: 61649012 kB, Available: 54698248 kB, Active: 5991828 kB, SwapTotal: 40894456 kB, SwapFree: 40861944 kB
INFO [2026-03-16 14:00:48] Memory: Total: 61649012 kB, Available: 54698248 kB, Active: 5991828 kB, SwapTotal: 40894456 kB, SwapFree: 40861944 kB
INFO [2026-03-16 14:00:48] Memory: Total: 61649012 kB, Available: 54698248 kB, Active: 5991952 kB, SwapTotal: 40894456 kB, SwapFree: 40861944 kB
INFO [2026-03-16 14:00:48] Memory: Total: 61649012 kB, Available: 54698248 kB, Active: 5991952 kB, SwapTotal: 40894456 kB, SwapFree: 40861944 kB
INFO [2026-03-16 14:00:48] Memory: Total: 61649012 kB, Available: 54697744 kB, Active: 5992076 kB, SwapTotal: 40894456 kB, SwapFree: 40861944 kB
INFO [2026-03-16 14:00:48] Memory: Total: 61649012 kB, Available: 54697744 kB, Active: 5992076 kB, SwapTotal: 40894456 kB, SwapFree: 40861944 kB
INFO [2026-03-16 14:00:48] Memory: Total: 61649012 kB, Available: 54697492 kB, Active: 5992488 kB, SwapTotal: 40894456 kB, SwapFree: 40861944 kB
INFO [2026-03-16 14:00:48] Memory: Total: 61649012 kB, Available: 54697168 kB, Active: 5992488 kB, SwapTotal: 40894456 kB, SwapFree: 40861944 kB
INFO [2026-03-16 14:00:49] Memory: Total: 61649012 kB, Available: 57761980 kB, Active: 2937972 kB, SwapTotal: 40894456 kB, SwapFree: 40861944 kB
INFO [2026-03-16 14:00:49] Recombining results ...
