INFO [2026-03-16 13:54:42] Memory: Total: 61649012 kB, Available: 58894988 kB, Active: 1772988 kB, SwapTotal: 40894456 kB, SwapFree: 40861944 kB
INFO [2026-03-16 13:54:42] Processing missing values ...
INFO [2026-03-16 13:54:43] Figuring out comparisons to do ...
INFO [2026-03-16 13:54:43] Splitting up across compute ...
INFO [2026-03-16 13:54:43] Running correlations ...
INFO [2026-03-16 13:54:43] Memory: Total: 61649012 kB, Available: 58524184 kB, Active: 2129804 kB, SwapTotal: 40894456 kB, SwapFree: 40861944 kB
INFO [2026-03-16 13:54:43] Memory: Total: 61649012 kB, Available: 58523196 kB, Active: 2132844 kB, SwapTotal: 40894456 kB, SwapFree: 40861944 kB
INFO [2026-03-16 13:54:44] Memory: Total: 61649012 kB, Available: 58522612 kB, Active: 2135460 kB, SwapTotal: 40894456 kB, SwapFree: 40861944 kB
INFO [2026-03-16 13:54:44] Memory: Total: 61649012 kB, Available: 58522612 kB, Active: 2135908 kB, SwapTotal: 40894456 kB, SwapFree: 40861944 kB
INFO [2026-03-16 13:54:44] Memory: Total: 61649012 kB, Available: 58522612 kB, Active: 2137148 kB, SwapTotal: 40894456 kB, SwapFree: 40861944 kB
INFO [2026-03-16 13:54:44] Memory: Total: 61649012 kB, Available: 58522612 kB, Active: 2137272 kB, SwapTotal: 40894456 kB, SwapFree: 40861944 kB
INFO [2026-03-16 13:54:45] Memory: Total: 61649012 kB, Available: 58502732 kB, Active: 2157440 kB, SwapTotal: 40894456 kB, SwapFree: 40861944 kB
INFO [2026-03-16 13:54:45] Memory: Total: 61649012 kB, Available: 58490412 kB, Active: 2163760 kB, SwapTotal: 40894456 kB, SwapFree: 40861944 kB
INFO [2026-03-16 13:54:45] Memory: Total: 61649012 kB, Available: 58490412 kB, Active: 2172252 kB, SwapTotal: 40894456 kB, SwapFree: 40861944 kB
INFO [2026-03-16 13:54:45] Memory: Total: 61649012 kB, Available: 58490412 kB, Active: 2172252 kB, SwapTotal: 40894456 kB, SwapFree: 40861944 kB
INFO [2026-03-16 13:54:45] Memory: Total: 61649012 kB, Available: 58490736 kB, Active: 2173548 kB, SwapTotal: 40894456 kB, SwapFree: 40861944 kB
INFO [2026-03-16 13:54:45] Memory: Total: 61649012 kB, Available: 58490780 kB, Active: 2173616 kB, SwapTotal: 40894456 kB, SwapFree: 40861944 kB
INFO [2026-03-16 13:54:46] Memory: Total: 61649012 kB, Available: 58490664 kB, Active: 2175200 kB, SwapTotal: 40894456 kB, SwapFree: 40861944 kB
INFO [2026-03-16 13:54:46] Memory: Total: 61649012 kB, Available: 58491168 kB, Active: 2175040 kB, SwapTotal: 40894456 kB, SwapFree: 40861944 kB
INFO [2026-03-16 13:54:46] Memory: Total: 61649012 kB, Available: 58491168 kB, Active: 2175912 kB, SwapTotal: 40894456 kB, SwapFree: 40861944 kB
INFO [2026-03-16 13:54:46] Memory: Total: 61649012 kB, Available: 58491168 kB, Active: 2176236 kB, SwapTotal: 40894456 kB, SwapFree: 40861944 kB
INFO [2026-03-16 13:54:46] Memory: Total: 61649012 kB, Available: 58490916 kB, Active: 2176980 kB, SwapTotal: 40894456 kB, SwapFree: 40861944 kB
INFO [2026-03-16 13:54:46] Memory: Total: 61649012 kB, Available: 58490916 kB, Active: 2177268 kB, SwapTotal: 40894456 kB, SwapFree: 40861944 kB
INFO [2026-03-16 13:54:47] Memory: Total: 61649012 kB, Available: 58490924 kB, Active: 2177852 kB, SwapTotal: 40894456 kB, SwapFree: 40861944 kB
INFO [2026-03-16 13:54:47] Memory: Total: 61649012 kB, Available: 58490924 kB, Active: 2177852 kB, SwapTotal: 40894456 kB, SwapFree: 40861944 kB
INFO [2026-03-16 13:54:47] Memory: Total: 61649012 kB, Available: 58490924 kB, Active: 2178844 kB, SwapTotal: 40894456 kB, SwapFree: 40861944 kB
INFO [2026-03-16 13:54:47] Memory: Total: 61649012 kB, Available: 58490924 kB, Active: 2178844 kB, SwapTotal: 40894456 kB, SwapFree: 40861944 kB
INFO [2026-03-16 13:54:48] Memory: Total: 61649012 kB, Available: 58490924 kB, Active: 2180316 kB, SwapTotal: 40894456 kB, SwapFree: 40861944 kB
INFO [2026-03-16 13:54:48] Memory: Total: 61649012 kB, Available: 58490924 kB, Active: 2180000 kB, SwapTotal: 40894456 kB, SwapFree: 40861944 kB
INFO [2026-03-16 13:54:48] Memory: Total: 61649012 kB, Available: 58490924 kB, Active: 2180944 kB, SwapTotal: 40894456 kB, SwapFree: 40861944 kB
INFO [2026-03-16 13:54:48] Memory: Total: 61649012 kB, Available: 58490924 kB, Active: 2180944 kB, SwapTotal: 40894456 kB, SwapFree: 40861944 kB
INFO [2026-03-16 13:54:49] Memory: Total: 61649012 kB, Available: 56939588 kB, Active: 3723156 kB, SwapTotal: 40894456 kB, SwapFree: 40861944 kB
INFO [2026-03-16 13:54:49] Memory: Total: 61649012 kB, Available: 56939588 kB, Active: 3723156 kB, SwapTotal: 40894456 kB, SwapFree: 40861944 kB
INFO [2026-03-16 13:54:50] Memory: Total: 61649012 kB, Available: 56836964 kB, Active: 3829976 kB, SwapTotal: 40894456 kB, SwapFree: 40861944 kB
INFO [2026-03-16 13:54:50] Memory: Total: 61649012 kB, Available: 56836964 kB, Active: 3829976 kB, SwapTotal: 40894456 kB, SwapFree: 40861944 kB
INFO [2026-03-16 13:54:50] Memory: Total: 61649012 kB, Available: 56836964 kB, Active: 3829976 kB, SwapTotal: 40894456 kB, SwapFree: 40861944 kB
INFO [2026-03-16 13:54:50] Memory: Total: 61649012 kB, Available: 56836964 kB, Active: 3829976 kB, SwapTotal: 40894456 kB, SwapFree: 40861944 kB
INFO [2026-03-16 13:54:50] Memory: Total: 61649012 kB, Available: 56836548 kB, Active: 3830420 kB, SwapTotal: 40894456 kB, SwapFree: 40861944 kB
INFO [2026-03-16 13:54:50] Memory: Total: 61649012 kB, Available: 56836800 kB, Active: 3830232 kB, SwapTotal: 40894456 kB, SwapFree: 40861944 kB
INFO [2026-03-16 13:54:51] Memory: Total: 61649012 kB, Available: 56836800 kB, Active: 3830132 kB, SwapTotal: 40894456 kB, SwapFree: 40861944 kB
INFO [2026-03-16 13:54:51] Memory: Total: 61649012 kB, Available: 56836800 kB, Active: 3830132 kB, SwapTotal: 40894456 kB, SwapFree: 40861944 kB
INFO [2026-03-16 13:54:51] Memory: Total: 61649012 kB, Available: 56836548 kB, Active: 3830256 kB, SwapTotal: 40894456 kB, SwapFree: 40861944 kB
INFO [2026-03-16 13:54:51] Memory: Total: 61649012 kB, Available: 56836548 kB, Active: 3830256 kB, SwapTotal: 40894456 kB, SwapFree: 40861944 kB
INFO [2026-03-16 13:54:52] Memory: Total: 61649012 kB, Available: 56836296 kB, Active: 3830580 kB, SwapTotal: 40894456 kB, SwapFree: 40861944 kB
INFO [2026-03-16 13:54:52] Memory: Total: 61649012 kB, Available: 56836296 kB, Active: 3830296 kB, SwapTotal: 40894456 kB, SwapFree: 40861944 kB
INFO [2026-03-16 13:54:52] Memory: Total: 61649012 kB, Available: 56836296 kB, Active: 3830296 kB, SwapTotal: 40894456 kB, SwapFree: 40861944 kB
INFO [2026-03-16 13:54:52] Memory: Total: 61649012 kB, Available: 56836296 kB, Active: 3830296 kB, SwapTotal: 40894456 kB, SwapFree: 40861944 kB
INFO [2026-03-16 13:54:52] Memory: Total: 61649012 kB, Available: 56836296 kB, Active: 3830296 kB, SwapTotal: 40894456 kB, SwapFree: 40861944 kB
INFO [2026-03-16 13:54:52] Memory: Total: 61649012 kB, Available: 56836296 kB, Active: 3830296 kB, SwapTotal: 40894456 kB, SwapFree: 40861944 kB
INFO [2026-03-16 13:54:53] Memory: Total: 61649012 kB, Available: 56836296 kB, Active: 3830376 kB, SwapTotal: 40894456 kB, SwapFree: 40861944 kB
INFO [2026-03-16 13:54:53] Memory: Total: 61649012 kB, Available: 56836296 kB, Active: 3830664 kB, SwapTotal: 40894456 kB, SwapFree: 40861944 kB
INFO [2026-03-16 13:54:53] Memory: Total: 61649012 kB, Available: 56836296 kB, Active: 3830376 kB, SwapTotal: 40894456 kB, SwapFree: 40861944 kB
INFO [2026-03-16 13:54:53] Memory: Total: 61649012 kB, Available: 56836296 kB, Active: 3830376 kB, SwapTotal: 40894456 kB, SwapFree: 40861944 kB
INFO [2026-03-16 13:54:53] Memory: Total: 61649012 kB, Available: 56836296 kB, Active: 3830376 kB, SwapTotal: 40894456 kB, SwapFree: 40861944 kB
INFO [2026-03-16 13:54:53] Memory: Total: 61649012 kB, Available: 56836296 kB, Active: 3830452 kB, SwapTotal: 40894456 kB, SwapFree: 40861944 kB
INFO [2026-03-16 13:54:54] Memory: Total: 61649012 kB, Available: 56836296 kB, Active: 3830452 kB, SwapTotal: 40894456 kB, SwapFree: 40861944 kB
INFO [2026-03-16 13:54:54] Memory: Total: 61649012 kB, Available: 56836296 kB, Active: 3830452 kB, SwapTotal: 40894456 kB, SwapFree: 40861944 kB
INFO [2026-03-16 13:54:54] Memory: Total: 61649012 kB, Available: 56836296 kB, Active: 3830452 kB, SwapTotal: 40894456 kB, SwapFree: 40861944 kB
INFO [2026-03-16 13:54:54] Memory: Total: 61649012 kB, Available: 56836296 kB, Active: 3830452 kB, SwapTotal: 40894456 kB, SwapFree: 40861944 kB
INFO [2026-03-16 13:54:54] Memory: Total: 61649012 kB, Available: 56836300 kB, Active: 3830728 kB, SwapTotal: 40894456 kB, SwapFree: 40861944 kB
INFO [2026-03-16 13:54:54] Memory: Total: 61649012 kB, Available: 56836300 kB, Active: 3830568 kB, SwapTotal: 40894456 kB, SwapFree: 40861944 kB
INFO [2026-03-16 13:54:55] Memory: Total: 61649012 kB, Available: 56836300 kB, Active: 3830568 kB, SwapTotal: 40894456 kB, SwapFree: 40861944 kB
INFO [2026-03-16 13:54:55] Memory: Total: 61649012 kB, Available: 56836300 kB, Active: 3830892 kB, SwapTotal: 40894456 kB, SwapFree: 40861944 kB
INFO [2026-03-16 13:54:55] Memory: Total: 61649012 kB, Available: 56836300 kB, Active: 3830576 kB, SwapTotal: 40894456 kB, SwapFree: 40861944 kB
INFO [2026-03-16 13:54:55] Memory: Total: 61649012 kB, Available: 56836300 kB, Active: 3830576 kB, SwapTotal: 40894456 kB, SwapFree: 40861944 kB
INFO [2026-03-16 13:54:56] Memory: Total: 61649012 kB, Available: 56836300 kB, Active: 3830944 kB, SwapTotal: 40894456 kB, SwapFree: 40861944 kB
INFO [2026-03-16 13:54:56] Memory: Total: 61649012 kB, Available: 56836300 kB, Active: 3830944 kB, SwapTotal: 40894456 kB, SwapFree: 40861944 kB
INFO [2026-03-16 13:54:56] Memory: Total: 61649012 kB, Available: 56836300 kB, Active: 3830656 kB, SwapTotal: 40894456 kB, SwapFree: 40861944 kB
INFO [2026-03-16 13:54:56] Memory: Total: 61649012 kB, Available: 56836048 kB, Active: 3830656 kB, SwapTotal: 40894456 kB, SwapFree: 40861944 kB
INFO [2026-03-16 13:54:56] Memory: Total: 61649012 kB, Available: 56836048 kB, Active: 3830656 kB, SwapTotal: 40894456 kB, SwapFree: 40861944 kB
INFO [2026-03-16 13:54:56] Memory: Total: 61649012 kB, Available: 56836048 kB, Active: 3830656 kB, SwapTotal: 40894456 kB, SwapFree: 40861944 kB
INFO [2026-03-16 13:54:57] Memory: Total: 61649012 kB, Available: 56836072 kB, Active: 3830692 kB, SwapTotal: 40894456 kB, SwapFree: 40861944 kB
INFO [2026-03-16 13:54:57] Memory: Total: 61649012 kB, Available: 56836072 kB, Active: 3830692 kB, SwapTotal: 40894456 kB, SwapFree: 40861944 kB
INFO [2026-03-16 13:54:57] Memory: Total: 61649012 kB, Available: 56836072 kB, Active: 3830692 kB, SwapTotal: 40894456 kB, SwapFree: 40861944 kB
INFO [2026-03-16 13:54:57] Memory: Total: 61649012 kB, Available: 56836072 kB, Active: 3830692 kB, SwapTotal: 40894456 kB, SwapFree: 40861944 kB
INFO [2026-03-16 13:54:57] Memory: Total: 61649012 kB, Available: 56836072 kB, Active: 3830692 kB, SwapTotal: 40894456 kB, SwapFree: 40861944 kB
INFO [2026-03-16 13:54:57] Memory: Total: 61649012 kB, Available: 56836072 kB, Active: 3830976 kB, SwapTotal: 40894456 kB, SwapFree: 40861944 kB
INFO [2026-03-16 13:54:58] Memory: Total: 61649012 kB, Available: 56836072 kB, Active: 3830700 kB, SwapTotal: 40894456 kB, SwapFree: 40861944 kB
INFO [2026-03-16 13:54:58] Memory: Total: 61649012 kB, Available: 56836072 kB, Active: 3830700 kB, SwapTotal: 40894456 kB, SwapFree: 40861944 kB
INFO [2026-03-16 13:54:58] Memory: Total: 61649012 kB, Available: 56836072 kB, Active: 3830700 kB, SwapTotal: 40894456 kB, SwapFree: 40861944 kB
INFO [2026-03-16 13:54:58] Memory: Total: 61649012 kB, Available: 56836072 kB, Active: 3830700 kB, SwapTotal: 40894456 kB, SwapFree: 40861944 kB
INFO [2026-03-16 13:54:58] Memory: Total: 61649012 kB, Available: 56835820 kB, Active: 3830704 kB, SwapTotal: 40894456 kB, SwapFree: 40861944 kB
INFO [2026-03-16 13:54:59] Memory: Total: 61649012 kB, Available: 56835820 kB, Active: 3830756 kB, SwapTotal: 40894456 kB, SwapFree: 40861944 kB
INFO [2026-03-16 13:54:59] Memory: Total: 61649012 kB, Available: 56835820 kB, Active: 3830700 kB, SwapTotal: 40894456 kB, SwapFree: 40861944 kB
INFO [2026-03-16 13:54:59] Memory: Total: 61649012 kB, Available: 56835568 kB, Active: 3830700 kB, SwapTotal: 40894456 kB, SwapFree: 40861944 kB
INFO [2026-03-16 13:54:59] Memory: Total: 61649012 kB, Available: 56835568 kB, Active: 3830700 kB, SwapTotal: 40894456 kB, SwapFree: 40861944 kB
INFO [2026-03-16 13:54:59] Memory: Total: 61649012 kB, Available: 56835568 kB, Active: 3830700 kB, SwapTotal: 40894456 kB, SwapFree: 40861944 kB
INFO [2026-03-16 13:55:00] Memory: Total: 61649012 kB, Available: 56835568 kB, Active: 3830700 kB, SwapTotal: 40894456 kB, SwapFree: 40861944 kB
INFO [2026-03-16 13:55:00] Memory: Total: 61649012 kB, Available: 56835568 kB, Active: 3830700 kB, SwapTotal: 40894456 kB, SwapFree: 40861944 kB
INFO [2026-03-16 13:55:00] Memory: Total: 61649012 kB, Available: 56835568 kB, Active: 3830700 kB, SwapTotal: 40894456 kB, SwapFree: 40861944 kB
INFO [2026-03-16 13:55:00] Memory: Total: 61649012 kB, Available: 56835568 kB, Active: 3830700 kB, SwapTotal: 40894456 kB, SwapFree: 40861944 kB
INFO [2026-03-16 13:55:00] Memory: Total: 61649012 kB, Available: 56835568 kB, Active: 3830700 kB, SwapTotal: 40894456 kB, SwapFree: 40861944 kB
INFO [2026-03-16 13:55:00] Memory: Total: 61649012 kB, Available: 56835568 kB, Active: 3830984 kB, SwapTotal: 40894456 kB, SwapFree: 40861944 kB
INFO [2026-03-16 13:55:01] Memory: Total: 61649012 kB, Available: 56835572 kB, Active: 3830904 kB, SwapTotal: 40894456 kB, SwapFree: 40861944 kB
INFO [2026-03-16 13:55:01] Memory: Total: 61649012 kB, Available: 56835572 kB, Active: 3830892 kB, SwapTotal: 40894456 kB, SwapFree: 40861944 kB
INFO [2026-03-16 13:55:01] Memory: Total: 61649012 kB, Available: 56835572 kB, Active: 3830740 kB, SwapTotal: 40894456 kB, SwapFree: 40861944 kB
INFO [2026-03-16 13:55:01] Memory: Total: 61649012 kB, Available: 56835572 kB, Active: 3830740 kB, SwapTotal: 40894456 kB, SwapFree: 40861944 kB
INFO [2026-03-16 13:55:01] Memory: Total: 61649012 kB, Available: 56835572 kB, Active: 3830744 kB, SwapTotal: 40894456 kB, SwapFree: 40861944 kB
INFO [2026-03-16 13:55:01] Memory: Total: 61649012 kB, Available: 56835572 kB, Active: 3831032 kB, SwapTotal: 40894456 kB, SwapFree: 40861944 kB
INFO [2026-03-16 13:55:02] Memory: Total: 61649012 kB, Available: 56835332 kB, Active: 3830752 kB, SwapTotal: 40894456 kB, SwapFree: 40861944 kB
INFO [2026-03-16 13:55:02] Memory: Total: 61649012 kB, Available: 56835332 kB, Active: 3830752 kB, SwapTotal: 40894456 kB, SwapFree: 40861944 kB
INFO [2026-03-16 13:55:02] Memory: Total: 61649012 kB, Available: 56835332 kB, Active: 3830752 kB, SwapTotal: 40894456 kB, SwapFree: 40861944 kB
INFO [2026-03-16 13:55:02] Memory: Total: 61649012 kB, Available: 56835332 kB, Active: 3830752 kB, SwapTotal: 40894456 kB, SwapFree: 40861944 kB
INFO [2026-03-16 13:55:03] Memory: Total: 61649012 kB, Available: 56835332 kB, Active: 3830888 kB, SwapTotal: 40894456 kB, SwapFree: 40861944 kB
INFO [2026-03-16 13:55:03] Memory: Total: 61649012 kB, Available: 56835332 kB, Active: 3830828 kB, SwapTotal: 40894456 kB, SwapFree: 40861944 kB
INFO [2026-03-16 13:55:03] Memory: Total: 61649012 kB, Available: 56835332 kB, Active: 3830828 kB, SwapTotal: 40894456 kB, SwapFree: 40861944 kB
INFO [2026-03-16 13:55:03] Memory: Total: 61649012 kB, Available: 56835332 kB, Active: 3830828 kB, SwapTotal: 40894456 kB, SwapFree: 40861944 kB
INFO [2026-03-16 13:55:03] Memory: Total: 61649012 kB, Available: 56835332 kB, Active: 3830828 kB, SwapTotal: 40894456 kB, SwapFree: 40861944 kB
INFO [2026-03-16 13:55:03] Memory: Total: 61649012 kB, Available: 56835332 kB, Active: 3830828 kB, SwapTotal: 40894456 kB, SwapFree: 40861944 kB
INFO [2026-03-16 13:55:04] Memory: Total: 61649012 kB, Available: 56835332 kB, Active: 3830828 kB, SwapTotal: 40894456 kB, SwapFree: 40861944 kB
INFO [2026-03-16 13:55:04] Memory: Total: 61649012 kB, Available: 56835332 kB, Active: 3831116 kB, SwapTotal: 40894456 kB, SwapFree: 40861944 kB
INFO [2026-03-16 13:55:04] Memory: Total: 61649012 kB, Available: 56835332 kB, Active: 3830828 kB, SwapTotal: 40894456 kB, SwapFree: 40861944 kB
INFO [2026-03-16 13:55:04] Memory: Total: 61649012 kB, Available: 56835080 kB, Active: 3831152 kB, SwapTotal: 40894456 kB, SwapFree: 40861944 kB
INFO [2026-03-16 13:55:04] Memory: Total: 61649012 kB, Available: 56835080 kB, Active: 3830836 kB, SwapTotal: 40894456 kB, SwapFree: 40861944 kB
INFO [2026-03-16 13:55:04] Memory: Total: 61649012 kB, Available: 56835080 kB, Active: 3830836 kB, SwapTotal: 40894456 kB, SwapFree: 40861944 kB
INFO [2026-03-16 13:55:05] Memory: Total: 61649012 kB, Available: 56835080 kB, Active: 3830836 kB, SwapTotal: 40894456 kB, SwapFree: 40861944 kB
INFO [2026-03-16 13:55:05] Memory: Total: 61649012 kB, Available: 56835080 kB, Active: 3830836 kB, SwapTotal: 40894456 kB, SwapFree: 40861944 kB
INFO [2026-03-16 13:55:05] Memory: Total: 61649012 kB, Available: 56835080 kB, Active: 3830836 kB, SwapTotal: 40894456 kB, SwapFree: 40861944 kB
INFO [2026-03-16 13:55:05] Memory: Total: 61649012 kB, Available: 56835080 kB, Active: 3830836 kB, SwapTotal: 40894456 kB, SwapFree: 40861944 kB
INFO [2026-03-16 13:55:05] Memory: Total: 61649012 kB, Available: 56834832 kB, Active: 3831120 kB, SwapTotal: 40894456 kB, SwapFree: 40861944 kB
INFO [2026-03-16 13:55:06] Memory: Total: 61649012 kB, Available: 56834832 kB, Active: 3830960 kB, SwapTotal: 40894456 kB, SwapFree: 40861944 kB
INFO [2026-03-16 13:55:06] Memory: Total: 61649012 kB, Available: 56834832 kB, Active: 3830960 kB, SwapTotal: 40894456 kB, SwapFree: 40861944 kB
INFO [2026-03-16 13:55:06] Memory: Total: 61649012 kB, Available: 56834832 kB, Active: 3830960 kB, SwapTotal: 40894456 kB, SwapFree: 40861944 kB
INFO [2026-03-16 13:55:06] Memory: Total: 61649012 kB, Available: 56834832 kB, Active: 3830960 kB, SwapTotal: 40894456 kB, SwapFree: 40861944 kB
INFO [2026-03-16 13:55:06] Memory: Total: 61649012 kB, Available: 56834832 kB, Active: 3830960 kB, SwapTotal: 40894456 kB, SwapFree: 40861944 kB
INFO [2026-03-16 13:55:07] Memory: Total: 61649012 kB, Available: 56836828 kB, Active: 3831000 kB, SwapTotal: 40894456 kB, SwapFree: 40861944 kB
INFO [2026-03-16 13:55:07] Memory: Total: 61649012 kB, Available: 56836828 kB, Active: 3831000 kB, SwapTotal: 40894456 kB, SwapFree: 40861944 kB
INFO [2026-03-16 13:55:07] Memory: Total: 61649012 kB, Available: 56837080 kB, Active: 3831000 kB, SwapTotal: 40894456 kB, SwapFree: 40861944 kB
INFO [2026-03-16 13:55:07] Memory: Total: 61649012 kB, Available: 56837080 kB, Active: 3831000 kB, SwapTotal: 40894456 kB, SwapFree: 40861944 kB
INFO [2026-03-16 13:55:07] Memory: Total: 61649012 kB, Available: 56837080 kB, Active: 3831000 kB, SwapTotal: 40894456 kB, SwapFree: 40861944 kB
INFO [2026-03-16 13:55:07] Memory: Total: 61649012 kB, Available: 56837080 kB, Active: 3831000 kB, SwapTotal: 40894456 kB, SwapFree: 40861944 kB
INFO [2026-03-16 13:55:08] Memory: Total: 61649012 kB, Available: 56838600 kB, Active: 3831000 kB, SwapTotal: 40894456 kB, SwapFree: 40861944 kB
INFO [2026-03-16 13:55:08] Memory: Total: 61649012 kB, Available: 56838600 kB, Active: 3831000 kB, SwapTotal: 40894456 kB, SwapFree: 40861944 kB
INFO [2026-03-16 13:55:08] Memory: Total: 61649012 kB, Available: 56838600 kB, Active: 3831000 kB, SwapTotal: 40894456 kB, SwapFree: 40861944 kB
INFO [2026-03-16 13:55:08] Memory: Total: 61649012 kB, Available: 56838600 kB, Active: 3831000 kB, SwapTotal: 40894456 kB, SwapFree: 40861944 kB
INFO [2026-03-16 13:55:08] Memory: Total: 61649012 kB, Available: 56838348 kB, Active: 3831000 kB, SwapTotal: 40894456 kB, SwapFree: 40861944 kB
INFO [2026-03-16 13:55:08] Memory: Total: 61649012 kB, Available: 56840212 kB, Active: 3831288 kB, SwapTotal: 40894456 kB, SwapFree: 40861944 kB
INFO [2026-03-16 13:55:09] Memory: Total: 61649012 kB, Available: 56840452 kB, Active: 3831164 kB, SwapTotal: 40894456 kB, SwapFree: 40861944 kB
INFO [2026-03-16 13:55:09] Memory: Total: 61649012 kB, Available: 56840452 kB, Active: 3831000 kB, SwapTotal: 40894456 kB, SwapFree: 40861944 kB
INFO [2026-03-16 13:55:09] Memory: Total: 61649012 kB, Available: 56840452 kB, Active: 3831000 kB, SwapTotal: 40894456 kB, SwapFree: 40861944 kB
INFO [2026-03-16 13:55:09] Memory: Total: 61649012 kB, Available: 56840452 kB, Active: 3831000 kB, SwapTotal: 40894456 kB, SwapFree: 40861944 kB
INFO [2026-03-16 13:55:09] Memory: Total: 61649012 kB, Available: 56840824 kB, Active: 3831284 kB, SwapTotal: 40894456 kB, SwapFree: 40861944 kB
INFO [2026-03-16 13:55:10] Memory: Total: 61649012 kB, Available: 56841096 kB, Active: 3831000 kB, SwapTotal: 40894456 kB, SwapFree: 40861944 kB
INFO [2026-03-16 13:55:10] Memory: Total: 61649012 kB, Available: 56840856 kB, Active: 3831000 kB, SwapTotal: 40894456 kB, SwapFree: 40861944 kB
INFO [2026-03-16 13:55:10] Memory: Total: 61649012 kB, Available: 56840856 kB, Active: 3831000 kB, SwapTotal: 40894456 kB, SwapFree: 40861944 kB
INFO [2026-03-16 13:55:10] Memory: Total: 61649012 kB, Available: 56840856 kB, Active: 3831000 kB, SwapTotal: 40894456 kB, SwapFree: 40861944 kB
INFO [2026-03-16 13:55:10] Memory: Total: 61649012 kB, Available: 56840856 kB, Active: 3831008 kB, SwapTotal: 40894456 kB, SwapFree: 40861944 kB
INFO [2026-03-16 13:55:11] Memory: Total: 61649012 kB, Available: 56841112 kB, Active: 3831008 kB, SwapTotal: 40894456 kB, SwapFree: 40861944 kB
INFO [2026-03-16 13:55:11] Memory: Total: 61649012 kB, Available: 56841112 kB, Active: 3831008 kB, SwapTotal: 40894456 kB, SwapFree: 40861944 kB
INFO [2026-03-16 13:55:11] Memory: Total: 61649012 kB, Available: 56841116 kB, Active: 3830188 kB, SwapTotal: 40894456 kB, SwapFree: 40861944 kB
INFO [2026-03-16 13:55:11] Memory: Total: 61649012 kB, Available: 56841116 kB, Active: 3830188 kB, SwapTotal: 40894456 kB, SwapFree: 40861944 kB
INFO [2026-03-16 13:55:11] Memory: Total: 61649012 kB, Available: 56841116 kB, Active: 3830188 kB, SwapTotal: 40894456 kB, SwapFree: 40861944 kB
INFO [2026-03-16 13:55:11] Memory: Total: 61649012 kB, Available: 56841116 kB, Active: 3830188 kB, SwapTotal: 40894456 kB, SwapFree: 40861944 kB
INFO [2026-03-16 13:55:12] Memory: Total: 61649012 kB, Available: 56841116 kB, Active: 3830188 kB, SwapTotal: 40894456 kB, SwapFree: 40861944 kB
INFO [2026-03-16 13:55:12] Memory: Total: 61649012 kB, Available: 56841116 kB, Active: 3830196 kB, SwapTotal: 40894456 kB, SwapFree: 40861944 kB
INFO [2026-03-16 13:55:12] Memory: Total: 61649012 kB, Available: 56841116 kB, Active: 3830360 kB, SwapTotal: 40894456 kB, SwapFree: 40861944 kB
INFO [2026-03-16 13:55:12] Memory: Total: 61649012 kB, Available: 56841116 kB, Active: 3830196 kB, SwapTotal: 40894456 kB, SwapFree: 40861944 kB
INFO [2026-03-16 13:55:12] Memory: Total: 61649012 kB, Available: 56841116 kB, Active: 3830196 kB, SwapTotal: 40894456 kB, SwapFree: 40861944 kB
INFO [2026-03-16 13:55:12] Memory: Total: 61649012 kB, Available: 56841116 kB, Active: 3830196 kB, SwapTotal: 40894456 kB, SwapFree: 40861944 kB
INFO [2026-03-16 13:55:13] Memory: Total: 61649012 kB, Available: 56841116 kB, Active: 3830196 kB, SwapTotal: 40894456 kB, SwapFree: 40861944 kB
INFO [2026-03-16 13:55:13] Memory: Total: 61649012 kB, Available: 56841116 kB, Active: 3830196 kB, SwapTotal: 40894456 kB, SwapFree: 40861944 kB
INFO [2026-03-16 13:55:13] Memory: Total: 61649012 kB, Available: 56841116 kB, Active: 3830196 kB, SwapTotal: 40894456 kB, SwapFree: 40861944 kB
INFO [2026-03-16 13:55:13] Memory: Total: 61649012 kB, Available: 56841116 kB, Active: 3830480 kB, SwapTotal: 40894456 kB, SwapFree: 40861944 kB
INFO [2026-03-16 13:55:14] Memory: Total: 61649012 kB, Available: 56841424 kB, Active: 3830360 kB, SwapTotal: 40894456 kB, SwapFree: 40861944 kB
INFO [2026-03-16 13:55:14] Memory: Total: 61649012 kB, Available: 56841424 kB, Active: 3830196 kB, SwapTotal: 40894456 kB, SwapFree: 40861944 kB
INFO [2026-03-16 13:55:14] Memory: Total: 61649012 kB, Available: 56841424 kB, Active: 3830196 kB, SwapTotal: 40894456 kB, SwapFree: 40861944 kB
INFO [2026-03-16 13:55:14] Memory: Total: 61649012 kB, Available: 56841424 kB, Active: 3830196 kB, SwapTotal: 40894456 kB, SwapFree: 40861944 kB
INFO [2026-03-16 13:55:14] Memory: Total: 61649012 kB, Available: 56841424 kB, Active: 3830196 kB, SwapTotal: 40894456 kB, SwapFree: 40861944 kB
INFO [2026-03-16 13:55:14] Memory: Total: 61649012 kB, Available: 56841424 kB, Active: 3830196 kB, SwapTotal: 40894456 kB, SwapFree: 40861944 kB
INFO [2026-03-16 13:55:15] Memory: Total: 61649012 kB, Available: 56841424 kB, Active: 3830560 kB, SwapTotal: 40894456 kB, SwapFree: 40861944 kB
INFO [2026-03-16 13:55:15] Memory: Total: 61649012 kB, Available: 56841424 kB, Active: 3830400 kB, SwapTotal: 40894456 kB, SwapFree: 40861944 kB
INFO [2026-03-16 13:55:15] Memory: Total: 61649012 kB, Available: 56841424 kB, Active: 3830400 kB, SwapTotal: 40894456 kB, SwapFree: 40861944 kB
INFO [2026-03-16 13:55:15] Memory: Total: 61649012 kB, Available: 56841424 kB, Active: 3830400 kB, SwapTotal: 40894456 kB, SwapFree: 40861944 kB
INFO [2026-03-16 13:55:15] Memory: Total: 61649012 kB, Available: 56841424 kB, Active: 3830400 kB, SwapTotal: 40894456 kB, SwapFree: 40861944 kB
INFO [2026-03-16 13:55:15] Memory: Total: 61649012 kB, Available: 56841176 kB, Active: 3830600 kB, SwapTotal: 40894456 kB, SwapFree: 40861944 kB
INFO [2026-03-16 13:55:16] Memory: Total: 61649012 kB, Available: 56841176 kB, Active: 3830600 kB, SwapTotal: 40894456 kB, SwapFree: 40861944 kB
INFO [2026-03-16 13:55:16] Memory: Total: 61649012 kB, Available: 56841176 kB, Active: 3830600 kB, SwapTotal: 40894456 kB, SwapFree: 40861944 kB
INFO [2026-03-16 13:55:16] Memory: Total: 61649012 kB, Available: 56841176 kB, Active: 3830600 kB, SwapTotal: 40894456 kB, SwapFree: 40861944 kB
INFO [2026-03-16 13:55:16] Memory: Total: 61649012 kB, Available: 56841176 kB, Active: 3830600 kB, SwapTotal: 40894456 kB, SwapFree: 40861944 kB
INFO [2026-03-16 13:55:16] Memory: Total: 61649012 kB, Available: 56841432 kB, Active: 3830884 kB, SwapTotal: 40894456 kB, SwapFree: 40861944 kB
INFO [2026-03-16 13:55:17] Memory: Total: 61649012 kB, Available: 56841432 kB, Active: 3830724 kB, SwapTotal: 40894456 kB, SwapFree: 40861944 kB
INFO [2026-03-16 13:55:17] Memory: Total: 61649012 kB, Available: 56841432 kB, Active: 3830724 kB, SwapTotal: 40894456 kB, SwapFree: 40861944 kB
INFO [2026-03-16 13:55:17] Memory: Total: 61649012 kB, Available: 56841432 kB, Active: 3830884 kB, SwapTotal: 40894456 kB, SwapFree: 40861944 kB
INFO [2026-03-16 13:55:17] Memory: Total: 61649012 kB, Available: 56841432 kB, Active: 3830724 kB, SwapTotal: 40894456 kB, SwapFree: 40861944 kB
INFO [2026-03-16 13:55:17] Memory: Total: 61649012 kB, Available: 56841432 kB, Active: 3830724 kB, SwapTotal: 40894456 kB, SwapFree: 40861944 kB
INFO [2026-03-16 13:55:18] Memory: Total: 61649012 kB, Available: 56841432 kB, Active: 3831012 kB, SwapTotal: 40894456 kB, SwapFree: 40861944 kB
INFO [2026-03-16 13:55:18] Memory: Total: 61649012 kB, Available: 56841432 kB, Active: 3830848 kB, SwapTotal: 40894456 kB, SwapFree: 40861944 kB
INFO [2026-03-16 13:55:18] Memory: Total: 61649012 kB, Available: 56841432 kB, Active: 3830848 kB, SwapTotal: 40894456 kB, SwapFree: 40861944 kB
INFO [2026-03-16 13:55:18] Memory: Total: 61649012 kB, Available: 56841432 kB, Active: 3830848 kB, SwapTotal: 40894456 kB, SwapFree: 40861944 kB
INFO [2026-03-16 13:55:18] Memory: Total: 61649012 kB, Available: 56841432 kB, Active: 3830848 kB, SwapTotal: 40894456 kB, SwapFree: 40861944 kB
INFO [2026-03-16 13:55:18] Memory: Total: 61649012 kB, Available: 56841432 kB, Active: 3830972 kB, SwapTotal: 40894456 kB, SwapFree: 40861944 kB
INFO [2026-03-16 13:55:19] Memory: Total: 61649012 kB, Available: 56841180 kB, Active: 3830972 kB, SwapTotal: 40894456 kB, SwapFree: 40861944 kB
INFO [2026-03-16 13:55:19] Memory: Total: 61649012 kB, Available: 56841180 kB, Active: 3830972 kB, SwapTotal: 40894456 kB, SwapFree: 40861944 kB
INFO [2026-03-16 13:55:19] Memory: Total: 61649012 kB, Available: 56841180 kB, Active: 3830972 kB, SwapTotal: 40894456 kB, SwapFree: 40861944 kB
INFO [2026-03-16 13:55:19] Memory: Total: 61649012 kB, Available: 56841180 kB, Active: 3830972 kB, SwapTotal: 40894456 kB, SwapFree: 40861944 kB
INFO [2026-03-16 13:55:19] Memory: Total: 61649012 kB, Available: 56841180 kB, Active: 3831384 kB, SwapTotal: 40894456 kB, SwapFree: 40861944 kB
INFO [2026-03-16 13:55:19] Memory: Total: 61649012 kB, Available: 56841432 kB, Active: 3831268 kB, SwapTotal: 40894456 kB, SwapFree: 40861944 kB
INFO [2026-03-16 13:55:20] Memory: Total: 61649012 kB, Available: 56841432 kB, Active: 3831104 kB, SwapTotal: 40894456 kB, SwapFree: 40861944 kB
INFO [2026-03-16 13:55:20] Memory: Total: 61649012 kB, Available: 56841432 kB, Active: 3831104 kB, SwapTotal: 40894456 kB, SwapFree: 40861944 kB
INFO [2026-03-16 13:55:20] Memory: Total: 61649012 kB, Available: 56841432 kB, Active: 3831104 kB, SwapTotal: 40894456 kB, SwapFree: 40861944 kB
INFO [2026-03-16 13:55:20] Memory: Total: 61649012 kB, Available: 56841432 kB, Active: 3831228 kB, SwapTotal: 40894456 kB, SwapFree: 40861944 kB
INFO [2026-03-16 13:55:20] Memory: Total: 61649012 kB, Available: 56841436 kB, Active: 3831392 kB, SwapTotal: 40894456 kB, SwapFree: 40861944 kB
INFO [2026-03-16 13:55:21] Memory: Total: 61649012 kB, Available: 56841436 kB, Active: 3831228 kB, SwapTotal: 40894456 kB, SwapFree: 40861944 kB
INFO [2026-03-16 13:55:21] Memory: Total: 61649012 kB, Available: 56841436 kB, Active: 3831228 kB, SwapTotal: 40894456 kB, SwapFree: 40861944 kB
INFO [2026-03-16 13:55:21] Memory: Total: 61649012 kB, Available: 56841436 kB, Active: 3831228 kB, SwapTotal: 40894456 kB, SwapFree: 40861944 kB
INFO [2026-03-16 13:55:21] Memory: Total: 61649012 kB, Available: 56841436 kB, Active: 3831352 kB, SwapTotal: 40894456 kB, SwapFree: 40861944 kB
INFO [2026-03-16 13:55:21] Memory: Total: 61649012 kB, Available: 56841436 kB, Active: 3831352 kB, SwapTotal: 40894456 kB, SwapFree: 40861944 kB
INFO [2026-03-16 13:55:22] Memory: Total: 61649012 kB, Available: 56841436 kB, Active: 3831364 kB, SwapTotal: 40894456 kB, SwapFree: 40861944 kB
INFO [2026-03-16 13:55:22] Memory: Total: 61649012 kB, Available: 56841436 kB, Active: 3831364 kB, SwapTotal: 40894456 kB, SwapFree: 40861944 kB
INFO [2026-03-16 13:55:22] Memory: Total: 61649012 kB, Available: 56841436 kB, Active: 3831364 kB, SwapTotal: 40894456 kB, SwapFree: 40861944 kB
INFO [2026-03-16 13:55:22] Memory: Total: 61649012 kB, Available: 56841436 kB, Active: 3831364 kB, SwapTotal: 40894456 kB, SwapFree: 40861944 kB
INFO [2026-03-16 13:55:22] Memory: Total: 61649012 kB, Available: 56841436 kB, Active: 3831488 kB, SwapTotal: 40894456 kB, SwapFree: 40861944 kB
INFO [2026-03-16 13:55:22] Memory: Total: 61649012 kB, Available: 56841436 kB, Active: 3831488 kB, SwapTotal: 40894456 kB, SwapFree: 40861944 kB
INFO [2026-03-16 13:55:23] Memory: Total: 61649012 kB, Available: 56841436 kB, Active: 3831492 kB, SwapTotal: 40894456 kB, SwapFree: 40861944 kB
INFO [2026-03-16 13:55:23] Memory: Total: 61649012 kB, Available: 56841436 kB, Active: 3831492 kB, SwapTotal: 40894456 kB, SwapFree: 40861944 kB
INFO [2026-03-16 13:55:23] Memory: Total: 61649012 kB, Available: 56841436 kB, Active: 3831616 kB, SwapTotal: 40894456 kB, SwapFree: 40861944 kB
INFO [2026-03-16 13:55:23] Memory: Total: 61649012 kB, Available: 56841436 kB, Active: 3831616 kB, SwapTotal: 40894456 kB, SwapFree: 40861944 kB
INFO [2026-03-16 13:55:23] Memory: Total: 61649012 kB, Available: 56841436 kB, Active: 3831776 kB, SwapTotal: 40894456 kB, SwapFree: 40861944 kB
INFO [2026-03-16 13:55:24] Memory: Total: 61649012 kB, Available: 56841436 kB, Active: 3831616 kB, SwapTotal: 40894456 kB, SwapFree: 40861944 kB
INFO [2026-03-16 13:55:24] Memory: Total: 61649012 kB, Available: 56841436 kB, Active: 3831740 kB, SwapTotal: 40894456 kB, SwapFree: 40861944 kB
INFO [2026-03-16 13:55:24] Memory: Total: 61649012 kB, Available: 56841436 kB, Active: 3831740 kB, SwapTotal: 40894456 kB, SwapFree: 40861944 kB
INFO [2026-03-16 13:55:24] Memory: Total: 61649012 kB, Available: 56841436 kB, Active: 3831740 kB, SwapTotal: 40894456 kB, SwapFree: 40861944 kB
INFO [2026-03-16 13:55:24] Memory: Total: 61649012 kB, Available: 56841436 kB, Active: 3831864 kB, SwapTotal: 40894456 kB, SwapFree: 40861944 kB
INFO [2026-03-16 13:55:25] Memory: Total: 61649012 kB, Available: 56841436 kB, Active: 3831864 kB, SwapTotal: 40894456 kB, SwapFree: 40861944 kB
INFO [2026-03-16 13:55:25] Memory: Total: 61649012 kB, Available: 56841436 kB, Active: 3831864 kB, SwapTotal: 40894456 kB, SwapFree: 40861944 kB
INFO [2026-03-16 13:55:25] Memory: Total: 61649012 kB, Available: 56841436 kB, Active: 3831988 kB, SwapTotal: 40894456 kB, SwapFree: 40861944 kB
INFO [2026-03-16 13:55:25] Memory: Total: 61649012 kB, Available: 56841436 kB, Active: 3831988 kB, SwapTotal: 40894456 kB, SwapFree: 40861944 kB
INFO [2026-03-16 13:55:25] Memory: Total: 61649012 kB, Available: 56841436 kB, Active: 3832236 kB, SwapTotal: 40894456 kB, SwapFree: 40861944 kB
INFO [2026-03-16 13:55:25] Memory: Total: 61649012 kB, Available: 56841436 kB, Active: 3832484 kB, SwapTotal: 40894456 kB, SwapFree: 40861944 kB
INFO [2026-03-16 13:55:26] Memory: Total: 61649012 kB, Available: 56841764 kB, Active: 3833140 kB, SwapTotal: 40894456 kB, SwapFree: 40861944 kB
INFO [2026-03-16 13:55:26] Memory: Total: 61649012 kB, Available: 56842040 kB, Active: 3833144 kB, SwapTotal: 40894456 kB, SwapFree: 40861944 kB
INFO [2026-03-16 13:55:26] Memory: Total: 61649012 kB, Available: 56842040 kB, Active: 3833104 kB, SwapTotal: 40894456 kB, SwapFree: 40861944 kB
INFO [2026-03-16 13:55:26] Memory: Total: 61649012 kB, Available: 56842040 kB, Active: 3833104 kB, SwapTotal: 40894456 kB, SwapFree: 40861944 kB
INFO [2026-03-16 13:55:26] Memory: Total: 61649012 kB, Available: 56841716 kB, Active: 3833476 kB, SwapTotal: 40894456 kB, SwapFree: 40861944 kB
INFO [2026-03-16 13:55:26] Memory: Total: 61649012 kB, Available: 56841284 kB, Active: 3833600 kB, SwapTotal: 40894456 kB, SwapFree: 40861944 kB
INFO [2026-03-16 13:55:27] Memory: Total: 61649012 kB, Available: 56841284 kB, Active: 3833972 kB, SwapTotal: 40894456 kB, SwapFree: 40861944 kB
INFO [2026-03-16 13:55:27] Memory: Total: 61649012 kB, Available: 56841284 kB, Active: 3834096 kB, SwapTotal: 40894456 kB, SwapFree: 40861944 kB
INFO [2026-03-16 13:55:27] Memory: Total: 61649012 kB, Available: 56841284 kB, Active: 3834592 kB, SwapTotal: 40894456 kB, SwapFree: 40861944 kB
INFO [2026-03-16 13:55:27] Memory: Total: 61649012 kB, Available: 56841284 kB, Active: 3834716 kB, SwapTotal: 40894456 kB, SwapFree: 40861944 kB
INFO [2026-03-16 13:55:27] Memory: Total: 61649012 kB, Available: 56841284 kB, Active: 3835220 kB, SwapTotal: 40894456 kB, SwapFree: 40861944 kB
INFO [2026-03-16 13:55:28] Memory: Total: 61649012 kB, Available: 56841284 kB, Active: 3835336 kB, SwapTotal: 40894456 kB, SwapFree: 40861944 kB
INFO [2026-03-16 13:55:28] Memory: Total: 61649012 kB, Available: 56840528 kB, Active: 3836652 kB, SwapTotal: 40894456 kB, SwapFree: 40861944 kB
INFO [2026-03-16 13:55:29] Memory: Total: 61649012 kB, Available: 56840528 kB, Active: 3836460 kB, SwapTotal: 40894456 kB, SwapFree: 40861944 kB
INFO [2026-03-16 13:55:29] Memory: Total: 61649012 kB, Available: 56840276 kB, Active: 3836832 kB, SwapTotal: 40894456 kB, SwapFree: 40861944 kB
INFO [2026-03-16 13:55:29] Memory: Total: 61649012 kB, Available: 56840276 kB, Active: 3837280 kB, SwapTotal: 40894456 kB, SwapFree: 40861944 kB
INFO [2026-03-16 13:55:29] Memory: Total: 61649012 kB, Available: 56839772 kB, Active: 3837336 kB, SwapTotal: 40894456 kB, SwapFree: 40861944 kB
INFO [2026-03-16 13:55:29] Memory: Total: 61649012 kB, Available: 56839772 kB, Active: 3837460 kB, SwapTotal: 40894456 kB, SwapFree: 40861944 kB
INFO [2026-03-16 13:55:30] Memory: Total: 61649012 kB, Available: 56838764 kB, Active: 3837888 kB, SwapTotal: 40894456 kB, SwapFree: 40861944 kB
INFO [2026-03-16 13:55:30] Memory: Total: 61649012 kB, Available: 56838764 kB, Active: 3837956 kB, SwapTotal: 40894456 kB, SwapFree: 40861944 kB
INFO [2026-03-16 13:55:30] Memory: Total: 61649012 kB, Available: 56838512 kB, Active: 3838388 kB, SwapTotal: 40894456 kB, SwapFree: 40861944 kB
INFO [2026-03-16 13:55:30] Memory: Total: 61649012 kB, Available: 56838512 kB, Active: 3838900 kB, SwapTotal: 40894456 kB, SwapFree: 40861944 kB
INFO [2026-03-16 13:55:30] Memory: Total: 61649012 kB, Available: 56837756 kB, Active: 3838956 kB, SwapTotal: 40894456 kB, SwapFree: 40861944 kB
INFO [2026-03-16 13:55:30] Memory: Total: 61649012 kB, Available: 56837756 kB, Active: 3839204 kB, SwapTotal: 40894456 kB, SwapFree: 40861944 kB
INFO [2026-03-16 13:55:31] Memory: Total: 61649012 kB, Available: 56836748 kB, Active: 3839576 kB, SwapTotal: 40894456 kB, SwapFree: 40861944 kB
INFO [2026-03-16 13:55:31] Memory: Total: 61649012 kB, Available: 56836748 kB, Active: 3839700 kB, SwapTotal: 40894456 kB, SwapFree: 40861944 kB
INFO [2026-03-16 13:55:31] Memory: Total: 61649012 kB, Available: 56836748 kB, Active: 3839948 kB, SwapTotal: 40894456 kB, SwapFree: 40861944 kB
INFO [2026-03-16 13:55:31] Memory: Total: 61649012 kB, Available: 56836748 kB, Active: 3840196 kB, SwapTotal: 40894456 kB, SwapFree: 40861944 kB
INFO [2026-03-16 13:55:31] Memory: Total: 61649012 kB, Available: 56834732 kB, Active: 3840444 kB, SwapTotal: 40894456 kB, SwapFree: 40861944 kB
INFO [2026-03-16 13:55:31] Memory: Total: 61649012 kB, Available: 56834736 kB, Active: 3840692 kB, SwapTotal: 40894456 kB, SwapFree: 40861944 kB
INFO [2026-03-16 13:55:32] Memory: Total: 61649012 kB, Available: 56834736 kB, Active: 3840940 kB, SwapTotal: 40894456 kB, SwapFree: 40861944 kB
INFO [2026-03-16 13:55:32] Memory: Total: 61649012 kB, Available: 56834736 kB, Active: 3841188 kB, SwapTotal: 40894456 kB, SwapFree: 40861944 kB
INFO [2026-03-16 13:55:32] Memory: Total: 61649012 kB, Available: 56834736 kB, Active: 3841560 kB, SwapTotal: 40894456 kB, SwapFree: 40861944 kB
INFO [2026-03-16 13:55:32] Memory: Total: 61649012 kB, Available: 56834736 kB, Active: 3841808 kB, SwapTotal: 40894456 kB, SwapFree: 40861944 kB
INFO [2026-03-16 13:55:32] Memory: Total: 61649012 kB, Available: 56834736 kB, Active: 3842592 kB, SwapTotal: 40894456 kB, SwapFree: 40861944 kB
INFO [2026-03-16 13:55:33] Memory: Total: 61649012 kB, Available: 56834736 kB, Active: 3842428 kB, SwapTotal: 40894456 kB, SwapFree: 40861944 kB
INFO [2026-03-16 13:55:33] Memory: Total: 61649012 kB, Available: 56834736 kB, Active: 3842800 kB, SwapTotal: 40894456 kB, SwapFree: 40861944 kB
INFO [2026-03-16 13:55:33] Memory: Total: 61649012 kB, Available: 56833728 kB, Active: 3842924 kB, SwapTotal: 40894456 kB, SwapFree: 40861944 kB
INFO [2026-03-16 13:55:33] Memory: Total: 61649012 kB, Available: 56833728 kB, Active: 3843296 kB, SwapTotal: 40894456 kB, SwapFree: 40861944 kB
INFO [2026-03-16 13:55:33] Memory: Total: 61649012 kB, Available: 56833728 kB, Active: 3843296 kB, SwapTotal: 40894456 kB, SwapFree: 40861944 kB
INFO [2026-03-16 13:55:34] Memory: Total: 61649012 kB, Available: 56833476 kB, Active: 3843584 kB, SwapTotal: 40894456 kB, SwapFree: 40861944 kB
INFO [2026-03-16 13:55:34] Memory: Total: 61649012 kB, Available: 56833728 kB, Active: 3843296 kB, SwapTotal: 40894456 kB, SwapFree: 40861944 kB
INFO [2026-03-16 13:55:34] Memory: Total: 61649012 kB, Available: 56833728 kB, Active: 3843296 kB, SwapTotal: 40894456 kB, SwapFree: 40861944 kB
INFO [2026-03-16 13:55:34] Memory: Total: 61649012 kB, Available: 56833476 kB, Active: 3843296 kB, SwapTotal: 40894456 kB, SwapFree: 40861944 kB
INFO [2026-03-16 13:55:34] Memory: Total: 61649012 kB, Available: 56833476 kB, Active: 3843420 kB, SwapTotal: 40894456 kB, SwapFree: 40861944 kB
INFO [2026-03-16 13:55:34] Memory: Total: 61649012 kB, Available: 56833476 kB, Active: 3843420 kB, SwapTotal: 40894456 kB, SwapFree: 40861944 kB
INFO [2026-03-16 13:55:35] Memory: Total: 61649012 kB, Available: 56833476 kB, Active: 3843420 kB, SwapTotal: 40894456 kB, SwapFree: 40861944 kB
INFO [2026-03-16 13:55:35] Memory: Total: 61649012 kB, Available: 56833476 kB, Active: 3843420 kB, SwapTotal: 40894456 kB, SwapFree: 40861944 kB
INFO [2026-03-16 13:55:35] Memory: Total: 61649012 kB, Available: 56833476 kB, Active: 3843544 kB, SwapTotal: 40894456 kB, SwapFree: 40861944 kB
INFO [2026-03-16 13:55:35] Memory: Total: 61649012 kB, Available: 56833476 kB, Active: 3843544 kB, SwapTotal: 40894456 kB, SwapFree: 40861944 kB
INFO [2026-03-16 13:55:35] Memory: Total: 61649012 kB, Available: 56833732 kB, Active: 3843544 kB, SwapTotal: 40894456 kB, SwapFree: 40861944 kB
INFO [2026-03-16 13:55:36] Memory: Total: 61649012 kB, Available: 56833732 kB, Active: 3843544 kB, SwapTotal: 40894456 kB, SwapFree: 40861944 kB
INFO [2026-03-16 13:55:36] Memory: Total: 61649012 kB, Available: 56833732 kB, Active: 3843544 kB, SwapTotal: 40894456 kB, SwapFree: 40861944 kB
INFO [2026-03-16 13:55:36] Memory: Total: 61649012 kB, Available: 56833732 kB, Active: 3843668 kB, SwapTotal: 40894456 kB, SwapFree: 40861944 kB
INFO [2026-03-16 13:55:36] Memory: Total: 61649012 kB, Available: 56833732 kB, Active: 3843668 kB, SwapTotal: 40894456 kB, SwapFree: 40861944 kB
INFO [2026-03-16 13:55:36] Memory: Total: 61649012 kB, Available: 56833732 kB, Active: 3843668 kB, SwapTotal: 40894456 kB, SwapFree: 40861944 kB
INFO [2026-03-16 13:55:37] Memory: Total: 61649012 kB, Available: 56833736 kB, Active: 3843668 kB, SwapTotal: 40894456 kB, SwapFree: 40861944 kB
INFO [2026-03-16 13:55:37] Memory: Total: 61649012 kB, Available: 56833736 kB, Active: 3843668 kB, SwapTotal: 40894456 kB, SwapFree: 40861944 kB
INFO [2026-03-16 13:55:37] Memory: Total: 61649012 kB, Available: 56833736 kB, Active: 3843792 kB, SwapTotal: 40894456 kB, SwapFree: 40861944 kB
INFO [2026-03-16 13:55:37] Memory: Total: 61649012 kB, Available: 56833736 kB, Active: 3844116 kB, SwapTotal: 40894456 kB, SwapFree: 40861944 kB
INFO [2026-03-16 13:55:37] Memory: Total: 61649012 kB, Available: 56833736 kB, Active: 3843808 kB, SwapTotal: 40894456 kB, SwapFree: 40861944 kB
INFO [2026-03-16 13:55:37] Memory: Total: 61649012 kB, Available: 56833736 kB, Active: 3843808 kB, SwapTotal: 40894456 kB, SwapFree: 40861944 kB
INFO [2026-03-16 13:55:38] Memory: Total: 61649012 kB, Available: 56833484 kB, Active: 3843932 kB, SwapTotal: 40894456 kB, SwapFree: 40861944 kB
INFO [2026-03-16 13:55:38] Memory: Total: 61649012 kB, Available: 56833484 kB, Active: 3843932 kB, SwapTotal: 40894456 kB, SwapFree: 40861944 kB
INFO [2026-03-16 13:55:38] Memory: Total: 61649012 kB, Available: 56833484 kB, Active: 3843932 kB, SwapTotal: 40894456 kB, SwapFree: 40861944 kB
INFO [2026-03-16 13:55:38] Memory: Total: 61649012 kB, Available: 56833484 kB, Active: 3843932 kB, SwapTotal: 40894456 kB, SwapFree: 40861944 kB
INFO [2026-03-16 13:55:38] Memory: Total: 61649012 kB, Available: 56833484 kB, Active: 3844056 kB, SwapTotal: 40894456 kB, SwapFree: 40861944 kB
INFO [2026-03-16 13:55:38] Memory: Total: 61649012 kB, Available: 56833484 kB, Active: 3844056 kB, SwapTotal: 40894456 kB, SwapFree: 40861944 kB
INFO [2026-03-16 13:55:39] Memory: Total: 61649012 kB, Available: 56833504 kB, Active: 3844160 kB, SwapTotal: 40894456 kB, SwapFree: 40861944 kB
INFO [2026-03-16 13:55:39] Memory: Total: 61649012 kB, Available: 56833504 kB, Active: 3844160 kB, SwapTotal: 40894456 kB, SwapFree: 40861944 kB
INFO [2026-03-16 13:55:39] Memory: Total: 61649012 kB, Available: 56833504 kB, Active: 3844284 kB, SwapTotal: 40894456 kB, SwapFree: 40861944 kB
INFO [2026-03-16 13:55:39] Memory: Total: 61649012 kB, Available: 56833504 kB, Active: 3844284 kB, SwapTotal: 40894456 kB, SwapFree: 40861944 kB
INFO [2026-03-16 13:55:39] Memory: Total: 61649012 kB, Available: 56833252 kB, Active: 3844572 kB, SwapTotal: 40894456 kB, SwapFree: 40861944 kB
INFO [2026-03-16 13:55:40] Memory: Total: 61649012 kB, Available: 56833252 kB, Active: 3844408 kB, SwapTotal: 40894456 kB, SwapFree: 40861944 kB
INFO [2026-03-16 13:55:40] Memory: Total: 61649012 kB, Available: 56833252 kB, Active: 3844532 kB, SwapTotal: 40894456 kB, SwapFree: 40861944 kB
INFO [2026-03-16 13:55:40] Memory: Total: 61649012 kB, Available: 56833252 kB, Active: 3844532 kB, SwapTotal: 40894456 kB, SwapFree: 40861944 kB
INFO [2026-03-16 13:55:40] Memory: Total: 61649012 kB, Available: 56833252 kB, Active: 3844944 kB, SwapTotal: 40894456 kB, SwapFree: 40861944 kB
INFO [2026-03-16 13:55:40] Memory: Total: 61649012 kB, Available: 56833252 kB, Active: 3844656 kB, SwapTotal: 40894456 kB, SwapFree: 40861944 kB
INFO [2026-03-16 13:55:41] Memory: Total: 61649012 kB, Available: 56833252 kB, Active: 3844780 kB, SwapTotal: 40894456 kB, SwapFree: 40861944 kB
INFO [2026-03-16 13:55:41] Memory: Total: 61649012 kB, Available: 56833252 kB, Active: 3844780 kB, SwapTotal: 40894456 kB, SwapFree: 40861944 kB
INFO [2026-03-16 13:55:41] Memory: Total: 61649012 kB, Available: 56833252 kB, Active: 3844904 kB, SwapTotal: 40894456 kB, SwapFree: 40861944 kB
INFO [2026-03-16 13:55:41] Memory: Total: 61649012 kB, Available: 56833252 kB, Active: 3844904 kB, SwapTotal: 40894456 kB, SwapFree: 40861944 kB
INFO [2026-03-16 13:55:41] Memory: Total: 61649012 kB, Available: 56833252 kB, Active: 3845028 kB, SwapTotal: 40894456 kB, SwapFree: 40861944 kB
INFO [2026-03-16 13:55:41] Memory: Total: 61649012 kB, Available: 56833252 kB, Active: 3845152 kB, SwapTotal: 40894456 kB, SwapFree: 40861944 kB
INFO [2026-03-16 13:55:42] Memory: Total: 61649012 kB, Available: 56834496 kB, Active: 3845152 kB, SwapTotal: 40894456 kB, SwapFree: 40861944 kB
INFO [2026-03-16 13:55:42] Memory: Total: 61649012 kB, Available: 56834332 kB, Active: 3845276 kB, SwapTotal: 40894456 kB, SwapFree: 40861944 kB
INFO [2026-03-16 13:55:42] Memory: Total: 61649012 kB, Available: 56834332 kB, Active: 3845276 kB, SwapTotal: 40894456 kB, SwapFree: 40861944 kB
INFO [2026-03-16 13:55:42] Memory: Total: 61649012 kB, Available: 56834332 kB, Active: 3845400 kB, SwapTotal: 40894456 kB, SwapFree: 40861944 kB
INFO [2026-03-16 13:55:42] Memory: Total: 61649012 kB, Available: 56834332 kB, Active: 3845400 kB, SwapTotal: 40894456 kB, SwapFree: 40861944 kB
INFO [2026-03-16 13:55:43] Memory: Total: 61649012 kB, Available: 56834240 kB, Active: 3845524 kB, SwapTotal: 40894456 kB, SwapFree: 40861944 kB
INFO [2026-03-16 13:55:43] Memory: Total: 61649012 kB, Available: 56833988 kB, Active: 3845648 kB, SwapTotal: 40894456 kB, SwapFree: 40861944 kB
INFO [2026-03-16 13:55:43] Memory: Total: 61649012 kB, Available: 56833988 kB, Active: 3845648 kB, SwapTotal: 40894456 kB, SwapFree: 40861944 kB
INFO [2026-03-16 13:55:43] Memory: Total: 61649012 kB, Available: 56833988 kB, Active: 3845772 kB, SwapTotal: 40894456 kB, SwapFree: 40861944 kB
INFO [2026-03-16 13:55:43] Memory: Total: 61649012 kB, Available: 56833484 kB, Active: 3845772 kB, SwapTotal: 40894456 kB, SwapFree: 40861944 kB
INFO [2026-03-16 13:55:43] Memory: Total: 61649012 kB, Available: 56833808 kB, Active: 3846180 kB, SwapTotal: 40894456 kB, SwapFree: 40861944 kB
INFO [2026-03-16 13:55:44] Memory: Total: 61649012 kB, Available: 56834116 kB, Active: 3845896 kB, SwapTotal: 40894456 kB, SwapFree: 40861944 kB
INFO [2026-03-16 13:55:44] Memory: Total: 61649012 kB, Available: 56833876 kB, Active: 3846020 kB, SwapTotal: 40894456 kB, SwapFree: 40861944 kB
INFO [2026-03-16 13:55:44] Memory: Total: 61649012 kB, Available: 56833876 kB, Active: 3846144 kB, SwapTotal: 40894456 kB, SwapFree: 40861944 kB
INFO [2026-03-16 13:55:44] Memory: Total: 61649012 kB, Available: 56833876 kB, Active: 3846268 kB, SwapTotal: 40894456 kB, SwapFree: 40861944 kB
INFO [2026-03-16 13:55:44] Memory: Total: 61649012 kB, Available: 56832616 kB, Active: 3846268 kB, SwapTotal: 40894456 kB, SwapFree: 40861944 kB
INFO [2026-03-16 13:55:45] Memory: Total: 61649012 kB, Available: 56832616 kB, Active: 3846448 kB, SwapTotal: 40894456 kB, SwapFree: 40861944 kB
INFO [2026-03-16 13:55:45] Memory: Total: 61649012 kB, Available: 56832616 kB, Active: 3846800 kB, SwapTotal: 40894456 kB, SwapFree: 40861944 kB
INFO [2026-03-16 13:55:45] Memory: Total: 61649012 kB, Available: 56832616 kB, Active: 3846640 kB, SwapTotal: 40894456 kB, SwapFree: 40861944 kB
INFO [2026-03-16 13:55:45] Memory: Total: 61649012 kB, Available: 56832616 kB, Active: 3846964 kB, SwapTotal: 40894456 kB, SwapFree: 40861944 kB
INFO [2026-03-16 13:55:45] Memory: Total: 61649012 kB, Available: 56832616 kB, Active: 3846896 kB, SwapTotal: 40894456 kB, SwapFree: 40861944 kB
INFO [2026-03-16 13:55:45] Memory: Total: 61649012 kB, Available: 56832364 kB, Active: 3846896 kB, SwapTotal: 40894456 kB, SwapFree: 40861944 kB
INFO [2026-03-16 13:55:46] Memory: Total: 61649012 kB, Available: 56832364 kB, Active: 3847308 kB, SwapTotal: 40894456 kB, SwapFree: 40861944 kB
INFO [2026-03-16 13:55:46] Memory: Total: 61649012 kB, Available: 56832648 kB, Active: 3847144 kB, SwapTotal: 40894456 kB, SwapFree: 40861944 kB
INFO [2026-03-16 13:55:46] Memory: Total: 61649012 kB, Available: 56832648 kB, Active: 3847268 kB, SwapTotal: 40894456 kB, SwapFree: 40861944 kB
INFO [2026-03-16 13:55:46] Memory: Total: 61649012 kB, Available: 56832648 kB, Active: 3847268 kB, SwapTotal: 40894456 kB, SwapFree: 40861944 kB
INFO [2026-03-16 13:55:46] Memory: Total: 61649012 kB, Available: 56832396 kB, Active: 3847400 kB, SwapTotal: 40894456 kB, SwapFree: 40861944 kB
INFO [2026-03-16 13:55:47] Memory: Total: 61649012 kB, Available: 56832396 kB, Active: 3847524 kB, SwapTotal: 40894456 kB, SwapFree: 40861944 kB
INFO [2026-03-16 13:55:47] Memory: Total: 61649012 kB, Available: 56831892 kB, Active: 3847648 kB, SwapTotal: 40894456 kB, SwapFree: 40861944 kB
INFO [2026-03-16 13:55:47] Memory: Total: 61649012 kB, Available: 56831892 kB, Active: 3847648 kB, SwapTotal: 40894456 kB, SwapFree: 40861944 kB
INFO [2026-03-16 13:55:47] Memory: Total: 61649012 kB, Available: 56831892 kB, Active: 3847772 kB, SwapTotal: 40894456 kB, SwapFree: 40861944 kB
INFO [2026-03-16 13:55:47] Memory: Total: 61649012 kB, Available: 56831892 kB, Active: 3847896 kB, SwapTotal: 40894456 kB, SwapFree: 40861944 kB
INFO [2026-03-16 13:55:48] Memory: Total: 61649012 kB, Available: 56832220 kB, Active: 3848308 kB, SwapTotal: 40894456 kB, SwapFree: 40861944 kB
INFO [2026-03-16 13:55:48] Memory: Total: 61649012 kB, Available: 56832524 kB, Active: 3848020 kB, SwapTotal: 40894456 kB, SwapFree: 40861944 kB
INFO [2026-03-16 13:55:48] Memory: Total: 61649012 kB, Available: 56831516 kB, Active: 3848144 kB, SwapTotal: 40894456 kB, SwapFree: 40861944 kB
INFO [2026-03-16 13:55:48] Memory: Total: 61649012 kB, Available: 56831264 kB, Active: 3848268 kB, SwapTotal: 40894456 kB, SwapFree: 40861944 kB
INFO [2026-03-16 13:55:48] Memory: Total: 61649012 kB, Available: 56831264 kB, Active: 3848392 kB, SwapTotal: 40894456 kB, SwapFree: 40861944 kB
INFO [2026-03-16 13:55:48] Memory: Total: 61649012 kB, Available: 56831264 kB, Active: 3848516 kB, SwapTotal: 40894456 kB, SwapFree: 40861944 kB
INFO [2026-03-16 13:55:49] Memory: Total: 61649012 kB, Available: 56831264 kB, Active: 3848928 kB, SwapTotal: 40894456 kB, SwapFree: 40861944 kB
INFO [2026-03-16 13:55:49] Memory: Total: 61649012 kB, Available: 56831584 kB, Active: 3848764 kB, SwapTotal: 40894456 kB, SwapFree: 40861944 kB
INFO [2026-03-16 13:55:49] Memory: Total: 61649012 kB, Available: 56831584 kB, Active: 3848888 kB, SwapTotal: 40894456 kB, SwapFree: 40861944 kB
INFO [2026-03-16 13:55:49] Memory: Total: 61649012 kB, Available: 56831260 kB, Active: 3849012 kB, SwapTotal: 40894456 kB, SwapFree: 40861944 kB
INFO [2026-03-16 13:55:49] Memory: Total: 61649012 kB, Available: 56831084 kB, Active: 3849104 kB, SwapTotal: 40894456 kB, SwapFree: 40861944 kB
INFO [2026-03-16 13:55:49] Memory: Total: 61649012 kB, Available: 56831084 kB, Active: 3849428 kB, SwapTotal: 40894456 kB, SwapFree: 40861944 kB
INFO [2026-03-16 13:55:50] Memory: Total: 61649012 kB, Available: 56831084 kB, Active: 3849376 kB, SwapTotal: 40894456 kB, SwapFree: 40861944 kB
INFO [2026-03-16 13:55:50] Memory: Total: 61649012 kB, Available: 56831084 kB, Active: 3849376 kB, SwapTotal: 40894456 kB, SwapFree: 40861944 kB
INFO [2026-03-16 13:55:50] Memory: Total: 61649012 kB, Available: 56831084 kB, Active: 3849500 kB, SwapTotal: 40894456 kB, SwapFree: 40861944 kB
INFO [2026-03-16 13:55:50] Memory: Total: 61649012 kB, Available: 56831084 kB, Active: 3849624 kB, SwapTotal: 40894456 kB, SwapFree: 40861944 kB
INFO [2026-03-16 13:55:50] Memory: Total: 61649012 kB, Available: 56831408 kB, Active: 3850160 kB, SwapTotal: 40894456 kB, SwapFree: 40861944 kB
INFO [2026-03-16 13:55:51] Memory: Total: 61649012 kB, Available: 56831168 kB, Active: 3849872 kB, SwapTotal: 40894456 kB, SwapFree: 40861944 kB
INFO [2026-03-16 13:55:51] Memory: Total: 61649012 kB, Available: 56831168 kB, Active: 3850120 kB, SwapTotal: 40894456 kB, SwapFree: 40861944 kB
INFO [2026-03-16 13:55:51] Memory: Total: 61649012 kB, Available: 56830412 kB, Active: 3850120 kB, SwapTotal: 40894456 kB, SwapFree: 40861944 kB
INFO [2026-03-16 13:55:51] Memory: Total: 61649012 kB, Available: 56830412 kB, Active: 3850368 kB, SwapTotal: 40894456 kB, SwapFree: 40861944 kB
INFO [2026-03-16 13:55:51] Memory: Total: 61649012 kB, Available: 56830412 kB, Active: 3850368 kB, SwapTotal: 40894456 kB, SwapFree: 40861944 kB
INFO [2026-03-16 13:55:52] Memory: Total: 61649012 kB, Available: 56830412 kB, Active: 3850616 kB, SwapTotal: 40894456 kB, SwapFree: 40861944 kB
INFO [2026-03-16 13:55:52] Memory: Total: 61649012 kB, Available: 56829404 kB, Active: 3850740 kB, SwapTotal: 40894456 kB, SwapFree: 40861944 kB
INFO [2026-03-16 13:55:52] Memory: Total: 61649012 kB, Available: 56829404 kB, Active: 3850864 kB, SwapTotal: 40894456 kB, SwapFree: 40861944 kB
INFO [2026-03-16 13:55:52] Memory: Total: 61649012 kB, Available: 56829404 kB, Active: 3850988 kB, SwapTotal: 40894456 kB, SwapFree: 40861944 kB
INFO [2026-03-16 13:55:52] Memory: Total: 61649012 kB, Available: 56829404 kB, Active: 3851112 kB, SwapTotal: 40894456 kB, SwapFree: 40861944 kB
INFO [2026-03-16 13:55:52] Memory: Total: 61649012 kB, Available: 56829408 kB, Active: 3851236 kB, SwapTotal: 40894456 kB, SwapFree: 40861944 kB
INFO [2026-03-16 13:55:53] Memory: Total: 61649012 kB, Available: 56829408 kB, Active: 3851360 kB, SwapTotal: 40894456 kB, SwapFree: 40861944 kB
INFO [2026-03-16 13:55:53] Memory: Total: 61649012 kB, Available: 56829408 kB, Active: 3851360 kB, SwapTotal: 40894456 kB, SwapFree: 40861944 kB
INFO [2026-03-16 13:55:53] Memory: Total: 61649012 kB, Available: 56829408 kB, Active: 3851360 kB, SwapTotal: 40894456 kB, SwapFree: 40861944 kB
INFO [2026-03-16 13:55:53] Memory: Total: 61649012 kB, Available: 56829408 kB, Active: 3851684 kB, SwapTotal: 40894456 kB, SwapFree: 40861944 kB
INFO [2026-03-16 13:55:53] Memory: Total: 61649012 kB, Available: 56829408 kB, Active: 3851368 kB, SwapTotal: 40894456 kB, SwapFree: 40861944 kB
INFO [2026-03-16 13:55:54] Memory: Total: 61649012 kB, Available: 56829408 kB, Active: 3851368 kB, SwapTotal: 40894456 kB, SwapFree: 40861944 kB
INFO [2026-03-16 13:55:54] Memory: Total: 61649012 kB, Available: 56829408 kB, Active: 3851368 kB, SwapTotal: 40894456 kB, SwapFree: 40861944 kB
INFO [2026-03-16 13:55:54] Memory: Total: 61649012 kB, Available: 56829408 kB, Active: 3851368 kB, SwapTotal: 40894456 kB, SwapFree: 40861944 kB
INFO [2026-03-16 13:55:54] Memory: Total: 61649012 kB, Available: 56829408 kB, Active: 3851368 kB, SwapTotal: 40894456 kB, SwapFree: 40861944 kB
INFO [2026-03-16 13:55:54] Memory: Total: 61649012 kB, Available: 56829408 kB, Active: 3851368 kB, SwapTotal: 40894456 kB, SwapFree: 40861944 kB
INFO [2026-03-16 13:55:55] Memory: Total: 61649012 kB, Available: 56829408 kB, Active: 3851368 kB, SwapTotal: 40894456 kB, SwapFree: 40861944 kB
INFO [2026-03-16 13:55:55] Memory: Total: 61649012 kB, Available: 56829408 kB, Active: 3851368 kB, SwapTotal: 40894456 kB, SwapFree: 40861944 kB
INFO [2026-03-16 13:55:55] Memory: Total: 61649012 kB, Available: 56829408 kB, Active: 3851368 kB, SwapTotal: 40894456 kB, SwapFree: 40861944 kB
INFO [2026-03-16 13:55:55] Memory: Total: 61649012 kB, Available: 56829408 kB, Active: 3851692 kB, SwapTotal: 40894456 kB, SwapFree: 40861944 kB
INFO [2026-03-16 13:55:55] Memory: Total: 61649012 kB, Available: 56829408 kB, Active: 3851376 kB, SwapTotal: 40894456 kB, SwapFree: 40861944 kB
INFO [2026-03-16 13:55:55] Memory: Total: 61649012 kB, Available: 56829408 kB, Active: 3851376 kB, SwapTotal: 40894456 kB, SwapFree: 40861944 kB
INFO [2026-03-16 13:55:56] Memory: Total: 61649012 kB, Available: 56829408 kB, Active: 3851376 kB, SwapTotal: 40894456 kB, SwapFree: 40861944 kB
INFO [2026-03-16 13:55:56] Memory: Total: 61649012 kB, Available: 56829408 kB, Active: 3851376 kB, SwapTotal: 40894456 kB, SwapFree: 40861944 kB
INFO [2026-03-16 13:55:56] Memory: Total: 61649012 kB, Available: 56829408 kB, Active: 3851376 kB, SwapTotal: 40894456 kB, SwapFree: 40861944 kB
INFO [2026-03-16 13:55:56] Memory: Total: 61649012 kB, Available: 56829408 kB, Active: 3851376 kB, SwapTotal: 40894456 kB, SwapFree: 40861944 kB
INFO [2026-03-16 13:55:56] Memory: Total: 61649012 kB, Available: 56829408 kB, Active: 3851376 kB, SwapTotal: 40894456 kB, SwapFree: 40861944 kB
INFO [2026-03-16 13:55:56] Memory: Total: 61649012 kB, Available: 56829408 kB, Active: 3851376 kB, SwapTotal: 40894456 kB, SwapFree: 40861944 kB
INFO [2026-03-16 13:55:57] Memory: Total: 61649012 kB, Available: 56829408 kB, Active: 3851376 kB, SwapTotal: 40894456 kB, SwapFree: 40861944 kB
INFO [2026-03-16 13:55:57] Memory: Total: 61649012 kB, Available: 56829408 kB, Active: 3851376 kB, SwapTotal: 40894456 kB, SwapFree: 40861944 kB
INFO [2026-03-16 13:55:57] Memory: Total: 61649012 kB, Available: 56829408 kB, Active: 3851500 kB, SwapTotal: 40894456 kB, SwapFree: 40861944 kB
INFO [2026-03-16 13:55:57] Memory: Total: 61649012 kB, Available: 56829408 kB, Active: 3851500 kB, SwapTotal: 40894456 kB, SwapFree: 40861944 kB
INFO [2026-03-16 13:55:57] Memory: Total: 61649012 kB, Available: 56829428 kB, Active: 3851656 kB, SwapTotal: 40894456 kB, SwapFree: 40861944 kB
INFO [2026-03-16 13:55:58] Memory: Total: 61649012 kB, Available: 56829428 kB, Active: 3851500 kB, SwapTotal: 40894456 kB, SwapFree: 40861944 kB
INFO [2026-03-16 13:55:58] Memory: Total: 61649012 kB, Available: 56829428 kB, Active: 3851500 kB, SwapTotal: 40894456 kB, SwapFree: 40861944 kB
INFO [2026-03-16 13:55:58] Memory: Total: 61649012 kB, Available: 56829428 kB, Active: 3851500 kB, SwapTotal: 40894456 kB, SwapFree: 40861944 kB
INFO [2026-03-16 13:55:58] Memory: Total: 61649012 kB, Available: 56829428 kB, Active: 3851500 kB, SwapTotal: 40894456 kB, SwapFree: 40861944 kB
INFO [2026-03-16 13:55:58] Memory: Total: 61649012 kB, Available: 56829428 kB, Active: 3851500 kB, SwapTotal: 40894456 kB, SwapFree: 40861944 kB
INFO [2026-03-16 13:55:59] Memory: Total: 61649012 kB, Available: 56829756 kB, Active: 3851788 kB, SwapTotal: 40894456 kB, SwapFree: 40861944 kB
INFO [2026-03-16 13:55:59] Memory: Total: 61649012 kB, Available: 56829968 kB, Active: 3851500 kB, SwapTotal: 40894456 kB, SwapFree: 40861944 kB
INFO [2026-03-16 13:55:59] Memory: Total: 61649012 kB, Available: 56829720 kB, Active: 3851624 kB, SwapTotal: 40894456 kB, SwapFree: 40861944 kB
INFO [2026-03-16 13:55:59] Memory: Total: 61649012 kB, Available: 56829720 kB, Active: 3851624 kB, SwapTotal: 40894456 kB, SwapFree: 40861944 kB
INFO [2026-03-16 13:55:59] Memory: Total: 61649012 kB, Available: 56829720 kB, Active: 3851624 kB, SwapTotal: 40894456 kB, SwapFree: 40861944 kB
INFO [2026-03-16 13:55:59] Memory: Total: 61649012 kB, Available: 56829720 kB, Active: 3851624 kB, SwapTotal: 40894456 kB, SwapFree: 40861944 kB
INFO [2026-03-16 13:56:00] Memory: Total: 61649012 kB, Available: 56830112 kB, Active: 3851624 kB, SwapTotal: 40894456 kB, SwapFree: 40861944 kB
INFO [2026-03-16 13:56:00] Memory: Total: 61649012 kB, Available: 56830112 kB, Active: 3851624 kB, SwapTotal: 40894456 kB, SwapFree: 40861944 kB
INFO [2026-03-16 13:56:00] Memory: Total: 61649012 kB, Available: 56828096 kB, Active: 3851624 kB, SwapTotal: 40894456 kB, SwapFree: 40861944 kB
INFO [2026-03-16 13:56:00] Memory: Total: 61649012 kB, Available: 56827844 kB, Active: 3851624 kB, SwapTotal: 40894456 kB, SwapFree: 40861944 kB
INFO [2026-03-16 13:56:00] Memory: Total: 61649012 kB, Available: 56827844 kB, Active: 3851748 kB, SwapTotal: 40894456 kB, SwapFree: 40861944 kB
INFO [2026-03-16 13:56:01] Memory: Total: 61649012 kB, Available: 56827844 kB, Active: 3851748 kB, SwapTotal: 40894456 kB, SwapFree: 40861944 kB
INFO [2026-03-16 13:56:01] Memory: Total: 61649012 kB, Available: 56827844 kB, Active: 3851748 kB, SwapTotal: 40894456 kB, SwapFree: 40861944 kB
INFO [2026-03-16 13:56:01] Memory: Total: 61649012 kB, Available: 56827844 kB, Active: 3851748 kB, SwapTotal: 40894456 kB, SwapFree: 40861944 kB
INFO [2026-03-16 13:56:01] Memory: Total: 61649012 kB, Available: 56827844 kB, Active: 3851748 kB, SwapTotal: 40894456 kB, SwapFree: 40861944 kB
INFO [2026-03-16 13:56:01] Memory: Total: 61649012 kB, Available: 56827844 kB, Active: 3851748 kB, SwapTotal: 40894456 kB, SwapFree: 40861944 kB
INFO [2026-03-16 13:56:01] Memory: Total: 61649012 kB, Available: 56827844 kB, Active: 3851748 kB, SwapTotal: 40894456 kB, SwapFree: 40861944 kB
INFO [2026-03-16 13:56:02] Memory: Total: 61649012 kB, Available: 56827844 kB, Active: 3851872 kB, SwapTotal: 40894456 kB, SwapFree: 40861944 kB
INFO [2026-03-16 13:56:02] Memory: Total: 61649012 kB, Available: 56827844 kB, Active: 3852196 kB, SwapTotal: 40894456 kB, SwapFree: 40861944 kB
INFO [2026-03-16 13:56:02] Memory: Total: 61649012 kB, Available: 56827844 kB, Active: 3851880 kB, SwapTotal: 40894456 kB, SwapFree: 40861944 kB
INFO [2026-03-16 13:56:02] Memory: Total: 61649012 kB, Available: 56827844 kB, Active: 3851880 kB, SwapTotal: 40894456 kB, SwapFree: 40861944 kB
INFO [2026-03-16 13:56:02] Memory: Total: 61649012 kB, Available: 56827844 kB, Active: 3851880 kB, SwapTotal: 40894456 kB, SwapFree: 40861944 kB
INFO [2026-03-16 13:56:03] Memory: Total: 61649012 kB, Available: 56827848 kB, Active: 3852292 kB, SwapTotal: 40894456 kB, SwapFree: 40861944 kB
INFO [2026-03-16 13:56:03] Memory: Total: 61649012 kB, Available: 56827848 kB, Active: 3852004 kB, SwapTotal: 40894456 kB, SwapFree: 40861944 kB
INFO [2026-03-16 13:56:03] Memory: Total: 61649012 kB, Available: 56827496 kB, Active: 3852004 kB, SwapTotal: 40894456 kB, SwapFree: 40861944 kB
INFO [2026-03-16 13:56:03] Memory: Total: 61649012 kB, Available: 56827344 kB, Active: 3852328 kB, SwapTotal: 40894456 kB, SwapFree: 40861944 kB
INFO [2026-03-16 13:56:03] Memory: Total: 61649012 kB, Available: 56827344 kB, Active: 3852012 kB, SwapTotal: 40894456 kB, SwapFree: 40861944 kB
INFO [2026-03-16 13:56:03] Memory: Total: 61649012 kB, Available: 56827092 kB, Active: 3852012 kB, SwapTotal: 40894456 kB, SwapFree: 40861944 kB
INFO [2026-03-16 13:56:04] Memory: Total: 61649012 kB, Available: 56827092 kB, Active: 3852420 kB, SwapTotal: 40894456 kB, SwapFree: 40861944 kB
INFO [2026-03-16 13:56:04] Memory: Total: 61649012 kB, Available: 56827092 kB, Active: 3852136 kB, SwapTotal: 40894456 kB, SwapFree: 40861944 kB
INFO [2026-03-16 13:56:04] Memory: Total: 61649012 kB, Available: 56827092 kB, Active: 3852136 kB, SwapTotal: 40894456 kB, SwapFree: 40861944 kB
INFO [2026-03-16 13:56:04] Memory: Total: 61649012 kB, Available: 56827092 kB, Active: 3852136 kB, SwapTotal: 40894456 kB, SwapFree: 40861944 kB
INFO [2026-03-16 13:56:04] Memory: Total: 61649012 kB, Available: 56826444 kB, Active: 3852260 kB, SwapTotal: 40894456 kB, SwapFree: 40861944 kB
INFO [2026-03-16 13:56:05] Memory: Total: 61649012 kB, Available: 56826336 kB, Active: 3852260 kB, SwapTotal: 40894456 kB, SwapFree: 40861944 kB
INFO [2026-03-16 13:56:05] Memory: Total: 61649012 kB, Available: 56826336 kB, Active: 3852260 kB, SwapTotal: 40894456 kB, SwapFree: 40861944 kB
INFO [2026-03-16 13:56:05] Memory: Total: 61649012 kB, Available: 56826336 kB, Active: 3852384 kB, SwapTotal: 40894456 kB, SwapFree: 40861944 kB
INFO [2026-03-16 13:56:05] Memory: Total: 61649012 kB, Available: 56826336 kB, Active: 3852384 kB, SwapTotal: 40894456 kB, SwapFree: 40861944 kB
INFO [2026-03-16 13:56:05] Memory: Total: 61649012 kB, Available: 56826336 kB, Active: 3852384 kB, SwapTotal: 40894456 kB, SwapFree: 40861944 kB
INFO [2026-03-16 13:56:06] Memory: Total: 61649012 kB, Available: 56826336 kB, Active: 3852384 kB, SwapTotal: 40894456 kB, SwapFree: 40861944 kB
INFO [2026-03-16 13:56:06] Memory: Total: 61649012 kB, Available: 56826336 kB, Active: 3852508 kB, SwapTotal: 40894456 kB, SwapFree: 40861944 kB
INFO [2026-03-16 13:56:06] Memory: Total: 61649012 kB, Available: 56826336 kB, Active: 3852508 kB, SwapTotal: 40894456 kB, SwapFree: 40861944 kB
INFO [2026-03-16 13:56:06] Memory: Total: 61649012 kB, Available: 56826336 kB, Active: 3852508 kB, SwapTotal: 40894456 kB, SwapFree: 40861944 kB
INFO [2026-03-16 13:56:06] Memory: Total: 61649012 kB, Available: 56826336 kB, Active: 3852632 kB, SwapTotal: 40894456 kB, SwapFree: 40861944 kB
INFO [2026-03-16 13:56:06] Memory: Total: 61649012 kB, Available: 56826336 kB, Active: 3852632 kB, SwapTotal: 40894456 kB, SwapFree: 40861944 kB
INFO [2026-03-16 13:56:07] Memory: Total: 61649012 kB, Available: 56826588 kB, Active: 3852632 kB, SwapTotal: 40894456 kB, SwapFree: 40861944 kB
INFO [2026-03-16 13:56:07] Memory: Total: 61649012 kB, Available: 56826588 kB, Active: 3852756 kB, SwapTotal: 40894456 kB, SwapFree: 40861944 kB
INFO [2026-03-16 13:56:07] Memory: Total: 61649012 kB, Available: 56826588 kB, Active: 3852756 kB, SwapTotal: 40894456 kB, SwapFree: 40861944 kB
INFO [2026-03-16 13:56:07] Memory: Total: 61649012 kB, Available: 56826588 kB, Active: 3852756 kB, SwapTotal: 40894456 kB, SwapFree: 40861944 kB
INFO [2026-03-16 13:56:08] Memory: Total: 61649012 kB, Available: 56826588 kB, Active: 3853040 kB, SwapTotal: 40894456 kB, SwapFree: 40861944 kB
INFO [2026-03-16 13:56:08] Memory: Total: 61649012 kB, Available: 56826588 kB, Active: 3853004 kB, SwapTotal: 40894456 kB, SwapFree: 40861944 kB
INFO [2026-03-16 13:56:08] Memory: Total: 61649012 kB, Available: 56826588 kB, Active: 3853128 kB, SwapTotal: 40894456 kB, SwapFree: 40861944 kB
INFO [2026-03-16 13:56:08] Memory: Total: 61649012 kB, Available: 56826528 kB, Active: 3853252 kB, SwapTotal: 40894456 kB, SwapFree: 40861944 kB
INFO [2026-03-16 13:56:09] Memory: Total: 61649012 kB, Available: 56826528 kB, Active: 3853416 kB, SwapTotal: 40894456 kB, SwapFree: 40861944 kB
INFO [2026-03-16 13:56:09] Memory: Total: 61649012 kB, Available: 56826528 kB, Active: 3853376 kB, SwapTotal: 40894456 kB, SwapFree: 40861944 kB
INFO [2026-03-16 13:56:09] Memory: Total: 61649012 kB, Available: 56826528 kB, Active: 3853376 kB, SwapTotal: 40894456 kB, SwapFree: 40861944 kB
INFO [2026-03-16 13:56:09] Memory: Total: 61649012 kB, Available: 56826528 kB, Active: 3853500 kB, SwapTotal: 40894456 kB, SwapFree: 40861944 kB
INFO [2026-03-16 13:56:09] Memory: Total: 61649012 kB, Available: 56826528 kB, Active: 3853500 kB, SwapTotal: 40894456 kB, SwapFree: 40861944 kB
INFO [2026-03-16 13:56:10] Memory: Total: 61649012 kB, Available: 56826528 kB, Active: 3853624 kB, SwapTotal: 40894456 kB, SwapFree: 40861944 kB
INFO [2026-03-16 13:56:10] Memory: Total: 61649012 kB, Available: 56822496 kB, Active: 3853748 kB, SwapTotal: 40894456 kB, SwapFree: 40861944 kB
INFO [2026-03-16 13:56:10] Memory: Total: 61649012 kB, Available: 56822496 kB, Active: 3853872 kB, SwapTotal: 40894456 kB, SwapFree: 40861944 kB
INFO [2026-03-16 13:56:10] Memory: Total: 61649012 kB, Available: 56822496 kB, Active: 3853880 kB, SwapTotal: 40894456 kB, SwapFree: 40861944 kB
INFO [2026-03-16 13:56:10] Memory: Total: 61649012 kB, Available: 56822748 kB, Active: 3853880 kB, SwapTotal: 40894456 kB, SwapFree: 40861944 kB
INFO [2026-03-16 13:56:10] Memory: Total: 61649012 kB, Available: 56822748 kB, Active: 3854004 kB, SwapTotal: 40894456 kB, SwapFree: 40861944 kB
INFO [2026-03-16 13:56:11] Memory: Total: 61649012 kB, Available: 56822496 kB, Active: 3854004 kB, SwapTotal: 40894456 kB, SwapFree: 40861944 kB
INFO [2026-03-16 13:56:11] Memory: Total: 61649012 kB, Available: 56822504 kB, Active: 3854004 kB, SwapTotal: 40894456 kB, SwapFree: 40861944 kB
INFO [2026-03-16 13:56:11] Memory: Total: 61649012 kB, Available: 56822504 kB, Active: 3854004 kB, SwapTotal: 40894456 kB, SwapFree: 40861944 kB
INFO [2026-03-16 13:56:11] Memory: Total: 61649012 kB, Available: 56822504 kB, Active: 3854004 kB, SwapTotal: 40894456 kB, SwapFree: 40861944 kB
INFO [2026-03-16 13:56:11] Memory: Total: 61649012 kB, Available: 56822504 kB, Active: 3854004 kB, SwapTotal: 40894456 kB, SwapFree: 40861944 kB
INFO [2026-03-16 13:56:12] Memory: Total: 61649012 kB, Available: 56822532 kB, Active: 3854004 kB, SwapTotal: 40894456 kB, SwapFree: 40861944 kB
INFO [2026-03-16 13:56:12] Memory: Total: 61649012 kB, Available: 56822532 kB, Active: 3853680 kB, SwapTotal: 40894456 kB, SwapFree: 40861944 kB
INFO [2026-03-16 13:56:12] Memory: Total: 61649012 kB, Available: 56822532 kB, Active: 3853680 kB, SwapTotal: 40894456 kB, SwapFree: 40861944 kB
INFO [2026-03-16 13:56:12] Memory: Total: 61649012 kB, Available: 56822532 kB, Active: 3854004 kB, SwapTotal: 40894456 kB, SwapFree: 40861944 kB
INFO [2026-03-16 13:56:12] Memory: Total: 61649012 kB, Available: 56822532 kB, Active: 3853712 kB, SwapTotal: 40894456 kB, SwapFree: 40861944 kB
INFO [2026-03-16 13:56:12] Memory: Total: 61649012 kB, Available: 56822532 kB, Active: 3854316 kB, SwapTotal: 40894456 kB, SwapFree: 40861944 kB
INFO [2026-03-16 13:56:13] Memory: Total: 61649012 kB, Available: 56822532 kB, Active: 3854016 kB, SwapTotal: 40894456 kB, SwapFree: 40861944 kB
INFO [2026-03-16 13:56:13] Memory: Total: 61649012 kB, Available: 56822532 kB, Active: 3854016 kB, SwapTotal: 40894456 kB, SwapFree: 40861944 kB
INFO [2026-03-16 13:56:13] Memory: Total: 61649012 kB, Available: 56822532 kB, Active: 3854016 kB, SwapTotal: 40894456 kB, SwapFree: 40861944 kB
INFO [2026-03-16 13:56:13] Memory: Total: 61649012 kB, Available: 56822532 kB, Active: 3854340 kB, SwapTotal: 40894456 kB, SwapFree: 40861944 kB
INFO [2026-03-16 13:56:13] Memory: Total: 61649012 kB, Available: 56822536 kB, Active: 3854040 kB, SwapTotal: 40894456 kB, SwapFree: 40861944 kB
INFO [2026-03-16 13:56:14] Memory: Total: 61649012 kB, Available: 56822536 kB, Active: 3854040 kB, SwapTotal: 40894456 kB, SwapFree: 40861944 kB
INFO [2026-03-16 13:56:14] Memory: Total: 61649012 kB, Available: 56822536 kB, Active: 3854040 kB, SwapTotal: 40894456 kB, SwapFree: 40861944 kB
INFO [2026-03-16 13:56:14] Memory: Total: 61649012 kB, Available: 56822536 kB, Active: 3854040 kB, SwapTotal: 40894456 kB, SwapFree: 40861944 kB
INFO [2026-03-16 13:56:14] Memory: Total: 61649012 kB, Available: 56822536 kB, Active: 3854040 kB, SwapTotal: 40894456 kB, SwapFree: 40861944 kB
INFO [2026-03-16 13:56:14] Memory: Total: 61649012 kB, Available: 56823808 kB, Active: 3853996 kB, SwapTotal: 40894456 kB, SwapFree: 40861944 kB
INFO [2026-03-16 13:56:15] Memory: Total: 61649012 kB, Available: 56823804 kB, Active: 3854224 kB, SwapTotal: 40894456 kB, SwapFree: 40861944 kB
INFO [2026-03-16 13:56:15] Memory: Total: 61649012 kB, Available: 56823804 kB, Active: 3854060 kB, SwapTotal: 40894456 kB, SwapFree: 40861944 kB
INFO [2026-03-16 13:56:15] Memory: Total: 61649012 kB, Available: 56823804 kB, Active: 3854060 kB, SwapTotal: 40894456 kB, SwapFree: 40861944 kB
INFO [2026-03-16 13:56:15] Memory: Total: 61649012 kB, Available: 56823804 kB, Active: 3854060 kB, SwapTotal: 40894456 kB, SwapFree: 40861944 kB
INFO [2026-03-16 13:56:15] Memory: Total: 61649012 kB, Available: 56823804 kB, Active: 3854060 kB, SwapTotal: 40894456 kB, SwapFree: 40861944 kB
INFO [2026-03-16 13:56:15] Memory: Total: 61649012 kB, Available: 56823804 kB, Active: 3854060 kB, SwapTotal: 40894456 kB, SwapFree: 40861944 kB
INFO [2026-03-16 13:56:16] Memory: Total: 61649012 kB, Available: 56823804 kB, Active: 3854060 kB, SwapTotal: 40894456 kB, SwapFree: 40861944 kB
INFO [2026-03-16 13:56:16] Memory: Total: 61649012 kB, Available: 56823804 kB, Active: 3854060 kB, SwapTotal: 40894456 kB, SwapFree: 40861944 kB
INFO [2026-03-16 13:56:16] Memory: Total: 61649012 kB, Available: 56823804 kB, Active: 3854060 kB, SwapTotal: 40894456 kB, SwapFree: 40861944 kB
INFO [2026-03-16 13:56:16] Memory: Total: 61649012 kB, Available: 56823804 kB, Active: 3854060 kB, SwapTotal: 40894456 kB, SwapFree: 40861944 kB
INFO [2026-03-16 13:56:16] Memory: Total: 61649012 kB, Available: 56823804 kB, Active: 3854060 kB, SwapTotal: 40894456 kB, SwapFree: 40861944 kB
INFO [2026-03-16 13:56:17] Memory: Total: 61649012 kB, Available: 56823552 kB, Active: 3854060 kB, SwapTotal: 40894456 kB, SwapFree: 40861944 kB
INFO [2026-03-16 13:56:17] Memory: Total: 61649012 kB, Available: 56823552 kB, Active: 3854060 kB, SwapTotal: 40894456 kB, SwapFree: 40861944 kB
INFO [2026-03-16 13:56:17] Memory: Total: 61649012 kB, Available: 56823552 kB, Active: 3854060 kB, SwapTotal: 40894456 kB, SwapFree: 40861944 kB
INFO [2026-03-16 13:56:17] Memory: Total: 61649012 kB, Available: 56823552 kB, Active: 3854060 kB, SwapTotal: 40894456 kB, SwapFree: 40861944 kB
INFO [2026-03-16 13:56:17] Memory: Total: 61649012 kB, Available: 56823552 kB, Active: 3854060 kB, SwapTotal: 40894456 kB, SwapFree: 40861944 kB
INFO [2026-03-16 13:56:17] Memory: Total: 61649012 kB, Available: 56823552 kB, Active: 3854144 kB, SwapTotal: 40894456 kB, SwapFree: 40861944 kB
INFO [2026-03-16 13:56:18] Memory: Total: 61649012 kB, Available: 56823552 kB, Active: 3854060 kB, SwapTotal: 40894456 kB, SwapFree: 40861944 kB
INFO [2026-03-16 13:56:18] Memory: Total: 61649012 kB, Available: 56823552 kB, Active: 3854384 kB, SwapTotal: 40894456 kB, SwapFree: 40861944 kB
INFO [2026-03-16 13:56:18] Memory: Total: 61649012 kB, Available: 56823552 kB, Active: 3854068 kB, SwapTotal: 40894456 kB, SwapFree: 40861944 kB
INFO [2026-03-16 13:56:18] Memory: Total: 61649012 kB, Available: 56823552 kB, Active: 3854068 kB, SwapTotal: 40894456 kB, SwapFree: 40861944 kB
INFO [2026-03-16 13:56:18] Memory: Total: 61649012 kB, Available: 56823300 kB, Active: 3854068 kB, SwapTotal: 40894456 kB, SwapFree: 40861944 kB
INFO [2026-03-16 13:56:19] Memory: Total: 61649012 kB, Available: 56823300 kB, Active: 3854392 kB, SwapTotal: 40894456 kB, SwapFree: 40861944 kB
INFO [2026-03-16 13:56:19] Memory: Total: 61649012 kB, Available: 56823300 kB, Active: 3854092 kB, SwapTotal: 40894456 kB, SwapFree: 40861944 kB
INFO [2026-03-16 13:56:19] Memory: Total: 61649012 kB, Available: 56823300 kB, Active: 3854264 kB, SwapTotal: 40894456 kB, SwapFree: 40861944 kB
INFO [2026-03-16 13:56:19] Memory: Total: 61649012 kB, Available: 56823300 kB, Active: 3854100 kB, SwapTotal: 40894456 kB, SwapFree: 40861944 kB
INFO [2026-03-16 13:56:19] Memory: Total: 61649012 kB, Available: 56823300 kB, Active: 3854100 kB, SwapTotal: 40894456 kB, SwapFree: 40861944 kB
INFO [2026-03-16 13:56:19] Memory: Total: 61649012 kB, Available: 56823300 kB, Active: 3854100 kB, SwapTotal: 40894456 kB, SwapFree: 40861944 kB
INFO [2026-03-16 13:56:20] Memory: Total: 61649012 kB, Available: 56823300 kB, Active: 3854100 kB, SwapTotal: 40894456 kB, SwapFree: 40861944 kB
INFO [2026-03-16 13:56:20] Memory: Total: 61649012 kB, Available: 56823300 kB, Active: 3854100 kB, SwapTotal: 40894456 kB, SwapFree: 40861944 kB
INFO [2026-03-16 13:56:20] Memory: Total: 61649012 kB, Available: 56823300 kB, Active: 3854100 kB, SwapTotal: 40894456 kB, SwapFree: 40861944 kB
INFO [2026-03-16 13:56:20] Memory: Total: 61649012 kB, Available: 56823300 kB, Active: 3854100 kB, SwapTotal: 40894456 kB, SwapFree: 40861944 kB
INFO [2026-03-16 13:56:20] Memory: Total: 61649012 kB, Available: 56823300 kB, Active: 3854100 kB, SwapTotal: 40894456 kB, SwapFree: 40861944 kB
INFO [2026-03-16 13:56:21] Memory: Total: 61649012 kB, Available: 56823300 kB, Active: 3854100 kB, SwapTotal: 40894456 kB, SwapFree: 40861944 kB
INFO [2026-03-16 13:56:21] Memory: Total: 61649012 kB, Available: 56823300 kB, Active: 3854100 kB, SwapTotal: 40894456 kB, SwapFree: 40861944 kB
INFO [2026-03-16 13:56:21] Memory: Total: 61649012 kB, Available: 56823300 kB, Active: 3854100 kB, SwapTotal: 40894456 kB, SwapFree: 40861944 kB
INFO [2026-03-16 13:56:21] Memory: Total: 61649012 kB, Available: 56823300 kB, Active: 3854108 kB, SwapTotal: 40894456 kB, SwapFree: 40861944 kB
INFO [2026-03-16 13:56:21] Memory: Total: 61649012 kB, Available: 56823300 kB, Active: 3854108 kB, SwapTotal: 40894456 kB, SwapFree: 40861944 kB
INFO [2026-03-16 13:56:22] Memory: Total: 61649012 kB, Available: 56823300 kB, Active: 3854108 kB, SwapTotal: 40894456 kB, SwapFree: 40861944 kB
INFO [2026-03-16 13:56:22] Memory: Total: 61649012 kB, Available: 56823300 kB, Active: 3854108 kB, SwapTotal: 40894456 kB, SwapFree: 40861944 kB
INFO [2026-03-16 13:56:22] Memory: Total: 61649012 kB, Available: 56823300 kB, Active: 3854108 kB, SwapTotal: 40894456 kB, SwapFree: 40861944 kB
INFO [2026-03-16 13:56:22] Memory: Total: 61649012 kB, Available: 56823300 kB, Active: 3854108 kB, SwapTotal: 40894456 kB, SwapFree: 40861944 kB
INFO [2026-03-16 13:56:22] Memory: Total: 61649012 kB, Available: 56823300 kB, Active: 3854108 kB, SwapTotal: 40894456 kB, SwapFree: 40861944 kB
INFO [2026-03-16 13:56:22] Memory: Total: 61649012 kB, Available: 56823300 kB, Active: 3854108 kB, SwapTotal: 40894456 kB, SwapFree: 40861944 kB
INFO [2026-03-16 13:56:23] Memory: Total: 61649012 kB, Available: 56823300 kB, Active: 3854392 kB, SwapTotal: 40894456 kB, SwapFree: 40861944 kB
INFO [2026-03-16 13:56:23] Memory: Total: 61649012 kB, Available: 56823300 kB, Active: 3854108 kB, SwapTotal: 40894456 kB, SwapFree: 40861944 kB
INFO [2026-03-16 13:56:23] Memory: Total: 61649012 kB, Available: 56823300 kB, Active: 3854108 kB, SwapTotal: 40894456 kB, SwapFree: 40861944 kB
INFO [2026-03-16 13:56:23] Memory: Total: 61649012 kB, Available: 56823048 kB, Active: 3854108 kB, SwapTotal: 40894456 kB, SwapFree: 40861944 kB
INFO [2026-03-16 13:56:23] Memory: Total: 61649012 kB, Available: 56823048 kB, Active: 3854108 kB, SwapTotal: 40894456 kB, SwapFree: 40861944 kB
INFO [2026-03-16 13:56:24] Memory: Total: 61649012 kB, Available: 56822544 kB, Active: 3854108 kB, SwapTotal: 40894456 kB, SwapFree: 40861944 kB
INFO [2026-03-16 13:56:24] Memory: Total: 61649012 kB, Available: 56822544 kB, Active: 3854108 kB, SwapTotal: 40894456 kB, SwapFree: 40861944 kB
INFO [2026-03-16 13:56:24] Memory: Total: 61649012 kB, Available: 56822544 kB, Active: 3854108 kB, SwapTotal: 40894456 kB, SwapFree: 40861944 kB
INFO [2026-03-16 13:56:24] Memory: Total: 61649012 kB, Available: 56822544 kB, Active: 3854108 kB, SwapTotal: 40894456 kB, SwapFree: 40861944 kB
INFO [2026-03-16 13:56:24] Memory: Total: 61649012 kB, Available: 56822544 kB, Active: 3854108 kB, SwapTotal: 40894456 kB, SwapFree: 40861944 kB
INFO [2026-03-16 13:56:24] Memory: Total: 61649012 kB, Available: 56822544 kB, Active: 3854392 kB, SwapTotal: 40894456 kB, SwapFree: 40861944 kB
INFO [2026-03-16 13:56:25] Memory: Total: 61649012 kB, Available: 56822544 kB, Active: 3854108 kB, SwapTotal: 40894456 kB, SwapFree: 40861944 kB
INFO [2026-03-16 13:56:25] Memory: Total: 61649012 kB, Available: 56822544 kB, Active: 3854108 kB, SwapTotal: 40894456 kB, SwapFree: 40861944 kB
INFO [2026-03-16 13:56:25] Memory: Total: 61649012 kB, Available: 56822544 kB, Active: 3854108 kB, SwapTotal: 40894456 kB, SwapFree: 40861944 kB
INFO [2026-03-16 13:56:25] Memory: Total: 61649012 kB, Available: 56822544 kB, Active: 3854108 kB, SwapTotal: 40894456 kB, SwapFree: 40861944 kB
INFO [2026-03-16 13:56:25] Memory: Total: 61649012 kB, Available: 56822292 kB, Active: 3854108 kB, SwapTotal: 40894456 kB, SwapFree: 40861944 kB
INFO [2026-03-16 13:56:26] Memory: Total: 61649012 kB, Available: 56822292 kB, Active: 3854268 kB, SwapTotal: 40894456 kB, SwapFree: 40861944 kB
INFO [2026-03-16 13:56:26] Memory: Total: 61649012 kB, Available: 56822292 kB, Active: 3854108 kB, SwapTotal: 40894456 kB, SwapFree: 40861944 kB
INFO [2026-03-16 13:56:26] Memory: Total: 61649012 kB, Available: 56822292 kB, Active: 3854108 kB, SwapTotal: 40894456 kB, SwapFree: 40861944 kB
INFO [2026-03-16 13:56:26] Memory: Total: 61649012 kB, Available: 56822292 kB, Active: 3854108 kB, SwapTotal: 40894456 kB, SwapFree: 40861944 kB
INFO [2026-03-16 13:56:26] Memory: Total: 61649012 kB, Available: 56822544 kB, Active: 3854116 kB, SwapTotal: 40894456 kB, SwapFree: 40861944 kB
INFO [2026-03-16 13:56:26] Memory: Total: 61649012 kB, Available: 56822544 kB, Active: 3854116 kB, SwapTotal: 40894456 kB, SwapFree: 40861944 kB
INFO [2026-03-16 13:56:27] Memory: Total: 61649012 kB, Available: 56822544 kB, Active: 3854116 kB, SwapTotal: 40894456 kB, SwapFree: 40861944 kB
INFO [2026-03-16 13:56:27] Memory: Total: 61649012 kB, Available: 56822544 kB, Active: 3854116 kB, SwapTotal: 40894456 kB, SwapFree: 40861944 kB
INFO [2026-03-16 13:56:27] Memory: Total: 61649012 kB, Available: 56822544 kB, Active: 3854116 kB, SwapTotal: 40894456 kB, SwapFree: 40861944 kB
INFO [2026-03-16 13:56:27] Memory: Total: 61649012 kB, Available: 56822544 kB, Active: 3854116 kB, SwapTotal: 40894456 kB, SwapFree: 40861944 kB
INFO [2026-03-16 13:56:27] Memory: Total: 61649012 kB, Available: 56822544 kB, Active: 3854116 kB, SwapTotal: 40894456 kB, SwapFree: 40861944 kB
INFO [2026-03-16 13:56:28] Memory: Total: 61649012 kB, Available: 56822544 kB, Active: 3854280 kB, SwapTotal: 40894456 kB, SwapFree: 40861944 kB
INFO [2026-03-16 13:56:28] Memory: Total: 61649012 kB, Available: 56822544 kB, Active: 3854116 kB, SwapTotal: 40894456 kB, SwapFree: 40861944 kB
INFO [2026-03-16 13:56:28] Memory: Total: 61649012 kB, Available: 56822544 kB, Active: 3854116 kB, SwapTotal: 40894456 kB, SwapFree: 40861944 kB
INFO [2026-03-16 13:56:28] Memory: Total: 61649012 kB, Available: 56822544 kB, Active: 3854116 kB, SwapTotal: 40894456 kB, SwapFree: 40861944 kB
INFO [2026-03-16 13:56:28] Memory: Total: 61649012 kB, Available: 56822544 kB, Active: 3854116 kB, SwapTotal: 40894456 kB, SwapFree: 40861944 kB
INFO [2026-03-16 13:56:28] Memory: Total: 61649012 kB, Available: 56822544 kB, Active: 3854276 kB, SwapTotal: 40894456 kB, SwapFree: 40861944 kB
INFO [2026-03-16 13:56:29] Memory: Total: 61649012 kB, Available: 56822544 kB, Active: 3854116 kB, SwapTotal: 40894456 kB, SwapFree: 40861944 kB
INFO [2026-03-16 13:56:29] Memory: Total: 61649012 kB, Available: 56822544 kB, Active: 3854116 kB, SwapTotal: 40894456 kB, SwapFree: 40861944 kB
INFO [2026-03-16 13:56:29] Memory: Total: 61649012 kB, Available: 56822544 kB, Active: 3854116 kB, SwapTotal: 40894456 kB, SwapFree: 40861944 kB
INFO [2026-03-16 13:56:29] Memory: Total: 61649012 kB, Available: 56822544 kB, Active: 3854116 kB, SwapTotal: 40894456 kB, SwapFree: 40861944 kB
INFO [2026-03-16 13:56:29] Memory: Total: 61649012 kB, Available: 56822544 kB, Active: 3854116 kB, SwapTotal: 40894456 kB, SwapFree: 40861944 kB
INFO [2026-03-16 13:56:30] Memory: Total: 61649012 kB, Available: 56822544 kB, Active: 3854116 kB, SwapTotal: 40894456 kB, SwapFree: 40861944 kB
INFO [2026-03-16 13:56:30] Memory: Total: 61649012 kB, Available: 56822544 kB, Active: 3854404 kB, SwapTotal: 40894456 kB, SwapFree: 40861944 kB
INFO [2026-03-16 13:56:30] Memory: Total: 61649012 kB, Available: 56822544 kB, Active: 3854116 kB, SwapTotal: 40894456 kB, SwapFree: 40861944 kB
INFO [2026-03-16 13:56:30] Memory: Total: 61649012 kB, Available: 56822544 kB, Active: 3854116 kB, SwapTotal: 40894456 kB, SwapFree: 40861944 kB
INFO [2026-03-16 13:56:30] Memory: Total: 61649012 kB, Available: 56822544 kB, Active: 3854120 kB, SwapTotal: 40894456 kB, SwapFree: 40861944 kB
INFO [2026-03-16 13:56:30] Memory: Total: 61649012 kB, Available: 56822544 kB, Active: 3854120 kB, SwapTotal: 40894456 kB, SwapFree: 40861944 kB
INFO [2026-03-16 13:56:31] Memory: Total: 61649012 kB, Available: 56822544 kB, Active: 3854120 kB, SwapTotal: 40894456 kB, SwapFree: 40861944 kB
INFO [2026-03-16 13:56:31] Memory: Total: 61649012 kB, Available: 56822544 kB, Active: 3854120 kB, SwapTotal: 40894456 kB, SwapFree: 40861944 kB
INFO [2026-03-16 13:56:31] Memory: Total: 61649012 kB, Available: 56822544 kB, Active: 3854120 kB, SwapTotal: 40894456 kB, SwapFree: 40861944 kB
INFO [2026-03-16 13:56:31] Memory: Total: 61649012 kB, Available: 56822544 kB, Active: 3854120 kB, SwapTotal: 40894456 kB, SwapFree: 40861944 kB
INFO [2026-03-16 13:56:31] Memory: Total: 61649012 kB, Available: 56822544 kB, Active: 3854160 kB, SwapTotal: 40894456 kB, SwapFree: 40861944 kB
INFO [2026-03-16 13:56:32] Memory: Total: 61649012 kB, Available: 56822292 kB, Active: 3854120 kB, SwapTotal: 40894456 kB, SwapFree: 40861944 kB
INFO [2026-03-16 13:56:32] Memory: Total: 61649012 kB, Available: 56821956 kB, Active: 3854120 kB, SwapTotal: 40894456 kB, SwapFree: 40861944 kB
INFO [2026-03-16 13:56:32] Memory: Total: 61649012 kB, Available: 56821788 kB, Active: 3854120 kB, SwapTotal: 40894456 kB, SwapFree: 40861944 kB
INFO [2026-03-16 13:56:32] Memory: Total: 61649012 kB, Available: 56821788 kB, Active: 3854120 kB, SwapTotal: 40894456 kB, SwapFree: 40861944 kB
INFO [2026-03-16 13:56:32] Memory: Total: 61649012 kB, Available: 56821788 kB, Active: 3854120 kB, SwapTotal: 40894456 kB, SwapFree: 40861944 kB
INFO [2026-03-16 13:56:33] Memory: Total: 61649012 kB, Available: 56821788 kB, Active: 3854176 kB, SwapTotal: 40894456 kB, SwapFree: 40861944 kB
INFO [2026-03-16 13:56:33] Memory: Total: 61649012 kB, Available: 56821788 kB, Active: 3854120 kB, SwapTotal: 40894456 kB, SwapFree: 40861944 kB
INFO [2026-03-16 13:56:33] Memory: Total: 61649012 kB, Available: 56821788 kB, Active: 3854120 kB, SwapTotal: 40894456 kB, SwapFree: 40861944 kB
INFO [2026-03-16 13:56:33] Memory: Total: 61649012 kB, Available: 56821788 kB, Active: 3854120 kB, SwapTotal: 40894456 kB, SwapFree: 40861944 kB
INFO [2026-03-16 13:56:33] Memory: Total: 61649012 kB, Available: 56821788 kB, Active: 3854120 kB, SwapTotal: 40894456 kB, SwapFree: 40861944 kB
INFO [2026-03-16 13:56:33] Memory: Total: 61649012 kB, Available: 56821788 kB, Active: 3854120 kB, SwapTotal: 40894456 kB, SwapFree: 40861944 kB
INFO [2026-03-16 13:56:34] Memory: Total: 61649012 kB, Available: 56821788 kB, Active: 3854120 kB, SwapTotal: 40894456 kB, SwapFree: 40861944 kB
INFO [2026-03-16 13:56:34] Memory: Total: 61649012 kB, Available: 56821788 kB, Active: 3854120 kB, SwapTotal: 40894456 kB, SwapFree: 40861944 kB
INFO [2026-03-16 13:56:34] Memory: Total: 61649012 kB, Available: 56821536 kB, Active: 3854120 kB, SwapTotal: 40894456 kB, SwapFree: 40861944 kB
INFO [2026-03-16 13:56:34] Memory: Total: 61649012 kB, Available: 56821536 kB, Active: 3854128 kB, SwapTotal: 40894456 kB, SwapFree: 40861944 kB
INFO [2026-03-16 13:56:34] Memory: Total: 61649012 kB, Available: 56821536 kB, Active: 3854128 kB, SwapTotal: 40894456 kB, SwapFree: 40861944 kB
INFO [2026-03-16 13:56:35] Memory: Total: 61649012 kB, Available: 56821536 kB, Active: 3854128 kB, SwapTotal: 40894456 kB, SwapFree: 40861944 kB
INFO [2026-03-16 13:56:35] Memory: Total: 61649012 kB, Available: 56821536 kB, Active: 3854128 kB, SwapTotal: 40894456 kB, SwapFree: 40861944 kB
INFO [2026-03-16 13:56:35] Memory: Total: 61649012 kB, Available: 56821536 kB, Active: 3854452 kB, SwapTotal: 40894456 kB, SwapFree: 40861944 kB
INFO [2026-03-16 13:56:35] Memory: Total: 61649012 kB, Available: 56821536 kB, Active: 3854136 kB, SwapTotal: 40894456 kB, SwapFree: 40861944 kB
INFO [2026-03-16 13:56:35] Memory: Total: 61649012 kB, Available: 56821536 kB, Active: 3854136 kB, SwapTotal: 40894456 kB, SwapFree: 40861944 kB
INFO [2026-03-16 13:56:35] Memory: Total: 61649012 kB, Available: 56821536 kB, Active: 3854136 kB, SwapTotal: 40894456 kB, SwapFree: 40861944 kB
INFO [2026-03-16 13:56:36] Memory: Total: 61649012 kB, Available: 56821536 kB, Active: 3854136 kB, SwapTotal: 40894456 kB, SwapFree: 40861944 kB
INFO [2026-03-16 13:56:36] Memory: Total: 61649012 kB, Available: 56821544 kB, Active: 3854136 kB, SwapTotal: 40894456 kB, SwapFree: 40861944 kB
INFO [2026-03-16 13:56:36] Memory: Total: 61649012 kB, Available: 56821544 kB, Active: 3854460 kB, SwapTotal: 40894456 kB, SwapFree: 40861944 kB
INFO [2026-03-16 13:56:36] Memory: Total: 61649012 kB, Available: 56821544 kB, Active: 3854144 kB, SwapTotal: 40894456 kB, SwapFree: 40861944 kB
INFO [2026-03-16 13:56:36] Memory: Total: 61649012 kB, Available: 56821544 kB, Active: 3854144 kB, SwapTotal: 40894456 kB, SwapFree: 40861944 kB
INFO [2026-03-16 13:56:37] Memory: Total: 61649012 kB, Available: 56821556 kB, Active: 3854144 kB, SwapTotal: 40894456 kB, SwapFree: 40861944 kB
INFO [2026-03-16 13:56:37] Memory: Total: 61649012 kB, Available: 56821572 kB, Active: 3854144 kB, SwapTotal: 40894456 kB, SwapFree: 40861944 kB
INFO [2026-03-16 13:56:37] Memory: Total: 61649012 kB, Available: 56821572 kB, Active: 3854144 kB, SwapTotal: 40894456 kB, SwapFree: 40861944 kB
INFO [2026-03-16 13:56:37] Memory: Total: 61649012 kB, Available: 56821572 kB, Active: 3854144 kB, SwapTotal: 40894456 kB, SwapFree: 40861944 kB
INFO [2026-03-16 13:56:37] Memory: Total: 61649012 kB, Available: 56821572 kB, Active: 3854144 kB, SwapTotal: 40894456 kB, SwapFree: 40861944 kB
INFO [2026-03-16 13:56:37] Memory: Total: 61649012 kB, Available: 56821600 kB, Active: 3854144 kB, SwapTotal: 40894456 kB, SwapFree: 40861944 kB
INFO [2026-03-16 13:56:38] Memory: Total: 61649012 kB, Available: 56821616 kB, Active: 3854144 kB, SwapTotal: 40894456 kB, SwapFree: 40861944 kB
INFO [2026-03-16 13:56:38] Memory: Total: 61649012 kB, Available: 56821616 kB, Active: 3854144 kB, SwapTotal: 40894456 kB, SwapFree: 40861944 kB
INFO [2026-03-16 13:56:38] Memory: Total: 61649012 kB, Available: 56821616 kB, Active: 3854144 kB, SwapTotal: 40894456 kB, SwapFree: 40861944 kB
INFO [2026-03-16 13:56:38] Memory: Total: 61649012 kB, Available: 56821616 kB, Active: 3854144 kB, SwapTotal: 40894456 kB, SwapFree: 40861944 kB
INFO [2026-03-16 13:56:38] Memory: Total: 61649012 kB, Available: 56821616 kB, Active: 3854144 kB, SwapTotal: 40894456 kB, SwapFree: 40861944 kB
INFO [2026-03-16 13:56:39] Memory: Total: 61649012 kB, Available: 56821884 kB, Active: 3854144 kB, SwapTotal: 40894456 kB, SwapFree: 40861944 kB
INFO [2026-03-16 13:56:39] Memory: Total: 61649012 kB, Available: 56821884 kB, Active: 3854428 kB, SwapTotal: 40894456 kB, SwapFree: 40861944 kB
INFO [2026-03-16 13:56:39] Memory: Total: 61649012 kB, Available: 56821884 kB, Active: 3854144 kB, SwapTotal: 40894456 kB, SwapFree: 40861944 kB
INFO [2026-03-16 13:56:39] Memory: Total: 61649012 kB, Available: 56821884 kB, Active: 3854144 kB, SwapTotal: 40894456 kB, SwapFree: 40861944 kB
INFO [2026-03-16 13:56:39] Memory: Total: 61649012 kB, Available: 56821632 kB, Active: 3854144 kB, SwapTotal: 40894456 kB, SwapFree: 40861944 kB
INFO [2026-03-16 13:56:39] Memory: Total: 61649012 kB, Available: 56821632 kB, Active: 3854144 kB, SwapTotal: 40894456 kB, SwapFree: 40861944 kB
INFO [2026-03-16 13:56:40] Memory: Total: 61649012 kB, Available: 56821632 kB, Active: 3854144 kB, SwapTotal: 40894456 kB, SwapFree: 40861944 kB
INFO [2026-03-16 13:56:40] Memory: Total: 61649012 kB, Available: 56821632 kB, Active: 3854468 kB, SwapTotal: 40894456 kB, SwapFree: 40861944 kB
INFO [2026-03-16 13:56:40] Memory: Total: 61649012 kB, Available: 56821632 kB, Active: 3854160 kB, SwapTotal: 40894456 kB, SwapFree: 40861944 kB
INFO [2026-03-16 13:56:40] Memory: Total: 61649012 kB, Available: 56821632 kB, Active: 3854160 kB, SwapTotal: 40894456 kB, SwapFree: 40861944 kB
INFO [2026-03-16 13:56:40] Memory: Total: 61649012 kB, Available: 56821380 kB, Active: 3854160 kB, SwapTotal: 40894456 kB, SwapFree: 40861944 kB
INFO [2026-03-16 13:56:41] Memory: Total: 61649012 kB, Available: 56821380 kB, Active: 3854160 kB, SwapTotal: 40894456 kB, SwapFree: 40861944 kB
INFO [2026-03-16 13:56:41] Memory: Total: 61649012 kB, Available: 56821380 kB, Active: 3854160 kB, SwapTotal: 40894456 kB, SwapFree: 40861944 kB
INFO [2026-03-16 13:56:41] Memory: Total: 61649012 kB, Available: 56821380 kB, Active: 3854160 kB, SwapTotal: 40894456 kB, SwapFree: 40861944 kB
INFO [2026-03-16 13:56:41] Memory: Total: 61649012 kB, Available: 56821380 kB, Active: 3854160 kB, SwapTotal: 40894456 kB, SwapFree: 40861944 kB
INFO [2026-03-16 13:56:41] Memory: Total: 61649012 kB, Available: 56821380 kB, Active: 3854160 kB, SwapTotal: 40894456 kB, SwapFree: 40861944 kB
INFO [2026-03-16 13:56:42] Memory: Total: 61649012 kB, Available: 56821380 kB, Active: 3854160 kB, SwapTotal: 40894456 kB, SwapFree: 40861944 kB
INFO [2026-03-16 13:56:42] Memory: Total: 61649012 kB, Available: 56821380 kB, Active: 3854160 kB, SwapTotal: 40894456 kB, SwapFree: 40861944 kB
INFO [2026-03-16 13:56:42] Memory: Total: 61649012 kB, Available: 56821380 kB, Active: 3854160 kB, SwapTotal: 40894456 kB, SwapFree: 40861944 kB
INFO [2026-03-16 13:56:42] Memory: Total: 61649012 kB, Available: 56821380 kB, Active: 3854160 kB, SwapTotal: 40894456 kB, SwapFree: 40861944 kB
INFO [2026-03-16 13:56:42] Memory: Total: 61649012 kB, Available: 56821380 kB, Active: 3854160 kB, SwapTotal: 40894456 kB, SwapFree: 40861944 kB
INFO [2026-03-16 13:56:42] Memory: Total: 61649012 kB, Available: 56821380 kB, Active: 3854448 kB, SwapTotal: 40894456 kB, SwapFree: 40861944 kB
INFO [2026-03-16 13:56:43] Memory: Total: 61649012 kB, Available: 56821380 kB, Active: 3854160 kB, SwapTotal: 40894456 kB, SwapFree: 40861944 kB
INFO [2026-03-16 13:56:43] Memory: Total: 61649012 kB, Available: 56821380 kB, Active: 3854160 kB, SwapTotal: 40894456 kB, SwapFree: 40861944 kB
INFO [2026-03-16 13:56:43] Memory: Total: 61649012 kB, Available: 56821380 kB, Active: 3854160 kB, SwapTotal: 40894456 kB, SwapFree: 40861944 kB
INFO [2026-03-16 13:56:43] Memory: Total: 61649012 kB, Available: 56821380 kB, Active: 3854160 kB, SwapTotal: 40894456 kB, SwapFree: 40861944 kB
INFO [2026-03-16 13:56:43] Memory: Total: 61649012 kB, Available: 56821128 kB, Active: 3854160 kB, SwapTotal: 40894456 kB, SwapFree: 40861944 kB
INFO [2026-03-16 13:56:44] Memory: Total: 61649012 kB, Available: 56821128 kB, Active: 3854324 kB, SwapTotal: 40894456 kB, SwapFree: 40861944 kB
INFO [2026-03-16 13:56:44] Memory: Total: 61649012 kB, Available: 56821128 kB, Active: 3854160 kB, SwapTotal: 40894456 kB, SwapFree: 40861944 kB
INFO [2026-03-16 13:56:44] Memory: Total: 61649012 kB, Available: 56821380 kB, Active: 3854160 kB, SwapTotal: 40894456 kB, SwapFree: 40861944 kB
INFO [2026-03-16 13:56:44] Memory: Total: 61649012 kB, Available: 56821140 kB, Active: 3854160 kB, SwapTotal: 40894456 kB, SwapFree: 40861944 kB
INFO [2026-03-16 13:56:44] Memory: Total: 61649012 kB, Available: 56821140 kB, Active: 3854160 kB, SwapTotal: 40894456 kB, SwapFree: 40861944 kB
INFO [2026-03-16 13:56:44] Memory: Total: 61649012 kB, Available: 56821140 kB, Active: 3854160 kB, SwapTotal: 40894456 kB, SwapFree: 40861944 kB
INFO [2026-03-16 13:56:45] Memory: Total: 61649012 kB, Available: 56821140 kB, Active: 3854160 kB, SwapTotal: 40894456 kB, SwapFree: 40861944 kB
INFO [2026-03-16 13:56:45] Memory: Total: 61649012 kB, Available: 56821140 kB, Active: 3854160 kB, SwapTotal: 40894456 kB, SwapFree: 40861944 kB
INFO [2026-03-16 13:56:45] Memory: Total: 61649012 kB, Available: 56821140 kB, Active: 3854444 kB, SwapTotal: 40894456 kB, SwapFree: 40861944 kB
INFO [2026-03-16 13:56:45] Memory: Total: 61649012 kB, Available: 56821140 kB, Active: 3854160 kB, SwapTotal: 40894456 kB, SwapFree: 40861944 kB
INFO [2026-03-16 13:56:45] Memory: Total: 61649012 kB, Available: 56821140 kB, Active: 3854160 kB, SwapTotal: 40894456 kB, SwapFree: 40861944 kB
INFO [2026-03-16 13:56:46] Memory: Total: 61649012 kB, Available: 56820888 kB, Active: 3854160 kB, SwapTotal: 40894456 kB, SwapFree: 40861944 kB
INFO [2026-03-16 13:56:46] Memory: Total: 61649012 kB, Available: 56820888 kB, Active: 3854160 kB, SwapTotal: 40894456 kB, SwapFree: 40861944 kB
INFO [2026-03-16 13:56:46] Memory: Total: 61649012 kB, Available: 56820888 kB, Active: 3854160 kB, SwapTotal: 40894456 kB, SwapFree: 40861944 kB
INFO [2026-03-16 13:56:46] Memory: Total: 61649012 kB, Available: 56820888 kB, Active: 3854160 kB, SwapTotal: 40894456 kB, SwapFree: 40861944 kB
INFO [2026-03-16 13:56:46] Memory: Total: 61649012 kB, Available: 56820888 kB, Active: 3854160 kB, SwapTotal: 40894456 kB, SwapFree: 40861944 kB
INFO [2026-03-16 13:56:47] Memory: Total: 61649012 kB, Available: 56820636 kB, Active: 3854160 kB, SwapTotal: 40894456 kB, SwapFree: 40861944 kB
INFO [2026-03-16 13:56:47] Memory: Total: 61649012 kB, Available: 56820636 kB, Active: 3854160 kB, SwapTotal: 40894456 kB, SwapFree: 40861944 kB
INFO [2026-03-16 13:56:47] Memory: Total: 61649012 kB, Available: 56820636 kB, Active: 3854160 kB, SwapTotal: 40894456 kB, SwapFree: 40861944 kB
INFO [2026-03-16 13:56:47] Memory: Total: 61649012 kB, Available: 56820636 kB, Active: 3854320 kB, SwapTotal: 40894456 kB, SwapFree: 40861944 kB
INFO [2026-03-16 13:56:48] Memory: Total: 61649012 kB, Available: 56820636 kB, Active: 3854160 kB, SwapTotal: 40894456 kB, SwapFree: 40861944 kB
INFO [2026-03-16 13:56:48] Memory: Total: 61649012 kB, Available: 56820636 kB, Active: 3854160 kB, SwapTotal: 40894456 kB, SwapFree: 40861944 kB
INFO [2026-03-16 13:56:48] Memory: Total: 61649012 kB, Available: 56820636 kB, Active: 3854160 kB, SwapTotal: 40894456 kB, SwapFree: 40861944 kB
INFO [2026-03-16 13:56:48] Memory: Total: 61649012 kB, Available: 56820636 kB, Active: 3854160 kB, SwapTotal: 40894456 kB, SwapFree: 40861944 kB
INFO [2026-03-16 13:56:49] Memory: Total: 61649012 kB, Available: 56820636 kB, Active: 3854160 kB, SwapTotal: 40894456 kB, SwapFree: 40861944 kB
INFO [2026-03-16 13:56:49] Memory: Total: 61649012 kB, Available: 56820636 kB, Active: 3854160 kB, SwapTotal: 40894456 kB, SwapFree: 40861944 kB
INFO [2026-03-16 13:56:49] Memory: Total: 61649012 kB, Available: 56820636 kB, Active: 3854160 kB, SwapTotal: 40894456 kB, SwapFree: 40861944 kB
INFO [2026-03-16 13:56:49] Memory: Total: 61649012 kB, Available: 56820636 kB, Active: 3854160 kB, SwapTotal: 40894456 kB, SwapFree: 40861944 kB
INFO [2026-03-16 13:56:49] Memory: Total: 61649012 kB, Available: 56820636 kB, Active: 3854160 kB, SwapTotal: 40894456 kB, SwapFree: 40861944 kB
INFO [2026-03-16 13:56:49] Memory: Total: 61649012 kB, Available: 56820636 kB, Active: 3854160 kB, SwapTotal: 40894456 kB, SwapFree: 40861944 kB
INFO [2026-03-16 13:56:50] Memory: Total: 61649012 kB, Available: 56820636 kB, Active: 3854160 kB, SwapTotal: 40894456 kB, SwapFree: 40861944 kB
INFO [2026-03-16 13:56:50] Memory: Total: 61649012 kB, Available: 56820636 kB, Active: 3854160 kB, SwapTotal: 40894456 kB, SwapFree: 40861944 kB
INFO [2026-03-16 13:56:50] Memory: Total: 61649012 kB, Available: 56820636 kB, Active: 3854160 kB, SwapTotal: 40894456 kB, SwapFree: 40861944 kB
INFO [2026-03-16 13:56:50] Memory: Total: 61649012 kB, Available: 56820636 kB, Active: 3854160 kB, SwapTotal: 40894456 kB, SwapFree: 40861944 kB
INFO [2026-03-16 13:56:50] Memory: Total: 61649012 kB, Available: 56820636 kB, Active: 3854160 kB, SwapTotal: 40894456 kB, SwapFree: 40861944 kB
INFO [2026-03-16 13:56:51] Memory: Total: 61649012 kB, Available: 56820636 kB, Active: 3854160 kB, SwapTotal: 40894456 kB, SwapFree: 40861944 kB
INFO [2026-03-16 13:56:51] Memory: Total: 61649012 kB, Available: 56820636 kB, Active: 3854160 kB, SwapTotal: 40894456 kB, SwapFree: 40861944 kB
INFO [2026-03-16 13:56:51] Memory: Total: 61649012 kB, Available: 56820636 kB, Active: 3854160 kB, SwapTotal: 40894456 kB, SwapFree: 40861944 kB
INFO [2026-03-16 13:56:51] Memory: Total: 61649012 kB, Available: 56820636 kB, Active: 3854160 kB, SwapTotal: 40894456 kB, SwapFree: 40861944 kB
INFO [2026-03-16 13:56:51] Memory: Total: 61649012 kB, Available: 56820636 kB, Active: 3854160 kB, SwapTotal: 40894456 kB, SwapFree: 40861944 kB
INFO [2026-03-16 13:56:51] Memory: Total: 61649012 kB, Available: 56820636 kB, Active: 3854444 kB, SwapTotal: 40894456 kB, SwapFree: 40861944 kB
INFO [2026-03-16 13:56:52] Memory: Total: 61649012 kB, Available: 56820636 kB, Active: 3854160 kB, SwapTotal: 40894456 kB, SwapFree: 40861944 kB
INFO [2026-03-16 13:56:52] Memory: Total: 61649012 kB, Available: 56820636 kB, Active: 3854160 kB, SwapTotal: 40894456 kB, SwapFree: 40861944 kB
INFO [2026-03-16 13:56:52] Memory: Total: 61649012 kB, Available: 56820636 kB, Active: 3854160 kB, SwapTotal: 40894456 kB, SwapFree: 40861944 kB
INFO [2026-03-16 13:56:52] Memory: Total: 61649012 kB, Available: 56820636 kB, Active: 3854160 kB, SwapTotal: 40894456 kB, SwapFree: 40861944 kB
INFO [2026-03-16 13:56:52] Memory: Total: 61649012 kB, Available: 56820636 kB, Active: 3854160 kB, SwapTotal: 40894456 kB, SwapFree: 40861944 kB
INFO [2026-03-16 13:56:53] Memory: Total: 61649012 kB, Available: 56820636 kB, Active: 3854160 kB, SwapTotal: 40894456 kB, SwapFree: 40861944 kB
INFO [2026-03-16 13:56:53] Memory: Total: 61649012 kB, Available: 56820636 kB, Active: 3854160 kB, SwapTotal: 40894456 kB, SwapFree: 40861944 kB
INFO [2026-03-16 13:56:53] Memory: Total: 61649012 kB, Available: 56820636 kB, Active: 3854160 kB, SwapTotal: 40894456 kB, SwapFree: 40861944 kB
INFO [2026-03-16 13:56:53] Memory: Total: 61649012 kB, Available: 56820636 kB, Active: 3854160 kB, SwapTotal: 40894456 kB, SwapFree: 40861944 kB
INFO [2026-03-16 13:56:53] Memory: Total: 61649012 kB, Available: 56820636 kB, Active: 3854160 kB, SwapTotal: 40894456 kB, SwapFree: 40861944 kB
INFO [2026-03-16 13:56:54] Memory: Total: 61649012 kB, Available: 56820636 kB, Active: 3854160 kB, SwapTotal: 40894456 kB, SwapFree: 40861944 kB
INFO [2026-03-16 13:56:54] Memory: Total: 61649012 kB, Available: 56820636 kB, Active: 3854160 kB, SwapTotal: 40894456 kB, SwapFree: 40861944 kB
INFO [2026-03-16 13:56:54] Memory: Total: 61649012 kB, Available: 56820404 kB, Active: 3854160 kB, SwapTotal: 40894456 kB, SwapFree: 40861944 kB
INFO [2026-03-16 13:56:54] Memory: Total: 61649012 kB, Available: 56820404 kB, Active: 3854160 kB, SwapTotal: 40894456 kB, SwapFree: 40861944 kB
INFO [2026-03-16 13:56:54] Memory: Total: 61649012 kB, Available: 56820404 kB, Active: 3854160 kB, SwapTotal: 40894456 kB, SwapFree: 40861944 kB
INFO [2026-03-16 13:56:54] Memory: Total: 61649012 kB, Available: 56820404 kB, Active: 3854160 kB, SwapTotal: 40894456 kB, SwapFree: 40861944 kB
INFO [2026-03-16 13:56:55] Memory: Total: 61649012 kB, Available: 56820424 kB, Active: 3854160 kB, SwapTotal: 40894456 kB, SwapFree: 40861944 kB
INFO [2026-03-16 13:56:55] Memory: Total: 61649012 kB, Available: 56820440 kB, Active: 3854160 kB, SwapTotal: 40894456 kB, SwapFree: 40861944 kB
INFO [2026-03-16 13:56:55] Memory: Total: 61649012 kB, Available: 56820440 kB, Active: 3854160 kB, SwapTotal: 40894456 kB, SwapFree: 40861944 kB
INFO [2026-03-16 13:56:55] Memory: Total: 61649012 kB, Available: 56820440 kB, Active: 3854160 kB, SwapTotal: 40894456 kB, SwapFree: 40861944 kB
INFO [2026-03-16 13:56:55] Memory: Total: 61649012 kB, Available: 56820440 kB, Active: 3854160 kB, SwapTotal: 40894456 kB, SwapFree: 40861944 kB
INFO [2026-03-16 13:56:55] Memory: Total: 61649012 kB, Available: 56820212 kB, Active: 3854448 kB, SwapTotal: 40894456 kB, SwapFree: 40861944 kB
INFO [2026-03-16 13:56:56] Memory: Total: 61649012 kB, Available: 56820212 kB, Active: 3854160 kB, SwapTotal: 40894456 kB, SwapFree: 40861944 kB
INFO [2026-03-16 13:56:56] Memory: Total: 61649012 kB, Available: 56820228 kB, Active: 3854160 kB, SwapTotal: 40894456 kB, SwapFree: 40861944 kB
INFO [2026-03-16 13:56:56] Memory: Total: 61649012 kB, Available: 56819976 kB, Active: 3854160 kB, SwapTotal: 40894456 kB, SwapFree: 40861944 kB
INFO [2026-03-16 13:56:56] Memory: Total: 61649012 kB, Available: 56819976 kB, Active: 3854160 kB, SwapTotal: 40894456 kB, SwapFree: 40861944 kB
INFO [2026-03-16 13:56:56] Memory: Total: 61649012 kB, Available: 56819976 kB, Active: 3854160 kB, SwapTotal: 40894456 kB, SwapFree: 40861944 kB
INFO [2026-03-16 13:56:57] Memory: Total: 61649012 kB, Available: 56819992 kB, Active: 3854160 kB, SwapTotal: 40894456 kB, SwapFree: 40861944 kB
INFO [2026-03-16 13:56:57] Memory: Total: 61649012 kB, Available: 56819992 kB, Active: 3854160 kB, SwapTotal: 40894456 kB, SwapFree: 40861944 kB
INFO [2026-03-16 13:56:57] Memory: Total: 61649012 kB, Available: 56819992 kB, Active: 3854160 kB, SwapTotal: 40894456 kB, SwapFree: 40861944 kB
INFO [2026-03-16 13:56:57] Memory: Total: 61649012 kB, Available: 56819992 kB, Active: 3854160 kB, SwapTotal: 40894456 kB, SwapFree: 40861944 kB
INFO [2026-03-16 13:56:57] Memory: Total: 61649012 kB, Available: 56819992 kB, Active: 3854160 kB, SwapTotal: 40894456 kB, SwapFree: 40861944 kB
INFO [2026-03-16 13:56:58] Memory: Total: 61649012 kB, Available: 56820016 kB, Active: 3854160 kB, SwapTotal: 40894456 kB, SwapFree: 40861944 kB
INFO [2026-03-16 13:56:58] Memory: Total: 61649012 kB, Available: 56820032 kB, Active: 3854168 kB, SwapTotal: 40894456 kB, SwapFree: 40861944 kB
INFO [2026-03-16 13:56:58] Memory: Total: 61649012 kB, Available: 56820032 kB, Active: 3854160 kB, SwapTotal: 40894456 kB, SwapFree: 40861944 kB
INFO [2026-03-16 13:56:58] Memory: Total: 61649012 kB, Available: 56820032 kB, Active: 3854256 kB, SwapTotal: 40894456 kB, SwapFree: 40861944 kB
INFO [2026-03-16 13:56:58] Memory: Total: 61649012 kB, Available: 56820032 kB, Active: 3854256 kB, SwapTotal: 40894456 kB, SwapFree: 40861944 kB
INFO [2026-03-16 13:56:58] Memory: Total: 61649012 kB, Available: 56820032 kB, Active: 3854256 kB, SwapTotal: 40894456 kB, SwapFree: 40861944 kB
INFO [2026-03-16 13:56:59] Memory: Total: 61649012 kB, Available: 56820032 kB, Active: 3854256 kB, SwapTotal: 40894456 kB, SwapFree: 40861944 kB
INFO [2026-03-16 13:56:59] Memory: Total: 61649012 kB, Available: 56820032 kB, Active: 3854256 kB, SwapTotal: 40894456 kB, SwapFree: 40861944 kB
INFO [2026-03-16 13:56:59] Memory: Total: 61649012 kB, Available: 56820032 kB, Active: 3854256 kB, SwapTotal: 40894456 kB, SwapFree: 40861944 kB
INFO [2026-03-16 13:56:59] Memory: Total: 61649012 kB, Available: 56820032 kB, Active: 3854256 kB, SwapTotal: 40894456 kB, SwapFree: 40861944 kB
INFO [2026-03-16 13:56:59] Memory: Total: 61649012 kB, Available: 56820032 kB, Active: 3854300 kB, SwapTotal: 40894456 kB, SwapFree: 40861944 kB
INFO [2026-03-16 13:57:00] Memory: Total: 61649012 kB, Available: 56820032 kB, Active: 3854256 kB, SwapTotal: 40894456 kB, SwapFree: 40861944 kB
INFO [2026-03-16 13:57:00] Memory: Total: 61649012 kB, Available: 56820032 kB, Active: 3854256 kB, SwapTotal: 40894456 kB, SwapFree: 40861944 kB
INFO [2026-03-16 13:57:00] Memory: Total: 61649012 kB, Available: 56820356 kB, Active: 3854540 kB, SwapTotal: 40894456 kB, SwapFree: 40861944 kB
INFO [2026-03-16 13:57:00] Memory: Total: 61649012 kB, Available: 56820384 kB, Active: 3854256 kB, SwapTotal: 40894456 kB, SwapFree: 40861944 kB
INFO [2026-03-16 13:57:00] Memory: Total: 61649012 kB, Available: 56820384 kB, Active: 3854256 kB, SwapTotal: 40894456 kB, SwapFree: 40861944 kB
INFO [2026-03-16 13:57:00] Memory: Total: 61649012 kB, Available: 56820384 kB, Active: 3854256 kB, SwapTotal: 40894456 kB, SwapFree: 40861944 kB
INFO [2026-03-16 13:57:01] Memory: Total: 61649012 kB, Available: 56820384 kB, Active: 3854256 kB, SwapTotal: 40894456 kB, SwapFree: 40861944 kB
INFO [2026-03-16 13:57:01] Memory: Total: 61649012 kB, Available: 56820132 kB, Active: 3854256 kB, SwapTotal: 40894456 kB, SwapFree: 40861944 kB
INFO [2026-03-16 13:57:01] Memory: Total: 61649012 kB, Available: 56820132 kB, Active: 3854256 kB, SwapTotal: 40894456 kB, SwapFree: 40861944 kB
INFO [2026-03-16 13:57:01] Memory: Total: 61649012 kB, Available: 56820132 kB, Active: 3854256 kB, SwapTotal: 40894456 kB, SwapFree: 40861944 kB
INFO [2026-03-16 13:57:01] Memory: Total: 61649012 kB, Available: 56820132 kB, Active: 3854256 kB, SwapTotal: 40894456 kB, SwapFree: 40861944 kB
INFO [2026-03-16 13:57:02] Memory: Total: 61649012 kB, Available: 56820132 kB, Active: 3854256 kB, SwapTotal: 40894456 kB, SwapFree: 40861944 kB
INFO [2026-03-16 13:57:02] Memory: Total: 61649012 kB, Available: 56820132 kB, Active: 3854256 kB, SwapTotal: 40894456 kB, SwapFree: 40861944 kB
INFO [2026-03-16 13:57:02] Memory: Total: 61649012 kB, Available: 56820132 kB, Active: 3854256 kB, SwapTotal: 40894456 kB, SwapFree: 40861944 kB
INFO [2026-03-16 13:57:02] Memory: Total: 61649012 kB, Available: 56820132 kB, Active: 3854256 kB, SwapTotal: 40894456 kB, SwapFree: 40861944 kB
INFO [2026-03-16 13:57:02] Memory: Total: 61649012 kB, Available: 56820132 kB, Active: 3854256 kB, SwapTotal: 40894456 kB, SwapFree: 40861944 kB
INFO [2026-03-16 13:57:02] Memory: Total: 61649012 kB, Available: 56819880 kB, Active: 3854544 kB, SwapTotal: 40894456 kB, SwapFree: 40861944 kB
INFO [2026-03-16 13:57:03] Memory: Total: 61649012 kB, Available: 56820132 kB, Active: 3854256 kB, SwapTotal: 40894456 kB, SwapFree: 40861944 kB
INFO [2026-03-16 13:57:03] Memory: Total: 61649012 kB, Available: 56820132 kB, Active: 3854256 kB, SwapTotal: 40894456 kB, SwapFree: 40861944 kB
INFO [2026-03-16 13:57:03] Memory: Total: 61649012 kB, Available: 56820132 kB, Active: 3854256 kB, SwapTotal: 40894456 kB, SwapFree: 40861944 kB
INFO [2026-03-16 13:57:03] Memory: Total: 61649012 kB, Available: 56820132 kB, Active: 3854256 kB, SwapTotal: 40894456 kB, SwapFree: 40861944 kB
INFO [2026-03-16 13:57:03] Memory: Total: 61649012 kB, Available: 56819880 kB, Active: 3854256 kB, SwapTotal: 40894456 kB, SwapFree: 40861944 kB
INFO [2026-03-16 13:57:04] Memory: Total: 61649012 kB, Available: 56820204 kB, Active: 3854540 kB, SwapTotal: 40894456 kB, SwapFree: 40861944 kB
INFO [2026-03-16 13:57:04] Memory: Total: 61649012 kB, Available: 56820444 kB, Active: 3854256 kB, SwapTotal: 40894456 kB, SwapFree: 40861944 kB
INFO [2026-03-16 13:57:04] Memory: Total: 61649012 kB, Available: 56820196 kB, Active: 3854256 kB, SwapTotal: 40894456 kB, SwapFree: 40861944 kB
INFO [2026-03-16 13:57:04] Memory: Total: 61649012 kB, Available: 56819944 kB, Active: 3854256 kB, SwapTotal: 40894456 kB, SwapFree: 40861944 kB
INFO [2026-03-16 13:57:04] Memory: Total: 61649012 kB, Available: 56819944 kB, Active: 3854256 kB, SwapTotal: 40894456 kB, SwapFree: 40861944 kB
INFO [2026-03-16 13:57:05] Memory: Total: 61649012 kB, Available: 56820048 kB, Active: 3854256 kB, SwapTotal: 40894456 kB, SwapFree: 40861944 kB
INFO [2026-03-16 13:57:05] Memory: Total: 61649012 kB, Available: 56820300 kB, Active: 3854256 kB, SwapTotal: 40894456 kB, SwapFree: 40861944 kB
INFO [2026-03-16 13:57:05] Memory: Total: 61649012 kB, Available: 56820300 kB, Active: 3854256 kB, SwapTotal: 40894456 kB, SwapFree: 40861944 kB
INFO [2026-03-16 13:57:05] Memory: Total: 61649012 kB, Available: 56820300 kB, Active: 3854256 kB, SwapTotal: 40894456 kB, SwapFree: 40861944 kB
INFO [2026-03-16 13:57:05] Memory: Total: 61649012 kB, Available: 56820300 kB, Active: 3854256 kB, SwapTotal: 40894456 kB, SwapFree: 40861944 kB
INFO [2026-03-16 13:57:05] Memory: Total: 61649012 kB, Available: 56820300 kB, Active: 3854256 kB, SwapTotal: 40894456 kB, SwapFree: 40861944 kB
INFO [2026-03-16 13:57:06] Memory: Total: 61649012 kB, Available: 56820300 kB, Active: 3854256 kB, SwapTotal: 40894456 kB, SwapFree: 40861944 kB
INFO [2026-03-16 13:57:06] Memory: Total: 61649012 kB, Available: 56820300 kB, Active: 3854256 kB, SwapTotal: 40894456 kB, SwapFree: 40861944 kB
INFO [2026-03-16 13:57:06] Memory: Total: 61649012 kB, Available: 56820300 kB, Active: 3854256 kB, SwapTotal: 40894456 kB, SwapFree: 40861944 kB
INFO [2026-03-16 13:57:06] Memory: Total: 61649012 kB, Available: 56820300 kB, Active: 3854256 kB, SwapTotal: 40894456 kB, SwapFree: 40861944 kB
INFO [2026-03-16 13:57:06] Memory: Total: 61649012 kB, Available: 56820300 kB, Active: 3854256 kB, SwapTotal: 40894456 kB, SwapFree: 40861944 kB
INFO [2026-03-16 13:57:06] Memory: Total: 61649012 kB, Available: 56820300 kB, Active: 3854256 kB, SwapTotal: 40894456 kB, SwapFree: 40861944 kB
INFO [2026-03-16 13:57:07] Memory: Total: 61649012 kB, Available: 56820300 kB, Active: 3854256 kB, SwapTotal: 40894456 kB, SwapFree: 40861944 kB
INFO [2026-03-16 13:57:07] Memory: Total: 61649012 kB, Available: 56820300 kB, Active: 3854256 kB, SwapTotal: 40894456 kB, SwapFree: 40861944 kB
INFO [2026-03-16 13:57:07] Memory: Total: 61649012 kB, Available: 56820300 kB, Active: 3854256 kB, SwapTotal: 40894456 kB, SwapFree: 40861944 kB
INFO [2026-03-16 13:57:07] Memory: Total: 61649012 kB, Available: 56820300 kB, Active: 3854256 kB, SwapTotal: 40894456 kB, SwapFree: 40861944 kB
INFO [2026-03-16 13:57:07] Memory: Total: 61649012 kB, Available: 56820300 kB, Active: 3854256 kB, SwapTotal: 40894456 kB, SwapFree: 40861944 kB
INFO [2026-03-16 13:57:08] Memory: Total: 61649012 kB, Available: 56820300 kB, Active: 3854256 kB, SwapTotal: 40894456 kB, SwapFree: 40861944 kB
INFO [2026-03-16 13:57:08] Memory: Total: 61649012 kB, Available: 56820300 kB, Active: 3854256 kB, SwapTotal: 40894456 kB, SwapFree: 40861944 kB
INFO [2026-03-16 13:57:08] Memory: Total: 61649012 kB, Available: 56820300 kB, Active: 3854256 kB, SwapTotal: 40894456 kB, SwapFree: 40861944 kB
INFO [2026-03-16 13:57:08] Memory: Total: 61649012 kB, Available: 56820300 kB, Active: 3854256 kB, SwapTotal: 40894456 kB, SwapFree: 40861944 kB
INFO [2026-03-16 13:57:08] Memory: Total: 61649012 kB, Available: 56820300 kB, Active: 3854256 kB, SwapTotal: 40894456 kB, SwapFree: 40861944 kB
INFO [2026-03-16 13:57:09] Memory: Total: 61649012 kB, Available: 56820300 kB, Active: 3854256 kB, SwapTotal: 40894456 kB, SwapFree: 40861944 kB
INFO [2026-03-16 13:57:09] Memory: Total: 61649012 kB, Available: 56820300 kB, Active: 3854256 kB, SwapTotal: 40894456 kB, SwapFree: 40861944 kB
INFO [2026-03-16 13:57:09] Memory: Total: 61649012 kB, Available: 56820300 kB, Active: 3854256 kB, SwapTotal: 40894456 kB, SwapFree: 40861944 kB
INFO [2026-03-16 13:57:09] Memory: Total: 61649012 kB, Available: 56820300 kB, Active: 3854256 kB, SwapTotal: 40894456 kB, SwapFree: 40861944 kB
INFO [2026-03-16 13:57:09] Memory: Total: 61649012 kB, Available: 56820300 kB, Active: 3854256 kB, SwapTotal: 40894456 kB, SwapFree: 40861944 kB
INFO [2026-03-16 13:57:09] Memory: Total: 61649012 kB, Available: 56820624 kB, Active: 3854540 kB, SwapTotal: 40894456 kB, SwapFree: 40861944 kB
INFO [2026-03-16 13:57:10] Memory: Total: 61649012 kB, Available: 56820876 kB, Active: 3854256 kB, SwapTotal: 40894456 kB, SwapFree: 40861944 kB
INFO [2026-03-16 13:57:10] Memory: Total: 61649012 kB, Available: 56820876 kB, Active: 3854256 kB, SwapTotal: 40894456 kB, SwapFree: 40861944 kB
INFO [2026-03-16 13:57:10] Memory: Total: 61649012 kB, Available: 56820876 kB, Active: 3854256 kB, SwapTotal: 40894456 kB, SwapFree: 40861944 kB
INFO [2026-03-16 13:57:10] Memory: Total: 61649012 kB, Available: 56820876 kB, Active: 3854256 kB, SwapTotal: 40894456 kB, SwapFree: 40861944 kB
INFO [2026-03-16 13:57:10] Memory: Total: 61649012 kB, Available: 56820876 kB, Active: 3854256 kB, SwapTotal: 40894456 kB, SwapFree: 40861944 kB
INFO [2026-03-16 13:57:11] Memory: Total: 61649012 kB, Available: 56820876 kB, Active: 3854256 kB, SwapTotal: 40894456 kB, SwapFree: 40861944 kB
INFO [2026-03-16 13:57:11] Memory: Total: 61649012 kB, Available: 56820876 kB, Active: 3854256 kB, SwapTotal: 40894456 kB, SwapFree: 40861944 kB
INFO [2026-03-16 13:57:11] Memory: Total: 61649012 kB, Available: 56820492 kB, Active: 3854256 kB, SwapTotal: 40894456 kB, SwapFree: 40861944 kB
INFO [2026-03-16 13:57:11] Memory: Total: 61649012 kB, Available: 56820372 kB, Active: 3854256 kB, SwapTotal: 40894456 kB, SwapFree: 40861944 kB
INFO [2026-03-16 13:57:11] Memory: Total: 61649012 kB, Available: 56820372 kB, Active: 3854256 kB, SwapTotal: 40894456 kB, SwapFree: 40861944 kB
INFO [2026-03-16 13:57:12] Memory: Total: 61649012 kB, Available: 56820120 kB, Active: 3854256 kB, SwapTotal: 40894456 kB, SwapFree: 40861944 kB
INFO [2026-03-16 13:57:12] Memory: Total: 61649012 kB, Available: 56820120 kB, Active: 3854256 kB, SwapTotal: 40894456 kB, SwapFree: 40861944 kB
INFO [2026-03-16 13:57:12] Memory: Total: 61649012 kB, Available: 56820120 kB, Active: 3854256 kB, SwapTotal: 40894456 kB, SwapFree: 40861944 kB
INFO [2026-03-16 13:57:12] Memory: Total: 61649012 kB, Available: 56820120 kB, Active: 3854256 kB, SwapTotal: 40894456 kB, SwapFree: 40861944 kB
INFO [2026-03-16 13:57:12] Memory: Total: 61649012 kB, Available: 56820120 kB, Active: 3854256 kB, SwapTotal: 40894456 kB, SwapFree: 40861944 kB
INFO [2026-03-16 13:57:12] Memory: Total: 61649012 kB, Available: 56820120 kB, Active: 3854256 kB, SwapTotal: 40894456 kB, SwapFree: 40861944 kB
INFO [2026-03-16 13:57:13] Memory: Total: 61649012 kB, Available: 57826356 kB, Active: 2844232 kB, SwapTotal: 40894456 kB, SwapFree: 40861944 kB
INFO [2026-03-16 13:57:13] Recombining results ...
