INFO [2026-03-16 14:06:07] Memory: Total: 61649012 kB, Available: 58832992 kB, Active: 1836392 kB, SwapTotal: 40894456 kB, SwapFree: 40861944 kB
INFO [2026-03-16 14:06:07] Processing missing values ...
INFO [2026-03-16 14:06:07] Figuring out comparisons to do ...
INFO [2026-03-16 14:06:07] Splitting up across compute ...
INFO [2026-03-16 14:06:07] Running correlations ...
INFO [2026-03-16 14:06:08] Memory: Total: 61649012 kB, Available: 57593208 kB, Active: 3037920 kB, SwapTotal: 40894456 kB, SwapFree: 40861944 kB
INFO [2026-03-16 14:06:08] Memory: Total: 61649012 kB, Available: 57552728 kB, Active: 3088588 kB, SwapTotal: 40894456 kB, SwapFree: 40861944 kB
INFO [2026-03-16 14:06:08] Memory: Total: 61649012 kB, Available: 57430352 kB, Active: 3200248 kB, SwapTotal: 40894456 kB, SwapFree: 40861944 kB
INFO [2026-03-16 14:06:08] Memory: Total: 61649012 kB, Available: 57422264 kB, Active: 3203324 kB, SwapTotal: 40894456 kB, SwapFree: 40861944 kB
INFO [2026-03-16 14:06:08] Memory: Total: 61649012 kB, Available: 57422264 kB, Active: 3204628 kB, SwapTotal: 40894456 kB, SwapFree: 40861944 kB
INFO [2026-03-16 14:06:09] Memory: Total: 61649012 kB, Available: 57422264 kB, Active: 3206172 kB, SwapTotal: 40894456 kB, SwapFree: 40861944 kB
INFO [2026-03-16 14:06:09] Memory: Total: 61649012 kB, Available: 57422264 kB, Active: 3208240 kB, SwapTotal: 40894456 kB, SwapFree: 40861944 kB
INFO [2026-03-16 14:06:09] Memory: Total: 61649012 kB, Available: 57421568 kB, Active: 3209336 kB, SwapTotal: 40894456 kB, SwapFree: 40861944 kB
INFO [2026-03-16 14:06:09] Memory: Total: 61649012 kB, Available: 57421568 kB, Active: 3209784 kB, SwapTotal: 40894456 kB, SwapFree: 40861944 kB
INFO [2026-03-16 14:06:09] Memory: Total: 61649012 kB, Available: 57421568 kB, Active: 3210432 kB, SwapTotal: 40894456 kB, SwapFree: 40861944 kB
INFO [2026-03-16 14:06:09] Memory: Total: 61649012 kB, Available: 57421568 kB, Active: 3212364 kB, SwapTotal: 40894456 kB, SwapFree: 40861944 kB
INFO [2026-03-16 14:06:09] Memory: Total: 61649012 kB, Available: 57421568 kB, Active: 3213636 kB, SwapTotal: 40894456 kB, SwapFree: 40861944 kB
INFO [2026-03-16 14:06:09] Memory: Total: 61649012 kB, Available: 57421568 kB, Active: 3213636 kB, SwapTotal: 40894456 kB, SwapFree: 40861944 kB
INFO [2026-03-16 14:06:09] Memory: Total: 61649012 kB, Available: 57421568 kB, Active: 3214088 kB, SwapTotal: 40894456 kB, SwapFree: 40861944 kB
INFO [2026-03-16 14:06:09] Memory: Total: 61649012 kB, Available: 57421568 kB, Active: 3214336 kB, SwapTotal: 40894456 kB, SwapFree: 40861944 kB
INFO [2026-03-16 14:06:09] Memory: Total: 61649012 kB, Available: 57421568 kB, Active: 3214660 kB, SwapTotal: 40894456 kB, SwapFree: 40861944 kB
INFO [2026-03-16 14:06:09] Memory: Total: 61649012 kB, Available: 57421568 kB, Active: 3214576 kB, SwapTotal: 40894456 kB, SwapFree: 40861944 kB
INFO [2026-03-16 14:06:09] Memory: Total: 61649012 kB, Available: 57421568 kB, Active: 3214700 kB, SwapTotal: 40894456 kB, SwapFree: 40861944 kB
INFO [2026-03-16 14:06:09] Memory: Total: 61649012 kB, Available: 57421568 kB, Active: 3215148 kB, SwapTotal: 40894456 kB, SwapFree: 40861944 kB
INFO [2026-03-16 14:06:09] Memory: Total: 61649012 kB, Available: 57421568 kB, Active: 3215272 kB, SwapTotal: 40894456 kB, SwapFree: 40861944 kB
INFO [2026-03-16 14:06:09] Memory: Total: 61649012 kB, Available: 57421568 kB, Active: 3215848 kB, SwapTotal: 40894456 kB, SwapFree: 40861944 kB
INFO [2026-03-16 14:06:09] Memory: Total: 61649012 kB, Available: 57421256 kB, Active: 3216680 kB, SwapTotal: 40894456 kB, SwapFree: 40861944 kB
INFO [2026-03-16 14:06:09] Memory: Total: 61649012 kB, Available: 57421280 kB, Active: 3217780 kB, SwapTotal: 40894456 kB, SwapFree: 40861944 kB
INFO [2026-03-16 14:06:09] Memory: Total: 61649012 kB, Available: 57421280 kB, Active: 3218104 kB, SwapTotal: 40894456 kB, SwapFree: 40861944 kB
INFO [2026-03-16 14:06:09] Memory: Total: 61649012 kB, Available: 57421280 kB, Active: 3218296 kB, SwapTotal: 40894456 kB, SwapFree: 40861944 kB
INFO [2026-03-16 14:06:10] Memory: Total: 61649012 kB, Available: 57421280 kB, Active: 3218412 kB, SwapTotal: 40894456 kB, SwapFree: 40861944 kB
INFO [2026-03-16 14:06:10] Memory: Total: 61649012 kB, Available: 57421280 kB, Active: 3218988 kB, SwapTotal: 40894456 kB, SwapFree: 40861944 kB
INFO [2026-03-16 14:06:10] Memory: Total: 61649012 kB, Available: 57421280 kB, Active: 3218988 kB, SwapTotal: 40894456 kB, SwapFree: 40861944 kB
INFO [2026-03-16 14:06:10] Memory: Total: 61649012 kB, Available: 57421280 kB, Active: 3218796 kB, SwapTotal: 40894456 kB, SwapFree: 40861944 kB
INFO [2026-03-16 14:06:10] Memory: Total: 61649012 kB, Available: 57421280 kB, Active: 3218920 kB, SwapTotal: 40894456 kB, SwapFree: 40861944 kB
INFO [2026-03-16 14:06:10] Memory: Total: 61649012 kB, Available: 57421280 kB, Active: 3219168 kB, SwapTotal: 40894456 kB, SwapFree: 40861944 kB
INFO [2026-03-16 14:06:10] Memory: Total: 61649012 kB, Available: 57421280 kB, Active: 3219616 kB, SwapTotal: 40894456 kB, SwapFree: 40861944 kB
INFO [2026-03-16 14:06:10] Memory: Total: 61649012 kB, Available: 57389652 kB, Active: 3247608 kB, SwapTotal: 40894456 kB, SwapFree: 40861944 kB
INFO [2026-03-16 14:06:10] Memory: Total: 61649012 kB, Available: 57389652 kB, Active: 3252268 kB, SwapTotal: 40894456 kB, SwapFree: 40861944 kB
INFO [2026-03-16 14:06:10] Memory: Total: 61649012 kB, Available: 57389652 kB, Active: 3252392 kB, SwapTotal: 40894456 kB, SwapFree: 40861944 kB
INFO [2026-03-16 14:06:10] Memory: Total: 61649012 kB, Available: 57373588 kB, Active: 3263332 kB, SwapTotal: 40894456 kB, SwapFree: 40861944 kB
INFO [2026-03-16 14:06:10] Memory: Total: 61649012 kB, Available: 57373588 kB, Active: 3269036 kB, SwapTotal: 40894456 kB, SwapFree: 40861944 kB
INFO [2026-03-16 14:06:10] Memory: Total: 61649012 kB, Available: 57373588 kB, Active: 3269360 kB, SwapTotal: 40894456 kB, SwapFree: 40861944 kB
INFO [2026-03-16 14:06:10] Memory: Total: 61649012 kB, Available: 57373236 kB, Active: 3269564 kB, SwapTotal: 40894456 kB, SwapFree: 40861944 kB
INFO [2026-03-16 14:06:10] Memory: Total: 61649012 kB, Available: 57373236 kB, Active: 3269564 kB, SwapTotal: 40894456 kB, SwapFree: 40861944 kB
INFO [2026-03-16 14:06:10] Memory: Total: 61649012 kB, Available: 57373084 kB, Active: 3269416 kB, SwapTotal: 40894456 kB, SwapFree: 40861944 kB
INFO [2026-03-16 14:06:10] Memory: Total: 61649012 kB, Available: 57372900 kB, Active: 3271448 kB, SwapTotal: 40894456 kB, SwapFree: 40861944 kB
INFO [2026-03-16 14:06:11] Memory: Total: 61649012 kB, Available: 57372900 kB, Active: 3271696 kB, SwapTotal: 40894456 kB, SwapFree: 40861944 kB
INFO [2026-03-16 14:06:11] Memory: Total: 61649012 kB, Available: 57372648 kB, Active: 3271944 kB, SwapTotal: 40894456 kB, SwapFree: 40861944 kB
INFO [2026-03-16 14:06:11] Memory: Total: 61649012 kB, Available: 57372316 kB, Active: 3272392 kB, SwapTotal: 40894456 kB, SwapFree: 40861944 kB
INFO [2026-03-16 14:06:11] Memory: Total: 61649012 kB, Available: 57372144 kB, Active: 3273740 kB, SwapTotal: 40894456 kB, SwapFree: 40861944 kB
INFO [2026-03-16 14:06:11] Memory: Total: 61649012 kB, Available: 57356316 kB, Active: 3288832 kB, SwapTotal: 40894456 kB, SwapFree: 40861944 kB
INFO [2026-03-16 14:06:11] Memory: Total: 61649012 kB, Available: 57348588 kB, Active: 3302364 kB, SwapTotal: 40894456 kB, SwapFree: 40861944 kB
INFO [2026-03-16 14:06:11] Memory: Total: 61649012 kB, Available: 57336736 kB, Active: 3309292 kB, SwapTotal: 40894456 kB, SwapFree: 40861944 kB
INFO [2026-03-16 14:06:11] Memory: Total: 61649012 kB, Available: 57332512 kB, Active: 3313628 kB, SwapTotal: 40894456 kB, SwapFree: 40861944 kB
INFO [2026-03-16 14:06:11] Memory: Total: 61649012 kB, Available: 57320692 kB, Active: 3323672 kB, SwapTotal: 40894456 kB, SwapFree: 40861944 kB
INFO [2026-03-16 14:06:11] Memory: Total: 61649012 kB, Available: 57274916 kB, Active: 3360784 kB, SwapTotal: 40894456 kB, SwapFree: 40861944 kB
INFO [2026-03-16 14:06:11] Memory: Total: 61649012 kB, Available: 57259804 kB, Active: 3371276 kB, SwapTotal: 40894456 kB, SwapFree: 40861944 kB
INFO [2026-03-16 14:06:11] Memory: Total: 61649012 kB, Available: 57259804 kB, Active: 3371120 kB, SwapTotal: 40894456 kB, SwapFree: 40861944 kB
INFO [2026-03-16 14:06:11] Memory: Total: 61649012 kB, Available: 57259804 kB, Active: 3371248 kB, SwapTotal: 40894456 kB, SwapFree: 40861944 kB
INFO [2026-03-16 14:06:11] Memory: Total: 61649012 kB, Available: 57259552 kB, Active: 3371944 kB, SwapTotal: 40894456 kB, SwapFree: 40861944 kB
INFO [2026-03-16 14:06:11] Memory: Total: 61649012 kB, Available: 57259048 kB, Active: 3372076 kB, SwapTotal: 40894456 kB, SwapFree: 40861944 kB
INFO [2026-03-16 14:06:11] Memory: Total: 61649012 kB, Available: 57258748 kB, Active: 3373524 kB, SwapTotal: 40894456 kB, SwapFree: 40861944 kB
INFO [2026-03-16 14:06:11] Memory: Total: 61649012 kB, Available: 57257740 kB, Active: 3373684 kB, SwapTotal: 40894456 kB, SwapFree: 40861944 kB
INFO [2026-03-16 14:06:11] Memory: Total: 61649012 kB, Available: 57257740 kB, Active: 3373808 kB, SwapTotal: 40894456 kB, SwapFree: 40861944 kB
INFO [2026-03-16 14:06:12] Memory: Total: 61649012 kB, Available: 57257740 kB, Active: 3373808 kB, SwapTotal: 40894456 kB, SwapFree: 40861944 kB
INFO [2026-03-16 14:06:12] Memory: Total: 61649012 kB, Available: 57257740 kB, Active: 3374132 kB, SwapTotal: 40894456 kB, SwapFree: 40861944 kB
INFO [2026-03-16 14:06:12] Memory: Total: 61649012 kB, Available: 57257740 kB, Active: 3374436 kB, SwapTotal: 40894456 kB, SwapFree: 40861944 kB
INFO [2026-03-16 14:06:12] Memory: Total: 61649012 kB, Available: 57257740 kB, Active: 3374436 kB, SwapTotal: 40894456 kB, SwapFree: 40861944 kB
INFO [2026-03-16 14:06:12] Memory: Total: 61649012 kB, Available: 57257740 kB, Active: 3374688 kB, SwapTotal: 40894456 kB, SwapFree: 40861944 kB
INFO [2026-03-16 14:06:12] Memory: Total: 61649012 kB, Available: 57257488 kB, Active: 3375260 kB, SwapTotal: 40894456 kB, SwapFree: 40861944 kB
INFO [2026-03-16 14:06:12] Memory: Total: 61649012 kB, Available: 57257236 kB, Active: 3374972 kB, SwapTotal: 40894456 kB, SwapFree: 40861944 kB
INFO [2026-03-16 14:06:12] Memory: Total: 61649012 kB, Available: 57257236 kB, Active: 3375296 kB, SwapTotal: 40894456 kB, SwapFree: 40861944 kB
INFO [2026-03-16 14:06:12] Memory: Total: 61649012 kB, Available: 57256984 kB, Active: 3375300 kB, SwapTotal: 40894456 kB, SwapFree: 40861944 kB
INFO [2026-03-16 14:06:12] Memory: Total: 61649012 kB, Available: 57256732 kB, Active: 3375428 kB, SwapTotal: 40894456 kB, SwapFree: 40861944 kB
INFO [2026-03-16 14:06:12] Memory: Total: 61649012 kB, Available: 57256480 kB, Active: 3375876 kB, SwapTotal: 40894456 kB, SwapFree: 40861944 kB
INFO [2026-03-16 14:06:12] Memory: Total: 61649012 kB, Available: 57256480 kB, Active: 3376000 kB, SwapTotal: 40894456 kB, SwapFree: 40861944 kB
INFO [2026-03-16 14:06:12] Memory: Total: 61649012 kB, Available: 57255724 kB, Active: 3376944 kB, SwapTotal: 40894456 kB, SwapFree: 40861944 kB
INFO [2026-03-16 14:06:12] Memory: Total: 61649012 kB, Available: 57255724 kB, Active: 3377096 kB, SwapTotal: 40894456 kB, SwapFree: 40861944 kB
INFO [2026-03-16 14:06:12] Memory: Total: 61649012 kB, Available: 57255472 kB, Active: 3377820 kB, SwapTotal: 40894456 kB, SwapFree: 40861944 kB
INFO [2026-03-16 14:06:12] Memory: Total: 61649012 kB, Available: 57255472 kB, Active: 3378144 kB, SwapTotal: 40894456 kB, SwapFree: 40861944 kB
INFO [2026-03-16 14:06:12] Memory: Total: 61649012 kB, Available: 57255480 kB, Active: 3378860 kB, SwapTotal: 40894456 kB, SwapFree: 40861944 kB
INFO [2026-03-16 14:06:13] Memory: Total: 61649012 kB, Available: 57255228 kB, Active: 3379108 kB, SwapTotal: 40894456 kB, SwapFree: 40861944 kB
INFO [2026-03-16 14:06:13] Memory: Total: 61649012 kB, Available: 57255228 kB, Active: 3379232 kB, SwapTotal: 40894456 kB, SwapFree: 40861944 kB
INFO [2026-03-16 14:06:13] Memory: Total: 61649012 kB, Available: 57254724 kB, Active: 3379240 kB, SwapTotal: 40894456 kB, SwapFree: 40861944 kB
INFO [2026-03-16 14:06:13] Memory: Total: 61649012 kB, Available: 57254724 kB, Active: 3379364 kB, SwapTotal: 40894456 kB, SwapFree: 40861944 kB
INFO [2026-03-16 14:06:13] Memory: Total: 61649012 kB, Available: 57254220 kB, Active: 3379736 kB, SwapTotal: 40894456 kB, SwapFree: 40861944 kB
INFO [2026-03-16 14:06:13] Memory: Total: 61649012 kB, Available: 57254220 kB, Active: 3380188 kB, SwapTotal: 40894456 kB, SwapFree: 40861944 kB
INFO [2026-03-16 14:06:13] Memory: Total: 61649012 kB, Available: 57254220 kB, Active: 3380140 kB, SwapTotal: 40894456 kB, SwapFree: 40861944 kB
INFO [2026-03-16 14:06:13] Memory: Total: 61649012 kB, Available: 57253968 kB, Active: 3380264 kB, SwapTotal: 40894456 kB, SwapFree: 40861944 kB
INFO [2026-03-16 14:06:13] Memory: Total: 61649012 kB, Available: 57253968 kB, Active: 3380516 kB, SwapTotal: 40894456 kB, SwapFree: 40861944 kB
INFO [2026-03-16 14:06:13] Memory: Total: 61649012 kB, Available: 57253720 kB, Active: 3380712 kB, SwapTotal: 40894456 kB, SwapFree: 40861944 kB
INFO [2026-03-16 14:06:13] Memory: Total: 61649012 kB, Available: 57253720 kB, Active: 3380960 kB, SwapTotal: 40894456 kB, SwapFree: 40861944 kB
INFO [2026-03-16 14:06:13] Memory: Total: 61649012 kB, Available: 57253720 kB, Active: 3381284 kB, SwapTotal: 40894456 kB, SwapFree: 40861944 kB
INFO [2026-03-16 14:06:13] Memory: Total: 61649012 kB, Available: 57253720 kB, Active: 3381408 kB, SwapTotal: 40894456 kB, SwapFree: 40861944 kB
INFO [2026-03-16 14:06:13] Memory: Total: 61649012 kB, Available: 57253720 kB, Active: 3381408 kB, SwapTotal: 40894456 kB, SwapFree: 40861944 kB
INFO [2026-03-16 14:06:13] Memory: Total: 61649012 kB, Available: 57253720 kB, Active: 3381496 kB, SwapTotal: 40894456 kB, SwapFree: 40861944 kB
INFO [2026-03-16 14:06:13] Memory: Total: 61649012 kB, Available: 57253468 kB, Active: 3383416 kB, SwapTotal: 40894456 kB, SwapFree: 40861944 kB
INFO [2026-03-16 14:06:13] Memory: Total: 61649012 kB, Available: 57253468 kB, Active: 3383540 kB, SwapTotal: 40894456 kB, SwapFree: 40861944 kB
INFO [2026-03-16 14:06:14] Memory: Total: 61649012 kB, Available: 57252964 kB, Active: 3383664 kB, SwapTotal: 40894456 kB, SwapFree: 40861944 kB
INFO [2026-03-16 14:06:14] Memory: Total: 61649012 kB, Available: 57252964 kB, Active: 3383912 kB, SwapTotal: 40894456 kB, SwapFree: 40861944 kB
INFO [2026-03-16 14:06:14] Memory: Total: 61649012 kB, Available: 57252712 kB, Active: 3384236 kB, SwapTotal: 40894456 kB, SwapFree: 40861944 kB
INFO [2026-03-16 14:06:14] Memory: Total: 61649012 kB, Available: 57252460 kB, Active: 3383956 kB, SwapTotal: 40894456 kB, SwapFree: 40861944 kB
INFO [2026-03-16 14:06:14] Memory: Total: 61649012 kB, Available: 57252460 kB, Active: 3384080 kB, SwapTotal: 40894456 kB, SwapFree: 40861944 kB
INFO [2026-03-16 14:06:14] Memory: Total: 61649012 kB, Available: 57252208 kB, Active: 3384328 kB, SwapTotal: 40894456 kB, SwapFree: 40861944 kB
INFO [2026-03-16 14:06:14] Memory: Total: 61649012 kB, Available: 57252208 kB, Active: 3384452 kB, SwapTotal: 40894456 kB, SwapFree: 40861944 kB
INFO [2026-03-16 14:06:14] Memory: Total: 61649012 kB, Available: 57252208 kB, Active: 3384452 kB, SwapTotal: 40894456 kB, SwapFree: 40861944 kB
INFO [2026-03-16 14:06:14] Memory: Total: 61649012 kB, Available: 57250696 kB, Active: 3385196 kB, SwapTotal: 40894456 kB, SwapFree: 40861944 kB
INFO [2026-03-16 14:06:14] Memory: Total: 61649012 kB, Available: 57250696 kB, Active: 3385644 kB, SwapTotal: 40894456 kB, SwapFree: 40861944 kB
INFO [2026-03-16 14:06:14] Memory: Total: 61649012 kB, Available: 57250696 kB, Active: 3385336 kB, SwapTotal: 40894456 kB, SwapFree: 40861944 kB
INFO [2026-03-16 14:06:14] Memory: Total: 61649012 kB, Available: 57250696 kB, Active: 3385460 kB, SwapTotal: 40894456 kB, SwapFree: 40861944 kB
INFO [2026-03-16 14:06:14] Memory: Total: 61649012 kB, Available: 57250696 kB, Active: 3385956 kB, SwapTotal: 40894456 kB, SwapFree: 40861944 kB
INFO [2026-03-16 14:06:14] Memory: Total: 61649012 kB, Available: 57250696 kB, Active: 3386080 kB, SwapTotal: 40894456 kB, SwapFree: 40861944 kB
INFO [2026-03-16 14:06:14] Memory: Total: 61649012 kB, Available: 57250444 kB, Active: 3386204 kB, SwapTotal: 40894456 kB, SwapFree: 40861944 kB
INFO [2026-03-16 14:06:14] Memory: Total: 61649012 kB, Available: 57249940 kB, Active: 3386452 kB, SwapTotal: 40894456 kB, SwapFree: 40861944 kB
INFO [2026-03-16 14:06:14] Memory: Total: 61649012 kB, Available: 57249940 kB, Active: 3386576 kB, SwapTotal: 40894456 kB, SwapFree: 40861944 kB
INFO [2026-03-16 14:06:14] Memory: Total: 61649012 kB, Available: 57249944 kB, Active: 3388492 kB, SwapTotal: 40894456 kB, SwapFree: 40861944 kB
INFO [2026-03-16 14:06:14] Memory: Total: 61649012 kB, Available: 57249440 kB, Active: 3388940 kB, SwapTotal: 40894456 kB, SwapFree: 40861944 kB
INFO [2026-03-16 14:06:15] Memory: Total: 61649012 kB, Available: 57248684 kB, Active: 3389436 kB, SwapTotal: 40894456 kB, SwapFree: 40861944 kB
INFO [2026-03-16 14:06:15] Memory: Total: 61649012 kB, Available: 57248684 kB, Active: 3389436 kB, SwapTotal: 40894456 kB, SwapFree: 40861944 kB
INFO [2026-03-16 14:06:15] Memory: Total: 61649012 kB, Available: 57248684 kB, Active: 3389760 kB, SwapTotal: 40894456 kB, SwapFree: 40861944 kB
INFO [2026-03-16 14:06:15] Memory: Total: 61649012 kB, Available: 57248432 kB, Active: 3390064 kB, SwapTotal: 40894456 kB, SwapFree: 40861944 kB
INFO [2026-03-16 14:06:15] Memory: Total: 61649012 kB, Available: 57247928 kB, Active: 3390188 kB, SwapTotal: 40894456 kB, SwapFree: 40861944 kB
INFO [2026-03-16 14:06:15] Memory: Total: 61649012 kB, Available: 57247928 kB, Active: 3390512 kB, SwapTotal: 40894456 kB, SwapFree: 40861944 kB
INFO [2026-03-16 14:06:15] Memory: Total: 61649012 kB, Available: 57247928 kB, Active: 3390280 kB, SwapTotal: 40894456 kB, SwapFree: 40861944 kB
INFO [2026-03-16 14:06:15] Memory: Total: 61649012 kB, Available: 57247928 kB, Active: 3390528 kB, SwapTotal: 40894456 kB, SwapFree: 40861944 kB
INFO [2026-03-16 14:06:15] Memory: Total: 61649012 kB, Available: 57247676 kB, Active: 3390652 kB, SwapTotal: 40894456 kB, SwapFree: 40861944 kB
INFO [2026-03-16 14:06:15] Memory: Total: 61649012 kB, Available: 57247172 kB, Active: 3391024 kB, SwapTotal: 40894456 kB, SwapFree: 40861944 kB
INFO [2026-03-16 14:06:15] Memory: Total: 61649012 kB, Available: 57246668 kB, Active: 3391520 kB, SwapTotal: 40894456 kB, SwapFree: 40861944 kB
INFO [2026-03-16 14:06:15] Memory: Total: 61649012 kB, Available: 57246668 kB, Active: 3391644 kB, SwapTotal: 40894456 kB, SwapFree: 40861944 kB
INFO [2026-03-16 14:06:15] Memory: Total: 61649012 kB, Available: 57246668 kB, Active: 3391644 kB, SwapTotal: 40894456 kB, SwapFree: 40861944 kB
INFO [2026-03-16 14:06:15] Memory: Total: 61649012 kB, Available: 57246668 kB, Active: 3392096 kB, SwapTotal: 40894456 kB, SwapFree: 40861944 kB
INFO [2026-03-16 14:06:15] Memory: Total: 61649012 kB, Available: 57246164 kB, Active: 3393160 kB, SwapTotal: 40894456 kB, SwapFree: 40861944 kB
INFO [2026-03-16 14:06:15] Memory: Total: 61649012 kB, Available: 57245912 kB, Active: 3393640 kB, SwapTotal: 40894456 kB, SwapFree: 40861944 kB
INFO [2026-03-16 14:06:15] Memory: Total: 61649012 kB, Available: 57245912 kB, Active: 3393764 kB, SwapTotal: 40894456 kB, SwapFree: 40861944 kB
INFO [2026-03-16 14:06:16] Memory: Total: 61649012 kB, Available: 57245660 kB, Active: 3393888 kB, SwapTotal: 40894456 kB, SwapFree: 40861944 kB
INFO [2026-03-16 14:06:16] Memory: Total: 61649012 kB, Available: 57245660 kB, Active: 3394012 kB, SwapTotal: 40894456 kB, SwapFree: 40861944 kB
INFO [2026-03-16 14:06:16] Memory: Total: 61649012 kB, Available: 57244904 kB, Active: 3394508 kB, SwapTotal: 40894456 kB, SwapFree: 40861944 kB
INFO [2026-03-16 14:06:16] Memory: Total: 61649012 kB, Available: 57244904 kB, Active: 3394956 kB, SwapTotal: 40894456 kB, SwapFree: 40861944 kB
INFO [2026-03-16 14:06:16] Memory: Total: 61649012 kB, Available: 57244652 kB, Active: 3394892 kB, SwapTotal: 40894456 kB, SwapFree: 40861944 kB
INFO [2026-03-16 14:06:16] Memory: Total: 61649012 kB, Available: 57244652 kB, Active: 3395016 kB, SwapTotal: 40894456 kB, SwapFree: 40861944 kB
INFO [2026-03-16 14:06:16] Memory: Total: 61649012 kB, Available: 57243896 kB, Active: 3395388 kB, SwapTotal: 40894456 kB, SwapFree: 40861944 kB
INFO [2026-03-16 14:06:16] Memory: Total: 61649012 kB, Available: 57243896 kB, Active: 3395636 kB, SwapTotal: 40894456 kB, SwapFree: 40861944 kB
INFO [2026-03-16 14:06:16] Memory: Total: 61649012 kB, Available: 57242888 kB, Active: 3395884 kB, SwapTotal: 40894456 kB, SwapFree: 40861944 kB
INFO [2026-03-16 14:06:16] Memory: Total: 61649012 kB, Available: 57242888 kB, Active: 3396008 kB, SwapTotal: 40894456 kB, SwapFree: 40861944 kB
INFO [2026-03-16 14:06:16] Memory: Total: 61649012 kB, Available: 57242888 kB, Active: 3396132 kB, SwapTotal: 40894456 kB, SwapFree: 40861944 kB
INFO [2026-03-16 14:06:16] Memory: Total: 61649012 kB, Available: 57242888 kB, Active: 3396132 kB, SwapTotal: 40894456 kB, SwapFree: 40861944 kB
INFO [2026-03-16 14:06:16] Memory: Total: 61649012 kB, Available: 57242888 kB, Active: 3396180 kB, SwapTotal: 40894456 kB, SwapFree: 40861944 kB
INFO [2026-03-16 14:06:16] Memory: Total: 61649012 kB, Available: 57242888 kB, Active: 3396800 kB, SwapTotal: 40894456 kB, SwapFree: 40861944 kB
INFO [2026-03-16 14:06:16] Memory: Total: 61649012 kB, Available: 57242684 kB, Active: 3398312 kB, SwapTotal: 40894456 kB, SwapFree: 40861944 kB
INFO [2026-03-16 14:06:16] Memory: Total: 61649012 kB, Available: 57242392 kB, Active: 3398436 kB, SwapTotal: 40894456 kB, SwapFree: 40861944 kB
INFO [2026-03-16 14:06:17] Memory: Total: 61649012 kB, Available: 57241888 kB, Active: 3398684 kB, SwapTotal: 40894456 kB, SwapFree: 40861944 kB
INFO [2026-03-16 14:06:17] Memory: Total: 61649012 kB, Available: 57241888 kB, Active: 3399140 kB, SwapTotal: 40894456 kB, SwapFree: 40861944 kB
INFO [2026-03-16 14:06:17] Memory: Total: 61649012 kB, Available: 57241888 kB, Active: 3398888 kB, SwapTotal: 40894456 kB, SwapFree: 40861944 kB
INFO [2026-03-16 14:06:17] Memory: Total: 61649012 kB, Available: 57241888 kB, Active: 3399136 kB, SwapTotal: 40894456 kB, SwapFree: 40861944 kB
INFO [2026-03-16 14:06:17] Memory: Total: 61649012 kB, Available: 57241636 kB, Active: 3399260 kB, SwapTotal: 40894456 kB, SwapFree: 40861944 kB
INFO [2026-03-16 14:06:17] Memory: Total: 61649012 kB, Available: 57241132 kB, Active: 3399508 kB, SwapTotal: 40894456 kB, SwapFree: 40861944 kB
INFO [2026-03-16 14:06:17] Memory: Total: 61649012 kB, Available: 57241132 kB, Active: 3399508 kB, SwapTotal: 40894456 kB, SwapFree: 40861944 kB
INFO [2026-03-16 14:06:17] Memory: Total: 61649012 kB, Available: 57240124 kB, Active: 3400128 kB, SwapTotal: 40894456 kB, SwapFree: 40861944 kB
INFO [2026-03-16 14:06:17] Memory: Total: 61649012 kB, Available: 57240124 kB, Active: 3400576 kB, SwapTotal: 40894456 kB, SwapFree: 40861944 kB
INFO [2026-03-16 14:06:17] Memory: Total: 61649012 kB, Available: 57240124 kB, Active: 3400268 kB, SwapTotal: 40894456 kB, SwapFree: 40861944 kB
INFO [2026-03-16 14:06:17] Memory: Total: 61649012 kB, Available: 57240124 kB, Active: 3400392 kB, SwapTotal: 40894456 kB, SwapFree: 40861944 kB
INFO [2026-03-16 14:06:17] Memory: Total: 61649012 kB, Available: 57240124 kB, Active: 3400764 kB, SwapTotal: 40894456 kB, SwapFree: 40861944 kB
INFO [2026-03-16 14:06:17] Memory: Total: 61649012 kB, Available: 57240124 kB, Active: 3400888 kB, SwapTotal: 40894456 kB, SwapFree: 40861944 kB
INFO [2026-03-16 14:06:17] Memory: Total: 61649012 kB, Available: 57239872 kB, Active: 3401012 kB, SwapTotal: 40894456 kB, SwapFree: 40861944 kB
INFO [2026-03-16 14:06:17] Memory: Total: 61649012 kB, Available: 57239368 kB, Active: 3401260 kB, SwapTotal: 40894456 kB, SwapFree: 40861944 kB
INFO [2026-03-16 14:06:17] Memory: Total: 61649012 kB, Available: 57239368 kB, Active: 3401384 kB, SwapTotal: 40894456 kB, SwapFree: 40861944 kB
INFO [2026-03-16 14:06:17] Memory: Total: 61649012 kB, Available: 57239116 kB, Active: 3401960 kB, SwapTotal: 40894456 kB, SwapFree: 40861944 kB
INFO [2026-03-16 14:06:17] Memory: Total: 61649012 kB, Available: 57239116 kB, Active: 3402408 kB, SwapTotal: 40894456 kB, SwapFree: 40861944 kB
INFO [2026-03-16 14:06:18] Memory: Total: 61649012 kB, Available: 57238612 kB, Active: 3403592 kB, SwapTotal: 40894456 kB, SwapFree: 40861944 kB
INFO [2026-03-16 14:06:18] Memory: Total: 61649012 kB, Available: 57238108 kB, Active: 3403716 kB, SwapTotal: 40894456 kB, SwapFree: 40861944 kB
INFO [2026-03-16 14:06:18] Memory: Total: 61649012 kB, Available: 57238108 kB, Active: 3403716 kB, SwapTotal: 40894456 kB, SwapFree: 40861944 kB
INFO [2026-03-16 14:06:18] Memory: Total: 61649012 kB, Available: 57237100 kB, Active: 3404212 kB, SwapTotal: 40894456 kB, SwapFree: 40861944 kB
INFO [2026-03-16 14:06:18] Memory: Total: 61649012 kB, Available: 57237100 kB, Active: 3404336 kB, SwapTotal: 40894456 kB, SwapFree: 40861944 kB
INFO [2026-03-16 14:06:18] Memory: Total: 61649012 kB, Available: 57237100 kB, Active: 3404660 kB, SwapTotal: 40894456 kB, SwapFree: 40861944 kB
INFO [2026-03-16 14:06:18] Memory: Total: 61649012 kB, Available: 57237100 kB, Active: 3404660 kB, SwapTotal: 40894456 kB, SwapFree: 40861944 kB
INFO [2026-03-16 14:06:18] Memory: Total: 61649012 kB, Available: 57237100 kB, Active: 3404576 kB, SwapTotal: 40894456 kB, SwapFree: 40861944 kB
INFO [2026-03-16 14:06:18] Memory: Total: 61649012 kB, Available: 57237100 kB, Active: 3404752 kB, SwapTotal: 40894456 kB, SwapFree: 40861944 kB
INFO [2026-03-16 14:06:18] Memory: Total: 61649012 kB, Available: 57237100 kB, Active: 3405000 kB, SwapTotal: 40894456 kB, SwapFree: 40861944 kB
INFO [2026-03-16 14:06:18] Memory: Total: 61649012 kB, Available: 57236848 kB, Active: 3405620 kB, SwapTotal: 40894456 kB, SwapFree: 40861944 kB
INFO [2026-03-16 14:06:18] Memory: Total: 61649012 kB, Available: 57236344 kB, Active: 3405744 kB, SwapTotal: 40894456 kB, SwapFree: 40861944 kB
INFO [2026-03-16 14:06:18] Memory: Total: 61649012 kB, Available: 57236344 kB, Active: 3405744 kB, SwapTotal: 40894456 kB, SwapFree: 40861944 kB
INFO [2026-03-16 14:06:18] Memory: Total: 61649012 kB, Available: 57236344 kB, Active: 3406072 kB, SwapTotal: 40894456 kB, SwapFree: 40861944 kB
INFO [2026-03-16 14:06:18] Memory: Total: 61649012 kB, Available: 57236344 kB, Active: 3406200 kB, SwapTotal: 40894456 kB, SwapFree: 40861944 kB
INFO [2026-03-16 14:06:18] Memory: Total: 61649012 kB, Available: 57179648 kB, Active: 3461704 kB, SwapTotal: 40894456 kB, SwapFree: 40861944 kB
INFO [2026-03-16 14:06:18] Memory: Total: 61649012 kB, Available: 57146944 kB, Active: 3494228 kB, SwapTotal: 40894456 kB, SwapFree: 40861944 kB
INFO [2026-03-16 14:06:18] Memory: Total: 61649012 kB, Available: 57098560 kB, Active: 3536276 kB, SwapTotal: 40894456 kB, SwapFree: 40861944 kB
INFO [2026-03-16 14:06:18] Memory: Total: 61649012 kB, Available: 57042112 kB, Active: 3598608 kB, SwapTotal: 40894456 kB, SwapFree: 40861944 kB
INFO [2026-03-16 14:06:19] Memory: Total: 61649012 kB, Available: 56879872 kB, Active: 3760456 kB, SwapTotal: 40894456 kB, SwapFree: 40861944 kB
INFO [2026-03-16 14:06:19] Memory: Total: 61649012 kB, Available: 56807296 kB, Active: 3832288 kB, SwapTotal: 40894456 kB, SwapFree: 40861944 kB
INFO [2026-03-16 14:06:19] Memory: Total: 61649012 kB, Available: 56766784 kB, Active: 3872388 kB, SwapTotal: 40894456 kB, SwapFree: 40861944 kB
INFO [2026-03-16 14:06:19] Memory: Total: 61649012 kB, Available: 56718400 kB, Active: 3923380 kB, SwapTotal: 40894456 kB, SwapFree: 40861944 kB
INFO [2026-03-16 14:06:19] Memory: Total: 61649012 kB, Available: 56653440 kB, Active: 3989400 kB, SwapTotal: 40894456 kB, SwapFree: 40861944 kB
INFO [2026-03-16 14:06:19] Memory: Total: 61649012 kB, Available: 56564736 kB, Active: 4074736 kB, SwapTotal: 40894456 kB, SwapFree: 40861944 kB
INFO [2026-03-16 14:06:19] Memory: Total: 61649012 kB, Available: 56532480 kB, Active: 4109652 kB, SwapTotal: 40894456 kB, SwapFree: 40861944 kB
INFO [2026-03-16 14:06:19] Memory: Total: 61649012 kB, Available: 56531472 kB, Active: 4109976 kB, SwapTotal: 40894456 kB, SwapFree: 40861944 kB
INFO [2026-03-16 14:06:19] Memory: Total: 61649012 kB, Available: 56531472 kB, Active: 4109728 kB, SwapTotal: 40894456 kB, SwapFree: 40861944 kB
INFO [2026-03-16 14:06:19] Memory: Total: 61649012 kB, Available: 56531472 kB, Active: 4110224 kB, SwapTotal: 40894456 kB, SwapFree: 40861944 kB
INFO [2026-03-16 14:06:19] Memory: Total: 61649012 kB, Available: 56475072 kB, Active: 4165228 kB, SwapTotal: 40894456 kB, SwapFree: 40861944 kB
INFO [2026-03-16 14:06:19] Memory: Total: 61649012 kB, Available: 56458944 kB, Active: 4182200 kB, SwapTotal: 40894456 kB, SwapFree: 40861944 kB
INFO [2026-03-16 14:06:19] Memory: Total: 61649012 kB, Available: 56442116 kB, Active: 4199848 kB, SwapTotal: 40894456 kB, SwapFree: 40861944 kB
INFO [2026-03-16 14:06:19] Memory: Total: 61649012 kB, Available: 56442116 kB, Active: 4199848 kB, SwapTotal: 40894456 kB, SwapFree: 40861944 kB
INFO [2026-03-16 14:06:20] Memory: Total: 61649012 kB, Available: 56441864 kB, Active: 4200012 kB, SwapTotal: 40894456 kB, SwapFree: 40861944 kB
INFO [2026-03-16 14:06:20] Memory: Total: 61649012 kB, Available: 56441864 kB, Active: 4200136 kB, SwapTotal: 40894456 kB, SwapFree: 40861944 kB
INFO [2026-03-16 14:06:20] Memory: Total: 61649012 kB, Available: 56385860 kB, Active: 4248212 kB, SwapTotal: 40894456 kB, SwapFree: 40861944 kB
INFO [2026-03-16 14:06:20] Memory: Total: 61649012 kB, Available: 56385860 kB, Active: 4252424 kB, SwapTotal: 40894456 kB, SwapFree: 40861944 kB
INFO [2026-03-16 14:06:20] Memory: Total: 61649012 kB, Available: 56369732 kB, Active: 4268624 kB, SwapTotal: 40894456 kB, SwapFree: 40861944 kB
INFO [2026-03-16 14:06:20] Memory: Total: 61649012 kB, Available: 55870496 kB, Active: 4769132 kB, SwapTotal: 40894456 kB, SwapFree: 40861944 kB
INFO [2026-03-16 14:06:20] Memory: Total: 61649012 kB, Available: 55781536 kB, Active: 4859004 kB, SwapTotal: 40894456 kB, SwapFree: 40861944 kB
INFO [2026-03-16 14:06:20] Memory: Total: 61649012 kB, Available: 55579936 kB, Active: 5062200 kB, SwapTotal: 40894456 kB, SwapFree: 40861944 kB
INFO [2026-03-16 14:06:20] Memory: Total: 61649012 kB, Available: 55539608 kB, Active: 5095048 kB, SwapTotal: 40894456 kB, SwapFree: 40861944 kB
INFO [2026-03-16 14:06:20] Memory: Total: 61649012 kB, Available: 55450904 kB, Active: 5190556 kB, SwapTotal: 40894456 kB, SwapFree: 40861944 kB
INFO [2026-03-16 14:06:20] Memory: Total: 61649012 kB, Available: 55362200 kB, Active: 5279780 kB, SwapTotal: 40894456 kB, SwapFree: 40861944 kB
INFO [2026-03-16 14:06:20] Memory: Total: 61649012 kB, Available: 55265424 kB, Active: 5378848 kB, SwapTotal: 40894456 kB, SwapFree: 40861944 kB
INFO [2026-03-16 14:06:21] Memory: Total: 61649012 kB, Available: 54974340 kB, Active: 5670444 kB, SwapTotal: 40894456 kB, SwapFree: 40861944 kB
INFO [2026-03-16 14:06:21] Memory: Total: 61649012 kB, Available: 54974340 kB, Active: 5670444 kB, SwapTotal: 40894456 kB, SwapFree: 40861944 kB
INFO [2026-03-16 14:06:21] Memory: Total: 61649012 kB, Available: 54974340 kB, Active: 5670576 kB, SwapTotal: 40894456 kB, SwapFree: 40861944 kB
INFO [2026-03-16 14:06:21] Memory: Total: 61649012 kB, Available: 54909512 kB, Active: 5735424 kB, SwapTotal: 40894456 kB, SwapFree: 40861944 kB
INFO [2026-03-16 14:06:21] Memory: Total: 61649012 kB, Available: 54869128 kB, Active: 5772932 kB, SwapTotal: 40894456 kB, SwapFree: 40861944 kB
INFO [2026-03-16 14:06:21] Memory: Total: 61649012 kB, Available: 54780416 kB, Active: 5864548 kB, SwapTotal: 40894456 kB, SwapFree: 40861944 kB
INFO [2026-03-16 14:06:21] Memory: Total: 61649012 kB, Available: 54691712 kB, Active: 5949564 kB, SwapTotal: 40894456 kB, SwapFree: 40861944 kB
INFO [2026-03-16 14:06:21] Memory: Total: 61649012 kB, Available: 54577776 kB, Active: 6075064 kB, SwapTotal: 40894456 kB, SwapFree: 40861944 kB
INFO [2026-03-16 14:06:21] Memory: Total: 61649012 kB, Available: 54529372 kB, Active: 6121120 kB, SwapTotal: 40894456 kB, SwapFree: 40861944 kB
INFO [2026-03-16 14:06:21] Memory: Total: 61649012 kB, Available: 54158348 kB, Active: 6473652 kB, SwapTotal: 40894456 kB, SwapFree: 40861944 kB
INFO [2026-03-16 14:06:21] Memory: Total: 61649012 kB, Available: 54118028 kB, Active: 6520956 kB, SwapTotal: 40894456 kB, SwapFree: 40861944 kB
INFO [2026-03-16 14:06:21] Memory: Total: 61649012 kB, Available: 53957804 kB, Active: 6676676 kB, SwapTotal: 40894456 kB, SwapFree: 40861944 kB
INFO [2026-03-16 14:06:21] Memory: Total: 61649012 kB, Available: 53836844 kB, Active: 6799196 kB, SwapTotal: 40894456 kB, SwapFree: 40861944 kB
INFO [2026-03-16 14:06:21] Memory: Total: 61649012 kB, Available: 53772220 kB, Active: 6860760 kB, SwapTotal: 40894456 kB, SwapFree: 40861944 kB
INFO [2026-03-16 14:06:21] Memory: Total: 61649012 kB, Available: 53715772 kB, Active: 6924836 kB, SwapTotal: 40894456 kB, SwapFree: 40861944 kB
INFO [2026-03-16 14:06:21] Memory: Total: 61649012 kB, Available: 53699644 kB, Active: 6943304 kB, SwapTotal: 40894456 kB, SwapFree: 40861944 kB
INFO [2026-03-16 14:06:22] Memory: Total: 61649012 kB, Available: 53465788 kB, Active: 7174828 kB, SwapTotal: 40894456 kB, SwapFree: 40861944 kB
INFO [2026-03-16 14:06:22] Memory: Total: 61649012 kB, Available: 53352892 kB, Active: 7283788 kB, SwapTotal: 40894456 kB, SwapFree: 40861944 kB
INFO [2026-03-16 14:06:22] Memory: Total: 61649012 kB, Available: 53320308 kB, Active: 7316312 kB, SwapTotal: 40894456 kB, SwapFree: 40861944 kB
INFO [2026-03-16 14:06:22] Memory: Total: 61649012 kB, Available: 53295856 kB, Active: 7344100 kB, SwapTotal: 40894456 kB, SwapFree: 40861944 kB
INFO [2026-03-16 14:06:22] Memory: Total: 61649012 kB, Available: 53271740 kB, Active: 7371216 kB, SwapTotal: 40894456 kB, SwapFree: 40861944 kB
INFO [2026-03-16 14:06:22] Memory: Total: 61649012 kB, Available: 53263424 kB, Active: 7379040 kB, SwapTotal: 40894456 kB, SwapFree: 40861944 kB
INFO [2026-03-16 14:06:22] Memory: Total: 61649012 kB, Available: 53085916 kB, Active: 7553724 kB, SwapTotal: 40894456 kB, SwapFree: 40861944 kB
INFO [2026-03-16 14:06:22] Memory: Total: 61649012 kB, Available: 53061724 kB, Active: 7575432 kB, SwapTotal: 40894456 kB, SwapFree: 40861944 kB
INFO [2026-03-16 14:06:22] Memory: Total: 61649012 kB, Available: 52786148 kB, Active: 7852596 kB, SwapTotal: 40894456 kB, SwapFree: 40861944 kB
INFO [2026-03-16 14:06:22] Memory: Total: 61649012 kB, Available: 52656760 kB, Active: 7983824 kB, SwapTotal: 40894456 kB, SwapFree: 40861944 kB
INFO [2026-03-16 14:06:22] Memory: Total: 61649012 kB, Available: 52551192 kB, Active: 8084352 kB, SwapTotal: 40894456 kB, SwapFree: 40861944 kB
INFO [2026-03-16 14:06:23] Memory: Total: 61649012 kB, Available: 52543128 kB, Active: 8097960 kB, SwapTotal: 40894456 kB, SwapFree: 40861944 kB
INFO [2026-03-16 14:06:23] Memory: Total: 61649012 kB, Available: 52494744 kB, Active: 8137088 kB, SwapTotal: 40894456 kB, SwapFree: 40861944 kB
INFO [2026-03-16 14:06:23] Memory: Total: 61649012 kB, Available: 52458328 kB, Active: 8182048 kB, SwapTotal: 40894456 kB, SwapFree: 40861944 kB
INFO [2026-03-16 14:06:23] Memory: Total: 61649012 kB, Available: 52309668 kB, Active: 8329192 kB, SwapTotal: 40894456 kB, SwapFree: 40861944 kB
INFO [2026-03-16 14:06:23] Memory: Total: 61649012 kB, Available: 52189084 kB, Active: 8446852 kB, SwapTotal: 40894456 kB, SwapFree: 40861944 kB
INFO [2026-03-16 14:06:23] Memory: Total: 61649012 kB, Available: 51845552 kB, Active: 8779520 kB, SwapTotal: 40894456 kB, SwapFree: 40861944 kB
INFO [2026-03-16 14:06:23] Memory: Total: 61649012 kB, Available: 51624800 kB, Active: 9005796 kB, SwapTotal: 40894456 kB, SwapFree: 40861944 kB
INFO [2026-03-16 14:06:23] Memory: Total: 61649012 kB, Available: 51011424 kB, Active: 9619380 kB, SwapTotal: 40894456 kB, SwapFree: 40861944 kB
INFO [2026-03-16 14:06:23] Memory: Total: 61649012 kB, Available: 50979032 kB, Active: 9650808 kB, SwapTotal: 40894456 kB, SwapFree: 40861944 kB
INFO [2026-03-16 14:06:23] Memory: Total: 61649012 kB, Available: 50802120 kB, Active: 9825008 kB, SwapTotal: 40894456 kB, SwapFree: 40861944 kB
INFO [2026-03-16 14:06:23] Memory: Total: 61649012 kB, Available: 50657092 kB, Active: 9977936 kB, SwapTotal: 40894456 kB, SwapFree: 40861944 kB
INFO [2026-03-16 14:06:23] Memory: Total: 61649012 kB, Available: 50575564 kB, Active: 10044356 kB, SwapTotal: 40894456 kB, SwapFree: 40861944 kB
INFO [2026-03-16 14:06:23] Memory: Total: 61649012 kB, Available: 50334904 kB, Active: 10285112 kB, SwapTotal: 40894456 kB, SwapFree: 40861944 kB
INFO [2026-03-16 14:06:24] Memory: Total: 61649012 kB, Available: 50140392 kB, Active: 10489880 kB, SwapTotal: 40894456 kB, SwapFree: 40861944 kB
INFO [2026-03-16 14:06:24] Memory: Total: 61649012 kB, Available: 50028108 kB, Active: 10600804 kB, SwapTotal: 40894456 kB, SwapFree: 40861944 kB
INFO [2026-03-16 14:06:24] Memory: Total: 61649012 kB, Available: 50028108 kB, Active: 10600804 kB, SwapTotal: 40894456 kB, SwapFree: 40861944 kB
INFO [2026-03-16 14:06:24] Memory: Total: 61649012 kB, Available: 50028108 kB, Active: 10601132 kB, SwapTotal: 40894456 kB, SwapFree: 40861944 kB
INFO [2026-03-16 14:06:24] Memory: Total: 61649012 kB, Available: 50028108 kB, Active: 10601136 kB, SwapTotal: 40894456 kB, SwapFree: 40861944 kB
INFO [2026-03-16 14:06:24] Memory: Total: 61649012 kB, Available: 49947720 kB, Active: 10686348 kB, SwapTotal: 40894456 kB, SwapFree: 40861944 kB
INFO [2026-03-16 14:06:24] Memory: Total: 61649012 kB, Available: 49915464 kB, Active: 10709056 kB, SwapTotal: 40894456 kB, SwapFree: 40861944 kB
INFO [2026-03-16 14:06:24] Memory: Total: 61649012 kB, Available: 49802440 kB, Active: 10828288 kB, SwapTotal: 40894456 kB, SwapFree: 40861944 kB
INFO [2026-03-16 14:06:24] Memory: Total: 61649012 kB, Available: 49777992 kB, Active: 10849348 kB, SwapTotal: 40894456 kB, SwapFree: 40861944 kB
INFO [2026-03-16 14:06:24] Memory: Total: 61649012 kB, Available: 49769904 kB, Active: 10861136 kB, SwapTotal: 40894456 kB, SwapFree: 40861944 kB
INFO [2026-03-16 14:06:24] Memory: Total: 61649012 kB, Available: 49761712 kB, Active: 10871832 kB, SwapTotal: 40894456 kB, SwapFree: 40861944 kB
INFO [2026-03-16 14:06:24] Memory: Total: 61649012 kB, Available: 49759152 kB, Active: 10875396 kB, SwapTotal: 40894456 kB, SwapFree: 40861944 kB
INFO [2026-03-16 14:06:24] Memory: Total: 61649012 kB, Available: 49738764 kB, Active: 10888924 kB, SwapTotal: 40894456 kB, SwapFree: 40861944 kB
INFO [2026-03-16 14:06:25] Memory: Total: 61649012 kB, Available: 49681876 kB, Active: 10948216 kB, SwapTotal: 40894456 kB, SwapFree: 40861944 kB
INFO [2026-03-16 14:06:25] Memory: Total: 61649012 kB, Available: 49650980 kB, Active: 10978996 kB, SwapTotal: 40894456 kB, SwapFree: 40861944 kB
INFO [2026-03-16 14:06:25] Memory: Total: 61649012 kB, Available: 49650980 kB, Active: 10978996 kB, SwapTotal: 40894456 kB, SwapFree: 40861944 kB
INFO [2026-03-16 14:06:25] Memory: Total: 61649012 kB, Available: 49650980 kB, Active: 10981912 kB, SwapTotal: 40894456 kB, SwapFree: 40861944 kB
INFO [2026-03-16 14:06:25] Memory: Total: 61649012 kB, Available: 49619700 kB, Active: 11010748 kB, SwapTotal: 40894456 kB, SwapFree: 40861944 kB
INFO [2026-03-16 14:06:25] Memory: Total: 61649012 kB, Available: 49587316 kB, Active: 11048660 kB, SwapTotal: 40894456 kB, SwapFree: 40861944 kB
INFO [2026-03-16 14:06:25] Memory: Total: 61649012 kB, Available: 49587316 kB, Active: 11048348 kB, SwapTotal: 40894456 kB, SwapFree: 40861944 kB
INFO [2026-03-16 14:06:25] Memory: Total: 61649012 kB, Available: 49587316 kB, Active: 11048348 kB, SwapTotal: 40894456 kB, SwapFree: 40861944 kB
INFO [2026-03-16 14:06:25] Memory: Total: 61649012 kB, Available: 49587316 kB, Active: 11048352 kB, SwapTotal: 40894456 kB, SwapFree: 40861944 kB
INFO [2026-03-16 14:06:25] Memory: Total: 61649012 kB, Available: 49587316 kB, Active: 11048352 kB, SwapTotal: 40894456 kB, SwapFree: 40861944 kB
INFO [2026-03-16 14:06:25] Memory: Total: 61649012 kB, Available: 49587316 kB, Active: 11048352 kB, SwapTotal: 40894456 kB, SwapFree: 40861944 kB
INFO [2026-03-16 14:06:25] Memory: Total: 61649012 kB, Available: 49587316 kB, Active: 11048352 kB, SwapTotal: 40894456 kB, SwapFree: 40861944 kB
INFO [2026-03-16 14:06:25] Memory: Total: 61649012 kB, Available: 49587316 kB, Active: 11048356 kB, SwapTotal: 40894456 kB, SwapFree: 40861944 kB
INFO [2026-03-16 14:06:25] Memory: Total: 61649012 kB, Available: 49587316 kB, Active: 11048356 kB, SwapTotal: 40894456 kB, SwapFree: 40861944 kB
INFO [2026-03-16 14:06:25] Memory: Total: 61649012 kB, Available: 49587316 kB, Active: 11048680 kB, SwapTotal: 40894456 kB, SwapFree: 40861944 kB
INFO [2026-03-16 14:06:25] Memory: Total: 61649012 kB, Available: 49587656 kB, Active: 11048892 kB, SwapTotal: 40894456 kB, SwapFree: 40861944 kB
INFO [2026-03-16 14:06:25] Memory: Total: 61649012 kB, Available: 49587656 kB, Active: 11048884 kB, SwapTotal: 40894456 kB, SwapFree: 40861944 kB
INFO [2026-03-16 14:06:25] Memory: Total: 61649012 kB, Available: 49587656 kB, Active: 11048884 kB, SwapTotal: 40894456 kB, SwapFree: 40861944 kB
INFO [2026-03-16 14:06:26] Memory: Total: 61649012 kB, Available: 49587656 kB, Active: 11048884 kB, SwapTotal: 40894456 kB, SwapFree: 40861944 kB
INFO [2026-03-16 14:06:26] Memory: Total: 61649012 kB, Available: 49587656 kB, Active: 11048916 kB, SwapTotal: 40894456 kB, SwapFree: 40861944 kB
INFO [2026-03-16 14:06:26] Memory: Total: 61649012 kB, Available: 49587656 kB, Active: 11048916 kB, SwapTotal: 40894456 kB, SwapFree: 40861944 kB
INFO [2026-03-16 14:06:26] Memory: Total: 61649012 kB, Available: 49587656 kB, Active: 11048916 kB, SwapTotal: 40894456 kB, SwapFree: 40861944 kB
INFO [2026-03-16 14:06:26] Memory: Total: 61649012 kB, Available: 49587656 kB, Active: 11048916 kB, SwapTotal: 40894456 kB, SwapFree: 40861944 kB
INFO [2026-03-16 14:06:26] Memory: Total: 61649012 kB, Available: 49587656 kB, Active: 11048916 kB, SwapTotal: 40894456 kB, SwapFree: 40861944 kB
INFO [2026-03-16 14:06:26] Memory: Total: 61649012 kB, Available: 49587656 kB, Active: 11048916 kB, SwapTotal: 40894456 kB, SwapFree: 40861944 kB
INFO [2026-03-16 14:06:26] Memory: Total: 61649012 kB, Available: 49587656 kB, Active: 11048916 kB, SwapTotal: 40894456 kB, SwapFree: 40861944 kB
INFO [2026-03-16 14:06:26] Memory: Total: 61649012 kB, Available: 49587656 kB, Active: 11048920 kB, SwapTotal: 40894456 kB, SwapFree: 40861944 kB
INFO [2026-03-16 14:06:26] Memory: Total: 61649012 kB, Available: 49587656 kB, Active: 11048920 kB, SwapTotal: 40894456 kB, SwapFree: 40861944 kB
INFO [2026-03-16 14:06:26] Memory: Total: 61649012 kB, Available: 49587656 kB, Active: 11048920 kB, SwapTotal: 40894456 kB, SwapFree: 40861944 kB
INFO [2026-03-16 14:06:26] Memory: Total: 61649012 kB, Available: 49587656 kB, Active: 11048924 kB, SwapTotal: 40894456 kB, SwapFree: 40861944 kB
INFO [2026-03-16 14:06:26] Memory: Total: 61649012 kB, Available: 49587656 kB, Active: 11048924 kB, SwapTotal: 40894456 kB, SwapFree: 40861944 kB
INFO [2026-03-16 14:06:26] Memory: Total: 61649012 kB, Available: 49587656 kB, Active: 11048924 kB, SwapTotal: 40894456 kB, SwapFree: 40861944 kB
INFO [2026-03-16 14:06:26] Memory: Total: 61649012 kB, Available: 49587656 kB, Active: 11049248 kB, SwapTotal: 40894456 kB, SwapFree: 40861944 kB
INFO [2026-03-16 14:06:26] Memory: Total: 61649012 kB, Available: 49587656 kB, Active: 11049248 kB, SwapTotal: 40894456 kB, SwapFree: 40861944 kB
INFO [2026-03-16 14:06:26] Memory: Total: 61649012 kB, Available: 49587656 kB, Active: 11049348 kB, SwapTotal: 40894456 kB, SwapFree: 40861944 kB
INFO [2026-03-16 14:06:26] Memory: Total: 61649012 kB, Available: 49587660 kB, Active: 11049428 kB, SwapTotal: 40894456 kB, SwapFree: 40861944 kB
INFO [2026-03-16 14:06:27] Memory: Total: 61649012 kB, Available: 49587660 kB, Active: 11049428 kB, SwapTotal: 40894456 kB, SwapFree: 40861944 kB
INFO [2026-03-16 14:06:27] Memory: Total: 61649012 kB, Available: 49587660 kB, Active: 11049428 kB, SwapTotal: 40894456 kB, SwapFree: 40861944 kB
INFO [2026-03-16 14:06:27] Memory: Total: 61649012 kB, Available: 49587660 kB, Active: 11049428 kB, SwapTotal: 40894456 kB, SwapFree: 40861944 kB
INFO [2026-03-16 14:06:27] Memory: Total: 61649012 kB, Available: 49587660 kB, Active: 11049428 kB, SwapTotal: 40894456 kB, SwapFree: 40861944 kB
INFO [2026-03-16 14:06:27] Memory: Total: 61649012 kB, Available: 49587660 kB, Active: 11049752 kB, SwapTotal: 40894456 kB, SwapFree: 40861944 kB
INFO [2026-03-16 14:06:27] Memory: Total: 61649012 kB, Available: 49587660 kB, Active: 11049468 kB, SwapTotal: 40894456 kB, SwapFree: 40861944 kB
INFO [2026-03-16 14:06:27] Memory: Total: 61649012 kB, Available: 49587660 kB, Active: 11049468 kB, SwapTotal: 40894456 kB, SwapFree: 40861944 kB
INFO [2026-03-16 14:06:27] Memory: Total: 61649012 kB, Available: 49587660 kB, Active: 11049468 kB, SwapTotal: 40894456 kB, SwapFree: 40861944 kB
INFO [2026-03-16 14:06:27] Memory: Total: 61649012 kB, Available: 49587660 kB, Active: 11049468 kB, SwapTotal: 40894456 kB, SwapFree: 40861944 kB
INFO [2026-03-16 14:06:27] Memory: Total: 61649012 kB, Available: 49587660 kB, Active: 11049468 kB, SwapTotal: 40894456 kB, SwapFree: 40861944 kB
INFO [2026-03-16 14:06:27] Memory: Total: 61649012 kB, Available: 49587660 kB, Active: 11049468 kB, SwapTotal: 40894456 kB, SwapFree: 40861944 kB
INFO [2026-03-16 14:06:27] Memory: Total: 61649012 kB, Available: 49587660 kB, Active: 11049472 kB, SwapTotal: 40894456 kB, SwapFree: 40861944 kB
INFO [2026-03-16 14:06:27] Memory: Total: 61649012 kB, Available: 49587660 kB, Active: 11049472 kB, SwapTotal: 40894456 kB, SwapFree: 40861944 kB
INFO [2026-03-16 14:06:27] Memory: Total: 61649012 kB, Available: 49587660 kB, Active: 11049472 kB, SwapTotal: 40894456 kB, SwapFree: 40861944 kB
INFO [2026-03-16 14:06:27] Memory: Total: 61649012 kB, Available: 49587660 kB, Active: 11049472 kB, SwapTotal: 40894456 kB, SwapFree: 40861944 kB
INFO [2026-03-16 14:06:27] Memory: Total: 61649012 kB, Available: 49587664 kB, Active: 11049520 kB, SwapTotal: 40894456 kB, SwapFree: 40861944 kB
INFO [2026-03-16 14:06:28] Memory: Total: 61649012 kB, Available: 49587664 kB, Active: 11049520 kB, SwapTotal: 40894456 kB, SwapFree: 40861944 kB
INFO [2026-03-16 14:06:28] Memory: Total: 61649012 kB, Available: 49587664 kB, Active: 11049520 kB, SwapTotal: 40894456 kB, SwapFree: 40861944 kB
INFO [2026-03-16 14:06:28] Memory: Total: 61649012 kB, Available: 49587664 kB, Active: 11049528 kB, SwapTotal: 40894456 kB, SwapFree: 40861944 kB
INFO [2026-03-16 14:06:28] Memory: Total: 61649012 kB, Available: 49587664 kB, Active: 11049528 kB, SwapTotal: 40894456 kB, SwapFree: 40861944 kB
INFO [2026-03-16 14:06:28] Memory: Total: 61649012 kB, Available: 49587664 kB, Active: 11049528 kB, SwapTotal: 40894456 kB, SwapFree: 40861944 kB
INFO [2026-03-16 14:06:28] Memory: Total: 61649012 kB, Available: 49587664 kB, Active: 11049528 kB, SwapTotal: 40894456 kB, SwapFree: 40861944 kB
INFO [2026-03-16 14:06:28] Memory: Total: 61649012 kB, Available: 49587664 kB, Active: 11049528 kB, SwapTotal: 40894456 kB, SwapFree: 40861944 kB
INFO [2026-03-16 14:06:28] Memory: Total: 61649012 kB, Available: 49587664 kB, Active: 11049528 kB, SwapTotal: 40894456 kB, SwapFree: 40861944 kB
INFO [2026-03-16 14:06:28] Memory: Total: 61649012 kB, Available: 49587664 kB, Active: 11049852 kB, SwapTotal: 40894456 kB, SwapFree: 40861944 kB
INFO [2026-03-16 14:06:28] Memory: Total: 61649012 kB, Available: 49587664 kB, Active: 11049552 kB, SwapTotal: 40894456 kB, SwapFree: 40861944 kB
INFO [2026-03-16 14:06:28] Memory: Total: 61649012 kB, Available: 49587664 kB, Active: 11049552 kB, SwapTotal: 40894456 kB, SwapFree: 40861944 kB
INFO [2026-03-16 14:06:28] Memory: Total: 61649012 kB, Available: 49587664 kB, Active: 11049552 kB, SwapTotal: 40894456 kB, SwapFree: 40861944 kB
INFO [2026-03-16 14:06:28] Memory: Total: 61649012 kB, Available: 49587664 kB, Active: 11049552 kB, SwapTotal: 40894456 kB, SwapFree: 40861944 kB
INFO [2026-03-16 14:06:28] Memory: Total: 61649012 kB, Available: 49587664 kB, Active: 11049552 kB, SwapTotal: 40894456 kB, SwapFree: 40861944 kB
INFO [2026-03-16 14:06:28] Memory: Total: 61649012 kB, Available: 49587664 kB, Active: 11049732 kB, SwapTotal: 40894456 kB, SwapFree: 40861944 kB
INFO [2026-03-16 14:06:28] Memory: Total: 61649012 kB, Available: 49587664 kB, Active: 11049976 kB, SwapTotal: 40894456 kB, SwapFree: 40861944 kB
INFO [2026-03-16 14:06:28] Memory: Total: 61649012 kB, Available: 49587664 kB, Active: 11049692 kB, SwapTotal: 40894456 kB, SwapFree: 40861944 kB
INFO [2026-03-16 14:06:28] Memory: Total: 61649012 kB, Available: 49587664 kB, Active: 11049692 kB, SwapTotal: 40894456 kB, SwapFree: 40861944 kB
INFO [2026-03-16 14:06:29] Memory: Total: 61649012 kB, Available: 49587664 kB, Active: 11049696 kB, SwapTotal: 40894456 kB, SwapFree: 40861944 kB
INFO [2026-03-16 14:06:29] Memory: Total: 61649012 kB, Available: 49587664 kB, Active: 11049696 kB, SwapTotal: 40894456 kB, SwapFree: 40861944 kB
INFO [2026-03-16 14:06:29] Memory: Total: 61649012 kB, Available: 49587664 kB, Active: 11049696 kB, SwapTotal: 40894456 kB, SwapFree: 40861944 kB
INFO [2026-03-16 14:06:29] Memory: Total: 61649012 kB, Available: 49587664 kB, Active: 11049696 kB, SwapTotal: 40894456 kB, SwapFree: 40861944 kB
INFO [2026-03-16 14:06:29] Memory: Total: 61649012 kB, Available: 49587664 kB, Active: 11049696 kB, SwapTotal: 40894456 kB, SwapFree: 40861944 kB
INFO [2026-03-16 14:06:29] Memory: Total: 61649012 kB, Available: 49587664 kB, Active: 11050020 kB, SwapTotal: 40894456 kB, SwapFree: 40861944 kB
INFO [2026-03-16 14:06:29] Memory: Total: 61649012 kB, Available: 49587664 kB, Active: 11050032 kB, SwapTotal: 40894456 kB, SwapFree: 40861944 kB
INFO [2026-03-16 14:06:29] Memory: Total: 61649012 kB, Available: 49587664 kB, Active: 11049716 kB, SwapTotal: 40894456 kB, SwapFree: 40861944 kB
INFO [2026-03-16 14:06:29] Memory: Total: 61649012 kB, Available: 49587664 kB, Active: 11049716 kB, SwapTotal: 40894456 kB, SwapFree: 40861944 kB
INFO [2026-03-16 14:06:29] Memory: Total: 61649012 kB, Available: 49587664 kB, Active: 11049716 kB, SwapTotal: 40894456 kB, SwapFree: 40861944 kB
INFO [2026-03-16 14:06:29] Memory: Total: 61649012 kB, Available: 49587664 kB, Active: 11049716 kB, SwapTotal: 40894456 kB, SwapFree: 40861944 kB
INFO [2026-03-16 14:06:29] Memory: Total: 61649012 kB, Available: 49587664 kB, Active: 11050040 kB, SwapTotal: 40894456 kB, SwapFree: 40861944 kB
INFO [2026-03-16 14:06:29] Memory: Total: 61649012 kB, Available: 49587664 kB, Active: 11049728 kB, SwapTotal: 40894456 kB, SwapFree: 40861944 kB
INFO [2026-03-16 14:06:29] Memory: Total: 61649012 kB, Available: 49587664 kB, Active: 11049728 kB, SwapTotal: 40894456 kB, SwapFree: 40861944 kB
INFO [2026-03-16 14:06:29] Memory: Total: 61649012 kB, Available: 49587664 kB, Active: 11049728 kB, SwapTotal: 40894456 kB, SwapFree: 40861944 kB
INFO [2026-03-16 14:06:29] Memory: Total: 61649012 kB, Available: 49587664 kB, Active: 11049728 kB, SwapTotal: 40894456 kB, SwapFree: 40861944 kB
INFO [2026-03-16 14:06:29] Memory: Total: 61649012 kB, Available: 49587668 kB, Active: 11049972 kB, SwapTotal: 40894456 kB, SwapFree: 40861944 kB
INFO [2026-03-16 14:06:30] Memory: Total: 61649012 kB, Available: 49587668 kB, Active: 11049812 kB, SwapTotal: 40894456 kB, SwapFree: 40861944 kB
INFO [2026-03-16 14:06:30] Memory: Total: 61649012 kB, Available: 49587668 kB, Active: 11050136 kB, SwapTotal: 40894456 kB, SwapFree: 40861944 kB
INFO [2026-03-16 14:06:30] Memory: Total: 61649012 kB, Available: 49587668 kB, Active: 11049828 kB, SwapTotal: 40894456 kB, SwapFree: 40861944 kB
INFO [2026-03-16 14:06:30] Memory: Total: 61649012 kB, Available: 49587668 kB, Active: 11049828 kB, SwapTotal: 40894456 kB, SwapFree: 40861944 kB
INFO [2026-03-16 14:06:30] Memory: Total: 61649012 kB, Available: 49587668 kB, Active: 11049828 kB, SwapTotal: 40894456 kB, SwapFree: 40861944 kB
INFO [2026-03-16 14:06:30] Memory: Total: 61649012 kB, Available: 49587668 kB, Active: 11049828 kB, SwapTotal: 40894456 kB, SwapFree: 40861944 kB
INFO [2026-03-16 14:06:30] Memory: Total: 61649012 kB, Available: 49587668 kB, Active: 11049828 kB, SwapTotal: 40894456 kB, SwapFree: 40861944 kB
INFO [2026-03-16 14:06:30] Memory: Total: 61649012 kB, Available: 49587668 kB, Active: 11049828 kB, SwapTotal: 40894456 kB, SwapFree: 40861944 kB
INFO [2026-03-16 14:06:30] Memory: Total: 61649012 kB, Available: 49587668 kB, Active: 11049828 kB, SwapTotal: 40894456 kB, SwapFree: 40861944 kB
INFO [2026-03-16 14:06:30] Memory: Total: 61649012 kB, Available: 49587668 kB, Active: 11050152 kB, SwapTotal: 40894456 kB, SwapFree: 40861944 kB
INFO [2026-03-16 14:06:30] Memory: Total: 61649012 kB, Available: 49587668 kB, Active: 11049844 kB, SwapTotal: 40894456 kB, SwapFree: 40861944 kB
INFO [2026-03-16 14:06:30] Memory: Total: 61649012 kB, Available: 49587668 kB, Active: 11049844 kB, SwapTotal: 40894456 kB, SwapFree: 40861944 kB
INFO [2026-03-16 14:06:30] Memory: Total: 61649012 kB, Available: 49587668 kB, Active: 11049844 kB, SwapTotal: 40894456 kB, SwapFree: 40861944 kB
INFO [2026-03-16 14:06:30] Memory: Total: 61649012 kB, Available: 49587668 kB, Active: 11049844 kB, SwapTotal: 40894456 kB, SwapFree: 40861944 kB
INFO [2026-03-16 14:06:30] Memory: Total: 61649012 kB, Available: 49587668 kB, Active: 11049844 kB, SwapTotal: 40894456 kB, SwapFree: 40861944 kB
INFO [2026-03-16 14:06:30] Memory: Total: 61649012 kB, Available: 49587672 kB, Active: 11049884 kB, SwapTotal: 40894456 kB, SwapFree: 40861944 kB
INFO [2026-03-16 14:06:30] Memory: Total: 61649012 kB, Available: 49587672 kB, Active: 11049884 kB, SwapTotal: 40894456 kB, SwapFree: 40861944 kB
INFO [2026-03-16 14:06:30] Memory: Total: 61649012 kB, Available: 49587672 kB, Active: 11050208 kB, SwapTotal: 40894456 kB, SwapFree: 40861944 kB
INFO [2026-03-16 14:06:30] Memory: Total: 61649012 kB, Available: 49587672 kB, Active: 11049908 kB, SwapTotal: 40894456 kB, SwapFree: 40861944 kB
INFO [2026-03-16 14:06:31] Memory: Total: 61649012 kB, Available: 49587672 kB, Active: 11049908 kB, SwapTotal: 40894456 kB, SwapFree: 40861944 kB
INFO [2026-03-16 14:06:31] Memory: Total: 61649012 kB, Available: 49587672 kB, Active: 11049908 kB, SwapTotal: 40894456 kB, SwapFree: 40861944 kB
INFO [2026-03-16 14:06:31] Memory: Total: 61649012 kB, Available: 49587672 kB, Active: 11049908 kB, SwapTotal: 40894456 kB, SwapFree: 40861944 kB
INFO [2026-03-16 14:06:31] Memory: Total: 61649012 kB, Available: 49587672 kB, Active: 11049908 kB, SwapTotal: 40894456 kB, SwapFree: 40861944 kB
INFO [2026-03-16 14:06:31] Memory: Total: 61649012 kB, Available: 49587672 kB, Active: 11049908 kB, SwapTotal: 40894456 kB, SwapFree: 40861944 kB
INFO [2026-03-16 14:06:31] Memory: Total: 61649012 kB, Available: 49587672 kB, Active: 11050520 kB, SwapTotal: 40894456 kB, SwapFree: 40861944 kB
INFO [2026-03-16 14:06:31] Memory: Total: 61649012 kB, Available: 49587672 kB, Active: 11050020 kB, SwapTotal: 40894456 kB, SwapFree: 40861944 kB
INFO [2026-03-16 14:06:31] Memory: Total: 61649012 kB, Available: 49587672 kB, Active: 11050020 kB, SwapTotal: 40894456 kB, SwapFree: 40861944 kB
INFO [2026-03-16 14:06:31] Memory: Total: 61649012 kB, Available: 49587672 kB, Active: 11050020 kB, SwapTotal: 40894456 kB, SwapFree: 40861944 kB
INFO [2026-03-16 14:06:31] Memory: Total: 61649012 kB, Available: 49587672 kB, Active: 11050020 kB, SwapTotal: 40894456 kB, SwapFree: 40861944 kB
INFO [2026-03-16 14:06:31] Memory: Total: 61649012 kB, Available: 49587672 kB, Active: 11050020 kB, SwapTotal: 40894456 kB, SwapFree: 40861944 kB
INFO [2026-03-16 14:06:31] Memory: Total: 61649012 kB, Available: 49587672 kB, Active: 11050020 kB, SwapTotal: 40894456 kB, SwapFree: 40861944 kB
INFO [2026-03-16 14:06:31] Memory: Total: 61649012 kB, Available: 49587672 kB, Active: 11050344 kB, SwapTotal: 40894456 kB, SwapFree: 40861944 kB
INFO [2026-03-16 14:06:31] Memory: Total: 61649012 kB, Available: 49587672 kB, Active: 11050124 kB, SwapTotal: 40894456 kB, SwapFree: 40861944 kB
INFO [2026-03-16 14:06:31] Memory: Total: 61649012 kB, Available: 49587672 kB, Active: 11050160 kB, SwapTotal: 40894456 kB, SwapFree: 40861944 kB
INFO [2026-03-16 14:06:31] Memory: Total: 61649012 kB, Available: 49587672 kB, Active: 11050160 kB, SwapTotal: 40894456 kB, SwapFree: 40861944 kB
INFO [2026-03-16 14:06:32] Memory: Total: 61649012 kB, Available: 49587672 kB, Active: 11050160 kB, SwapTotal: 40894456 kB, SwapFree: 40861944 kB
INFO [2026-03-16 14:06:32] Memory: Total: 61649012 kB, Available: 49587672 kB, Active: 11050160 kB, SwapTotal: 40894456 kB, SwapFree: 40861944 kB
INFO [2026-03-16 14:06:32] Memory: Total: 61649012 kB, Available: 49587672 kB, Active: 11050160 kB, SwapTotal: 40894456 kB, SwapFree: 40861944 kB
INFO [2026-03-16 14:06:32] Memory: Total: 61649012 kB, Available: 49587672 kB, Active: 11050160 kB, SwapTotal: 40894456 kB, SwapFree: 40861944 kB
INFO [2026-03-16 14:06:32] Memory: Total: 61649012 kB, Available: 49587672 kB, Active: 11050160 kB, SwapTotal: 40894456 kB, SwapFree: 40861944 kB
INFO [2026-03-16 14:06:32] Memory: Total: 61649012 kB, Available: 49587672 kB, Active: 11050484 kB, SwapTotal: 40894456 kB, SwapFree: 40861944 kB
INFO [2026-03-16 14:06:32] Memory: Total: 61649012 kB, Available: 49587672 kB, Active: 11050264 kB, SwapTotal: 40894456 kB, SwapFree: 40861944 kB
INFO [2026-03-16 14:06:32] Memory: Total: 61649012 kB, Available: 49587672 kB, Active: 11050264 kB, SwapTotal: 40894456 kB, SwapFree: 40861944 kB
INFO [2026-03-16 14:06:32] Memory: Total: 61649012 kB, Available: 49587672 kB, Active: 11050264 kB, SwapTotal: 40894456 kB, SwapFree: 40861944 kB
INFO [2026-03-16 14:06:32] Memory: Total: 61649012 kB, Available: 49587672 kB, Active: 11050264 kB, SwapTotal: 40894456 kB, SwapFree: 40861944 kB
INFO [2026-03-16 14:06:32] Memory: Total: 61649012 kB, Available: 49587672 kB, Active: 11050588 kB, SwapTotal: 40894456 kB, SwapFree: 40861944 kB
INFO [2026-03-16 14:06:32] Memory: Total: 61649012 kB, Available: 49587672 kB, Active: 11050364 kB, SwapTotal: 40894456 kB, SwapFree: 40861944 kB
INFO [2026-03-16 14:06:32] Memory: Total: 61649012 kB, Available: 49587672 kB, Active: 11050364 kB, SwapTotal: 40894456 kB, SwapFree: 40861944 kB
INFO [2026-03-16 14:06:32] Memory: Total: 61649012 kB, Available: 49587672 kB, Active: 11050364 kB, SwapTotal: 40894456 kB, SwapFree: 40861944 kB
INFO [2026-03-16 14:06:32] Memory: Total: 61649012 kB, Available: 49587672 kB, Active: 11050364 kB, SwapTotal: 40894456 kB, SwapFree: 40861944 kB
INFO [2026-03-16 14:06:32] Memory: Total: 61649012 kB, Available: 49587672 kB, Active: 11050364 kB, SwapTotal: 40894456 kB, SwapFree: 40861944 kB
INFO [2026-03-16 14:06:32] Memory: Total: 61649012 kB, Available: 49587676 kB, Active: 11050652 kB, SwapTotal: 40894456 kB, SwapFree: 40861944 kB
INFO [2026-03-16 14:06:32] Memory: Total: 61649012 kB, Available: 49587676 kB, Active: 11050652 kB, SwapTotal: 40894456 kB, SwapFree: 40861944 kB
INFO [2026-03-16 14:06:33] Memory: Total: 61649012 kB, Available: 49587676 kB, Active: 11050364 kB, SwapTotal: 40894456 kB, SwapFree: 40861944 kB
INFO [2026-03-16 14:06:33] Memory: Total: 61649012 kB, Available: 49587676 kB, Active: 11050364 kB, SwapTotal: 40894456 kB, SwapFree: 40861944 kB
INFO [2026-03-16 14:06:33] Memory: Total: 61649012 kB, Available: 49587232 kB, Active: 11050688 kB, SwapTotal: 40894456 kB, SwapFree: 40861944 kB
INFO [2026-03-16 14:06:33] Memory: Total: 61649012 kB, Available: 49586976 kB, Active: 11050472 kB, SwapTotal: 40894456 kB, SwapFree: 40861944 kB
INFO [2026-03-16 14:06:33] Memory: Total: 61649012 kB, Available: 49587172 kB, Active: 11050472 kB, SwapTotal: 40894456 kB, SwapFree: 40861944 kB
INFO [2026-03-16 14:06:33] Memory: Total: 61649012 kB, Available: 49587172 kB, Active: 11050472 kB, SwapTotal: 40894456 kB, SwapFree: 40861944 kB
INFO [2026-03-16 14:06:33] Memory: Total: 61649012 kB, Available: 49587172 kB, Active: 11050472 kB, SwapTotal: 40894456 kB, SwapFree: 40861944 kB
INFO [2026-03-16 14:06:33] Memory: Total: 61649012 kB, Available: 49587172 kB, Active: 11050472 kB, SwapTotal: 40894456 kB, SwapFree: 40861944 kB
INFO [2026-03-16 14:06:33] Memory: Total: 61649012 kB, Available: 49587172 kB, Active: 11050472 kB, SwapTotal: 40894456 kB, SwapFree: 40861944 kB
INFO [2026-03-16 14:06:33] Memory: Total: 61649012 kB, Available: 49587172 kB, Active: 11050796 kB, SwapTotal: 40894456 kB, SwapFree: 40861944 kB
INFO [2026-03-16 14:06:33] Memory: Total: 61649012 kB, Available: 49587172 kB, Active: 11050568 kB, SwapTotal: 40894456 kB, SwapFree: 40861944 kB
INFO [2026-03-16 14:06:33] Memory: Total: 61649012 kB, Available: 49587172 kB, Active: 11050568 kB, SwapTotal: 40894456 kB, SwapFree: 40861944 kB
INFO [2026-03-16 14:06:33] Memory: Total: 61649012 kB, Available: 49587172 kB, Active: 11050568 kB, SwapTotal: 40894456 kB, SwapFree: 40861944 kB
INFO [2026-03-16 14:06:33] Memory: Total: 61649012 kB, Available: 49587172 kB, Active: 11050568 kB, SwapTotal: 40894456 kB, SwapFree: 40861944 kB
INFO [2026-03-16 14:06:33] Memory: Total: 61649012 kB, Available: 49587172 kB, Active: 11050568 kB, SwapTotal: 40894456 kB, SwapFree: 40861944 kB
INFO [2026-03-16 14:06:33] Memory: Total: 61649012 kB, Available: 49587172 kB, Active: 11050892 kB, SwapTotal: 40894456 kB, SwapFree: 40861944 kB
INFO [2026-03-16 14:06:33] Memory: Total: 61649012 kB, Available: 49587172 kB, Active: 11050604 kB, SwapTotal: 40894456 kB, SwapFree: 40861944 kB
INFO [2026-03-16 14:06:33] Memory: Total: 61649012 kB, Available: 49587172 kB, Active: 11050648 kB, SwapTotal: 40894456 kB, SwapFree: 40861944 kB
INFO [2026-03-16 14:06:33] Memory: Total: 61649012 kB, Available: 49587172 kB, Active: 11050972 kB, SwapTotal: 40894456 kB, SwapFree: 40861944 kB
INFO [2026-03-16 14:06:34] Memory: Total: 61649012 kB, Available: 49587172 kB, Active: 11050692 kB, SwapTotal: 40894456 kB, SwapFree: 40861944 kB
INFO [2026-03-16 14:06:34] Memory: Total: 61649012 kB, Available: 49587172 kB, Active: 11050692 kB, SwapTotal: 40894456 kB, SwapFree: 40861944 kB
INFO [2026-03-16 14:06:34] Memory: Total: 61649012 kB, Available: 49587172 kB, Active: 11050692 kB, SwapTotal: 40894456 kB, SwapFree: 40861944 kB
INFO [2026-03-16 14:06:34] Memory: Total: 61649012 kB, Available: 49587172 kB, Active: 11050692 kB, SwapTotal: 40894456 kB, SwapFree: 40861944 kB
INFO [2026-03-16 14:06:34] Memory: Total: 61649012 kB, Available: 49587172 kB, Active: 11050784 kB, SwapTotal: 40894456 kB, SwapFree: 40861944 kB
INFO [2026-03-16 14:06:34] Memory: Total: 61649012 kB, Available: 49587172 kB, Active: 11050784 kB, SwapTotal: 40894456 kB, SwapFree: 40861944 kB
INFO [2026-03-16 14:06:34] Memory: Total: 61649012 kB, Available: 49587172 kB, Active: 11050784 kB, SwapTotal: 40894456 kB, SwapFree: 40861944 kB
INFO [2026-03-16 14:06:34] Memory: Total: 61649012 kB, Available: 49587172 kB, Active: 11050784 kB, SwapTotal: 40894456 kB, SwapFree: 40861944 kB
INFO [2026-03-16 14:06:34] Memory: Total: 61649012 kB, Available: 49587172 kB, Active: 11050784 kB, SwapTotal: 40894456 kB, SwapFree: 40861944 kB
INFO [2026-03-16 14:06:34] Memory: Total: 61649012 kB, Available: 49587172 kB, Active: 11050784 kB, SwapTotal: 40894456 kB, SwapFree: 40861944 kB
INFO [2026-03-16 14:06:34] Memory: Total: 61649012 kB, Available: 49587172 kB, Active: 11051108 kB, SwapTotal: 40894456 kB, SwapFree: 40861944 kB
INFO [2026-03-16 14:06:34] Memory: Total: 61649012 kB, Available: 49587172 kB, Active: 11050884 kB, SwapTotal: 40894456 kB, SwapFree: 40861944 kB
INFO [2026-03-16 14:06:34] Memory: Total: 61649012 kB, Available: 49587172 kB, Active: 11051208 kB, SwapTotal: 40894456 kB, SwapFree: 40861944 kB
INFO [2026-03-16 14:06:34] Memory: Total: 61649012 kB, Available: 49587172 kB, Active: 11050892 kB, SwapTotal: 40894456 kB, SwapFree: 40861944 kB
INFO [2026-03-16 14:06:34] Memory: Total: 61649012 kB, Available: 49587176 kB, Active: 11050892 kB, SwapTotal: 40894456 kB, SwapFree: 40861944 kB
INFO [2026-03-16 14:06:34] Memory: Total: 61649012 kB, Available: 49587176 kB, Active: 11050892 kB, SwapTotal: 40894456 kB, SwapFree: 40861944 kB
INFO [2026-03-16 14:06:35] Memory: Total: 61649012 kB, Available: 49587176 kB, Active: 11050892 kB, SwapTotal: 40894456 kB, SwapFree: 40861944 kB
INFO [2026-03-16 14:06:35] Memory: Total: 61649012 kB, Available: 49587176 kB, Active: 11050892 kB, SwapTotal: 40894456 kB, SwapFree: 40861944 kB
INFO [2026-03-16 14:06:35] Memory: Total: 61649012 kB, Available: 49587176 kB, Active: 11051216 kB, SwapTotal: 40894456 kB, SwapFree: 40861944 kB
INFO [2026-03-16 14:06:35] Memory: Total: 61649012 kB, Available: 49587176 kB, Active: 11051216 kB, SwapTotal: 40894456 kB, SwapFree: 40861944 kB
INFO [2026-03-16 14:06:35] Memory: Total: 61649012 kB, Available: 49587176 kB, Active: 11051316 kB, SwapTotal: 40894456 kB, SwapFree: 40861944 kB
INFO [2026-03-16 14:06:35] Memory: Total: 61649012 kB, Available: 49587176 kB, Active: 11051016 kB, SwapTotal: 40894456 kB, SwapFree: 40861944 kB
INFO [2026-03-16 14:06:35] Memory: Total: 61649012 kB, Available: 49587176 kB, Active: 11051016 kB, SwapTotal: 40894456 kB, SwapFree: 40861944 kB
INFO [2026-03-16 14:06:35] Memory: Total: 61649012 kB, Available: 49587176 kB, Active: 11051020 kB, SwapTotal: 40894456 kB, SwapFree: 40861944 kB
INFO [2026-03-16 14:06:35] Memory: Total: 61649012 kB, Available: 49587176 kB, Active: 11051344 kB, SwapTotal: 40894456 kB, SwapFree: 40861944 kB
INFO [2026-03-16 14:06:35] Memory: Total: 61649012 kB, Available: 49587176 kB, Active: 11051080 kB, SwapTotal: 40894456 kB, SwapFree: 40861944 kB
INFO [2026-03-16 14:06:35] Memory: Total: 61649012 kB, Available: 49587176 kB, Active: 11051080 kB, SwapTotal: 40894456 kB, SwapFree: 40861944 kB
INFO [2026-03-16 14:06:35] Memory: Total: 61649012 kB, Available: 49587176 kB, Active: 11051080 kB, SwapTotal: 40894456 kB, SwapFree: 40861944 kB
INFO [2026-03-16 14:06:35] Memory: Total: 61649012 kB, Available: 49587176 kB, Active: 11051404 kB, SwapTotal: 40894456 kB, SwapFree: 40861944 kB
INFO [2026-03-16 14:06:35] Memory: Total: 61649012 kB, Available: 49587176 kB, Active: 11051100 kB, SwapTotal: 40894456 kB, SwapFree: 40861944 kB
INFO [2026-03-16 14:06:35] Memory: Total: 61649012 kB, Available: 49587176 kB, Active: 11051100 kB, SwapTotal: 40894456 kB, SwapFree: 40861944 kB
INFO [2026-03-16 14:06:35] Memory: Total: 61649012 kB, Available: 49587116 kB, Active: 11051208 kB, SwapTotal: 40894456 kB, SwapFree: 40861944 kB
INFO [2026-03-16 14:06:35] Memory: Total: 61649012 kB, Available: 49587116 kB, Active: 11051532 kB, SwapTotal: 40894456 kB, SwapFree: 40861944 kB
INFO [2026-03-16 14:06:35] Memory: Total: 61649012 kB, Available: 49587116 kB, Active: 11051296 kB, SwapTotal: 40894456 kB, SwapFree: 40861944 kB
INFO [2026-03-16 14:06:36] Memory: Total: 61649012 kB, Available: 49586864 kB, Active: 11050400 kB, SwapTotal: 40894456 kB, SwapFree: 40861944 kB
INFO [2026-03-16 14:06:36] Memory: Total: 61649012 kB, Available: 49586864 kB, Active: 11050400 kB, SwapTotal: 40894456 kB, SwapFree: 40861944 kB
INFO [2026-03-16 14:06:36] Memory: Total: 61649012 kB, Available: 49586864 kB, Active: 11050400 kB, SwapTotal: 40894456 kB, SwapFree: 40861944 kB
INFO [2026-03-16 14:06:36] Memory: Total: 61649012 kB, Available: 49586864 kB, Active: 11050400 kB, SwapTotal: 40894456 kB, SwapFree: 40861944 kB
INFO [2026-03-16 14:06:36] Memory: Total: 61649012 kB, Available: 49586864 kB, Active: 11050400 kB, SwapTotal: 40894456 kB, SwapFree: 40861944 kB
INFO [2026-03-16 14:06:36] Memory: Total: 61649012 kB, Available: 49586864 kB, Active: 11050400 kB, SwapTotal: 40894456 kB, SwapFree: 40861944 kB
INFO [2026-03-16 14:06:36] Memory: Total: 61649012 kB, Available: 49586408 kB, Active: 11050524 kB, SwapTotal: 40894456 kB, SwapFree: 40861944 kB
INFO [2026-03-16 14:06:36] Memory: Total: 61649012 kB, Available: 49586360 kB, Active: 11050524 kB, SwapTotal: 40894456 kB, SwapFree: 40861944 kB
INFO [2026-03-16 14:06:36] Memory: Total: 61649012 kB, Available: 49586360 kB, Active: 11050524 kB, SwapTotal: 40894456 kB, SwapFree: 40861944 kB
INFO [2026-03-16 14:06:36] Memory: Total: 61649012 kB, Available: 49586360 kB, Active: 11050524 kB, SwapTotal: 40894456 kB, SwapFree: 40861944 kB
INFO [2026-03-16 14:06:36] Memory: Total: 61649012 kB, Available: 49586360 kB, Active: 11050524 kB, SwapTotal: 40894456 kB, SwapFree: 40861944 kB
INFO [2026-03-16 14:06:36] Memory: Total: 61649012 kB, Available: 49586360 kB, Active: 11050524 kB, SwapTotal: 40894456 kB, SwapFree: 40861944 kB
INFO [2026-03-16 14:06:36] Memory: Total: 61649012 kB, Available: 49586360 kB, Active: 11050524 kB, SwapTotal: 40894456 kB, SwapFree: 40861944 kB
INFO [2026-03-16 14:06:36] Memory: Total: 61649012 kB, Available: 49586360 kB, Active: 11050848 kB, SwapTotal: 40894456 kB, SwapFree: 40861944 kB
INFO [2026-03-16 14:06:36] Memory: Total: 61649012 kB, Available: 49586360 kB, Active: 11050936 kB, SwapTotal: 40894456 kB, SwapFree: 40861944 kB
INFO [2026-03-16 14:06:36] Memory: Total: 61649012 kB, Available: 49586360 kB, Active: 11050620 kB, SwapTotal: 40894456 kB, SwapFree: 40861944 kB
INFO [2026-03-16 14:06:36] Memory: Total: 61649012 kB, Available: 49586360 kB, Active: 11050776 kB, SwapTotal: 40894456 kB, SwapFree: 40861944 kB
INFO [2026-03-16 14:06:37] Memory: Total: 61649012 kB, Available: 49586360 kB, Active: 11050816 kB, SwapTotal: 40894456 kB, SwapFree: 40861944 kB
INFO [2026-03-16 14:06:37] Memory: Total: 61649012 kB, Available: 49586360 kB, Active: 11050816 kB, SwapTotal: 40894456 kB, SwapFree: 40861944 kB
INFO [2026-03-16 14:06:37] Memory: Total: 61649012 kB, Available: 49586360 kB, Active: 11050816 kB, SwapTotal: 40894456 kB, SwapFree: 40861944 kB
INFO [2026-03-16 14:06:37] Memory: Total: 61649012 kB, Available: 49586360 kB, Active: 11050816 kB, SwapTotal: 40894456 kB, SwapFree: 40861944 kB
INFO [2026-03-16 14:06:37] Memory: Total: 61649012 kB, Available: 49586360 kB, Active: 11050816 kB, SwapTotal: 40894456 kB, SwapFree: 40861944 kB
INFO [2026-03-16 14:06:37] Memory: Total: 61649012 kB, Available: 49586360 kB, Active: 11050816 kB, SwapTotal: 40894456 kB, SwapFree: 40861944 kB
INFO [2026-03-16 14:06:37] Memory: Total: 61649012 kB, Available: 49586360 kB, Active: 11050816 kB, SwapTotal: 40894456 kB, SwapFree: 40861944 kB
INFO [2026-03-16 14:06:37] Memory: Total: 61649012 kB, Available: 49586360 kB, Active: 11050816 kB, SwapTotal: 40894456 kB, SwapFree: 40861944 kB
INFO [2026-03-16 14:06:37] Memory: Total: 61649012 kB, Available: 49586360 kB, Active: 11050816 kB, SwapTotal: 40894456 kB, SwapFree: 40861944 kB
INFO [2026-03-16 14:06:37] Memory: Total: 61649012 kB, Available: 49586360 kB, Active: 11050816 kB, SwapTotal: 40894456 kB, SwapFree: 40861944 kB
INFO [2026-03-16 14:06:37] Memory: Total: 61649012 kB, Available: 49586360 kB, Active: 11050816 kB, SwapTotal: 40894456 kB, SwapFree: 40861944 kB
INFO [2026-03-16 14:06:37] Memory: Total: 61649012 kB, Available: 49586360 kB, Active: 11050816 kB, SwapTotal: 40894456 kB, SwapFree: 40861944 kB
INFO [2026-03-16 14:06:37] Memory: Total: 61649012 kB, Available: 49586360 kB, Active: 11050816 kB, SwapTotal: 40894456 kB, SwapFree: 40861944 kB
INFO [2026-03-16 14:06:37] Memory: Total: 61649012 kB, Available: 49586360 kB, Active: 11050816 kB, SwapTotal: 40894456 kB, SwapFree: 40861944 kB
INFO [2026-03-16 14:06:37] Memory: Total: 61649012 kB, Available: 49586360 kB, Active: 11050816 kB, SwapTotal: 40894456 kB, SwapFree: 40861944 kB
INFO [2026-03-16 14:06:37] Memory: Total: 61649012 kB, Available: 49586360 kB, Active: 11050816 kB, SwapTotal: 40894456 kB, SwapFree: 40861944 kB
INFO [2026-03-16 14:06:37] Memory: Total: 61649012 kB, Available: 49586360 kB, Active: 11050820 kB, SwapTotal: 40894456 kB, SwapFree: 40861944 kB
INFO [2026-03-16 14:06:37] Memory: Total: 61649012 kB, Available: 49586360 kB, Active: 11050820 kB, SwapTotal: 40894456 kB, SwapFree: 40861944 kB
INFO [2026-03-16 14:06:37] Memory: Total: 61649012 kB, Available: 49586360 kB, Active: 11050820 kB, SwapTotal: 40894456 kB, SwapFree: 40861944 kB
INFO [2026-03-16 14:06:37] Memory: Total: 61649012 kB, Available: 49586360 kB, Active: 11050820 kB, SwapTotal: 40894456 kB, SwapFree: 40861944 kB
INFO [2026-03-16 14:06:38] Memory: Total: 61649012 kB, Available: 49586360 kB, Active: 11050820 kB, SwapTotal: 40894456 kB, SwapFree: 40861944 kB
INFO [2026-03-16 14:06:38] Memory: Total: 61649012 kB, Available: 49586360 kB, Active: 11050820 kB, SwapTotal: 40894456 kB, SwapFree: 40861944 kB
INFO [2026-03-16 14:06:38] Memory: Total: 61649012 kB, Available: 49586360 kB, Active: 11050820 kB, SwapTotal: 40894456 kB, SwapFree: 40861944 kB
INFO [2026-03-16 14:06:38] Memory: Total: 61649012 kB, Available: 49586360 kB, Active: 11050820 kB, SwapTotal: 40894456 kB, SwapFree: 40861944 kB
INFO [2026-03-16 14:06:38] Memory: Total: 61649012 kB, Available: 49586360 kB, Active: 11050820 kB, SwapTotal: 40894456 kB, SwapFree: 40861944 kB
INFO [2026-03-16 14:06:38] Memory: Total: 61649012 kB, Available: 49586360 kB, Active: 11050820 kB, SwapTotal: 40894456 kB, SwapFree: 40861944 kB
INFO [2026-03-16 14:06:38] Memory: Total: 61649012 kB, Available: 49586360 kB, Active: 11050820 kB, SwapTotal: 40894456 kB, SwapFree: 40861944 kB
INFO [2026-03-16 14:06:38] Memory: Total: 61649012 kB, Available: 49586360 kB, Active: 11050820 kB, SwapTotal: 40894456 kB, SwapFree: 40861944 kB
INFO [2026-03-16 14:06:38] Memory: Total: 61649012 kB, Available: 49586360 kB, Active: 11050820 kB, SwapTotal: 40894456 kB, SwapFree: 40861944 kB
INFO [2026-03-16 14:06:38] Memory: Total: 61649012 kB, Available: 49586360 kB, Active: 11050820 kB, SwapTotal: 40894456 kB, SwapFree: 40861944 kB
INFO [2026-03-16 14:06:38] Memory: Total: 61649012 kB, Available: 49586360 kB, Active: 11050820 kB, SwapTotal: 40894456 kB, SwapFree: 40861944 kB
INFO [2026-03-16 14:06:38] Memory: Total: 61649012 kB, Available: 49586360 kB, Active: 11050820 kB, SwapTotal: 40894456 kB, SwapFree: 40861944 kB
INFO [2026-03-16 14:06:38] Memory: Total: 61649012 kB, Available: 49586360 kB, Active: 11050820 kB, SwapTotal: 40894456 kB, SwapFree: 40861944 kB
INFO [2026-03-16 14:06:38] Memory: Total: 61649012 kB, Available: 49586364 kB, Active: 11050824 kB, SwapTotal: 40894456 kB, SwapFree: 40861944 kB
INFO [2026-03-16 14:06:38] Memory: Total: 61649012 kB, Available: 49586364 kB, Active: 11050824 kB, SwapTotal: 40894456 kB, SwapFree: 40861944 kB
INFO [2026-03-16 14:06:38] Memory: Total: 61649012 kB, Available: 49586364 kB, Active: 11050824 kB, SwapTotal: 40894456 kB, SwapFree: 40861944 kB
INFO [2026-03-16 14:06:39] Memory: Total: 61649012 kB, Available: 49586364 kB, Active: 11050824 kB, SwapTotal: 40894456 kB, SwapFree: 40861944 kB
INFO [2026-03-16 14:06:39] Memory: Total: 61649012 kB, Available: 49586364 kB, Active: 11050824 kB, SwapTotal: 40894456 kB, SwapFree: 40861944 kB
INFO [2026-03-16 14:06:39] Memory: Total: 61649012 kB, Available: 49586364 kB, Active: 11050824 kB, SwapTotal: 40894456 kB, SwapFree: 40861944 kB
INFO [2026-03-16 14:06:39] Memory: Total: 61649012 kB, Available: 49586364 kB, Active: 11050824 kB, SwapTotal: 40894456 kB, SwapFree: 40861944 kB
INFO [2026-03-16 14:06:39] Memory: Total: 61649012 kB, Available: 49586364 kB, Active: 11051148 kB, SwapTotal: 40894456 kB, SwapFree: 40861944 kB
INFO [2026-03-16 14:06:39] Memory: Total: 61649012 kB, Available: 49586364 kB, Active: 11051028 kB, SwapTotal: 40894456 kB, SwapFree: 40861944 kB
INFO [2026-03-16 14:06:39] Memory: Total: 61649012 kB, Available: 49586364 kB, Active: 11051028 kB, SwapTotal: 40894456 kB, SwapFree: 40861944 kB
INFO [2026-03-16 14:06:39] Memory: Total: 61649012 kB, Available: 49586364 kB, Active: 11051152 kB, SwapTotal: 40894456 kB, SwapFree: 40861944 kB
INFO [2026-03-16 14:06:39] Memory: Total: 61649012 kB, Available: 49586364 kB, Active: 11051152 kB, SwapTotal: 40894456 kB, SwapFree: 40861944 kB
INFO [2026-03-16 14:06:39] Memory: Total: 61649012 kB, Available: 49586364 kB, Active: 11051276 kB, SwapTotal: 40894456 kB, SwapFree: 40861944 kB
INFO [2026-03-16 14:06:39] Memory: Total: 61649012 kB, Available: 49586364 kB, Active: 11051276 kB, SwapTotal: 40894456 kB, SwapFree: 40861944 kB
INFO [2026-03-16 14:06:39] Memory: Total: 61649012 kB, Available: 49586364 kB, Active: 11051276 kB, SwapTotal: 40894456 kB, SwapFree: 40861944 kB
INFO [2026-03-16 14:06:39] Memory: Total: 61649012 kB, Available: 49586364 kB, Active: 11051356 kB, SwapTotal: 40894456 kB, SwapFree: 40861944 kB
INFO [2026-03-16 14:06:39] Memory: Total: 61649012 kB, Available: 49586364 kB, Active: 11051480 kB, SwapTotal: 40894456 kB, SwapFree: 40861944 kB
INFO [2026-03-16 14:06:39] Memory: Total: 61649012 kB, Available: 49586364 kB, Active: 11051480 kB, SwapTotal: 40894456 kB, SwapFree: 40861944 kB
INFO [2026-03-16 14:06:39] Memory: Total: 61649012 kB, Available: 49586360 kB, Active: 11051892 kB, SwapTotal: 40894456 kB, SwapFree: 40861944 kB
INFO [2026-03-16 14:06:39] Memory: Total: 61649012 kB, Available: 49586360 kB, Active: 11051892 kB, SwapTotal: 40894456 kB, SwapFree: 40861944 kB
INFO [2026-03-16 14:06:40] Memory: Total: 61649012 kB, Available: 49585640 kB, Active: 11052340 kB, SwapTotal: 40894456 kB, SwapFree: 40861944 kB
INFO [2026-03-16 14:06:40] Memory: Total: 61649012 kB, Available: 49585856 kB, Active: 11052108 kB, SwapTotal: 40894456 kB, SwapFree: 40861944 kB
INFO [2026-03-16 14:06:40] Memory: Total: 61649012 kB, Available: 49585856 kB, Active: 11052108 kB, SwapTotal: 40894456 kB, SwapFree: 40861944 kB
INFO [2026-03-16 14:06:40] Memory: Total: 61649012 kB, Available: 49585856 kB, Active: 11052108 kB, SwapTotal: 40894456 kB, SwapFree: 40861944 kB
INFO [2026-03-16 14:06:40] Memory: Total: 61649012 kB, Available: 49585856 kB, Active: 11052112 kB, SwapTotal: 40894456 kB, SwapFree: 40861944 kB
INFO [2026-03-16 14:06:40] Memory: Total: 61649012 kB, Available: 49585856 kB, Active: 11052236 kB, SwapTotal: 40894456 kB, SwapFree: 40861944 kB
INFO [2026-03-16 14:06:40] Memory: Total: 61649012 kB, Available: 49585856 kB, Active: 11052360 kB, SwapTotal: 40894456 kB, SwapFree: 40861944 kB
INFO [2026-03-16 14:06:40] Memory: Total: 61649012 kB, Available: 49585856 kB, Active: 11052360 kB, SwapTotal: 40894456 kB, SwapFree: 40861944 kB
INFO [2026-03-16 14:06:40] Memory: Total: 61649012 kB, Available: 49585384 kB, Active: 11052684 kB, SwapTotal: 40894456 kB, SwapFree: 40861944 kB
INFO [2026-03-16 14:06:40] Memory: Total: 61649012 kB, Available: 49585352 kB, Active: 11052468 kB, SwapTotal: 40894456 kB, SwapFree: 40861944 kB
INFO [2026-03-16 14:06:40] Memory: Total: 61649012 kB, Available: 49585352 kB, Active: 11052592 kB, SwapTotal: 40894456 kB, SwapFree: 40861944 kB
INFO [2026-03-16 14:06:40] Memory: Total: 61649012 kB, Available: 49585352 kB, Active: 11052592 kB, SwapTotal: 40894456 kB, SwapFree: 40861944 kB
INFO [2026-03-16 14:06:40] Memory: Total: 61649012 kB, Available: 49585352 kB, Active: 11052716 kB, SwapTotal: 40894456 kB, SwapFree: 40861944 kB
INFO [2026-03-16 14:06:40] Memory: Total: 61649012 kB, Available: 49585352 kB, Active: 11052716 kB, SwapTotal: 40894456 kB, SwapFree: 40861944 kB
INFO [2026-03-16 14:06:40] Memory: Total: 61649012 kB, Available: 49585352 kB, Active: 11052840 kB, SwapTotal: 40894456 kB, SwapFree: 40861944 kB
INFO [2026-03-16 14:06:40] Memory: Total: 61649012 kB, Available: 49585352 kB, Active: 11052840 kB, SwapTotal: 40894456 kB, SwapFree: 40861944 kB
INFO [2026-03-16 14:06:40] Memory: Total: 61649012 kB, Available: 49584616 kB, Active: 11053400 kB, SwapTotal: 40894456 kB, SwapFree: 40861944 kB
INFO [2026-03-16 14:06:40] Memory: Total: 61649012 kB, Available: 49584848 kB, Active: 11053152 kB, SwapTotal: 40894456 kB, SwapFree: 40861944 kB
INFO [2026-03-16 14:06:41] Memory: Total: 61649012 kB, Available: 49584848 kB, Active: 11053276 kB, SwapTotal: 40894456 kB, SwapFree: 40861944 kB
INFO [2026-03-16 14:06:41] Memory: Total: 61649012 kB, Available: 49584848 kB, Active: 11053400 kB, SwapTotal: 40894456 kB, SwapFree: 40861944 kB
INFO [2026-03-16 14:06:41] Memory: Total: 61649012 kB, Available: 49584596 kB, Active: 11053648 kB, SwapTotal: 40894456 kB, SwapFree: 40861944 kB
INFO [2026-03-16 14:06:41] Memory: Total: 61649012 kB, Available: 49584596 kB, Active: 11053648 kB, SwapTotal: 40894456 kB, SwapFree: 40861944 kB
INFO [2026-03-16 14:06:41] Memory: Total: 61649012 kB, Available: 49584596 kB, Active: 11053772 kB, SwapTotal: 40894456 kB, SwapFree: 40861944 kB
INFO [2026-03-16 14:06:41] Memory: Total: 61649012 kB, Available: 49584104 kB, Active: 11054096 kB, SwapTotal: 40894456 kB, SwapFree: 40861944 kB
INFO [2026-03-16 14:06:41] Memory: Total: 61649012 kB, Available: 49584104 kB, Active: 11054096 kB, SwapTotal: 40894456 kB, SwapFree: 40861944 kB
INFO [2026-03-16 14:06:41] Memory: Total: 61649012 kB, Available: 49584092 kB, Active: 11053972 kB, SwapTotal: 40894456 kB, SwapFree: 40861944 kB
INFO [2026-03-16 14:06:41] Memory: Total: 61649012 kB, Available: 49584092 kB, Active: 11054096 kB, SwapTotal: 40894456 kB, SwapFree: 40861944 kB
INFO [2026-03-16 14:06:41] Memory: Total: 61649012 kB, Available: 49584092 kB, Active: 11054220 kB, SwapTotal: 40894456 kB, SwapFree: 40861944 kB
INFO [2026-03-16 14:06:41] Memory: Total: 61649012 kB, Available: 49584092 kB, Active: 11054792 kB, SwapTotal: 40894456 kB, SwapFree: 40861944 kB
INFO [2026-03-16 14:06:41] Memory: Total: 61649012 kB, Available: 49584092 kB, Active: 11054628 kB, SwapTotal: 40894456 kB, SwapFree: 40861944 kB
INFO [2026-03-16 14:06:41] Memory: Total: 61649012 kB, Available: 49584092 kB, Active: 11054628 kB, SwapTotal: 40894456 kB, SwapFree: 40861944 kB
INFO [2026-03-16 14:06:41] Memory: Total: 61649012 kB, Available: 49584092 kB, Active: 11054876 kB, SwapTotal: 40894456 kB, SwapFree: 40861944 kB
INFO [2026-03-16 14:06:41] Memory: Total: 61649012 kB, Available: 49584092 kB, Active: 11054876 kB, SwapTotal: 40894456 kB, SwapFree: 40861944 kB
INFO [2026-03-16 14:06:41] Memory: Total: 61649012 kB, Available: 49584092 kB, Active: 11054876 kB, SwapTotal: 40894456 kB, SwapFree: 40861944 kB
INFO [2026-03-16 14:06:41] Memory: Total: 61649012 kB, Available: 49584092 kB, Active: 11055004 kB, SwapTotal: 40894456 kB, SwapFree: 40861944 kB
INFO [2026-03-16 14:06:42] Memory: Total: 61649012 kB, Available: 49584104 kB, Active: 11055128 kB, SwapTotal: 40894456 kB, SwapFree: 40861944 kB
INFO [2026-03-16 14:06:42] Memory: Total: 61649012 kB, Available: 49584104 kB, Active: 11055700 kB, SwapTotal: 40894456 kB, SwapFree: 40861944 kB
INFO [2026-03-16 14:06:42] Memory: Total: 61649012 kB, Available: 49584104 kB, Active: 11055396 kB, SwapTotal: 40894456 kB, SwapFree: 40861944 kB
INFO [2026-03-16 14:06:42] Memory: Total: 61649012 kB, Available: 49584104 kB, Active: 11055520 kB, SwapTotal: 40894456 kB, SwapFree: 40861944 kB
INFO [2026-03-16 14:06:42] Memory: Total: 61649012 kB, Available: 49584104 kB, Active: 11055768 kB, SwapTotal: 40894456 kB, SwapFree: 40861944 kB
INFO [2026-03-16 14:06:42] Memory: Total: 61649012 kB, Available: 49584104 kB, Active: 11055768 kB, SwapTotal: 40894456 kB, SwapFree: 40861944 kB
INFO [2026-03-16 14:06:42] Memory: Total: 61649012 kB, Available: 49584104 kB, Active: 11056016 kB, SwapTotal: 40894456 kB, SwapFree: 40861944 kB
INFO [2026-03-16 14:06:42] Memory: Total: 61649012 kB, Available: 49584104 kB, Active: 11056140 kB, SwapTotal: 40894456 kB, SwapFree: 40861944 kB
INFO [2026-03-16 14:06:42] Memory: Total: 61649012 kB, Available: 49584104 kB, Active: 11056464 kB, SwapTotal: 40894456 kB, SwapFree: 40861944 kB
INFO [2026-03-16 14:06:42] Memory: Total: 61649012 kB, Available: 49584104 kB, Active: 11056464 kB, SwapTotal: 40894456 kB, SwapFree: 40861944 kB
INFO [2026-03-16 14:06:42] Memory: Total: 61649012 kB, Available: 49584104 kB, Active: 11056188 kB, SwapTotal: 40894456 kB, SwapFree: 40861944 kB
INFO [2026-03-16 14:06:42] Memory: Total: 61649012 kB, Available: 49584104 kB, Active: 11056188 kB, SwapTotal: 40894456 kB, SwapFree: 40861944 kB
INFO [2026-03-16 14:06:42] Memory: Total: 61649012 kB, Available: 49584104 kB, Active: 11056316 kB, SwapTotal: 40894456 kB, SwapFree: 40861944 kB
INFO [2026-03-16 14:06:42] Memory: Total: 61649012 kB, Available: 49584104 kB, Active: 11056316 kB, SwapTotal: 40894456 kB, SwapFree: 40861944 kB
INFO [2026-03-16 14:06:42] Memory: Total: 61649012 kB, Available: 49584104 kB, Active: 11056840 kB, SwapTotal: 40894456 kB, SwapFree: 40861944 kB
INFO [2026-03-16 14:06:42] Memory: Total: 61649012 kB, Available: 49584104 kB, Active: 11057132 kB, SwapTotal: 40894456 kB, SwapFree: 40861944 kB
INFO [2026-03-16 14:06:43] Memory: Total: 61649012 kB, Available: 49584104 kB, Active: 11056820 kB, SwapTotal: 40894456 kB, SwapFree: 40861944 kB
INFO [2026-03-16 14:06:43] Memory: Total: 61649012 kB, Available: 49584104 kB, Active: 11056820 kB, SwapTotal: 40894456 kB, SwapFree: 40861944 kB
INFO [2026-03-16 14:06:43] Memory: Total: 61649012 kB, Available: 49584104 kB, Active: 11056820 kB, SwapTotal: 40894456 kB, SwapFree: 40861944 kB
INFO [2026-03-16 14:06:43] Memory: Total: 61649012 kB, Available: 49584104 kB, Active: 11056820 kB, SwapTotal: 40894456 kB, SwapFree: 40861944 kB
INFO [2026-03-16 14:06:43] Memory: Total: 61649012 kB, Available: 49584104 kB, Active: 11056944 kB, SwapTotal: 40894456 kB, SwapFree: 40861944 kB
INFO [2026-03-16 14:06:43] Memory: Total: 61649012 kB, Available: 49584104 kB, Active: 11056948 kB, SwapTotal: 40894456 kB, SwapFree: 40861944 kB
INFO [2026-03-16 14:06:43] Memory: Total: 61649012 kB, Available: 49583604 kB, Active: 11057072 kB, SwapTotal: 40894456 kB, SwapFree: 40861944 kB
INFO [2026-03-16 14:06:43] Memory: Total: 61649012 kB, Available: 49583852 kB, Active: 11057396 kB, SwapTotal: 40894456 kB, SwapFree: 40861944 kB
INFO [2026-03-16 14:06:43] Memory: Total: 61649012 kB, Available: 49583852 kB, Active: 11057164 kB, SwapTotal: 40894456 kB, SwapFree: 40861944 kB
INFO [2026-03-16 14:06:43] Memory: Total: 61649012 kB, Available: 49583852 kB, Active: 11057288 kB, SwapTotal: 40894456 kB, SwapFree: 40861944 kB
INFO [2026-03-16 14:06:43] Memory: Total: 61649012 kB, Available: 49583852 kB, Active: 11057288 kB, SwapTotal: 40894456 kB, SwapFree: 40861944 kB
INFO [2026-03-16 14:06:43] Memory: Total: 61649012 kB, Available: 49583852 kB, Active: 11057288 kB, SwapTotal: 40894456 kB, SwapFree: 40861944 kB
INFO [2026-03-16 14:06:43] Memory: Total: 61649012 kB, Available: 49583852 kB, Active: 11057412 kB, SwapTotal: 40894456 kB, SwapFree: 40861944 kB
INFO [2026-03-16 14:06:43] Memory: Total: 61649012 kB, Available: 49583348 kB, Active: 11057448 kB, SwapTotal: 40894456 kB, SwapFree: 40861944 kB
INFO [2026-03-16 14:06:43] Memory: Total: 61649012 kB, Available: 49583600 kB, Active: 11057860 kB, SwapTotal: 40894456 kB, SwapFree: 40861944 kB
INFO [2026-03-16 14:06:43] Memory: Total: 61649012 kB, Available: 49583600 kB, Active: 11057592 kB, SwapTotal: 40894456 kB, SwapFree: 40861944 kB
INFO [2026-03-16 14:06:43] Memory: Total: 61649012 kB, Available: 49583600 kB, Active: 11057716 kB, SwapTotal: 40894456 kB, SwapFree: 40861944 kB
INFO [2026-03-16 14:06:43] Memory: Total: 61649012 kB, Available: 49583600 kB, Active: 11057716 kB, SwapTotal: 40894456 kB, SwapFree: 40861944 kB
INFO [2026-03-16 14:06:43] Memory: Total: 61649012 kB, Available: 49583600 kB, Active: 11057852 kB, SwapTotal: 40894456 kB, SwapFree: 40861944 kB
INFO [2026-03-16 14:06:44] Memory: Total: 61649012 kB, Available: 49583600 kB, Active: 11057976 kB, SwapTotal: 40894456 kB, SwapFree: 40861944 kB
INFO [2026-03-16 14:06:44] Memory: Total: 61649012 kB, Available: 49583600 kB, Active: 11058424 kB, SwapTotal: 40894456 kB, SwapFree: 40861944 kB
INFO [2026-03-16 14:06:44] Memory: Total: 61649012 kB, Available: 49583600 kB, Active: 11058424 kB, SwapTotal: 40894456 kB, SwapFree: 40861944 kB
INFO [2026-03-16 14:06:44] Memory: Total: 61649012 kB, Available: 49583600 kB, Active: 11058184 kB, SwapTotal: 40894456 kB, SwapFree: 40861944 kB
INFO [2026-03-16 14:06:44] Memory: Total: 61649012 kB, Available: 49583600 kB, Active: 11058184 kB, SwapTotal: 40894456 kB, SwapFree: 40861944 kB
INFO [2026-03-16 14:06:44] Memory: Total: 61649012 kB, Available: 49583600 kB, Active: 11058308 kB, SwapTotal: 40894456 kB, SwapFree: 40861944 kB
INFO [2026-03-16 14:06:44] Memory: Total: 61649012 kB, Available: 49583600 kB, Active: 11058432 kB, SwapTotal: 40894456 kB, SwapFree: 40861944 kB
INFO [2026-03-16 14:06:44] Memory: Total: 61649012 kB, Available: 49583600 kB, Active: 11058432 kB, SwapTotal: 40894456 kB, SwapFree: 40861944 kB
INFO [2026-03-16 14:06:44] Memory: Total: 61649012 kB, Available: 49583600 kB, Active: 11058556 kB, SwapTotal: 40894456 kB, SwapFree: 40861944 kB
INFO [2026-03-16 14:06:44] Memory: Total: 61649012 kB, Available: 49583600 kB, Active: 11058804 kB, SwapTotal: 40894456 kB, SwapFree: 40861944 kB
INFO [2026-03-16 14:06:44] Memory: Total: 61649012 kB, Available: 49583600 kB, Active: 11058804 kB, SwapTotal: 40894456 kB, SwapFree: 40861944 kB
INFO [2026-03-16 14:06:44] Memory: Total: 61649012 kB, Available: 49583600 kB, Active: 11058928 kB, SwapTotal: 40894456 kB, SwapFree: 40861944 kB
INFO [2026-03-16 14:06:44] Memory: Total: 61649012 kB, Available: 49583600 kB, Active: 11059052 kB, SwapTotal: 40894456 kB, SwapFree: 40861944 kB
INFO [2026-03-16 14:06:44] Memory: Total: 61649012 kB, Available: 49583600 kB, Active: 11059052 kB, SwapTotal: 40894456 kB, SwapFree: 40861944 kB
INFO [2026-03-16 14:06:44] Memory: Total: 61649012 kB, Available: 49583600 kB, Active: 11059176 kB, SwapTotal: 40894456 kB, SwapFree: 40861944 kB
INFO [2026-03-16 14:06:44] Memory: Total: 61649012 kB, Available: 49583600 kB, Active: 11059176 kB, SwapTotal: 40894456 kB, SwapFree: 40861944 kB
INFO [2026-03-16 14:06:44] Memory: Total: 61649012 kB, Available: 49583600 kB, Active: 11059328 kB, SwapTotal: 40894456 kB, SwapFree: 40861944 kB
INFO [2026-03-16 14:06:44] Memory: Total: 61649012 kB, Available: 49583600 kB, Active: 11059776 kB, SwapTotal: 40894456 kB, SwapFree: 40861944 kB
INFO [2026-03-16 14:06:45] Memory: Total: 61649012 kB, Available: 49583600 kB, Active: 11059488 kB, SwapTotal: 40894456 kB, SwapFree: 40861944 kB
INFO [2026-03-16 14:06:45] Memory: Total: 61649012 kB, Available: 49583600 kB, Active: 11059612 kB, SwapTotal: 40894456 kB, SwapFree: 40861944 kB
INFO [2026-03-16 14:06:45] Memory: Total: 61649012 kB, Available: 49583600 kB, Active: 11059736 kB, SwapTotal: 40894456 kB, SwapFree: 40861944 kB
INFO [2026-03-16 14:06:45] Memory: Total: 61649012 kB, Available: 49583600 kB, Active: 11059860 kB, SwapTotal: 40894456 kB, SwapFree: 40861944 kB
INFO [2026-03-16 14:06:45] Memory: Total: 61649012 kB, Available: 49583600 kB, Active: 11059984 kB, SwapTotal: 40894456 kB, SwapFree: 40861944 kB
INFO [2026-03-16 14:06:45] Memory: Total: 61649012 kB, Available: 49583600 kB, Active: 11059984 kB, SwapTotal: 40894456 kB, SwapFree: 40861944 kB
INFO [2026-03-16 14:06:45] Memory: Total: 61649012 kB, Available: 49583600 kB, Active: 11060108 kB, SwapTotal: 40894456 kB, SwapFree: 40861944 kB
INFO [2026-03-16 14:06:45] Memory: Total: 61649012 kB, Available: 49583600 kB, Active: 11060432 kB, SwapTotal: 40894456 kB, SwapFree: 40861944 kB
INFO [2026-03-16 14:06:45] Memory: Total: 61649012 kB, Available: 49583600 kB, Active: 11060284 kB, SwapTotal: 40894456 kB, SwapFree: 40861944 kB
INFO [2026-03-16 14:06:45] Memory: Total: 61649012 kB, Available: 49583600 kB, Active: 11060284 kB, SwapTotal: 40894456 kB, SwapFree: 40861944 kB
INFO [2026-03-16 14:06:45] Memory: Total: 61649012 kB, Available: 49583600 kB, Active: 11060408 kB, SwapTotal: 40894456 kB, SwapFree: 40861944 kB
INFO [2026-03-16 14:06:45] Memory: Total: 61649012 kB, Available: 49583600 kB, Active: 11060532 kB, SwapTotal: 40894456 kB, SwapFree: 40861944 kB
INFO [2026-03-16 14:06:45] Memory: Total: 61649012 kB, Available: 49583600 kB, Active: 11060780 kB, SwapTotal: 40894456 kB, SwapFree: 40861944 kB
INFO [2026-03-16 14:06:45] Memory: Total: 61649012 kB, Available: 49583092 kB, Active: 11061228 kB, SwapTotal: 40894456 kB, SwapFree: 40861944 kB
INFO [2026-03-16 14:06:45] Memory: Total: 61649012 kB, Available: 49583096 kB, Active: 11061160 kB, SwapTotal: 40894456 kB, SwapFree: 40861944 kB
INFO [2026-03-16 14:06:45] Memory: Total: 61649012 kB, Available: 49583096 kB, Active: 11061160 kB, SwapTotal: 40894456 kB, SwapFree: 40861944 kB
INFO [2026-03-16 14:06:45] Memory: Total: 61649012 kB, Available: 49583096 kB, Active: 11061228 kB, SwapTotal: 40894456 kB, SwapFree: 40861944 kB
INFO [2026-03-16 14:06:45] Memory: Total: 61649012 kB, Available: 49583096 kB, Active: 11061228 kB, SwapTotal: 40894456 kB, SwapFree: 40861944 kB
INFO [2026-03-16 14:06:45] Memory: Total: 61649012 kB, Available: 49583096 kB, Active: 11061228 kB, SwapTotal: 40894456 kB, SwapFree: 40861944 kB
INFO [2026-03-16 14:06:46] Memory: Total: 61649012 kB, Available: 49583096 kB, Active: 11061476 kB, SwapTotal: 40894456 kB, SwapFree: 40861944 kB
INFO [2026-03-16 14:06:46] Memory: Total: 61649012 kB, Available: 49582844 kB, Active: 11061600 kB, SwapTotal: 40894456 kB, SwapFree: 40861944 kB
INFO [2026-03-16 14:06:46] Memory: Total: 61649012 kB, Available: 49582592 kB, Active: 11062048 kB, SwapTotal: 40894456 kB, SwapFree: 40861944 kB
INFO [2026-03-16 14:06:46] Memory: Total: 61649012 kB, Available: 49582340 kB, Active: 11062020 kB, SwapTotal: 40894456 kB, SwapFree: 40861944 kB
INFO [2026-03-16 14:06:46] Memory: Total: 61649012 kB, Available: 49582340 kB, Active: 11062020 kB, SwapTotal: 40894456 kB, SwapFree: 40861944 kB
INFO [2026-03-16 14:06:46] Memory: Total: 61649012 kB, Available: 49582340 kB, Active: 11062020 kB, SwapTotal: 40894456 kB, SwapFree: 40861944 kB
INFO [2026-03-16 14:06:46] Memory: Total: 61649012 kB, Available: 49582340 kB, Active: 11062144 kB, SwapTotal: 40894456 kB, SwapFree: 40861944 kB
INFO [2026-03-16 14:06:46] Memory: Total: 61649012 kB, Available: 49582340 kB, Active: 11062268 kB, SwapTotal: 40894456 kB, SwapFree: 40861944 kB
INFO [2026-03-16 14:06:46] Memory: Total: 61649012 kB, Available: 49582340 kB, Active: 11062268 kB, SwapTotal: 40894456 kB, SwapFree: 40861944 kB
INFO [2026-03-16 14:06:46] Memory: Total: 61649012 kB, Available: 49581556 kB, Active: 11062640 kB, SwapTotal: 40894456 kB, SwapFree: 40861944 kB
INFO [2026-03-16 14:06:46] Memory: Total: 61649012 kB, Available: 49581556 kB, Active: 11062640 kB, SwapTotal: 40894456 kB, SwapFree: 40861944 kB
INFO [2026-03-16 14:06:46] Memory: Total: 61649012 kB, Available: 49581584 kB, Active: 11062764 kB, SwapTotal: 40894456 kB, SwapFree: 40861944 kB
INFO [2026-03-16 14:06:46] Memory: Total: 61649012 kB, Available: 49581584 kB, Active: 11062888 kB, SwapTotal: 40894456 kB, SwapFree: 40861944 kB
INFO [2026-03-16 14:06:46] Memory: Total: 61649012 kB, Available: 49581584 kB, Active: 11062888 kB, SwapTotal: 40894456 kB, SwapFree: 40861944 kB
INFO [2026-03-16 14:06:46] Memory: Total: 61649012 kB, Available: 49581336 kB, Active: 11063176 kB, SwapTotal: 40894456 kB, SwapFree: 40861944 kB
INFO [2026-03-16 14:06:46] Memory: Total: 61649012 kB, Available: 49581336 kB, Active: 11063176 kB, SwapTotal: 40894456 kB, SwapFree: 40861944 kB
INFO [2026-03-16 14:06:47] Memory: Total: 61649012 kB, Available: 49580832 kB, Active: 11063748 kB, SwapTotal: 40894456 kB, SwapFree: 40861944 kB
INFO [2026-03-16 14:06:47] Memory: Total: 61649012 kB, Available: 49580832 kB, Active: 11063836 kB, SwapTotal: 40894456 kB, SwapFree: 40861944 kB
INFO [2026-03-16 14:06:47] Memory: Total: 61649012 kB, Available: 49580832 kB, Active: 11063532 kB, SwapTotal: 40894456 kB, SwapFree: 40861944 kB
INFO [2026-03-16 14:06:47] Memory: Total: 61649012 kB, Available: 49580832 kB, Active: 11063780 kB, SwapTotal: 40894456 kB, SwapFree: 40861944 kB
INFO [2026-03-16 14:06:47] Memory: Total: 61649012 kB, Available: 49580832 kB, Active: 11063780 kB, SwapTotal: 40894456 kB, SwapFree: 40861944 kB
INFO [2026-03-16 14:06:47] Memory: Total: 61649012 kB, Available: 49580580 kB, Active: 11063876 kB, SwapTotal: 40894456 kB, SwapFree: 40861944 kB
INFO [2026-03-16 14:06:47] Memory: Total: 61649012 kB, Available: 49580580 kB, Active: 11064000 kB, SwapTotal: 40894456 kB, SwapFree: 40861944 kB
INFO [2026-03-16 14:06:47] Memory: Total: 61649012 kB, Available: 49580328 kB, Active: 11064248 kB, SwapTotal: 40894456 kB, SwapFree: 40861944 kB
INFO [2026-03-16 14:06:47] Memory: Total: 61649012 kB, Available: 49579768 kB, Active: 11064696 kB, SwapTotal: 40894456 kB, SwapFree: 40861944 kB
INFO [2026-03-16 14:06:47] Memory: Total: 61649012 kB, Available: 49579824 kB, Active: 11064384 kB, SwapTotal: 40894456 kB, SwapFree: 40861944 kB
INFO [2026-03-16 14:06:47] Memory: Total: 61649012 kB, Available: 49579824 kB, Active: 11064632 kB, SwapTotal: 40894456 kB, SwapFree: 40861944 kB
INFO [2026-03-16 14:06:47] Memory: Total: 61649012 kB, Available: 49579824 kB, Active: 11064756 kB, SwapTotal: 40894456 kB, SwapFree: 40861944 kB
INFO [2026-03-16 14:06:47] Memory: Total: 61649012 kB, Available: 49579824 kB, Active: 11064756 kB, SwapTotal: 40894456 kB, SwapFree: 40861944 kB
INFO [2026-03-16 14:06:47] Memory: Total: 61649012 kB, Available: 49579572 kB, Active: 11065004 kB, SwapTotal: 40894456 kB, SwapFree: 40861944 kB
INFO [2026-03-16 14:06:47] Memory: Total: 61649012 kB, Available: 49579568 kB, Active: 11065132 kB, SwapTotal: 40894456 kB, SwapFree: 40861944 kB
INFO [2026-03-16 14:06:47] Memory: Total: 61649012 kB, Available: 49579568 kB, Active: 11065132 kB, SwapTotal: 40894456 kB, SwapFree: 40861944 kB
INFO [2026-03-16 14:06:47] Memory: Total: 61649012 kB, Available: 49579064 kB, Active: 11065460 kB, SwapTotal: 40894456 kB, SwapFree: 40861944 kB
INFO [2026-03-16 14:06:47] Memory: Total: 61649012 kB, Available: 49579064 kB, Active: 11065196 kB, SwapTotal: 40894456 kB, SwapFree: 40861944 kB
INFO [2026-03-16 14:06:48] Memory: Total: 61649012 kB, Available: 49579064 kB, Active: 11065320 kB, SwapTotal: 40894456 kB, SwapFree: 40861944 kB
INFO [2026-03-16 14:06:48] Memory: Total: 61649012 kB, Available: 49579064 kB, Active: 11065444 kB, SwapTotal: 40894456 kB, SwapFree: 40861944 kB
INFO [2026-03-16 14:06:48] Memory: Total: 61649012 kB, Available: 49708448 kB, Active: 10936848 kB, SwapTotal: 40894456 kB, SwapFree: 40861944 kB
INFO [2026-03-16 14:06:48] Memory: Total: 61649012 kB, Available: 49789124 kB, Active: 10857792 kB, SwapTotal: 40894456 kB, SwapFree: 40861944 kB
INFO [2026-03-16 14:06:48] Memory: Total: 61649012 kB, Available: 50402132 kB, Active: 10238828 kB, SwapTotal: 40894456 kB, SwapFree: 40861944 kB
INFO [2026-03-16 14:06:48] Memory: Total: 61649012 kB, Available: 50595708 kB, Active: 10048404 kB, SwapTotal: 40894456 kB, SwapFree: 40861944 kB
INFO [2026-03-16 14:06:48] Memory: Total: 61649012 kB, Available: 50595708 kB, Active: 10048528 kB, SwapTotal: 40894456 kB, SwapFree: 40861944 kB
INFO [2026-03-16 14:06:48] Memory: Total: 61649012 kB, Available: 50595460 kB, Active: 10048528 kB, SwapTotal: 40894456 kB, SwapFree: 40861944 kB
INFO [2026-03-16 14:06:48] Memory: Total: 61649012 kB, Available: 50595460 kB, Active: 10048652 kB, SwapTotal: 40894456 kB, SwapFree: 40861944 kB
INFO [2026-03-16 14:06:48] Memory: Total: 61649012 kB, Available: 50595460 kB, Active: 10048652 kB, SwapTotal: 40894456 kB, SwapFree: 40861944 kB
INFO [2026-03-16 14:06:48] Memory: Total: 61649012 kB, Available: 50595208 kB, Active: 10048900 kB, SwapTotal: 40894456 kB, SwapFree: 40861944 kB
INFO [2026-03-16 14:06:48] Memory: Total: 61649012 kB, Available: 50595208 kB, Active: 10049224 kB, SwapTotal: 40894456 kB, SwapFree: 40861944 kB
INFO [2026-03-16 14:06:48] Memory: Total: 61649012 kB, Available: 50594956 kB, Active: 10049140 kB, SwapTotal: 40894456 kB, SwapFree: 40861944 kB
INFO [2026-03-16 14:06:48] Memory: Total: 61649012 kB, Available: 50594956 kB, Active: 10049584 kB, SwapTotal: 40894456 kB, SwapFree: 40861944 kB
INFO [2026-03-16 14:06:48] Memory: Total: 61649012 kB, Available: 50594956 kB, Active: 10049296 kB, SwapTotal: 40894456 kB, SwapFree: 40861944 kB
INFO [2026-03-16 14:06:49] Memory: Total: 61649012 kB, Available: 50594956 kB, Active: 10049296 kB, SwapTotal: 40894456 kB, SwapFree: 40861944 kB
INFO [2026-03-16 14:06:49] Memory: Total: 61649012 kB, Available: 50594956 kB, Active: 10049420 kB, SwapTotal: 40894456 kB, SwapFree: 40861944 kB
INFO [2026-03-16 14:06:49] Memory: Total: 61649012 kB, Available: 50594956 kB, Active: 10049420 kB, SwapTotal: 40894456 kB, SwapFree: 40861944 kB
INFO [2026-03-16 14:06:49] Memory: Total: 61649012 kB, Available: 50594956 kB, Active: 10049420 kB, SwapTotal: 40894456 kB, SwapFree: 40861944 kB
INFO [2026-03-16 14:06:49] Memory: Total: 61649012 kB, Available: 50594716 kB, Active: 10049796 kB, SwapTotal: 40894456 kB, SwapFree: 40861944 kB
INFO [2026-03-16 14:06:49] Memory: Total: 61649012 kB, Available: 50594716 kB, Active: 10049796 kB, SwapTotal: 40894456 kB, SwapFree: 40861944 kB
INFO [2026-03-16 14:06:49] Memory: Total: 61649012 kB, Available: 50594716 kB, Active: 10049924 kB, SwapTotal: 40894456 kB, SwapFree: 40861944 kB
INFO [2026-03-16 14:06:49] Memory: Total: 61649012 kB, Available: 50594716 kB, Active: 10049924 kB, SwapTotal: 40894456 kB, SwapFree: 40861944 kB
INFO [2026-03-16 14:06:49] Memory: Total: 61649012 kB, Available: 50594716 kB, Active: 10050172 kB, SwapTotal: 40894456 kB, SwapFree: 40861944 kB
INFO [2026-03-16 14:06:49] Memory: Total: 61649012 kB, Available: 50594716 kB, Active: 10050576 kB, SwapTotal: 40894456 kB, SwapFree: 40861944 kB
INFO [2026-03-16 14:06:49] Memory: Total: 61649012 kB, Available: 50594716 kB, Active: 10050440 kB, SwapTotal: 40894456 kB, SwapFree: 40861944 kB
INFO [2026-03-16 14:06:49] Memory: Total: 61649012 kB, Available: 50594716 kB, Active: 10050440 kB, SwapTotal: 40894456 kB, SwapFree: 40861944 kB
INFO [2026-03-16 14:06:49] Memory: Total: 61649012 kB, Available: 50594716 kB, Active: 10050564 kB, SwapTotal: 40894456 kB, SwapFree: 40861944 kB
INFO [2026-03-16 14:06:49] Memory: Total: 61649012 kB, Available: 50594464 kB, Active: 10050688 kB, SwapTotal: 40894456 kB, SwapFree: 40861944 kB
INFO [2026-03-16 14:06:49] Memory: Total: 61649012 kB, Available: 50594464 kB, Active: 10050700 kB, SwapTotal: 40894456 kB, SwapFree: 40861944 kB
INFO [2026-03-16 14:06:49] Memory: Total: 61649012 kB, Available: 50594464 kB, Active: 10050996 kB, SwapTotal: 40894456 kB, SwapFree: 40861944 kB
INFO [2026-03-16 14:06:49] Memory: Total: 61649012 kB, Available: 50594212 kB, Active: 10051400 kB, SwapTotal: 40894456 kB, SwapFree: 40861944 kB
INFO [2026-03-16 14:06:50] Memory: Total: 61649012 kB, Available: 50593960 kB, Active: 10051260 kB, SwapTotal: 40894456 kB, SwapFree: 40861944 kB
INFO [2026-03-16 14:06:50] Memory: Total: 61649012 kB, Available: 50593960 kB, Active: 10051384 kB, SwapTotal: 40894456 kB, SwapFree: 40861944 kB
INFO [2026-03-16 14:06:50] Memory: Total: 61649012 kB, Available: 50593708 kB, Active: 10051632 kB, SwapTotal: 40894456 kB, SwapFree: 40861944 kB
INFO [2026-03-16 14:06:50] Memory: Total: 61649012 kB, Available: 50593708 kB, Active: 10051632 kB, SwapTotal: 40894456 kB, SwapFree: 40861944 kB
INFO [2026-03-16 14:06:50] Memory: Total: 61649012 kB, Available: 50593708 kB, Active: 10051632 kB, SwapTotal: 40894456 kB, SwapFree: 40861944 kB
INFO [2026-03-16 14:06:50] Memory: Total: 61649012 kB, Available: 50593708 kB, Active: 10051632 kB, SwapTotal: 40894456 kB, SwapFree: 40861944 kB
INFO [2026-03-16 14:06:50] Memory: Total: 61649012 kB, Available: 50593204 kB, Active: 10052204 kB, SwapTotal: 40894456 kB, SwapFree: 40861944 kB
INFO [2026-03-16 14:06:50] Memory: Total: 61649012 kB, Available: 50593204 kB, Active: 10052052 kB, SwapTotal: 40894456 kB, SwapFree: 40861944 kB
INFO [2026-03-16 14:06:50] Memory: Total: 61649012 kB, Available: 50593204 kB, Active: 10052176 kB, SwapTotal: 40894456 kB, SwapFree: 40861944 kB
INFO [2026-03-16 14:06:50] Memory: Total: 61649012 kB, Available: 50751320 kB, Active: 9891368 kB, SwapTotal: 40894456 kB, SwapFree: 40861944 kB
INFO [2026-03-16 14:06:50] Memory: Total: 61649012 kB, Available: 50799596 kB, Active: 9842120 kB, SwapTotal: 40894456 kB, SwapFree: 40861944 kB
INFO [2026-03-16 14:06:50] Memory: Total: 61649012 kB, Available: 50880272 kB, Active: 9765332 kB, SwapTotal: 40894456 kB, SwapFree: 40861944 kB
INFO [2026-03-16 14:06:50] Memory: Total: 61649012 kB, Available: 51613716 kB, Active: 9033328 kB, SwapTotal: 40894456 kB, SwapFree: 40861944 kB
INFO [2026-03-16 14:06:50] Memory: Total: 61649012 kB, Available: 51613536 kB, Active: 9033056 kB, SwapTotal: 40894456 kB, SwapFree: 40861944 kB
INFO [2026-03-16 14:06:50] Memory: Total: 61649012 kB, Available: 51613032 kB, Active: 9033432 kB, SwapTotal: 40894456 kB, SwapFree: 40861944 kB
INFO [2026-03-16 14:06:51] Memory: Total: 61649012 kB, Available: 51612528 kB, Active: 9033556 kB, SwapTotal: 40894456 kB, SwapFree: 40861944 kB
INFO [2026-03-16 14:06:51] Memory: Total: 61649012 kB, Available: 51612528 kB, Active: 9033880 kB, SwapTotal: 40894456 kB, SwapFree: 40861944 kB
INFO [2026-03-16 14:06:51] Memory: Total: 61649012 kB, Available: 51612528 kB, Active: 9033880 kB, SwapTotal: 40894456 kB, SwapFree: 40861944 kB
INFO [2026-03-16 14:06:51] Memory: Total: 61649012 kB, Available: 51612276 kB, Active: 9034232 kB, SwapTotal: 40894456 kB, SwapFree: 40861944 kB
INFO [2026-03-16 14:06:51] Memory: Total: 61649012 kB, Available: 51612276 kB, Active: 9034232 kB, SwapTotal: 40894456 kB, SwapFree: 40861944 kB
INFO [2026-03-16 14:06:51] Memory: Total: 61649012 kB, Available: 51612024 kB, Active: 9033936 kB, SwapTotal: 40894456 kB, SwapFree: 40861944 kB
INFO [2026-03-16 14:06:51] Memory: Total: 61649012 kB, Available: 51612024 kB, Active: 9034060 kB, SwapTotal: 40894456 kB, SwapFree: 40861944 kB
INFO [2026-03-16 14:06:51] Memory: Total: 61649012 kB, Available: 51612024 kB, Active: 9034508 kB, SwapTotal: 40894456 kB, SwapFree: 40861944 kBINFO [2026-03-16 14:06:51] Memory: Total: 61649012 kB, Available: 51612024 kB, Active: 9034508 kB, SwapTotal: 40894456 kB, SwapFree: 40861944 kB

INFO [2026-03-16 14:06:51] Memory: Total: 61649012 kB, Available: 51612024 kB, Active: 9034336 kB, SwapTotal: 40894456 kB, SwapFree: 40861944 kB
INFO [2026-03-16 14:06:51] Memory: Total: 61649012 kB, Available: 51612024 kB, Active: 9034336 kB, SwapTotal: 40894456 kB, SwapFree: 40861944 kB
INFO [2026-03-16 14:06:51] Memory: Total: 61649012 kB, Available: 51612024 kB, Active: 9034336 kB, SwapTotal: 40894456 kB, SwapFree: 40861944 kB
INFO [2026-03-16 14:06:51] Memory: Total: 61649012 kB, Available: 51612024 kB, Active: 9034464 kB, SwapTotal: 40894456 kB, SwapFree: 40861944 kB
INFO [2026-03-16 14:06:51] Memory: Total: 61649012 kB, Available: 51612348 kB, Active: 9034740 kB, SwapTotal: 40894456 kB, SwapFree: 40861944 kB
INFO [2026-03-16 14:06:51] Memory: Total: 61649012 kB, Available: 51612908 kB, Active: 9034864 kB, SwapTotal: 40894456 kB, SwapFree: 40861944 kB
INFO [2026-03-16 14:06:51] Memory: Total: 61649012 kB, Available: 51612908 kB, Active: 9034864 kB, SwapTotal: 40894456 kB, SwapFree: 40861944 kB
INFO [2026-03-16 14:06:52] Memory: Total: 61649012 kB, Available: 51612908 kB, Active: 9035176 kB, SwapTotal: 40894456 kB, SwapFree: 40861944 kB
INFO [2026-03-16 14:06:52] Memory: Total: 61649012 kB, Available: 51612908 kB, Active: 9035176 kB, SwapTotal: 40894456 kB, SwapFree: 40861944 kB
INFO [2026-03-16 14:06:52] Memory: Total: 61649012 kB, Available: 51612908 kB, Active: 9035300 kB, SwapTotal: 40894456 kB, SwapFree: 40861944 kB
INFO [2026-03-16 14:06:52] Memory: Total: 61649012 kB, Available: 51612908 kB, Active: 9035304 kB, SwapTotal: 40894456 kB, SwapFree: 40861944 kB
INFO [2026-03-16 14:06:52] Memory: Total: 61649012 kB, Available: 51612908 kB, Active: 9035428 kB, SwapTotal: 40894456 kB, SwapFree: 40861944 kB
INFO [2026-03-16 14:06:52] Memory: Total: 61649012 kB, Available: 51612908 kB, Active: 9035752 kB, SwapTotal: 40894456 kB, SwapFree: 40861944 kB
INFO [2026-03-16 14:06:52] Memory: Total: 61649012 kB, Available: 51612656 kB, Active: 9035588 kB, SwapTotal: 40894456 kB, SwapFree: 40861944 kB
INFO [2026-03-16 14:06:52] Memory: Total: 61649012 kB, Available: 51612656 kB, Active: 9035712 kB, SwapTotal: 40894456 kB, SwapFree: 40861944 kB
INFO [2026-03-16 14:06:52] Memory: Total: 61649012 kB, Available: 51612656 kB, Active: 9035712 kB, SwapTotal: 40894456 kB, SwapFree: 40861944 kB
INFO [2026-03-16 14:06:52] Memory: Total: 61649012 kB, Available: 51612656 kB, Active: 9035840 kB, SwapTotal: 40894456 kB, SwapFree: 40861944 kB
INFO [2026-03-16 14:06:52] Memory: Total: 61649012 kB, Available: 52517916 kB, Active: 8130128 kB, SwapTotal: 40894456 kB, SwapFree: 40861944 kB
INFO [2026-03-16 14:06:52] Memory: Total: 61649012 kB, Available: 52552584 kB, Active: 8097740 kB, SwapTotal: 40894456 kB, SwapFree: 40861944 kB
INFO [2026-03-16 14:06:52] Memory: Total: 61649012 kB, Available: 52634844 kB, Active: 8016980 kB, SwapTotal: 40894456 kB, SwapFree: 40861944 kB
INFO [2026-03-16 14:06:52] Memory: Total: 61649012 kB, Available: 52634844 kB, Active: 8017304 kB, SwapTotal: 40894456 kB, SwapFree: 40861944 kB
INFO [2026-03-16 14:06:52] Memory: Total: 61649012 kB, Available: 52634844 kB, Active: 8016888 kB, SwapTotal: 40894456 kB, SwapFree: 40861944 kB
INFO [2026-03-16 14:06:53] Memory: Total: 61649012 kB, Available: 52634596 kB, Active: 8016952 kB, SwapTotal: 40894456 kB, SwapFree: 40861944 kB
INFO [2026-03-16 14:06:53] Memory: Total: 61649012 kB, Available: 52634596 kB, Active: 8017200 kB, SwapTotal: 40894456 kB, SwapFree: 40861944 kB
INFO [2026-03-16 14:06:53] Memory: Total: 61649012 kB, Available: 52634596 kB, Active: 8017200 kB, SwapTotal: 40894456 kB, SwapFree: 40861944 kB
INFO [2026-03-16 14:06:53] Memory: Total: 61649012 kB, Available: 52634596 kB, Active: 8017456 kB, SwapTotal: 40894456 kB, SwapFree: 40861944 kB
INFO [2026-03-16 14:06:53] Memory: Total: 61649012 kB, Available: 52634596 kB, Active: 8017456 kB, SwapTotal: 40894456 kB, SwapFree: 40861944 kB
INFO [2026-03-16 14:06:53] Memory: Total: 61649012 kB, Available: 52634596 kB, Active: 8017904 kB, SwapTotal: 40894456 kB, SwapFree: 40861944 kB
INFO [2026-03-16 14:06:53] Memory: Total: 61649012 kB, Available: 52634344 kB, Active: 8017720 kB, SwapTotal: 40894456 kB, SwapFree: 40861944 kB
INFO [2026-03-16 14:06:53] Memory: Total: 61649012 kB, Available: 52634344 kB, Active: 8017968 kB, SwapTotal: 40894456 kB, SwapFree: 40861944 kB
INFO [2026-03-16 14:06:53] Memory: Total: 61649012 kB, Available: 52634344 kB, Active: 8017968 kB, SwapTotal: 40894456 kB, SwapFree: 40861944 kB
INFO [2026-03-16 14:06:53] Memory: Total: 61649012 kB, Available: 53657828 kB, Active: 6998592 kB, SwapTotal: 40894456 kB, SwapFree: 40861944 kB
INFO [2026-03-16 14:06:53] Memory: Total: 61649012 kB, Available: 53657076 kB, Active: 6998716 kB, SwapTotal: 40894456 kB, SwapFree: 40861944 kB
INFO [2026-03-16 14:06:53] Memory: Total: 61649012 kB, Available: 53657076 kB, Active: 6999388 kB, SwapTotal: 40894456 kB, SwapFree: 40861944 kB
INFO [2026-03-16 14:06:54] Memory: Total: 61649012 kB, Available: 53656068 kB, Active: 6999352 kB, SwapTotal: 40894456 kB, SwapFree: 40861944 kBINFO [2026-03-16 14:06:54] Memory: Total: 61649012 kB, Available: 53656068 kB, Active: 6999352 kB, SwapTotal: 40894456 kB, SwapFree: 40861944 kB

INFO [2026-03-16 14:06:54] Memory: Total: 61649012 kB, Available: 53656072 kB, Active: 7000104 kB, SwapTotal: 40894456 kB, SwapFree: 40861944 kB
INFO [2026-03-16 14:06:54] Memory: Total: 61649012 kB, Available: 53656072 kB, Active: 6999920 kB, SwapTotal: 40894456 kB, SwapFree: 40861944 kB
INFO [2026-03-16 14:06:54] Memory: Total: 61649012 kB, Available: 53656072 kB, Active: 7000368 kB, SwapTotal: 40894456 kB, SwapFree: 40861944 kB
INFO [2026-03-16 14:06:54] Memory: Total: 61649012 kB, Available: 53656072 kB, Active: 7000352 kB, SwapTotal: 40894456 kB, SwapFree: 40861944 kB
INFO [2026-03-16 14:06:54] Memory: Total: 61649012 kB, Available: 53656072 kB, Active: 7000352 kB, SwapTotal: 40894456 kB, SwapFree: 40861944 kB
INFO [2026-03-16 14:06:54] Memory: Total: 61649012 kB, Available: 53656072 kB, Active: 7000724 kB, SwapTotal: 40894456 kB, SwapFree: 40861944 kB
INFO [2026-03-16 14:06:54] Memory: Total: 61649012 kB, Available: 53656068 kB, Active: 7000848 kB, SwapTotal: 40894456 kB, SwapFree: 40861944 kB
INFO [2026-03-16 14:06:54] Memory: Total: 61649012 kB, Available: 53656068 kB, Active: 7001296 kB, SwapTotal: 40894456 kB, SwapFree: 40861944 kB
INFO [2026-03-16 14:06:54] Memory: Total: 61649012 kB, Available: 53656068 kB, Active: 7001112 kB, SwapTotal: 40894456 kB, SwapFree: 40861944 kB
INFO [2026-03-16 14:06:54] Memory: Total: 61649012 kB, Available: 53656068 kB, Active: 7001236 kB, SwapTotal: 40894456 kB, SwapFree: 40861944 kB
INFO [2026-03-16 14:06:54] Memory: Total: 61649012 kB, Available: 53656068 kB, Active: 7001488 kB, SwapTotal: 40894456 kB, SwapFree: 40861944 kB
INFO [2026-03-16 14:06:55] Memory: Total: 61649012 kB, Available: 53656068 kB, Active: 7001612 kB, SwapTotal: 40894456 kB, SwapFree: 40861944 kB
INFO [2026-03-16 14:06:55] Memory: Total: 61649012 kB, Available: 53656068 kB, Active: 7001736 kB, SwapTotal: 40894456 kB, SwapFree: 40861944 kB
INFO [2026-03-16 14:06:55] Memory: Total: 61649012 kB, Available: 53656068 kB, Active: 7002184 kB, SwapTotal: 40894456 kB, SwapFree: 40861944 kB
INFO [2026-03-16 14:06:55] Memory: Total: 61649012 kB, Available: 53656068 kB, Active: 7002304 kB, SwapTotal: 40894456 kB, SwapFree: 40861944 kB
INFO [2026-03-16 14:06:55] Memory: Total: 61649012 kB, Available: 53656068 kB, Active: 7002296 kB, SwapTotal: 40894456 kB, SwapFree: 40861944 kB
INFO [2026-03-16 14:06:55] Memory: Total: 61649012 kB, Available: 53656068 kB, Active: 7002296 kB, SwapTotal: 40894456 kB, SwapFree: 40861944 kB
INFO [2026-03-16 14:06:55] Memory: Total: 61649012 kB, Available: 53656068 kB, Active: 7002420 kB, SwapTotal: 40894456 kB, SwapFree: 40861944 kB
INFO [2026-03-16 14:06:55] Memory: Total: 61649012 kB, Available: 53656068 kB, Active: 7002544 kB, SwapTotal: 40894456 kB, SwapFree: 40861944 kB
INFO [2026-03-16 14:06:55] Memory: Total: 61649012 kB, Available: 53656068 kB, Active: 7002668 kB, SwapTotal: 40894456 kB, SwapFree: 40861944 kB
INFO [2026-03-16 14:06:55] Memory: Total: 61649012 kB, Available: 53656068 kB, Active: 7002792 kB, SwapTotal: 40894456 kB, SwapFree: 40861944 kB
INFO [2026-03-16 14:06:55] Memory: Total: 61649012 kB, Available: 53656068 kB, Active: 7002916 kB, SwapTotal: 40894456 kB, SwapFree: 40861944 kB
INFO [2026-03-16 14:06:55] Memory: Total: 61649012 kB, Available: 53655816 kB, Active: 7002916 kB, SwapTotal: 40894456 kB, SwapFree: 40861944 kB
INFO [2026-03-16 14:06:56] Memory: Total: 61649012 kB, Available: 53655816 kB, Active: 7003164 kB, SwapTotal: 40894456 kB, SwapFree: 40861944 kB
INFO [2026-03-16 14:06:56] Memory: Total: 61649012 kB, Available: 53655312 kB, Active: 7003164 kB, SwapTotal: 40894456 kB, SwapFree: 40861944 kB
INFO [2026-03-16 14:06:56] Memory: Total: 61649012 kB, Available: 54670368 kB, Active: 5985224 kB, SwapTotal: 40894456 kB, SwapFree: 40861944 kB
INFO [2026-03-16 14:06:56] Memory: Total: 61649012 kB, Available: 54669864 kB, Active: 5983904 kB, SwapTotal: 40894456 kB, SwapFree: 40861944 kB
INFO [2026-03-16 14:06:56] Memory: Total: 61649012 kB, Available: 55691168 kB, Active: 4964132 kB, SwapTotal: 40894456 kB, SwapFree: 40861944 kB
INFO [2026-03-16 14:06:56] Memory: Total: 61649012 kB, Available: 56711008 kB, Active: 3944424 kB, SwapTotal: 40894456 kB, SwapFree: 40861944 kB
INFO [2026-03-16 14:06:56] Memory: Total: 61649012 kB, Available: 56711008 kB, Active: 3944116 kB, SwapTotal: 40894456 kB, SwapFree: 40861944 kB
INFO [2026-03-16 14:06:57] Memory: Total: 61649012 kB, Available: 56711008 kB, Active: 3944120 kB, SwapTotal: 40894456 kB, SwapFree: 40861944 kB
INFO [2026-03-16 14:06:57] Memory: Total: 61649012 kB, Available: 56711008 kB, Active: 3944120 kB, SwapTotal: 40894456 kB, SwapFree: 40861944 kB
INFO [2026-03-16 14:06:57] Memory: Total: 61649012 kB, Available: 56711008 kB, Active: 3944120 kB, SwapTotal: 40894456 kB, SwapFree: 40861944 kB
INFO [2026-03-16 14:06:57] Memory: Total: 61649012 kB, Available: 56716276 kB, Active: 3944120 kB, SwapTotal: 40894456 kB, SwapFree: 40861944 kB
INFO [2026-03-16 14:06:57] Recombining results ...
