INFO [2026-03-16 14:07:14] Memory: Total: 61649012 kB, Available: 58896948 kB, Active: 1773344 kB, SwapTotal: 40894456 kB, SwapFree: 40861944 kB
INFO [2026-03-16 14:07:14] Processing missing values ...
INFO [2026-03-16 14:07:15] Figuring out comparisons to do ...
INFO [2026-03-16 14:07:15] Splitting up across compute ...
INFO [2026-03-16 14:07:15] Running correlations ...
INFO [2026-03-16 14:07:16] Memory: Total: 61649012 kB, Available: 57546820 kB, Active: 3079964 kB, SwapTotal: 40894456 kB, SwapFree: 40861944 kB
INFO [2026-03-16 14:07:16] Memory: Total: 61649012 kB, Available: 57367920 kB, Active: 3259204 kB, SwapTotal: 40894456 kB, SwapFree: 40861944 kB
INFO [2026-03-16 14:07:16] Memory: Total: 61649012 kB, Available: 57303228 kB, Active: 3321984 kB, SwapTotal: 40894456 kB, SwapFree: 40861944 kB
INFO [2026-03-16 14:07:16] Memory: Total: 61649012 kB, Available: 57303228 kB, Active: 3322956 kB, SwapTotal: 40894456 kB, SwapFree: 40861944 kB
INFO [2026-03-16 14:07:16] Memory: Total: 61649012 kB, Available: 57271012 kB, Active: 3352100 kB, SwapTotal: 40894456 kB, SwapFree: 40861944 kB
INFO [2026-03-16 14:07:16] Memory: Total: 61649012 kB, Available: 57270760 kB, Active: 3356560 kB, SwapTotal: 40894456 kB, SwapFree: 40861944 kB
INFO [2026-03-16 14:07:16] Memory: Total: 61649012 kB, Available: 57252676 kB, Active: 3381356 kB, SwapTotal: 40894456 kB, SwapFree: 40861944 kB
INFO [2026-03-16 14:07:16] Memory: Total: 61649012 kB, Available: 57252676 kB, Active: 3386540 kB, SwapTotal: 40894456 kB, SwapFree: 40861944 kB
INFO [2026-03-16 14:07:16] Memory: Total: 61649012 kB, Available: 57244672 kB, Active: 3393668 kB, SwapTotal: 40894456 kB, SwapFree: 40861944 kB
INFO [2026-03-16 14:07:16] Memory: Total: 61649012 kB, Available: 57227996 kB, Active: 3404408 kB, SwapTotal: 40894456 kB, SwapFree: 40861944 kB
INFO [2026-03-16 14:07:16] Memory: Total: 61649012 kB, Available: 57227996 kB, Active: 3405380 kB, SwapTotal: 40894456 kB, SwapFree: 40861944 kB
INFO [2026-03-16 14:07:16] Memory: Total: 61649012 kB, Available: 57227512 kB, Active: 3407236 kB, SwapTotal: 40894456 kB, SwapFree: 40861944 kB
INFO [2026-03-16 14:07:16] Memory: Total: 61649012 kB, Available: 57227000 kB, Active: 3408272 kB, SwapTotal: 40894456 kB, SwapFree: 40861944 kB
INFO [2026-03-16 14:07:16] Memory: Total: 61649012 kB, Available: 57227000 kB, Active: 3408396 kB, SwapTotal: 40894456 kB, SwapFree: 40861944 kB
INFO [2026-03-16 14:07:16] Memory: Total: 61649012 kB, Available: 57227000 kB, Active: 3408808 kB, SwapTotal: 40894456 kB, SwapFree: 40861944 kB
INFO [2026-03-16 14:07:16] Memory: Total: 61649012 kB, Available: 57225952 kB, Active: 3409680 kB, SwapTotal: 40894456 kB, SwapFree: 40861944 kB
INFO [2026-03-16 14:07:16] Memory: Total: 61649012 kB, Available: 57225952 kB, Active: 3409680 kB, SwapTotal: 40894456 kB, SwapFree: 40861944 kB
INFO [2026-03-16 14:07:17] Memory: Total: 61649012 kB, Available: 57225952 kB, Active: 3410408 kB, SwapTotal: 40894456 kB, SwapFree: 40861944 kB
INFO [2026-03-16 14:07:17] Memory: Total: 61649012 kB, Available: 57225700 kB, Active: 3410656 kB, SwapTotal: 40894456 kB, SwapFree: 40861944 kB
INFO [2026-03-16 14:07:17] Memory: Total: 61649012 kB, Available: 57225700 kB, Active: 3410904 kB, SwapTotal: 40894456 kB, SwapFree: 40861944 kB
INFO [2026-03-16 14:07:17] Memory: Total: 61649012 kB, Available: 57225700 kB, Active: 3411028 kB, SwapTotal: 40894456 kB, SwapFree: 40861944 kB
INFO [2026-03-16 14:07:17] Memory: Total: 61649012 kB, Available: 57225700 kB, Active: 3411276 kB, SwapTotal: 40894456 kB, SwapFree: 40861944 kB
INFO [2026-03-16 14:07:17] Memory: Total: 61649012 kB, Available: 57209984 kB, Active: 3427524 kB, SwapTotal: 40894456 kB, SwapFree: 40861944 kB
INFO [2026-03-16 14:07:17] Memory: Total: 61649012 kB, Available: 57209984 kB, Active: 3427848 kB, SwapTotal: 40894456 kB, SwapFree: 40861944 kB
INFO [2026-03-16 14:07:17] Memory: Total: 61649012 kB, Available: 57208832 kB, Active: 3427600 kB, SwapTotal: 40894456 kB, SwapFree: 40861944 kB
INFO [2026-03-16 14:07:17] Memory: Total: 61649012 kB, Available: 57208832 kB, Active: 3427972 kB, SwapTotal: 40894456 kB, SwapFree: 40861944 kB
INFO [2026-03-16 14:07:17] Memory: Total: 61649012 kB, Available: 57208832 kB, Active: 3428096 kB, SwapTotal: 40894456 kB, SwapFree: 40861944 kB
INFO [2026-03-16 14:07:17] Memory: Total: 61649012 kB, Available: 57193104 kB, Active: 3441476 kB, SwapTotal: 40894456 kB, SwapFree: 40861944 kB
INFO [2026-03-16 14:07:17] Memory: Total: 61649012 kB, Available: 57193104 kB, Active: 3444520 kB, SwapTotal: 40894456 kB, SwapFree: 40861944 kB
INFO [2026-03-16 14:07:17] Memory: Total: 61649012 kB, Available: 57193104 kB, Active: 3444844 kB, SwapTotal: 40894456 kB, SwapFree: 40861944 kB
INFO [2026-03-16 14:07:17] Memory: Total: 61649012 kB, Available: 57193104 kB, Active: 3444968 kB, SwapTotal: 40894456 kB, SwapFree: 40861944 kB
INFO [2026-03-16 14:07:17] Memory: Total: 61649012 kB, Available: 57193104 kB, Active: 3445416 kB, SwapTotal: 40894456 kB, SwapFree: 40861944 kB
INFO [2026-03-16 14:07:17] Memory: Total: 61649012 kB, Available: 57193104 kB, Active: 3445740 kB, SwapTotal: 40894456 kB, SwapFree: 40861944 kB
INFO [2026-03-16 14:07:17] Memory: Total: 61649012 kB, Available: 57160760 kB, Active: 3468380 kB, SwapTotal: 40894456 kB, SwapFree: 40861944 kB
INFO [2026-03-16 14:07:17] Memory: Total: 61649012 kB, Available: 57160616 kB, Active: 3481420 kB, SwapTotal: 40894456 kB, SwapFree: 40861944 kB
INFO [2026-03-16 14:07:18] Memory: Total: 61649012 kB, Available: 57137228 kB, Active: 3505784 kB, SwapTotal: 40894456 kB, SwapFree: 40861944 kB
INFO [2026-03-16 14:07:18] Memory: Total: 61649012 kB, Available: 57128744 kB, Active: 3511292 kB, SwapTotal: 40894456 kB, SwapFree: 40861944 kB
INFO [2026-03-16 14:07:18] Memory: Total: 61649012 kB, Available: 57112104 kB, Active: 3527720 kB, SwapTotal: 40894456 kB, SwapFree: 40861944 kB
INFO [2026-03-16 14:07:18] Memory: Total: 61649012 kB, Available: 57112104 kB, Active: 3527720 kB, SwapTotal: 40894456 kB, SwapFree: 40861944 kB
INFO [2026-03-16 14:07:18] Memory: Total: 61649012 kB, Available: 57110584 kB, Active: 3529340 kB, SwapTotal: 40894456 kB, SwapFree: 40861944 kB
INFO [2026-03-16 14:07:18] Memory: Total: 61649012 kB, Available: 57079224 kB, Active: 3552916 kB, SwapTotal: 40894456 kB, SwapFree: 40861944 kB
INFO [2026-03-16 14:07:18] Memory: Total: 61649012 kB, Available: 57063480 kB, Active: 3568916 kB, SwapTotal: 40894456 kB, SwapFree: 40861944 kB
INFO [2026-03-16 14:07:18] Memory: Total: 61649012 kB, Available: 57062472 kB, Active: 3571832 kB, SwapTotal: 40894456 kB, SwapFree: 40861944 kB
INFO [2026-03-16 14:07:18] Memory: Total: 61649012 kB, Available: 57062472 kB, Active: 3574424 kB, SwapTotal: 40894456 kB, SwapFree: 40861944 kB
INFO [2026-03-16 14:07:18] Memory: Total: 61649012 kB, Available: 57062472 kB, Active: 3576660 kB, SwapTotal: 40894456 kB, SwapFree: 40861944 kB
INFO [2026-03-16 14:07:18] Memory: Total: 61649012 kB, Available: 57062472 kB, Active: 3576908 kB, SwapTotal: 40894456 kB, SwapFree: 40861944 kB
INFO [2026-03-16 14:07:18] Memory: Total: 61649012 kB, Available: 57062472 kB, Active: 3576908 kB, SwapTotal: 40894456 kB, SwapFree: 40861944 kB
INFO [2026-03-16 14:07:18] Memory: Total: 61649012 kB, Available: 57062472 kB, Active: 3577032 kB, SwapTotal: 40894456 kB, SwapFree: 40861944 kB
INFO [2026-03-16 14:07:18] Memory: Total: 61649012 kB, Available: 57061716 kB, Active: 3578100 kB, SwapTotal: 40894456 kB, SwapFree: 40861944 kB
INFO [2026-03-16 14:07:18] Memory: Total: 61649012 kB, Available: 57061464 kB, Active: 3577796 kB, SwapTotal: 40894456 kB, SwapFree: 40861944 kB
INFO [2026-03-16 14:07:18] Memory: Total: 61649012 kB, Available: 57061464 kB, Active: 3578044 kB, SwapTotal: 40894456 kB, SwapFree: 40861944 kB
INFO [2026-03-16 14:07:18] Memory: Total: 61649012 kB, Available: 57061020 kB, Active: 3578220 kB, SwapTotal: 40894456 kB, SwapFree: 40861944 kB
INFO [2026-03-16 14:07:18] Memory: Total: 61649012 kB, Available: 57059648 kB, Active: 3580332 kB, SwapTotal: 40894456 kB, SwapFree: 40861944 kBINFO [2026-03-16 14:07:18] Memory: Total: 61649012 kB, Available: 57059648 kB, Active: 3580332 kB, SwapTotal: 40894456 kB, SwapFree: 40861944 kB

INFO [2026-03-16 14:07:19] Memory: Total: 61649012 kB, Available: 57059144 kB, Active: 3580660 kB, SwapTotal: 40894456 kB, SwapFree: 40861944 kB
INFO [2026-03-16 14:07:19] Memory: Total: 61649012 kB, Available: 57058388 kB, Active: 3581032 kB, SwapTotal: 40894456 kB, SwapFree: 40861944 kB
INFO [2026-03-16 14:07:19] Memory: Total: 61649012 kB, Available: 57058008 kB, Active: 3581852 kB, SwapTotal: 40894456 kB, SwapFree: 40861944 kB
INFO [2026-03-16 14:07:19] Memory: Total: 61649012 kB, Available: 57057884 kB, Active: 3581576 kB, SwapTotal: 40894456 kB, SwapFree: 40861944 kB
INFO [2026-03-16 14:07:19] Memory: Total: 61649012 kB, Available: 57057884 kB, Active: 3581824 kB, SwapTotal: 40894456 kB, SwapFree: 40861944 kB
INFO [2026-03-16 14:07:19] Memory: Total: 61649012 kB, Available: 57057128 kB, Active: 3582636 kB, SwapTotal: 40894456 kB, SwapFree: 40861944 kB
INFO [2026-03-16 14:07:19] Memory: Total: 61649012 kB, Available: 57057136 kB, Active: 3582888 kB, SwapTotal: 40894456 kB, SwapFree: 40861944 kB
INFO [2026-03-16 14:07:19] Memory: Total: 61649012 kB, Available: 57056380 kB, Active: 3583136 kB, SwapTotal: 40894456 kB, SwapFree: 40861944 kB
INFO [2026-03-16 14:07:19] Memory: Total: 61649012 kB, Available: 57056380 kB, Active: 3583260 kB, SwapTotal: 40894456 kB, SwapFree: 40861944 kB
INFO [2026-03-16 14:07:19] Memory: Total: 61649012 kB, Available: 57056380 kB, Active: 3583500 kB, SwapTotal: 40894456 kB, SwapFree: 40861944 kB
INFO [2026-03-16 14:07:19] Memory: Total: 61649012 kB, Available: 57056380 kB, Active: 3583624 kB, SwapTotal: 40894456 kB, SwapFree: 40861944 kB
INFO [2026-03-16 14:07:19] Memory: Total: 61649012 kB, Available: 57055624 kB, Active: 3584444 kB, SwapTotal: 40894456 kB, SwapFree: 40861944 kB
INFO [2026-03-16 14:07:19] Memory: Total: 61649012 kB, Available: 57055372 kB, Active: 3584716 kB, SwapTotal: 40894456 kB, SwapFree: 40861944 kB
INFO [2026-03-16 14:07:19] Memory: Total: 61649012 kB, Available: 57054616 kB, Active: 3585088 kB, SwapTotal: 40894456 kB, SwapFree: 40861944 kB
INFO [2026-03-16 14:07:19] Memory: Total: 61649012 kB, Available: 57054616 kB, Active: 3585212 kB, SwapTotal: 40894456 kB, SwapFree: 40861944 kB
INFO [2026-03-16 14:07:19] Memory: Total: 61649012 kB, Available: 57054616 kB, Active: 3585460 kB, SwapTotal: 40894456 kB, SwapFree: 40861944 kB
INFO [2026-03-16 14:07:19] Memory: Total: 61649012 kB, Available: 57054368 kB, Active: 3587136 kB, SwapTotal: 40894456 kB, SwapFree: 40861944 kB
INFO [2026-03-16 14:07:19] Memory: Total: 61649012 kB, Available: 57054116 kB, Active: 3587260 kB, SwapTotal: 40894456 kB, SwapFree: 40861944 kB
INFO [2026-03-16 14:07:20] Memory: Total: 61649012 kB, Available: 57053864 kB, Active: 3587508 kB, SwapTotal: 40894456 kB, SwapFree: 40861944 kB
INFO [2026-03-16 14:07:20] Memory: Total: 61649012 kB, Available: 57053864 kB, Active: 3587832 kB, SwapTotal: 40894456 kB, SwapFree: 40861944 kB
INFO [2026-03-16 14:07:20] Memory: Total: 61649012 kB, Available: 57053612 kB, Active: 3587776 kB, SwapTotal: 40894456 kB, SwapFree: 40861944 kB
INFO [2026-03-16 14:07:20] Memory: Total: 61649012 kB, Available: 57053612 kB, Active: 3587776 kB, SwapTotal: 40894456 kB, SwapFree: 40861944 kB
INFO [2026-03-16 14:07:20] Memory: Total: 61649012 kB, Available: 57052604 kB, Active: 3588768 kB, SwapTotal: 40894456 kB, SwapFree: 40861944 kB
INFO [2026-03-16 14:07:20] Memory: Total: 61649012 kB, Available: 57052604 kB, Active: 3589092 kB, SwapTotal: 40894456 kB, SwapFree: 40861944 kB
INFO [2026-03-16 14:07:20] Memory: Total: 61649012 kB, Available: 57051848 kB, Active: 3589336 kB, SwapTotal: 40894456 kB, SwapFree: 40861944 kB
INFO [2026-03-16 14:07:20] Memory: Total: 61649012 kB, Available: 57051596 kB, Active: 3589460 kB, SwapTotal: 40894456 kB, SwapFree: 40861944 kB
INFO [2026-03-16 14:07:20] Memory: Total: 61649012 kB, Available: 57051344 kB, Active: 3590156 kB, SwapTotal: 40894456 kB, SwapFree: 40861944 kB
INFO [2026-03-16 14:07:20] Memory: Total: 61649012 kB, Available: 57051092 kB, Active: 3590276 kB, SwapTotal: 40894456 kB, SwapFree: 40861944 kB
INFO [2026-03-16 14:07:20] Memory: Total: 61649012 kB, Available: 57050588 kB, Active: 3590524 kB, SwapTotal: 40894456 kB, SwapFree: 40861944 kB
INFO [2026-03-16 14:07:20] Memory: Total: 61649012 kB, Available: 57050588 kB, Active: 3590896 kB, SwapTotal: 40894456 kB, SwapFree: 40861944 kB
INFO [2026-03-16 14:07:20] Memory: Total: 61649012 kB, Available: 57050084 kB, Active: 3591144 kB, SwapTotal: 40894456 kB, SwapFree: 40861944 kB
INFO [2026-03-16 14:07:20] Memory: Total: 61649012 kB, Available: 57050084 kB, Active: 3591468 kB, SwapTotal: 40894456 kB, SwapFree: 40861944 kB
INFO [2026-03-16 14:07:20] Memory: Total: 61649012 kB, Available: 57050084 kB, Active: 3591168 kB, SwapTotal: 40894456 kB, SwapFree: 40861944 kB
INFO [2026-03-16 14:07:20] Memory: Total: 61649012 kB, Available: 57049076 kB, Active: 3592284 kB, SwapTotal: 40894456 kB, SwapFree: 40861944 kB
INFO [2026-03-16 14:07:20] Memory: Total: 61649012 kB, Available: 57049076 kB, Active: 3592608 kB, SwapTotal: 40894456 kB, SwapFree: 40861944 kB
INFO [2026-03-16 14:07:20] Memory: Total: 61649012 kB, Available: 57048828 kB, Active: 3594000 kB, SwapTotal: 40894456 kB, SwapFree: 40861944 kB
INFO [2026-03-16 14:07:20] Memory: Total: 61649012 kB, Available: 57048576 kB, Active: 3594068 kB, SwapTotal: 40894456 kB, SwapFree: 40861944 kB
INFO [2026-03-16 14:07:21] Memory: Total: 61649012 kB, Available: 57047820 kB, Active: 3594688 kB, SwapTotal: 40894456 kB, SwapFree: 40861944 kB
INFO [2026-03-16 14:07:21] Memory: Total: 61649012 kB, Available: 57047820 kB, Active: 3594688 kB, SwapTotal: 40894456 kB, SwapFree: 40861944 kB
INFO [2026-03-16 14:07:21] Memory: Total: 61649012 kB, Available: 57047820 kB, Active: 3594812 kB, SwapTotal: 40894456 kB, SwapFree: 40861944 kB
INFO [2026-03-16 14:07:21] Memory: Total: 61649012 kB, Available: 57047820 kB, Active: 3594812 kB, SwapTotal: 40894456 kB, SwapFree: 40861944 kB
INFO [2026-03-16 14:07:21] Memory: Total: 61649012 kB, Available: 57047568 kB, Active: 3595060 kB, SwapTotal: 40894456 kB, SwapFree: 40861944 kB
INFO [2026-03-16 14:07:21] Memory: Total: 61649012 kB, Available: 57047568 kB, Active: 3595060 kB, SwapTotal: 40894456 kB, SwapFree: 40861944 kB
INFO [2026-03-16 14:07:21] Memory: Total: 61649012 kB, Available: 57046948 kB, Active: 3595632 kB, SwapTotal: 40894456 kB, SwapFree: 40861944 kB
INFO [2026-03-16 14:07:21] Memory: Total: 61649012 kB, Available: 57046308 kB, Active: 3596252 kB, SwapTotal: 40894456 kB, SwapFree: 40861944 kB
INFO [2026-03-16 14:07:21] Memory: Total: 61649012 kB, Available: 57045804 kB, Active: 3596624 kB, SwapTotal: 40894456 kB, SwapFree: 40861944 kB
INFO [2026-03-16 14:07:21] Memory: Total: 61649012 kB, Available: 57045804 kB, Active: 3596624 kB, SwapTotal: 40894456 kB, SwapFree: 40861944 kB
INFO [2026-03-16 14:07:21] Memory: Total: 61649012 kB, Available: 57045300 kB, Active: 3596748 kB, SwapTotal: 40894456 kB, SwapFree: 40861944 kB
INFO [2026-03-16 14:07:21] Memory: Total: 61649012 kB, Available: 57044796 kB, Active: 3597492 kB, SwapTotal: 40894456 kB, SwapFree: 40861944 kB
INFO [2026-03-16 14:07:21] Memory: Total: 61649012 kB, Available: 57044796 kB, Active: 3597740 kB, SwapTotal: 40894456 kB, SwapFree: 40861944 kB
INFO [2026-03-16 14:07:21] Memory: Total: 61649012 kB, Available: 57044456 kB, Active: 3598064 kB, SwapTotal: 40894456 kB, SwapFree: 40861944 kB
INFO [2026-03-16 14:07:21] Memory: Total: 61649012 kB, Available: 57044292 kB, Active: 3598008 kB, SwapTotal: 40894456 kB, SwapFree: 40861944 kB
INFO [2026-03-16 14:07:21] Memory: Total: 61649012 kB, Available: 57044040 kB, Active: 3598380 kB, SwapTotal: 40894456 kB, SwapFree: 40861944 kB
INFO [2026-03-16 14:07:21] Memory: Total: 61649012 kB, Available: 57044040 kB, Active: 3598704 kB, SwapTotal: 40894456 kB, SwapFree: 40861944 kB
INFO [2026-03-16 14:07:21] Memory: Total: 61649012 kB, Available: 57042780 kB, Active: 3600040 kB, SwapTotal: 40894456 kB, SwapFree: 40861944 kB
INFO [2026-03-16 14:07:21] Memory: Total: 61649012 kB, Available: 57042276 kB, Active: 3600412 kB, SwapTotal: 40894456 kB, SwapFree: 40861944 kB
INFO [2026-03-16 14:07:22] Memory: Total: 61649012 kB, Available: 56977652 kB, Active: 3665060 kB, SwapTotal: 40894456 kB, SwapFree: 40861944 kB
INFO [2026-03-16 14:07:22] Memory: Total: 61649012 kB, Available: 56937388 kB, Active: 3703416 kB, SwapTotal: 40894456 kB, SwapFree: 40861944 kB
INFO [2026-03-16 14:07:22] Memory: Total: 61649012 kB, Available: 56759340 kB, Active: 3881512 kB, SwapTotal: 40894456 kB, SwapFree: 40861944 kB
INFO [2026-03-16 14:07:22] Memory: Total: 61649012 kB, Available: 56718664 kB, Active: 3923880 kB, SwapTotal: 40894456 kB, SwapFree: 40861944 kB
INFO [2026-03-16 14:07:22] Memory: Total: 61649012 kB, Available: 56573536 kB, Active: 4072968 kB, SwapTotal: 40894456 kB, SwapFree: 40861944 kB
INFO [2026-03-16 14:07:22] Memory: Total: 61649012 kB, Available: 56435812 kB, Active: 4204236 kB, SwapTotal: 40894456 kB, SwapFree: 40861944 kB
INFO [2026-03-16 14:07:22] Memory: Total: 61649012 kB, Available: 56435812 kB, Active: 4209096 kB, SwapTotal: 40894456 kB, SwapFree: 40861944 kB
INFO [2026-03-16 14:07:22] Memory: Total: 61649012 kB, Available: 56104908 kB, Active: 4537312 kB, SwapTotal: 40894456 kB, SwapFree: 40861944 kB
INFO [2026-03-16 14:07:22] Memory: Total: 61649012 kB, Available: 55983948 kB, Active: 4653708 kB, SwapTotal: 40894456 kB, SwapFree: 40861944 kB
INFO [2026-03-16 14:07:22] Memory: Total: 61649012 kB, Available: 55951692 kB, Active: 4687080 kB, SwapTotal: 40894456 kB, SwapFree: 40861944 kB
INFO [2026-03-16 14:07:22] Memory: Total: 61649012 kB, Available: 55951692 kB, Active: 4695952 kB, SwapTotal: 40894456 kB, SwapFree: 40861944 kB
INFO [2026-03-16 14:07:22] Memory: Total: 61649012 kB, Available: 55709200 kB, Active: 4938912 kB, SwapTotal: 40894456 kB, SwapFree: 40861944 kB
INFO [2026-03-16 14:07:22] Memory: Total: 61649012 kB, Available: 55637336 kB, Active: 5002904 kB, SwapTotal: 40894456 kB, SwapFree: 40861944 kB
INFO [2026-03-16 14:07:22] Memory: Total: 61649012 kB, Available: 55540568 kB, Active: 5105156 kB, SwapTotal: 40894456 kB, SwapFree: 40861944 kB
INFO [2026-03-16 14:07:23] Memory: Total: 61649012 kB, Available: 55129520 kB, Active: 5507336 kB, SwapTotal: 40894456 kB, SwapFree: 40861944 kB
INFO [2026-03-16 14:07:23] Memory: Total: 61649012 kB, Available: 54952384 kB, Active: 5679384 kB, SwapTotal: 40894456 kB, SwapFree: 40861944 kB
INFO [2026-03-16 14:07:23] Memory: Total: 61649012 kB, Available: 54847552 kB, Active: 5779948 kB, SwapTotal: 40894456 kB, SwapFree: 40861944 kB
INFO [2026-03-16 14:07:23] Memory: Total: 61649012 kB, Available: 54702400 kB, Active: 5926448 kB, SwapTotal: 40894456 kB, SwapFree: 40861944 kB
INFO [2026-03-16 14:07:23] Memory: Total: 61649012 kB, Available: 54605632 kB, Active: 6028260 kB, SwapTotal: 40894456 kB, SwapFree: 40861944 kB
INFO [2026-03-16 14:07:23] Memory: Total: 61649012 kB, Available: 54564912 kB, Active: 6068908 kB, SwapTotal: 40894456 kB, SwapFree: 40861944 kB
INFO [2026-03-16 14:07:23] Memory: Total: 61649012 kB, Available: 54516408 kB, Active: 6126904 kB, SwapTotal: 40894456 kB, SwapFree: 40861944 kB
INFO [2026-03-16 14:07:23] Memory: Total: 61649012 kB, Available: 54364240 kB, Active: 6272428 kB, SwapTotal: 40894456 kB, SwapFree: 40861944 kB
INFO [2026-03-16 14:07:23] Memory: Total: 61649012 kB, Available: 53761460 kB, Active: 6866776 kB, SwapTotal: 40894456 kB, SwapFree: 40861944 kB
INFO [2026-03-16 14:07:24] Memory: Total: 61649012 kB, Available: 52560316 kB, Active: 8060388 kB, SwapTotal: 40894456 kB, SwapFree: 40861944 kB
INFO [2026-03-16 14:07:24] Memory: Total: 61649012 kB, Available: 52019668 kB, Active: 8604880 kB, SwapTotal: 40894456 kB, SwapFree: 40861944 kB
INFO [2026-03-16 14:07:24] Memory: Total: 61649012 kB, Available: 52011992 kB, Active: 8611036 kB, SwapTotal: 40894456 kB, SwapFree: 40861944 kB
INFO [2026-03-16 14:07:24] Memory: Total: 61649012 kB, Available: 51366980 kB, Active: 9270904 kB, SwapTotal: 40894456 kB, SwapFree: 40861944 kB
INFO [2026-03-16 14:07:24] Memory: Total: 61649012 kB, Available: 50664384 kB, Active: 9970252 kB, SwapTotal: 40894456 kB, SwapFree: 40861944 kB
INFO [2026-03-16 14:07:24] Memory: Total: 61649012 kB, Available: 49982312 kB, Active: 10640372 kB, SwapTotal: 40894456 kB, SwapFree: 40861944 kB
INFO [2026-03-16 14:07:24] Memory: Total: 61649012 kB, Available: 49707880 kB, Active: 10922480 kB, SwapTotal: 40894456 kB, SwapFree: 40861944 kB
INFO [2026-03-16 14:07:24] Memory: Total: 61649012 kB, Available: 49546840 kB, Active: 11083656 kB, SwapTotal: 40894456 kB, SwapFree: 40861944 kB
INFO [2026-03-16 14:07:24] Memory: Total: 61649012 kB, Available: 49514684 kB, Active: 11114496 kB, SwapTotal: 40894456 kB, SwapFree: 40861944 kB
INFO [2026-03-16 14:07:25] Memory: Total: 61649012 kB, Available: 49393868 kB, Active: 11232796 kB, SwapTotal: 40894456 kB, SwapFree: 40861944 kB
INFO [2026-03-16 14:07:25] Memory: Total: 61649012 kB, Available: 49273236 kB, Active: 11356888 kB, SwapTotal: 40894456 kB, SwapFree: 40861944 kB
INFO [2026-03-16 14:07:25] Memory: Total: 61649012 kB, Available: 49249116 kB, Active: 11384104 kB, SwapTotal: 40894456 kB, SwapFree: 40861944 kB
INFO [2026-03-16 14:07:25] Memory: Total: 61649012 kB, Available: 49225052 kB, Active: 11409788 kB, SwapTotal: 40894456 kB, SwapFree: 40861944 kB
INFO [2026-03-16 14:07:25] Memory: Total: 61649012 kB, Available: 49208796 kB, Active: 11419148 kB, SwapTotal: 40894456 kB, SwapFree: 40861944 kB
INFO [2026-03-16 14:07:25] Memory: Total: 61649012 kB, Available: 49160284 kB, Active: 11472648 kB, SwapTotal: 40894456 kB, SwapFree: 40861944 kB
INFO [2026-03-16 14:07:25] Memory: Total: 61649012 kB, Available: 49079388 kB, Active: 11551056 kB, SwapTotal: 40894456 kB, SwapFree: 40861944 kB
INFO [2026-03-16 14:07:25] Memory: Total: 61649012 kB, Available: 49062236 kB, Active: 11566932 kB, SwapTotal: 40894456 kB, SwapFree: 40861944 kB
INFO [2026-03-16 14:07:25] Memory: Total: 61649012 kB, Available: 49062236 kB, Active: 11567256 kB, SwapTotal: 40894456 kB, SwapFree: 40861944 kB
INFO [2026-03-16 14:07:25] Memory: Total: 61649012 kB, Available: 49032700 kB, Active: 11594480 kB, SwapTotal: 40894456 kB, SwapFree: 40861944 kB
INFO [2026-03-16 14:07:25] Memory: Total: 61649012 kB, Available: 48985148 kB, Active: 11639840 kB, SwapTotal: 40894456 kB, SwapFree: 40861944 kB
INFO [2026-03-16 14:07:25] Memory: Total: 61649012 kB, Available: 48885484 kB, Active: 11743700 kB, SwapTotal: 40894456 kB, SwapFree: 40861944 kB
INFO [2026-03-16 14:07:25] Memory: Total: 61649012 kB, Available: 48850236 kB, Active: 11777400 kB, SwapTotal: 40894456 kB, SwapFree: 40861944 kB
INFO [2026-03-16 14:07:25] Memory: Total: 61649012 kB, Available: 48794820 kB, Active: 11836808 kB, SwapTotal: 40894456 kB, SwapFree: 40861944 kB
INFO [2026-03-16 14:07:25] Memory: Total: 61649012 kB, Available: 48794820 kB, Active: 11841344 kB, SwapTotal: 40894456 kB, SwapFree: 40861944 kB
INFO [2026-03-16 14:07:25] Memory: Total: 61649012 kB, Available: 48770500 kB, Active: 11857868 kB, SwapTotal: 40894456 kB, SwapFree: 40861944 kB
INFO [2026-03-16 14:07:25] Memory: Total: 61649012 kB, Available: 48770500 kB, Active: 11863376 kB, SwapTotal: 40894456 kB, SwapFree: 40861944 kB
INFO [2026-03-16 14:07:26] Memory: Total: 61649012 kB, Available: 48721860 kB, Active: 11902256 kB, SwapTotal: 40894456 kB, SwapFree: 40861944 kB
INFO [2026-03-16 14:07:26] Memory: Total: 61649012 kB, Available: 48721860 kB, Active: 11905180 kB, SwapTotal: 40894456 kB, SwapFree: 40861944 kB
INFO [2026-03-16 14:07:26] Memory: Total: 61649012 kB, Available: 48721860 kB, Active: 11905180 kB, SwapTotal: 40894456 kB, SwapFree: 40861944 kB
INFO [2026-03-16 14:07:26] Memory: Total: 61649012 kB, Available: 48721860 kB, Active: 11905180 kB, SwapTotal: 40894456 kB, SwapFree: 40861944 kB
INFO [2026-03-16 14:07:26] Memory: Total: 61649012 kB, Available: 48721860 kB, Active: 11905180 kB, SwapTotal: 40894456 kB, SwapFree: 40861944 kB
INFO [2026-03-16 14:07:26] Memory: Total: 61649012 kB, Available: 48721860 kB, Active: 11905180 kB, SwapTotal: 40894456 kB, SwapFree: 40861944 kB
INFO [2026-03-16 14:07:26] Memory: Total: 61649012 kB, Available: 48721860 kB, Active: 11905464 kB, SwapTotal: 40894456 kB, SwapFree: 40861944 kB
INFO [2026-03-16 14:07:26] Memory: Total: 61649012 kB, Available: 48721860 kB, Active: 11905464 kB, SwapTotal: 40894456 kB, SwapFree: 40861944 kB
INFO [2026-03-16 14:07:26] Memory: Total: 61649012 kB, Available: 48721860 kB, Active: 11905464 kB, SwapTotal: 40894456 kB, SwapFree: 40861944 kB
INFO [2026-03-16 14:07:26] Memory: Total: 61649012 kB, Available: 48721860 kB, Active: 11905464 kB, SwapTotal: 40894456 kB, SwapFree: 40861944 kB
INFO [2026-03-16 14:07:26] Memory: Total: 61649012 kB, Available: 48721860 kB, Active: 11905468 kB, SwapTotal: 40894456 kB, SwapFree: 40861944 kB
INFO [2026-03-16 14:07:26] Memory: Total: 61649012 kB, Available: 48721860 kB, Active: 11905472 kB, SwapTotal: 40894456 kB, SwapFree: 40861944 kB
INFO [2026-03-16 14:07:26] Memory: Total: 61649012 kB, Available: 48721860 kB, Active: 11905472 kB, SwapTotal: 40894456 kB, SwapFree: 40861944 kB
INFO [2026-03-16 14:07:26] Memory: Total: 61649012 kB, Available: 48721860 kB, Active: 11905472 kB, SwapTotal: 40894456 kB, SwapFree: 40861944 kB
INFO [2026-03-16 14:07:26] Memory: Total: 61649012 kB, Available: 48721860 kB, Active: 11905472 kB, SwapTotal: 40894456 kB, SwapFree: 40861944 kB
INFO [2026-03-16 14:07:26] Memory: Total: 61649012 kB, Available: 48721860 kB, Active: 11905472 kB, SwapTotal: 40894456 kB, SwapFree: 40861944 kB
INFO [2026-03-16 14:07:27] Memory: Total: 61649012 kB, Available: 48722256 kB, Active: 11906148 kB, SwapTotal: 40894456 kB, SwapFree: 40861944 kB
INFO [2026-03-16 14:07:27] Memory: Total: 61649012 kB, Available: 48722256 kB, Active: 11906148 kB, SwapTotal: 40894456 kB, SwapFree: 40861944 kB
INFO [2026-03-16 14:07:27] Memory: Total: 61649012 kB, Available: 48722256 kB, Active: 11906152 kB, SwapTotal: 40894456 kB, SwapFree: 40861944 kB
INFO [2026-03-16 14:07:27] Memory: Total: 61649012 kB, Available: 48722256 kB, Active: 11906152 kB, SwapTotal: 40894456 kB, SwapFree: 40861944 kB
INFO [2026-03-16 14:07:27] Memory: Total: 61649012 kB, Available: 48722256 kB, Active: 11906152 kB, SwapTotal: 40894456 kB, SwapFree: 40861944 kB
INFO [2026-03-16 14:07:27] Memory: Total: 61649012 kB, Available: 48722256 kB, Active: 11906152 kB, SwapTotal: 40894456 kB, SwapFree: 40861944 kB
INFO [2026-03-16 14:07:27] Memory: Total: 61649012 kB, Available: 48722256 kB, Active: 11906152 kB, SwapTotal: 40894456 kB, SwapFree: 40861944 kB
INFO [2026-03-16 14:07:27] Memory: Total: 61649012 kB, Available: 48722256 kB, Active: 11906152 kB, SwapTotal: 40894456 kB, SwapFree: 40861944 kB
INFO [2026-03-16 14:07:27] Memory: Total: 61649012 kB, Available: 48722256 kB, Active: 11906152 kB, SwapTotal: 40894456 kB, SwapFree: 40861944 kB
INFO [2026-03-16 14:07:27] Memory: Total: 61649012 kB, Available: 48722256 kB, Active: 11906152 kB, SwapTotal: 40894456 kB, SwapFree: 40861944 kB
INFO [2026-03-16 14:07:27] Memory: Total: 61649012 kB, Available: 48722256 kB, Active: 11906152 kB, SwapTotal: 40894456 kB, SwapFree: 40861944 kB
INFO [2026-03-16 14:07:27] Memory: Total: 61649012 kB, Available: 48722256 kB, Active: 11906152 kB, SwapTotal: 40894456 kB, SwapFree: 40861944 kB
INFO [2026-03-16 14:07:27] Memory: Total: 61649012 kB, Available: 48722256 kB, Active: 11906476 kB, SwapTotal: 40894456 kB, SwapFree: 40861944 kB
INFO [2026-03-16 14:07:27] Memory: Total: 61649012 kB, Available: 48722256 kB, Active: 11906160 kB, SwapTotal: 40894456 kB, SwapFree: 40861944 kB
INFO [2026-03-16 14:07:27] Memory: Total: 61649012 kB, Available: 48722256 kB, Active: 11906164 kB, SwapTotal: 40894456 kB, SwapFree: 40861944 kB
INFO [2026-03-16 14:07:27] Memory: Total: 61649012 kB, Available: 48722256 kB, Active: 11906164 kB, SwapTotal: 40894456 kB, SwapFree: 40861944 kB
INFO [2026-03-16 14:07:27] Memory: Total: 61649012 kB, Available: 48722256 kB, Active: 11906164 kB, SwapTotal: 40894456 kB, SwapFree: 40861944 kB
INFO [2026-03-16 14:07:27] Memory: Total: 61649012 kB, Available: 48722256 kB, Active: 11906336 kB, SwapTotal: 40894456 kB, SwapFree: 40861944 kB
INFO [2026-03-16 14:07:27] Memory: Total: 61649012 kB, Available: 48722256 kB, Active: 11906336 kB, SwapTotal: 40894456 kB, SwapFree: 40861944 kB
INFO [2026-03-16 14:07:27] Memory: Total: 61649012 kB, Available: 48722256 kB, Active: 11906576 kB, SwapTotal: 40894456 kB, SwapFree: 40861944 kB
INFO [2026-03-16 14:07:27] Memory: Total: 61649012 kB, Available: 48722256 kB, Active: 11906580 kB, SwapTotal: 40894456 kB, SwapFree: 40861944 kB
INFO [2026-03-16 14:07:28] Memory: Total: 61649012 kB, Available: 48722256 kB, Active: 11906580 kB, SwapTotal: 40894456 kB, SwapFree: 40861944 kB
INFO [2026-03-16 14:07:28] Memory: Total: 61649012 kB, Available: 48722256 kB, Active: 11906868 kB, SwapTotal: 40894456 kB, SwapFree: 40861944 kB
INFO [2026-03-16 14:07:28] Memory: Total: 61649012 kB, Available: 48722256 kB, Active: 11906868 kB, SwapTotal: 40894456 kB, SwapFree: 40861944 kB
INFO [2026-03-16 14:07:28] Memory: Total: 61649012 kB, Available: 48722256 kB, Active: 11906868 kB, SwapTotal: 40894456 kB, SwapFree: 40861944 kB
INFO [2026-03-16 14:07:28] Memory: Total: 61649012 kB, Available: 48722256 kB, Active: 11906868 kB, SwapTotal: 40894456 kB, SwapFree: 40861944 kB
INFO [2026-03-16 14:07:28] Memory: Total: 61649012 kB, Available: 48722256 kB, Active: 11906868 kB, SwapTotal: 40894456 kB, SwapFree: 40861944 kB
INFO [2026-03-16 14:07:28] Memory: Total: 61649012 kB, Available: 48722256 kB, Active: 11906868 kB, SwapTotal: 40894456 kB, SwapFree: 40861944 kB
INFO [2026-03-16 14:07:28] Memory: Total: 61649012 kB, Available: 48721912 kB, Active: 11906868 kB, SwapTotal: 40894456 kB, SwapFree: 40861944 kB
INFO [2026-03-16 14:07:28] Memory: Total: 61649012 kB, Available: 48721912 kB, Active: 11906868 kB, SwapTotal: 40894456 kB, SwapFree: 40861944 kB
INFO [2026-03-16 14:07:28] Memory: Total: 61649012 kB, Available: 48722004 kB, Active: 11906620 kB, SwapTotal: 40894456 kB, SwapFree: 40861944 kB
INFO [2026-03-16 14:07:28] Memory: Total: 61649012 kB, Available: 48722004 kB, Active: 11906620 kB, SwapTotal: 40894456 kB, SwapFree: 40861944 kB
INFO [2026-03-16 14:07:28] Memory: Total: 61649012 kB, Available: 48722004 kB, Active: 11906620 kB, SwapTotal: 40894456 kB, SwapFree: 40861944 kB
INFO [2026-03-16 14:07:28] Memory: Total: 61649012 kB, Available: 48722004 kB, Active: 11906624 kB, SwapTotal: 40894456 kB, SwapFree: 40861944 kB
INFO [2026-03-16 14:07:28] Memory: Total: 61649012 kB, Available: 48722004 kB, Active: 11906740 kB, SwapTotal: 40894456 kB, SwapFree: 40861944 kB
INFO [2026-03-16 14:07:28] Memory: Total: 61649012 kB, Available: 48721656 kB, Active: 11906780 kB, SwapTotal: 40894456 kB, SwapFree: 40861944 kB
INFO [2026-03-16 14:07:28] Memory: Total: 61649012 kB, Available: 48721656 kB, Active: 11906780 kB, SwapTotal: 40894456 kB, SwapFree: 40861944 kB
INFO [2026-03-16 14:07:28] Memory: Total: 61649012 kB, Available: 48721656 kB, Active: 11907392 kB, SwapTotal: 40894456 kB, SwapFree: 40861944 kB
INFO [2026-03-16 14:07:28] Memory: Total: 61649012 kB, Available: 48721516 kB, Active: 11906988 kB, SwapTotal: 40894456 kB, SwapFree: 40861944 kB
INFO [2026-03-16 14:07:29] Memory: Total: 61649012 kB, Available: 48721516 kB, Active: 11906988 kB, SwapTotal: 40894456 kB, SwapFree: 40861944 kB
INFO [2026-03-16 14:07:29] Memory: Total: 61649012 kB, Available: 48721516 kB, Active: 11906988 kB, SwapTotal: 40894456 kB, SwapFree: 40861944 kB
INFO [2026-03-16 14:07:29] Memory: Total: 61649012 kB, Available: 48721516 kB, Active: 11906988 kB, SwapTotal: 40894456 kB, SwapFree: 40861944 kB
INFO [2026-03-16 14:07:29] Memory: Total: 61649012 kB, Available: 48721516 kB, Active: 11906988 kB, SwapTotal: 40894456 kB, SwapFree: 40861944 kB
INFO [2026-03-16 14:07:29] Memory: Total: 61649012 kB, Available: 48721516 kB, Active: 11907312 kB, SwapTotal: 40894456 kB, SwapFree: 40861944 kB
INFO [2026-03-16 14:07:29] Memory: Total: 61649012 kB, Available: 48721516 kB, Active: 11906996 kB, SwapTotal: 40894456 kB, SwapFree: 40861944 kB
INFO [2026-03-16 14:07:29] Memory: Total: 61649012 kB, Available: 48721516 kB, Active: 11906996 kB, SwapTotal: 40894456 kB, SwapFree: 40861944 kB
INFO [2026-03-16 14:07:29] Memory: Total: 61649012 kB, Available: 48721516 kB, Active: 11907324 kB, SwapTotal: 40894456 kB, SwapFree: 40861944 kBINFO [2026-03-16 14:07:29] Memory: Total: 61649012 kB, Available: 48721516 kB, Active: 11907324 kB, SwapTotal: 40894456 kB, SwapFree: 40861944 kB

INFO [2026-03-16 14:07:29] Memory: Total: 61649012 kB, Available: 48721516 kB, Active: 11907320 kB, SwapTotal: 40894456 kB, SwapFree: 40861944 kB
INFO [2026-03-16 14:07:29] Memory: Total: 61649012 kB, Available: 48721516 kB, Active: 11907644 kB, SwapTotal: 40894456 kB, SwapFree: 40861944 kB
INFO [2026-03-16 14:07:29] Memory: Total: 61649012 kB, Available: 48721516 kB, Active: 11907604 kB, SwapTotal: 40894456 kB, SwapFree: 40861944 kB
INFO [2026-03-16 14:07:29] Memory: Total: 61649012 kB, Available: 48721516 kB, Active: 11907604 kB, SwapTotal: 40894456 kB, SwapFree: 40861944 kB
INFO [2026-03-16 14:07:29] Memory: Total: 61649012 kB, Available: 48721516 kB, Active: 11907604 kB, SwapTotal: 40894456 kB, SwapFree: 40861944 kB
INFO [2026-03-16 14:07:29] Memory: Total: 61649012 kB, Available: 48721516 kB, Active: 11907608 kB, SwapTotal: 40894456 kB, SwapFree: 40861944 kB
INFO [2026-03-16 14:07:29] Memory: Total: 61649012 kB, Available: 48721268 kB, Active: 11907612 kB, SwapTotal: 40894456 kB, SwapFree: 40861944 kB
INFO [2026-03-16 14:07:29] Memory: Total: 61649012 kB, Available: 48721268 kB, Active: 11907612 kB, SwapTotal: 40894456 kB, SwapFree: 40861944 kB
INFO [2026-03-16 14:07:30] Memory: Total: 61649012 kB, Available: 48721268 kB, Active: 11907612 kB, SwapTotal: 40894456 kB, SwapFree: 40861944 kB
INFO [2026-03-16 14:07:30] Memory: Total: 61649012 kB, Available: 48721268 kB, Active: 11907612 kB, SwapTotal: 40894456 kB, SwapFree: 40861944 kB
INFO [2026-03-16 14:07:30] Memory: Total: 61649012 kB, Available: 48721268 kB, Active: 11907936 kB, SwapTotal: 40894456 kB, SwapFree: 40861944 kB
INFO [2026-03-16 14:07:30] Memory: Total: 61649012 kB, Available: 48721268 kB, Active: 11907620 kB, SwapTotal: 40894456 kB, SwapFree: 40861944 kB
INFO [2026-03-16 14:07:30] Memory: Total: 61649012 kB, Available: 48721268 kB, Active: 11907624 kB, SwapTotal: 40894456 kB, SwapFree: 40861944 kB
INFO [2026-03-16 14:07:30] Memory: Total: 61649012 kB, Available: 48721268 kB, Active: 11907624 kB, SwapTotal: 40894456 kB, SwapFree: 40861944 kB
INFO [2026-03-16 14:07:30] Memory: Total: 61649012 kB, Available: 48721268 kB, Active: 11907624 kB, SwapTotal: 40894456 kB, SwapFree: 40861944 kB
INFO [2026-03-16 14:07:30] Memory: Total: 61649012 kB, Available: 48721268 kB, Active: 11907624 kB, SwapTotal: 40894456 kB, SwapFree: 40861944 kB
INFO [2026-03-16 14:07:30] Memory: Total: 61649012 kB, Available: 48721268 kB, Active: 11907632 kB, SwapTotal: 40894456 kB, SwapFree: 40861944 kB
INFO [2026-03-16 14:07:30] Memory: Total: 61649012 kB, Available: 48721268 kB, Active: 11907632 kB, SwapTotal: 40894456 kB, SwapFree: 40861944 kB
INFO [2026-03-16 14:07:30] Memory: Total: 61649012 kB, Available: 48721268 kB, Active: 11907632 kB, SwapTotal: 40894456 kB, SwapFree: 40861944 kB
INFO [2026-03-16 14:07:30] Memory: Total: 61649012 kB, Available: 48721268 kB, Active: 11907640 kB, SwapTotal: 40894456 kB, SwapFree: 40861944 kB
INFO [2026-03-16 14:07:30] Memory: Total: 61649012 kB, Available: 48721268 kB, Active: 11907640 kB, SwapTotal: 40894456 kB, SwapFree: 40861944 kB
INFO [2026-03-16 14:07:30] Memory: Total: 61649012 kB, Available: 48721268 kB, Active: 11907640 kB, SwapTotal: 40894456 kB, SwapFree: 40861944 kB
INFO [2026-03-16 14:07:30] Memory: Total: 61649012 kB, Available: 48721268 kB, Active: 11907928 kB, SwapTotal: 40894456 kB, SwapFree: 40861944 kB
INFO [2026-03-16 14:07:30] Memory: Total: 61649012 kB, Available: 48721268 kB, Active: 11907928 kB, SwapTotal: 40894456 kB, SwapFree: 40861944 kB
INFO [2026-03-16 14:07:30] Memory: Total: 61649012 kB, Available: 48721268 kB, Active: 11907928 kB, SwapTotal: 40894456 kB, SwapFree: 40861944 kB
INFO [2026-03-16 14:07:30] Memory: Total: 61649012 kB, Available: 48721268 kB, Active: 11907928 kB, SwapTotal: 40894456 kB, SwapFree: 40861944 kB
INFO [2026-03-16 14:07:30] Memory: Total: 61649012 kB, Available: 48721268 kB, Active: 11907700 kB, SwapTotal: 40894456 kB, SwapFree: 40861944 kB
INFO [2026-03-16 14:07:30] Memory: Total: 61649012 kB, Available: 48721268 kB, Active: 11907700 kB, SwapTotal: 40894456 kB, SwapFree: 40861944 kB
INFO [2026-03-16 14:07:31] Memory: Total: 61649012 kB, Available: 48721268 kB, Active: 11907704 kB, SwapTotal: 40894456 kB, SwapFree: 40861944 kB
INFO [2026-03-16 14:07:31] Memory: Total: 61649012 kB, Available: 48721268 kB, Active: 11907708 kB, SwapTotal: 40894456 kB, SwapFree: 40861944 kB
INFO [2026-03-16 14:07:31] Memory: Total: 61649012 kB, Available: 48721268 kB, Active: 11907708 kB, SwapTotal: 40894456 kB, SwapFree: 40861944 kB
INFO [2026-03-16 14:07:31] Memory: Total: 61649012 kB, Available: 48721268 kB, Active: 11907708 kB, SwapTotal: 40894456 kB, SwapFree: 40861944 kB
INFO [2026-03-16 14:07:31] Memory: Total: 61649012 kB, Available: 48721268 kB, Active: 11907708 kB, SwapTotal: 40894456 kB, SwapFree: 40861944 kB
INFO [2026-03-16 14:07:31] Memory: Total: 61649012 kB, Available: 48721268 kB, Active: 11907708 kB, SwapTotal: 40894456 kB, SwapFree: 40861944 kB
INFO [2026-03-16 14:07:31] Memory: Total: 61649012 kB, Available: 48721268 kB, Active: 11907708 kB, SwapTotal: 40894456 kB, SwapFree: 40861944 kB
INFO [2026-03-16 14:07:31] Memory: Total: 61649012 kB, Available: 48721268 kB, Active: 11907708 kB, SwapTotal: 40894456 kB, SwapFree: 40861944 kB
INFO [2026-03-16 14:07:31] Memory: Total: 61649012 kB, Available: 48721268 kB, Active: 11907712 kB, SwapTotal: 40894456 kB, SwapFree: 40861944 kB
INFO [2026-03-16 14:07:31] Memory: Total: 61649012 kB, Available: 48721268 kB, Active: 11907712 kB, SwapTotal: 40894456 kB, SwapFree: 40861944 kB
INFO [2026-03-16 14:07:31] Memory: Total: 61649012 kB, Available: 48721268 kB, Active: 11907712 kB, SwapTotal: 40894456 kB, SwapFree: 40861944 kB
INFO [2026-03-16 14:07:31] Memory: Total: 61649012 kB, Available: 48721268 kB, Active: 11907712 kB, SwapTotal: 40894456 kB, SwapFree: 40861944 kB
INFO [2026-03-16 14:07:31] Memory: Total: 61649012 kB, Available: 48721268 kB, Active: 11907712 kB, SwapTotal: 40894456 kB, SwapFree: 40861944 kB
INFO [2026-03-16 14:07:31] Memory: Total: 61649012 kB, Available: 48721268 kB, Active: 11907712 kB, SwapTotal: 40894456 kB, SwapFree: 40861944 kB
INFO [2026-03-16 14:07:31] Memory: Total: 61649012 kB, Available: 48721268 kB, Active: 11907712 kB, SwapTotal: 40894456 kB, SwapFree: 40861944 kB
INFO [2026-03-16 14:07:31] Memory: Total: 61649012 kB, Available: 48721268 kB, Active: 11907712 kB, SwapTotal: 40894456 kB, SwapFree: 40861944 kB
INFO [2026-03-16 14:07:31] Memory: Total: 61649012 kB, Available: 48721272 kB, Active: 11907988 kB, SwapTotal: 40894456 kB, SwapFree: 40861944 kB
INFO [2026-03-16 14:07:31] Memory: Total: 61649012 kB, Available: 48721272 kB, Active: 11907988 kB, SwapTotal: 40894456 kB, SwapFree: 40861944 kB
INFO [2026-03-16 14:07:32] Memory: Total: 61649012 kB, Available: 48721272 kB, Active: 11907988 kB, SwapTotal: 40894456 kB, SwapFree: 40861944 kB
INFO [2026-03-16 14:07:32] Memory: Total: 61649012 kB, Available: 48721272 kB, Active: 11907992 kB, SwapTotal: 40894456 kB, SwapFree: 40861944 kB
INFO [2026-03-16 14:07:32] Memory: Total: 61649012 kB, Available: 48721272 kB, Active: 11907992 kB, SwapTotal: 40894456 kB, SwapFree: 40861944 kB
INFO [2026-03-16 14:07:32] Memory: Total: 61649012 kB, Available: 48721272 kB, Active: 11907992 kB, SwapTotal: 40894456 kB, SwapFree: 40861944 kB
INFO [2026-03-16 14:07:32] Memory: Total: 61649012 kB, Available: 48721272 kB, Active: 11907992 kB, SwapTotal: 40894456 kB, SwapFree: 40861944 kB
INFO [2026-03-16 14:07:32] Memory: Total: 61649012 kB, Available: 48721272 kB, Active: 11907992 kB, SwapTotal: 40894456 kB, SwapFree: 40861944 kB
INFO [2026-03-16 14:07:32] Memory: Total: 61649012 kB, Available: 48721272 kB, Active: 11907996 kB, SwapTotal: 40894456 kB, SwapFree: 40861944 kB
INFO [2026-03-16 14:07:32] Memory: Total: 61649012 kB, Available: 48721272 kB, Active: 11907996 kB, SwapTotal: 40894456 kB, SwapFree: 40861944 kB
INFO [2026-03-16 14:07:32] Memory: Total: 61649012 kB, Available: 48721272 kB, Active: 11908288 kB, SwapTotal: 40894456 kB, SwapFree: 40861944 kB
INFO [2026-03-16 14:07:32] Memory: Total: 61649012 kB, Available: 48721272 kB, Active: 11908288 kB, SwapTotal: 40894456 kB, SwapFree: 40861944 kB
INFO [2026-03-16 14:07:32] Memory: Total: 61649012 kB, Available: 48721272 kB, Active: 11908288 kB, SwapTotal: 40894456 kB, SwapFree: 40861944 kB
INFO [2026-03-16 14:07:32] Memory: Total: 61649012 kB, Available: 48720924 kB, Active: 11908288 kB, SwapTotal: 40894456 kB, SwapFree: 40861944 kB
INFO [2026-03-16 14:07:32] Memory: Total: 61649012 kB, Available: 48720924 kB, Active: 11908288 kB, SwapTotal: 40894456 kB, SwapFree: 40861944 kB
INFO [2026-03-16 14:07:32] Memory: Total: 61649012 kB, Available: 48720772 kB, Active: 11908288 kB, SwapTotal: 40894456 kB, SwapFree: 40861944 kB
INFO [2026-03-16 14:07:32] Memory: Total: 61649012 kB, Available: 48720772 kB, Active: 11908584 kB, SwapTotal: 40894456 kB, SwapFree: 40861944 kB
INFO [2026-03-16 14:07:32] Memory: Total: 61649012 kB, Available: 48720772 kB, Active: 11908300 kB, SwapTotal: 40894456 kB, SwapFree: 40861944 kB
INFO [2026-03-16 14:07:32] Memory: Total: 61649012 kB, Available: 48720772 kB, Active: 11908228 kB, SwapTotal: 40894456 kB, SwapFree: 40861944 kB
INFO [2026-03-16 14:07:32] Memory: Total: 61649012 kB, Available: 48720772 kB, Active: 11908228 kB, SwapTotal: 40894456 kB, SwapFree: 40861944 kB
INFO [2026-03-16 14:07:32] Memory: Total: 61649012 kB, Available: 48720772 kB, Active: 11908228 kB, SwapTotal: 40894456 kB, SwapFree: 40861944 kB
INFO [2026-03-16 14:07:33] Memory: Total: 61649012 kB, Available: 48720772 kB, Active: 11908228 kB, SwapTotal: 40894456 kB, SwapFree: 40861944 kB
INFO [2026-03-16 14:07:33] Memory: Total: 61649012 kB, Available: 48720772 kB, Active: 11908232 kB, SwapTotal: 40894456 kB, SwapFree: 40861944 kB
INFO [2026-03-16 14:07:33] Memory: Total: 61649012 kB, Available: 48720772 kB, Active: 11908232 kB, SwapTotal: 40894456 kB, SwapFree: 40861944 kB
INFO [2026-03-16 14:07:33] Memory: Total: 61649012 kB, Available: 48720772 kB, Active: 11908232 kB, SwapTotal: 40894456 kB, SwapFree: 40861944 kB
INFO [2026-03-16 14:07:33] Memory: Total: 61649012 kB, Available: 48720772 kB, Active: 11908236 kB, SwapTotal: 40894456 kB, SwapFree: 40861944 kB
INFO [2026-03-16 14:07:33] Memory: Total: 61649012 kB, Available: 48720772 kB, Active: 11908236 kB, SwapTotal: 40894456 kB, SwapFree: 40861944 kB
INFO [2026-03-16 14:07:33] Memory: Total: 61649012 kB, Available: 48720772 kB, Active: 11908236 kB, SwapTotal: 40894456 kB, SwapFree: 40861944 kB
INFO [2026-03-16 14:07:33] Memory: Total: 61649012 kB, Available: 48720772 kB, Active: 11908236 kB, SwapTotal: 40894456 kB, SwapFree: 40861944 kB
INFO [2026-03-16 14:07:33] Memory: Total: 61649012 kB, Available: 48720772 kB, Active: 11908244 kB, SwapTotal: 40894456 kB, SwapFree: 40861944 kB
INFO [2026-03-16 14:07:33] Memory: Total: 61649012 kB, Available: 48720772 kB, Active: 11908244 kB, SwapTotal: 40894456 kB, SwapFree: 40861944 kB
INFO [2026-03-16 14:07:33] Memory: Total: 61649012 kB, Available: 48720772 kB, Active: 11908244 kB, SwapTotal: 40894456 kB, SwapFree: 40861944 kB
INFO [2026-03-16 14:07:33] Memory: Total: 61649012 kB, Available: 48720772 kB, Active: 11908244 kB, SwapTotal: 40894456 kB, SwapFree: 40861944 kB
INFO [2026-03-16 14:07:33] Memory: Total: 61649012 kB, Available: 48720772 kB, Active: 11908244 kB, SwapTotal: 40894456 kB, SwapFree: 40861944 kB
INFO [2026-03-16 14:07:33] Memory: Total: 61649012 kB, Available: 48720772 kB, Active: 11908244 kB, SwapTotal: 40894456 kB, SwapFree: 40861944 kB
INFO [2026-03-16 14:07:33] Memory: Total: 61649012 kB, Available: 48720772 kB, Active: 11908244 kB, SwapTotal: 40894456 kB, SwapFree: 40861944 kB
INFO [2026-03-16 14:07:33] Memory: Total: 61649012 kB, Available: 48720772 kB, Active: 11908244 kB, SwapTotal: 40894456 kB, SwapFree: 40861944 kB
INFO [2026-03-16 14:07:33] Memory: Total: 61649012 kB, Available: 48720772 kB, Active: 11908784 kB, SwapTotal: 40894456 kB, SwapFree: 40861944 kB
INFO [2026-03-16 14:07:34] Memory: Total: 61649012 kB, Available: 48720772 kB, Active: 11908472 kB, SwapTotal: 40894456 kB, SwapFree: 40861944 kB
INFO [2026-03-16 14:07:34] Memory: Total: 61649012 kB, Available: 48720772 kB, Active: 11908472 kB, SwapTotal: 40894456 kB, SwapFree: 40861944 kB
INFO [2026-03-16 14:07:34] Memory: Total: 61649012 kB, Available: 48720772 kB, Active: 11908472 kB, SwapTotal: 40894456 kB, SwapFree: 40861944 kB
INFO [2026-03-16 14:07:34] Memory: Total: 61649012 kB, Available: 48720772 kB, Active: 11908472 kB, SwapTotal: 40894456 kB, SwapFree: 40861944 kB
INFO [2026-03-16 14:07:34] Memory: Total: 61649012 kB, Available: 48720772 kB, Active: 11908472 kB, SwapTotal: 40894456 kB, SwapFree: 40861944 kB
INFO [2026-03-16 14:07:34] Memory: Total: 61649012 kB, Available: 48720772 kB, Active: 11908472 kB, SwapTotal: 40894456 kB, SwapFree: 40861944 kB
INFO [2026-03-16 14:07:34] Memory: Total: 61649012 kB, Available: 48720772 kB, Active: 11908472 kB, SwapTotal: 40894456 kB, SwapFree: 40861944 kB
INFO [2026-03-16 14:07:34] Memory: Total: 61649012 kB, Available: 48720772 kB, Active: 11908796 kB, SwapTotal: 40894456 kB, SwapFree: 40861944 kB
INFO [2026-03-16 14:07:34] Memory: Total: 61649012 kB, Available: 48720772 kB, Active: 11908480 kB, SwapTotal: 40894456 kB, SwapFree: 40861944 kB
INFO [2026-03-16 14:07:34] Memory: Total: 61649012 kB, Available: 48720772 kB, Active: 11908480 kB, SwapTotal: 40894456 kB, SwapFree: 40861944 kB
INFO [2026-03-16 14:07:34] Memory: Total: 61649012 kB, Available: 48720772 kB, Active: 11908480 kB, SwapTotal: 40894456 kB, SwapFree: 40861944 kB
INFO [2026-03-16 14:07:34] Memory: Total: 61649012 kB, Available: 48720772 kB, Active: 11908480 kB, SwapTotal: 40894456 kB, SwapFree: 40861944 kB
INFO [2026-03-16 14:07:34] Memory: Total: 61649012 kB, Available: 48720772 kB, Active: 11908480 kB, SwapTotal: 40894456 kB, SwapFree: 40861944 kB
INFO [2026-03-16 14:07:34] Memory: Total: 61649012 kB, Available: 48720772 kB, Active: 11908480 kB, SwapTotal: 40894456 kB, SwapFree: 40861944 kB
INFO [2026-03-16 14:07:34] Memory: Total: 61649012 kB, Available: 48720772 kB, Active: 11908480 kB, SwapTotal: 40894456 kB, SwapFree: 40861944 kB
INFO [2026-03-16 14:07:34] Memory: Total: 61649012 kB, Available: 48720772 kB, Active: 11908480 kB, SwapTotal: 40894456 kB, SwapFree: 40861944 kB
INFO [2026-03-16 14:07:34] Memory: Total: 61649012 kB, Available: 48720772 kB, Active: 11908604 kB, SwapTotal: 40894456 kB, SwapFree: 40861944 kB
INFO [2026-03-16 14:07:34] Memory: Total: 61649012 kB, Available: 48720772 kB, Active: 11908604 kB, SwapTotal: 40894456 kB, SwapFree: 40861944 kB
INFO [2026-03-16 14:07:34] Memory: Total: 61649012 kB, Available: 48720776 kB, Active: 11908916 kB, SwapTotal: 40894456 kB, SwapFree: 40861944 kB
INFO [2026-03-16 14:07:35] Memory: Total: 61649012 kB, Available: 48720776 kB, Active: 11908920 kB, SwapTotal: 40894456 kB, SwapFree: 40861944 kB
INFO [2026-03-16 14:07:35] Memory: Total: 61649012 kB, Available: 48720776 kB, Active: 11908920 kB, SwapTotal: 40894456 kB, SwapFree: 40861944 kB
INFO [2026-03-16 14:07:35] Memory: Total: 61649012 kB, Available: 48720776 kB, Active: 11908924 kB, SwapTotal: 40894456 kB, SwapFree: 40861944 kB
INFO [2026-03-16 14:07:35] Memory: Total: 61649012 kB, Available: 48720776 kB, Active: 11908924 kB, SwapTotal: 40894456 kB, SwapFree: 40861944 kB
INFO [2026-03-16 14:07:35] Memory: Total: 61649012 kB, Available: 48720776 kB, Active: 11908928 kB, SwapTotal: 40894456 kB, SwapFree: 40861944 kB
INFO [2026-03-16 14:07:35] Memory: Total: 61649012 kB, Available: 48720776 kB, Active: 11908928 kB, SwapTotal: 40894456 kB, SwapFree: 40861944 kB
INFO [2026-03-16 14:07:35] Memory: Total: 61649012 kB, Available: 48720776 kB, Active: 11908928 kB, SwapTotal: 40894456 kB, SwapFree: 40861944 kB
INFO [2026-03-16 14:07:35] Memory: Total: 61649012 kB, Available: 48720776 kB, Active: 11908928 kB, SwapTotal: 40894456 kB, SwapFree: 40861944 kB
INFO [2026-03-16 14:07:35] Memory: Total: 61649012 kB, Available: 48720776 kB, Active: 11908928 kB, SwapTotal: 40894456 kB, SwapFree: 40861944 kB
INFO [2026-03-16 14:07:35] Memory: Total: 61649012 kB, Available: 48720776 kB, Active: 11908928 kB, SwapTotal: 40894456 kB, SwapFree: 40861944 kB
INFO [2026-03-16 14:07:35] Memory: Total: 61649012 kB, Available: 48720776 kB, Active: 11908928 kB, SwapTotal: 40894456 kB, SwapFree: 40861944 kB
INFO [2026-03-16 14:07:35] Memory: Total: 61649012 kB, Available: 48720776 kB, Active: 11909252 kB, SwapTotal: 40894456 kB, SwapFree: 40861944 kB
INFO [2026-03-16 14:07:35] Memory: Total: 61649012 kB, Available: 48720776 kB, Active: 11908936 kB, SwapTotal: 40894456 kB, SwapFree: 40861944 kB
INFO [2026-03-16 14:07:35] Memory: Total: 61649012 kB, Available: 48720776 kB, Active: 11908936 kB, SwapTotal: 40894456 kB, SwapFree: 40861944 kB
INFO [2026-03-16 14:07:35] Memory: Total: 61649012 kB, Available: 48720776 kB, Active: 11908936 kB, SwapTotal: 40894456 kB, SwapFree: 40861944 kB
INFO [2026-03-16 14:07:35] Memory: Total: 61649012 kB, Available: 48720776 kB, Active: 11909008 kB, SwapTotal: 40894456 kB, SwapFree: 40861944 kB
INFO [2026-03-16 14:07:35] Memory: Total: 61649012 kB, Available: 48720776 kB, Active: 11909008 kB, SwapTotal: 40894456 kB, SwapFree: 40861944 kB
INFO [2026-03-16 14:07:35] Memory: Total: 61649012 kB, Available: 48720776 kB, Active: 11909008 kB, SwapTotal: 40894456 kB, SwapFree: 40861944 kB
INFO [2026-03-16 14:07:35] Memory: Total: 61649012 kB, Available: 48720780 kB, Active: 11909332 kB, SwapTotal: 40894456 kB, SwapFree: 40861944 kB
INFO [2026-03-16 14:07:36] Memory: Total: 61649012 kB, Available: 48720780 kB, Active: 11909024 kB, SwapTotal: 40894456 kB, SwapFree: 40861944 kB
INFO [2026-03-16 14:07:36] Memory: Total: 61649012 kB, Available: 48720780 kB, Active: 11909024 kB, SwapTotal: 40894456 kB, SwapFree: 40861944 kB
INFO [2026-03-16 14:07:36] Memory: Total: 61649012 kB, Available: 48720780 kB, Active: 11909024 kB, SwapTotal: 40894456 kB, SwapFree: 40861944 kB
INFO [2026-03-16 14:07:36] Memory: Total: 61649012 kB, Available: 48720780 kB, Active: 11909024 kB, SwapTotal: 40894456 kB, SwapFree: 40861944 kB
INFO [2026-03-16 14:07:36] Memory: Total: 61649012 kB, Available: 48720780 kB, Active: 11909024 kB, SwapTotal: 40894456 kB, SwapFree: 40861944 kB
INFO [2026-03-16 14:07:36] Memory: Total: 61649012 kB, Available: 48720780 kB, Active: 11909024 kB, SwapTotal: 40894456 kB, SwapFree: 40861944 kB
INFO [2026-03-16 14:07:36] Memory: Total: 61649012 kB, Available: 48720780 kB, Active: 11909348 kB, SwapTotal: 40894456 kB, SwapFree: 40861944 kB
INFO [2026-03-16 14:07:36] Memory: Total: 61649012 kB, Available: 48720780 kB, Active: 11909036 kB, SwapTotal: 40894456 kB, SwapFree: 40861944 kB
INFO [2026-03-16 14:07:36] Memory: Total: 61649012 kB, Available: 48720780 kB, Active: 11909036 kB, SwapTotal: 40894456 kB, SwapFree: 40861944 kB
INFO [2026-03-16 14:07:36] Memory: Total: 61649012 kB, Available: 48720780 kB, Active: 11909036 kB, SwapTotal: 40894456 kB, SwapFree: 40861944 kB
INFO [2026-03-16 14:07:36] Memory: Total: 61649012 kB, Available: 48720780 kB, Active: 11909036 kB, SwapTotal: 40894456 kB, SwapFree: 40861944 kB
INFO [2026-03-16 14:07:36] Memory: Total: 61649012 kB, Available: 48720780 kB, Active: 11909040 kB, SwapTotal: 40894456 kB, SwapFree: 40861944 kB
INFO [2026-03-16 14:07:36] Memory: Total: 61649012 kB, Available: 48720780 kB, Active: 11909040 kB, SwapTotal: 40894456 kB, SwapFree: 40861944 kB
INFO [2026-03-16 14:07:36] Memory: Total: 61649012 kB, Available: 48720780 kB, Active: 11909040 kB, SwapTotal: 40894456 kB, SwapFree: 40861944 kB
INFO [2026-03-16 14:07:36] Memory: Total: 61649012 kB, Available: 48720780 kB, Active: 11909040 kB, SwapTotal: 40894456 kB, SwapFree: 40861944 kB
INFO [2026-03-16 14:07:36] Memory: Total: 61649012 kB, Available: 48720780 kB, Active: 11909364 kB, SwapTotal: 40894456 kB, SwapFree: 40861944 kB
INFO [2026-03-16 14:07:36] Memory: Total: 61649012 kB, Available: 48720780 kB, Active: 11909100 kB, SwapTotal: 40894456 kB, SwapFree: 40861944 kB
INFO [2026-03-16 14:07:37] Memory: Total: 61649012 kB, Available: 48720780 kB, Active: 11909120 kB, SwapTotal: 40894456 kB, SwapFree: 40861944 kB
INFO [2026-03-16 14:07:37] Memory: Total: 61649012 kB, Available: 48720780 kB, Active: 11909120 kB, SwapTotal: 40894456 kB, SwapFree: 40861944 kB
INFO [2026-03-16 14:07:37] Memory: Total: 61649012 kB, Available: 48720780 kB, Active: 11909120 kB, SwapTotal: 40894456 kB, SwapFree: 40861944 kB
INFO [2026-03-16 14:07:37] Memory: Total: 61649012 kB, Available: 48720780 kB, Active: 11909120 kB, SwapTotal: 40894456 kB, SwapFree: 40861944 kB
INFO [2026-03-16 14:07:37] Memory: Total: 61649012 kB, Available: 48720780 kB, Active: 11909120 kB, SwapTotal: 40894456 kB, SwapFree: 40861944 kB
INFO [2026-03-16 14:07:37] Memory: Total: 61649012 kB, Available: 48720780 kB, Active: 11909120 kB, SwapTotal: 40894456 kB, SwapFree: 40861944 kB
INFO [2026-03-16 14:07:37] Memory: Total: 61649012 kB, Available: 48720780 kB, Active: 11909444 kB, SwapTotal: 40894456 kB, SwapFree: 40861944 kB
INFO [2026-03-16 14:07:37] Memory: Total: 61649012 kB, Available: 48720780 kB, Active: 11909160 kB, SwapTotal: 40894456 kB, SwapFree: 40861944 kB
INFO [2026-03-16 14:07:37] Memory: Total: 61649012 kB, Available: 48720780 kB, Active: 11909160 kB, SwapTotal: 40894456 kB, SwapFree: 40861944 kB
INFO [2026-03-16 14:07:37] Memory: Total: 61649012 kB, Available: 48720780 kB, Active: 11909160 kB, SwapTotal: 40894456 kB, SwapFree: 40861944 kB
INFO [2026-03-16 14:07:37] Memory: Total: 61649012 kB, Available: 48720780 kB, Active: 11909160 kB, SwapTotal: 40894456 kB, SwapFree: 40861944 kB
INFO [2026-03-16 14:07:37] Memory: Total: 61649012 kB, Available: 48720780 kB, Active: 11909160 kB, SwapTotal: 40894456 kB, SwapFree: 40861944 kB
INFO [2026-03-16 14:07:37] Memory: Total: 61649012 kB, Available: 48720780 kB, Active: 11909160 kB, SwapTotal: 40894456 kB, SwapFree: 40861944 kB
INFO [2026-03-16 14:07:37] Memory: Total: 61649012 kB, Available: 48720780 kB, Active: 11909484 kB, SwapTotal: 40894456 kB, SwapFree: 40861944 kB
INFO [2026-03-16 14:07:37] Memory: Total: 61649012 kB, Available: 48720420 kB, Active: 11909544 kB, SwapTotal: 40894456 kB, SwapFree: 40861944 kB
INFO [2026-03-16 14:07:37] Memory: Total: 61649012 kB, Available: 48720280 kB, Active: 11909232 kB, SwapTotal: 40894456 kB, SwapFree: 40861944 kB
INFO [2026-03-16 14:07:37] Memory: Total: 61649012 kB, Available: 48720280 kB, Active: 11909232 kB, SwapTotal: 40894456 kB, SwapFree: 40861944 kB
INFO [2026-03-16 14:07:37] Memory: Total: 61649012 kB, Available: 48720280 kB, Active: 11909292 kB, SwapTotal: 40894456 kB, SwapFree: 40861944 kB
INFO [2026-03-16 14:07:37] Memory: Total: 61649012 kB, Available: 48720280 kB, Active: 11909236 kB, SwapTotal: 40894456 kB, SwapFree: 40861944 kB
INFO [2026-03-16 14:07:37] Memory: Total: 61649012 kB, Available: 48720280 kB, Active: 11909236 kB, SwapTotal: 40894456 kB, SwapFree: 40861944 kB
INFO [2026-03-16 14:07:38] Memory: Total: 61649012 kB, Available: 48720280 kB, Active: 11909560 kB, SwapTotal: 40894456 kB, SwapFree: 40861944 kB
INFO [2026-03-16 14:07:38] Memory: Total: 61649012 kB, Available: 48720280 kB, Active: 11909272 kB, SwapTotal: 40894456 kB, SwapFree: 40861944 kB
INFO [2026-03-16 14:07:38] Memory: Total: 61649012 kB, Available: 48720280 kB, Active: 11909272 kB, SwapTotal: 40894456 kB, SwapFree: 40861944 kB
INFO [2026-03-16 14:07:38] Memory: Total: 61649012 kB, Available: 48720280 kB, Active: 11909596 kB, SwapTotal: 40894456 kB, SwapFree: 40861944 kB
INFO [2026-03-16 14:07:38] Memory: Total: 61649012 kB, Available: 48720280 kB, Active: 11909596 kB, SwapTotal: 40894456 kB, SwapFree: 40861944 kB
INFO [2026-03-16 14:07:38] Memory: Total: 61649012 kB, Available: 48720280 kB, Active: 11909620 kB, SwapTotal: 40894456 kB, SwapFree: 40861944 kB
INFO [2026-03-16 14:07:38] Memory: Total: 61649012 kB, Available: 48720280 kB, Active: 11909620 kB, SwapTotal: 40894456 kB, SwapFree: 40861944 kB
INFO [2026-03-16 14:07:38] Memory: Total: 61649012 kB, Available: 48720280 kB, Active: 11909620 kB, SwapTotal: 40894456 kB, SwapFree: 40861944 kB
INFO [2026-03-16 14:07:38] Memory: Total: 61649012 kB, Available: 48720280 kB, Active: 11909336 kB, SwapTotal: 40894456 kB, SwapFree: 40861944 kB
INFO [2026-03-16 14:07:38] Memory: Total: 61649012 kB, Available: 48720280 kB, Active: 11909660 kB, SwapTotal: 40894456 kB, SwapFree: 40861944 kB
INFO [2026-03-16 14:07:38] Memory: Total: 61649012 kB, Available: 48720280 kB, Active: 11909380 kB, SwapTotal: 40894456 kB, SwapFree: 40861944 kB
INFO [2026-03-16 14:07:38] Memory: Total: 61649012 kB, Available: 48720280 kB, Active: 11909072 kB, SwapTotal: 40894456 kB, SwapFree: 40861944 kB
INFO [2026-03-16 14:07:38] Memory: Total: 61649012 kB, Available: 48720280 kB, Active: 11909072 kB, SwapTotal: 40894456 kB, SwapFree: 40861944 kB
INFO [2026-03-16 14:07:38] Memory: Total: 61649012 kB, Available: 48720280 kB, Active: 11909072 kB, SwapTotal: 40894456 kB, SwapFree: 40861944 kB
INFO [2026-03-16 14:07:38] Memory: Total: 61649012 kB, Available: 48720280 kB, Active: 11909072 kB, SwapTotal: 40894456 kB, SwapFree: 40861944 kB
INFO [2026-03-16 14:07:38] Memory: Total: 61649012 kB, Available: 48720280 kB, Active: 11909072 kB, SwapTotal: 40894456 kB, SwapFree: 40861944 kB
INFO [2026-03-16 14:07:38] Memory: Total: 61649012 kB, Available: 48720284 kB, Active: 11909356 kB, SwapTotal: 40894456 kB, SwapFree: 40861944 kB
INFO [2026-03-16 14:07:38] Memory: Total: 61649012 kB, Available: 48720284 kB, Active: 11909356 kB, SwapTotal: 40894456 kB, SwapFree: 40861944 kB
INFO [2026-03-16 14:07:38] Memory: Total: 61649012 kB, Available: 48720284 kB, Active: 11909676 kB, SwapTotal: 40894456 kB, SwapFree: 40861944 kB
INFO [2026-03-16 14:07:39] Memory: Total: 61649012 kB, Available: 48720284 kB, Active: 11909676 kB, SwapTotal: 40894456 kB, SwapFree: 40861944 kB
INFO [2026-03-16 14:07:39] Memory: Total: 61649012 kB, Available: 48720284 kB, Active: 11909676 kB, SwapTotal: 40894456 kB, SwapFree: 40861944 kB
INFO [2026-03-16 14:07:39] Memory: Total: 61649012 kB, Available: 48720284 kB, Active: 11909676 kB, SwapTotal: 40894456 kB, SwapFree: 40861944 kB
INFO [2026-03-16 14:07:39] Memory: Total: 61649012 kB, Available: 48720284 kB, Active: 11909676 kB, SwapTotal: 40894456 kB, SwapFree: 40861944 kB
INFO [2026-03-16 14:07:39] Memory: Total: 61649012 kB, Available: 48719916 kB, Active: 11909676 kB, SwapTotal: 40894456 kB, SwapFree: 40861944 kB
INFO [2026-03-16 14:07:39] Memory: Total: 61649012 kB, Available: 48719916 kB, Active: 11909676 kB, SwapTotal: 40894456 kB, SwapFree: 40861944 kB
INFO [2026-03-16 14:07:39] Memory: Total: 61649012 kB, Available: 48719916 kB, Active: 11909676 kB, SwapTotal: 40894456 kB, SwapFree: 40861944 kB
INFO [2026-03-16 14:07:39] Memory: Total: 61649012 kB, Available: 48719916 kB, Active: 11909676 kB, SwapTotal: 40894456 kB, SwapFree: 40861944 kB
INFO [2026-03-16 14:07:39] Memory: Total: 61649012 kB, Available: 48720032 kB, Active: 11909700 kB, SwapTotal: 40894456 kB, SwapFree: 40861944 kB
INFO [2026-03-16 14:07:39] Memory: Total: 61649012 kB, Available: 48720032 kB, Active: 11909700 kB, SwapTotal: 40894456 kB, SwapFree: 40861944 kB
INFO [2026-03-16 14:07:39] Memory: Total: 61649012 kB, Available: 48720032 kB, Active: 11909700 kB, SwapTotal: 40894456 kB, SwapFree: 40861944 kB
INFO [2026-03-16 14:07:39] Memory: Total: 61649012 kB, Available: 48719660 kB, Active: 11910024 kB, SwapTotal: 40894456 kB, SwapFree: 40861944 kB
INFO [2026-03-16 14:07:39] Memory: Total: 61649012 kB, Available: 48719528 kB, Active: 11909748 kB, SwapTotal: 40894456 kB, SwapFree: 40861944 kB
INFO [2026-03-16 14:07:39] Memory: Total: 61649012 kB, Available: 48719528 kB, Active: 11910072 kB, SwapTotal: 40894456 kB, SwapFree: 40861944 kB
INFO [2026-03-16 14:07:39] Memory: Total: 61649012 kB, Available: 48719528 kB, Active: 11909712 kB, SwapTotal: 40894456 kB, SwapFree: 40861944 kB
INFO [2026-03-16 14:07:39] Memory: Total: 61649012 kB, Available: 48719528 kB, Active: 11909548 kB, SwapTotal: 40894456 kB, SwapFree: 40861944 kB
INFO [2026-03-16 14:07:39] Memory: Total: 61649012 kB, Available: 48719528 kB, Active: 11909548 kB, SwapTotal: 40894456 kB, SwapFree: 40861944 kB
INFO [2026-03-16 14:07:39] Memory: Total: 61649012 kB, Available: 48719528 kB, Active: 11909548 kB, SwapTotal: 40894456 kB, SwapFree: 40861944 kB
INFO [2026-03-16 14:07:40] Memory: Total: 61649012 kB, Available: 48719528 kB, Active: 11909548 kB, SwapTotal: 40894456 kB, SwapFree: 40861944 kB
INFO [2026-03-16 14:07:40] Memory: Total: 61649012 kB, Available: 48719528 kB, Active: 11909548 kB, SwapTotal: 40894456 kB, SwapFree: 40861944 kB
INFO [2026-03-16 14:07:40] Memory: Total: 61649012 kB, Available: 48719528 kB, Active: 11909548 kB, SwapTotal: 40894456 kB, SwapFree: 40861944 kB
INFO [2026-03-16 14:07:40] Memory: Total: 61649012 kB, Available: 48719528 kB, Active: 11909872 kB, SwapTotal: 40894456 kB, SwapFree: 40861944 kB
INFO [2026-03-16 14:07:40] Memory: Total: 61649012 kB, Available: 48719528 kB, Active: 11909624 kB, SwapTotal: 40894456 kB, SwapFree: 40861944 kB
INFO [2026-03-16 14:07:40] Memory: Total: 61649012 kB, Available: 48719528 kB, Active: 11909624 kB, SwapTotal: 40894456 kB, SwapFree: 40861944 kB
INFO [2026-03-16 14:07:40] Memory: Total: 61649012 kB, Available: 48719528 kB, Active: 11909624 kB, SwapTotal: 40894456 kB, SwapFree: 40861944 kB
INFO [2026-03-16 14:07:40] Memory: Total: 61649012 kB, Available: 48719528 kB, Active: 11909624 kB, SwapTotal: 40894456 kB, SwapFree: 40861944 kB
INFO [2026-03-16 14:07:40] Memory: Total: 61649012 kB, Available: 48719528 kB, Active: 11909624 kB, SwapTotal: 40894456 kB, SwapFree: 40861944 kB
INFO [2026-03-16 14:07:40] Memory: Total: 61649012 kB, Available: 48719528 kB, Active: 11909948 kB, SwapTotal: 40894456 kB, SwapFree: 40861944 kB
INFO [2026-03-16 14:07:40] Memory: Total: 61649012 kB, Available: 48719528 kB, Active: 11909948 kB, SwapTotal: 40894456 kB, SwapFree: 40861944 kB
INFO [2026-03-16 14:07:40] Memory: Total: 61649012 kB, Available: 48719148 kB, Active: 11909684 kB, SwapTotal: 40894456 kB, SwapFree: 40861944 kB
INFO [2026-03-16 14:07:40] Memory: Total: 61649012 kB, Available: 48719276 kB, Active: 11909980 kB, SwapTotal: 40894456 kB, SwapFree: 40861944 kB
INFO [2026-03-16 14:07:40] Memory: Total: 61649012 kB, Available: 48719276 kB, Active: 11909980 kB, SwapTotal: 40894456 kB, SwapFree: 40861944 kB
INFO [2026-03-16 14:07:40] Memory: Total: 61649012 kB, Available: 48719024 kB, Active: 11910040 kB, SwapTotal: 40894456 kB, SwapFree: 40861944 kB
INFO [2026-03-16 14:07:40] Memory: Total: 61649012 kB, Available: 48719028 kB, Active: 11909696 kB, SwapTotal: 40894456 kB, SwapFree: 40861944 kB
INFO [2026-03-16 14:07:40] Memory: Total: 61649012 kB, Available: 48719028 kB, Active: 11909696 kB, SwapTotal: 40894456 kB, SwapFree: 40861944 kB
INFO [2026-03-16 14:07:41] Memory: Total: 61649012 kB, Available: 48718640 kB, Active: 11910020 kB, SwapTotal: 40894456 kB, SwapFree: 40861944 kB
INFO [2026-03-16 14:07:41] Memory: Total: 61649012 kB, Available: 48718776 kB, Active: 11910044 kB, SwapTotal: 40894456 kB, SwapFree: 40861944 kB
INFO [2026-03-16 14:07:41] Memory: Total: 61649012 kB, Available: 48718384 kB, Active: 11910368 kB, SwapTotal: 40894456 kB, SwapFree: 40861944 kB
INFO [2026-03-16 14:07:41] Memory: Total: 61649012 kB, Available: 48718384 kB, Active: 11910368 kB, SwapTotal: 40894456 kB, SwapFree: 40861944 kB
INFO [2026-03-16 14:07:41] Memory: Total: 61649012 kB, Available: 48718384 kB, Active: 11910368 kB, SwapTotal: 40894456 kB, SwapFree: 40861944 kB
INFO [2026-03-16 14:07:41] Memory: Total: 61649012 kB, Available: 48718524 kB, Active: 11910060 kB, SwapTotal: 40894456 kB, SwapFree: 40861944 kB
INFO [2026-03-16 14:07:41] Memory: Total: 61649012 kB, Available: 48718524 kB, Active: 11910060 kB, SwapTotal: 40894456 kB, SwapFree: 40861944 kB
INFO [2026-03-16 14:07:41] Memory: Total: 61649012 kB, Available: 48718524 kB, Active: 11910060 kB, SwapTotal: 40894456 kB, SwapFree: 40861944 kB
INFO [2026-03-16 14:07:41] Memory: Total: 61649012 kB, Available: 48718524 kB, Active: 11910060 kB, SwapTotal: 40894456 kB, SwapFree: 40861944 kB
INFO [2026-03-16 14:07:41] Memory: Total: 61649012 kB, Available: 48718524 kB, Active: 11910384 kB, SwapTotal: 40894456 kB, SwapFree: 40861944 kB
INFO [2026-03-16 14:07:41] Memory: Total: 61649012 kB, Available: 48718524 kB, Active: 11910116 kB, SwapTotal: 40894456 kB, SwapFree: 40861944 kB
INFO [2026-03-16 14:07:41] Memory: Total: 61649012 kB, Available: 48718524 kB, Active: 11910116 kB, SwapTotal: 40894456 kB, SwapFree: 40861944 kB
INFO [2026-03-16 14:07:41] Memory: Total: 61649012 kB, Available: 48718524 kB, Active: 11910116 kB, SwapTotal: 40894456 kB, SwapFree: 40861944 kB
INFO [2026-03-16 14:07:41] Memory: Total: 61649012 kB, Available: 48718524 kB, Active: 11910116 kB, SwapTotal: 40894456 kB, SwapFree: 40861944 kB
INFO [2026-03-16 14:07:41] Memory: Total: 61649012 kB, Available: 48718524 kB, Active: 11910440 kB, SwapTotal: 40894456 kB, SwapFree: 40861944 kB
INFO [2026-03-16 14:07:41] Memory: Total: 61649012 kB, Available: 48718524 kB, Active: 11910152 kB, SwapTotal: 40894456 kB, SwapFree: 40861944 kB
INFO [2026-03-16 14:07:41] Memory: Total: 61649012 kB, Available: 48718212 kB, Active: 11910156 kB, SwapTotal: 40894456 kB, SwapFree: 40861944 kB
INFO [2026-03-16 14:07:41] Memory: Total: 61649012 kB, Available: 48718212 kB, Active: 11910156 kB, SwapTotal: 40894456 kB, SwapFree: 40861944 kB
INFO [2026-03-16 14:07:41] Memory: Total: 61649012 kB, Available: 48718212 kB, Active: 11910156 kB, SwapTotal: 40894456 kB, SwapFree: 40861944 kB
INFO [2026-03-16 14:07:42] Memory: Total: 61649012 kB, Available: 48718212 kB, Active: 11909908 kB, SwapTotal: 40894456 kB, SwapFree: 40861944 kB
INFO [2026-03-16 14:07:42] Memory: Total: 61649012 kB, Available: 48718212 kB, Active: 11909908 kB, SwapTotal: 40894456 kB, SwapFree: 40861944 kB
INFO [2026-03-16 14:07:42] Memory: Total: 61649012 kB, Available: 48718212 kB, Active: 11909908 kB, SwapTotal: 40894456 kB, SwapFree: 40861944 kB
INFO [2026-03-16 14:07:42] Memory: Total: 61649012 kB, Available: 48718212 kB, Active: 11909912 kB, SwapTotal: 40894456 kB, SwapFree: 40861944 kB
INFO [2026-03-16 14:07:42] Memory: Total: 61649012 kB, Available: 48718212 kB, Active: 11910236 kB, SwapTotal: 40894456 kB, SwapFree: 40861944 kB
INFO [2026-03-16 14:07:42] Memory: Total: 61649012 kB, Available: 48718212 kB, Active: 11910236 kB, SwapTotal: 40894456 kB, SwapFree: 40861944 kB
INFO [2026-03-16 14:07:42] Memory: Total: 61649012 kB, Available: 48718212 kB, Active: 11910236 kB, SwapTotal: 40894456 kB, SwapFree: 40861944 kB
INFO [2026-03-16 14:07:42] Memory: Total: 61649012 kB, Available: 48718212 kB, Active: 11909988 kB, SwapTotal: 40894456 kB, SwapFree: 40861944 kB
INFO [2026-03-16 14:07:42] Memory: Total: 61649012 kB, Available: 48718212 kB, Active: 11909988 kB, SwapTotal: 40894456 kB, SwapFree: 40861944 kB
INFO [2026-03-16 14:07:42] Memory: Total: 61649012 kB, Available: 48718212 kB, Active: 11909988 kB, SwapTotal: 40894456 kB, SwapFree: 40861944 kB
INFO [2026-03-16 14:07:42] Memory: Total: 61649012 kB, Available: 48718212 kB, Active: 11909988 kB, SwapTotal: 40894456 kB, SwapFree: 40861944 kB
INFO [2026-03-16 14:07:42] Memory: Total: 61649012 kB, Available: 48718212 kB, Active: 11909988 kB, SwapTotal: 40894456 kB, SwapFree: 40861944 kB
INFO [2026-03-16 14:07:42] Memory: Total: 61649012 kB, Available: 48718212 kB, Active: 11910312 kB, SwapTotal: 40894456 kB, SwapFree: 40861944 kB
INFO [2026-03-16 14:07:42] Memory: Total: 61649012 kB, Available: 48717816 kB, Active: 11910064 kB, SwapTotal: 40894456 kB, SwapFree: 40861944 kB
INFO [2026-03-16 14:07:42] Memory: Total: 61649012 kB, Available: 48717960 kB, Active: 11910064 kB, SwapTotal: 40894456 kB, SwapFree: 40861944 kB
INFO [2026-03-16 14:07:42] Memory: Total: 61649012 kB, Available: 48717960 kB, Active: 11910432 kB, SwapTotal: 40894456 kB, SwapFree: 40861944 kB
INFO [2026-03-16 14:07:42] Memory: Total: 61649012 kB, Available: 48717960 kB, Active: 11910756 kB, SwapTotal: 40894456 kB, SwapFree: 40861944 kB
INFO [2026-03-16 14:07:42] Memory: Total: 61649012 kB, Available: 48717960 kB, Active: 11910164 kB, SwapTotal: 40894456 kB, SwapFree: 40861944 kB
INFO [2026-03-16 14:07:43] Memory: Total: 61649012 kB, Available: 48717960 kB, Active: 11910164 kB, SwapTotal: 40894456 kB, SwapFree: 40861944 kB
INFO [2026-03-16 14:07:43] Memory: Total: 61649012 kB, Available: 48717960 kB, Active: 11910164 kB, SwapTotal: 40894456 kB, SwapFree: 40861944 kB
INFO [2026-03-16 14:07:43] Memory: Total: 61649012 kB, Available: 48717960 kB, Active: 11910488 kB, SwapTotal: 40894456 kB, SwapFree: 40861944 kB
INFO [2026-03-16 14:07:43] Memory: Total: 61649012 kB, Available: 48717960 kB, Active: 11910532 kB, SwapTotal: 40894456 kB, SwapFree: 40861944 kB
INFO [2026-03-16 14:07:43] Memory: Total: 61649012 kB, Available: 48717960 kB, Active: 11910220 kB, SwapTotal: 40894456 kB, SwapFree: 40861944 kB
INFO [2026-03-16 14:07:43] Memory: Total: 61649012 kB, Available: 48717960 kB, Active: 11910220 kB, SwapTotal: 40894456 kB, SwapFree: 40861944 kB
INFO [2026-03-16 14:07:43] Memory: Total: 61649012 kB, Available: 48717960 kB, Active: 11909896 kB, SwapTotal: 40894456 kB, SwapFree: 40861944 kB
INFO [2026-03-16 14:07:43] Memory: Total: 61649012 kB, Available: 48717960 kB, Active: 11910220 kB, SwapTotal: 40894456 kB, SwapFree: 40861944 kB
INFO [2026-03-16 14:07:43] Memory: Total: 61649012 kB, Available: 48717960 kB, Active: 11909944 kB, SwapTotal: 40894456 kB, SwapFree: 40861944 kB
INFO [2026-03-16 14:07:43] Memory: Total: 61649012 kB, Available: 48717960 kB, Active: 11909944 kB, SwapTotal: 40894456 kB, SwapFree: 40861944 kB
INFO [2026-03-16 14:07:43] Memory: Total: 61649012 kB, Available: 48717960 kB, Active: 11909944 kB, SwapTotal: 40894456 kB, SwapFree: 40861944 kB
INFO [2026-03-16 14:07:43] Memory: Total: 61649012 kB, Available: 48717960 kB, Active: 11909352 kB, SwapTotal: 40894456 kB, SwapFree: 40861944 kB
INFO [2026-03-16 14:07:43] Memory: Total: 61649012 kB, Available: 48717960 kB, Active: 11909656 kB, SwapTotal: 40894456 kB, SwapFree: 40861944 kB
INFO [2026-03-16 14:07:43] Memory: Total: 61649012 kB, Available: 48717960 kB, Active: 11909656 kB, SwapTotal: 40894456 kB, SwapFree: 40861944 kB
INFO [2026-03-16 14:07:43] Memory: Total: 61649012 kB, Available: 48717960 kB, Active: 11909656 kB, SwapTotal: 40894456 kB, SwapFree: 40861944 kB
INFO [2026-03-16 14:07:43] Memory: Total: 61649012 kB, Available: 48717960 kB, Active: 11909436 kB, SwapTotal: 40894456 kB, SwapFree: 40861944 kB
INFO [2026-03-16 14:07:43] Memory: Total: 61649012 kB, Available: 48717960 kB, Active: 11909436 kB, SwapTotal: 40894456 kB, SwapFree: 40861944 kB
INFO [2026-03-16 14:07:44] Memory: Total: 61649012 kB, Available: 48717960 kB, Active: 11909832 kB, SwapTotal: 40894456 kB, SwapFree: 40861944 kB
INFO [2026-03-16 14:07:44] Memory: Total: 61649012 kB, Available: 48717960 kB, Active: 11909888 kB, SwapTotal: 40894456 kB, SwapFree: 40861944 kB
INFO [2026-03-16 14:07:44] Memory: Total: 61649012 kB, Available: 48717960 kB, Active: 11909888 kB, SwapTotal: 40894456 kB, SwapFree: 40861944 kB
INFO [2026-03-16 14:07:44] Memory: Total: 61649012 kB, Available: 48717960 kB, Active: 11909888 kB, SwapTotal: 40894456 kB, SwapFree: 40861944 kB
INFO [2026-03-16 14:07:44] Memory: Total: 61649012 kB, Available: 48717560 kB, Active: 11909888 kB, SwapTotal: 40894456 kB, SwapFree: 40861944 kB
INFO [2026-03-16 14:07:44] Memory: Total: 61649012 kB, Available: 48717304 kB, Active: 11910224 kB, SwapTotal: 40894456 kB, SwapFree: 40861944 kB
INFO [2026-03-16 14:07:44] Memory: Total: 61649012 kB, Available: 48717304 kB, Active: 11910224 kB, SwapTotal: 40894456 kB, SwapFree: 40861944 kB
INFO [2026-03-16 14:07:44] Memory: Total: 61649012 kB, Available: 48717456 kB, Active: 11909940 kB, SwapTotal: 40894456 kB, SwapFree: 40861944 kB
INFO [2026-03-16 14:07:44] Memory: Total: 61649012 kB, Available: 48717456 kB, Active: 11909968 kB, SwapTotal: 40894456 kB, SwapFree: 40861944 kB
INFO [2026-03-16 14:07:44] Memory: Total: 61649012 kB, Available: 48717048 kB, Active: 11910292 kB, SwapTotal: 40894456 kB, SwapFree: 40861944 kB
INFO [2026-03-16 14:07:44] Memory: Total: 61649012 kB, Available: 48717204 kB, Active: 11909988 kB, SwapTotal: 40894456 kB, SwapFree: 40861944 kB
INFO [2026-03-16 14:07:44] Memory: Total: 61649012 kB, Available: 48717204 kB, Active: 11910008 kB, SwapTotal: 40894456 kB, SwapFree: 40861944 kB
INFO [2026-03-16 14:07:44] Memory: Total: 61649012 kB, Available: 48717204 kB, Active: 11910008 kB, SwapTotal: 40894456 kB, SwapFree: 40861944 kB
INFO [2026-03-16 14:07:44] Memory: Total: 61649012 kB, Available: 48716792 kB, Active: 11910008 kB, SwapTotal: 40894456 kB, SwapFree: 40861944 kB
INFO [2026-03-16 14:07:44] Memory: Total: 61649012 kB, Available: 48716792 kB, Active: 11910008 kB, SwapTotal: 40894456 kB, SwapFree: 40861944 kB
INFO [2026-03-16 14:07:44] Memory: Total: 61649012 kB, Available: 48716952 kB, Active: 11910324 kB, SwapTotal: 40894456 kB, SwapFree: 40861944 kB
INFO [2026-03-16 14:07:44] Memory: Total: 61649012 kB, Available: 48716952 kB, Active: 11910324 kB, SwapTotal: 40894456 kB, SwapFree: 40861944 kB
INFO [2026-03-16 14:07:44] Memory: Total: 61649012 kB, Available: 48716952 kB, Active: 11910324 kB, SwapTotal: 40894456 kB, SwapFree: 40861944 kB
INFO [2026-03-16 14:07:44] Memory: Total: 61649012 kB, Available: 48716536 kB, Active: 11910648 kB, SwapTotal: 40894456 kB, SwapFree: 40861944 kB
INFO [2026-03-16 14:07:44] Memory: Total: 61649012 kB, Available: 48716700 kB, Active: 11909796 kB, SwapTotal: 40894456 kB, SwapFree: 40861944 kB
INFO [2026-03-16 14:07:45] Memory: Total: 61649012 kB, Available: 48716700 kB, Active: 11909800 kB, SwapTotal: 40894456 kB, SwapFree: 40861944 kB
INFO [2026-03-16 14:07:45] Memory: Total: 61649012 kB, Available: 48716700 kB, Active: 11909800 kB, SwapTotal: 40894456 kB, SwapFree: 40861944 kB
INFO [2026-03-16 14:07:45] Memory: Total: 61649012 kB, Available: 48716700 kB, Active: 11910048 kB, SwapTotal: 40894456 kB, SwapFree: 40861944 kB
INFO [2026-03-16 14:07:45] Memory: Total: 61649012 kB, Available: 48716700 kB, Active: 11910048 kB, SwapTotal: 40894456 kB, SwapFree: 40861944 kB
INFO [2026-03-16 14:07:45] Memory: Total: 61649012 kB, Available: 48716280 kB, Active: 11910372 kB, SwapTotal: 40894456 kB, SwapFree: 40861944 kB
INFO [2026-03-16 14:07:45] Memory: Total: 61649012 kB, Available: 48716280 kB, Active: 11910372 kB, SwapTotal: 40894456 kB, SwapFree: 40861944 kB
INFO [2026-03-16 14:07:45] Memory: Total: 61649012 kB, Available: 48716280 kB, Active: 11910372 kB, SwapTotal: 40894456 kB, SwapFree: 40861944 kB
INFO [2026-03-16 14:07:45] Memory: Total: 61649012 kB, Available: 48716196 kB, Active: 11910444 kB, SwapTotal: 40894456 kB, SwapFree: 40861944 kB
INFO [2026-03-16 14:07:45] Memory: Total: 61649012 kB, Available: 48716196 kB, Active: 11910444 kB, SwapTotal: 40894456 kB, SwapFree: 40861944 kB
INFO [2026-03-16 14:07:45] Memory: Total: 61649012 kB, Available: 48716196 kB, Active: 11910692 kB, SwapTotal: 40894456 kB, SwapFree: 40861944 kB
INFO [2026-03-16 14:07:45] Memory: Total: 61649012 kB, Available: 48716196 kB, Active: 11910692 kB, SwapTotal: 40894456 kB, SwapFree: 40861944 kB
INFO [2026-03-16 14:07:45] Memory: Total: 61649012 kB, Available: 48715944 kB, Active: 11910816 kB, SwapTotal: 40894456 kB, SwapFree: 40861944 kB
INFO [2026-03-16 14:07:45] Memory: Total: 61649012 kB, Available: 48715944 kB, Active: 11910940 kB, SwapTotal: 40894456 kB, SwapFree: 40861944 kB
INFO [2026-03-16 14:07:45] Memory: Total: 61649012 kB, Available: 48715944 kB, Active: 11911076 kB, SwapTotal: 40894456 kB, SwapFree: 40861944 kB
INFO [2026-03-16 14:07:45] Memory: Total: 61649012 kB, Available: 48715512 kB, Active: 11911072 kB, SwapTotal: 40894456 kB, SwapFree: 40861944 kB
INFO [2026-03-16 14:07:45] Memory: Total: 61649012 kB, Available: 48715512 kB, Active: 11911072 kB, SwapTotal: 40894456 kB, SwapFree: 40861944 kB
INFO [2026-03-16 14:07:45] Memory: Total: 61649012 kB, Available: 48715000 kB, Active: 11911144 kB, SwapTotal: 40894456 kB, SwapFree: 40861944 kB
INFO [2026-03-16 14:07:45] Memory: Total: 61649012 kB, Available: 48714940 kB, Active: 11911288 kB, SwapTotal: 40894456 kB, SwapFree: 40861944 kB
INFO [2026-03-16 14:07:46] Memory: Total: 61649012 kB, Available: 48714940 kB, Active: 11911292 kB, SwapTotal: 40894456 kB, SwapFree: 40861944 kB
INFO [2026-03-16 14:07:46] Memory: Total: 61649012 kB, Available: 48714940 kB, Active: 11911292 kB, SwapTotal: 40894456 kB, SwapFree: 40861944 kB
INFO [2026-03-16 14:07:46] Memory: Total: 61649012 kB, Available: 48714496 kB, Active: 11911540 kB, SwapTotal: 40894456 kB, SwapFree: 40861944 kB
INFO [2026-03-16 14:07:46] Memory: Total: 61649012 kB, Available: 48714688 kB, Active: 11911540 kB, SwapTotal: 40894456 kB, SwapFree: 40861944 kB
INFO [2026-03-16 14:07:46] Memory: Total: 61649012 kB, Available: 48714688 kB, Active: 11911664 kB, SwapTotal: 40894456 kB, SwapFree: 40861944 kB
INFO [2026-03-16 14:07:46] Memory: Total: 61649012 kB, Available: 48714436 kB, Active: 11911912 kB, SwapTotal: 40894456 kB, SwapFree: 40861944 kB
INFO [2026-03-16 14:07:46] Memory: Total: 61649012 kB, Available: 48714436 kB, Active: 11912236 kB, SwapTotal: 40894456 kB, SwapFree: 40861944 kB
INFO [2026-03-16 14:07:46] Memory: Total: 61649012 kB, Available: 48714436 kB, Active: 11912236 kB, SwapTotal: 40894456 kB, SwapFree: 40861944 kB
INFO [2026-03-16 14:07:46] Memory: Total: 61649012 kB, Available: 48714436 kB, Active: 11912236 kB, SwapTotal: 40894456 kB, SwapFree: 40861944 kB
INFO [2026-03-16 14:07:46] Memory: Total: 61649012 kB, Available: 48714436 kB, Active: 11912236 kB, SwapTotal: 40894456 kB, SwapFree: 40861944 kB
INFO [2026-03-16 14:07:46] Memory: Total: 61649012 kB, Available: 48713984 kB, Active: 11912680 kB, SwapTotal: 40894456 kB, SwapFree: 40861944 kB
INFO [2026-03-16 14:07:46] Memory: Total: 61649012 kB, Available: 48713984 kB, Active: 11912428 kB, SwapTotal: 40894456 kB, SwapFree: 40861944 kB
INFO [2026-03-16 14:07:46] Memory: Total: 61649012 kB, Available: 48713984 kB, Active: 11912428 kB, SwapTotal: 40894456 kB, SwapFree: 40861944 kB
INFO [2026-03-16 14:07:46] Memory: Total: 61649012 kB, Available: 48713984 kB, Active: 11912800 kB, SwapTotal: 40894456 kB, SwapFree: 40861944 kB
INFO [2026-03-16 14:07:46] Memory: Total: 61649012 kB, Available: 48713984 kB, Active: 11912924 kB, SwapTotal: 40894456 kB, SwapFree: 40861944 kB
INFO [2026-03-16 14:07:46] Memory: Total: 61649012 kB, Available: 48714184 kB, Active: 11912960 kB, SwapTotal: 40894456 kB, SwapFree: 40861944 kB
INFO [2026-03-16 14:07:46] Memory: Total: 61649012 kB, Available: 48714184 kB, Active: 11913332 kB, SwapTotal: 40894456 kB, SwapFree: 40861944 kB
INFO [2026-03-16 14:07:47] Memory: Total: 61649012 kB, Available: 48714184 kB, Active: 11913656 kB, SwapTotal: 40894456 kB, SwapFree: 40861944 kB
INFO [2026-03-16 14:07:47] Memory: Total: 61649012 kB, Available: 48714184 kB, Active: 11913712 kB, SwapTotal: 40894456 kB, SwapFree: 40861944 kB
INFO [2026-03-16 14:07:47] Memory: Total: 61649012 kB, Available: 48714184 kB, Active: 11913712 kB, SwapTotal: 40894456 kB, SwapFree: 40861944 kB
INFO [2026-03-16 14:07:47] Memory: Total: 61649012 kB, Available: 48714184 kB, Active: 11913712 kB, SwapTotal: 40894456 kB, SwapFree: 40861944 kB
INFO [2026-03-16 14:07:47] Memory: Total: 61649012 kB, Available: 48714184 kB, Active: 11913580 kB, SwapTotal: 40894456 kB, SwapFree: 40861944 kB
INFO [2026-03-16 14:07:47] Memory: Total: 61649012 kB, Available: 48714184 kB, Active: 11913704 kB, SwapTotal: 40894456 kB, SwapFree: 40861944 kB
INFO [2026-03-16 14:07:47] Memory: Total: 61649012 kB, Available: 48714184 kB, Active: 11913704 kB, SwapTotal: 40894456 kB, SwapFree: 40861944 kB
INFO [2026-03-16 14:07:47] Memory: Total: 61649012 kB, Available: 48714184 kB, Active: 11914152 kB, SwapTotal: 40894456 kB, SwapFree: 40861944 kB
INFO [2026-03-16 14:07:47] Memory: Total: 61649012 kB, Available: 48714184 kB, Active: 11914272 kB, SwapTotal: 40894456 kB, SwapFree: 40861944 kB
INFO [2026-03-16 14:07:47] Memory: Total: 61649012 kB, Available: 48714184 kB, Active: 11914364 kB, SwapTotal: 40894456 kB, SwapFree: 40861944 kB
INFO [2026-03-16 14:07:47] Memory: Total: 61649012 kB, Available: 48714184 kB, Active: 11914224 kB, SwapTotal: 40894456 kB, SwapFree: 40861944 kB
INFO [2026-03-16 14:07:47] Memory: Total: 61649012 kB, Available: 48714184 kB, Active: 11914224 kB, SwapTotal: 40894456 kB, SwapFree: 40861944 kB
INFO [2026-03-16 14:07:47] Memory: Total: 61649012 kB, Available: 48714184 kB, Active: 11914224 kB, SwapTotal: 40894456 kB, SwapFree: 40861944 kB
INFO [2026-03-16 14:07:47] Memory: Total: 61649012 kB, Available: 48714184 kB, Active: 11914224 kB, SwapTotal: 40894456 kB, SwapFree: 40861944 kB
INFO [2026-03-16 14:07:47] Memory: Total: 61649012 kB, Available: 48714184 kB, Active: 11914680 kB, SwapTotal: 40894456 kB, SwapFree: 40861944 kB
INFO [2026-03-16 14:07:47] Memory: Total: 61649012 kB, Available: 48714184 kB, Active: 11914476 kB, SwapTotal: 40894456 kB, SwapFree: 40861944 kB
INFO [2026-03-16 14:07:47] Memory: Total: 61649012 kB, Available: 48714184 kB, Active: 11914600 kB, SwapTotal: 40894456 kB, SwapFree: 40861944 kB
INFO [2026-03-16 14:07:47] Memory: Total: 61649012 kB, Available: 48714184 kB, Active: 11914600 kB, SwapTotal: 40894456 kB, SwapFree: 40861944 kB
INFO [2026-03-16 14:07:47] Memory: Total: 61649012 kB, Available: 48714184 kB, Active: 11914740 kB, SwapTotal: 40894456 kB, SwapFree: 40861944 kB
INFO [2026-03-16 14:07:48] Memory: Total: 61649012 kB, Available: 48714184 kB, Active: 11914988 kB, SwapTotal: 40894456 kB, SwapFree: 40861944 kB
INFO [2026-03-16 14:07:48] Memory: Total: 61649012 kB, Available: 48714184 kB, Active: 11915560 kB, SwapTotal: 40894456 kB, SwapFree: 40861944 kB
INFO [2026-03-16 14:07:48] Memory: Total: 61649012 kB, Available: 48714184 kB, Active: 11915248 kB, SwapTotal: 40894456 kB, SwapFree: 40861944 kB
INFO [2026-03-16 14:07:48] Memory: Total: 61649012 kB, Available: 48714184 kB, Active: 11915372 kB, SwapTotal: 40894456 kB, SwapFree: 40861944 kB
INFO [2026-03-16 14:07:48] Memory: Total: 61649012 kB, Available: 48714184 kB, Active: 11915372 kB, SwapTotal: 40894456 kB, SwapFree: 40861944 kB
INFO [2026-03-16 14:07:48] Memory: Total: 61649012 kB, Available: 48714184 kB, Active: 11915372 kB, SwapTotal: 40894456 kB, SwapFree: 40861944 kB
INFO [2026-03-16 14:07:48] Memory: Total: 61649012 kB, Available: 48714184 kB, Active: 11915480 kB, SwapTotal: 40894456 kB, SwapFree: 40861944 kB
INFO [2026-03-16 14:07:48] Memory: Total: 61649012 kB, Available: 48714184 kB, Active: 11915480 kB, SwapTotal: 40894456 kB, SwapFree: 40861944 kB
INFO [2026-03-16 14:07:48] Memory: Total: 61649012 kB, Available: 48714184 kB, Active: 11915604 kB, SwapTotal: 40894456 kB, SwapFree: 40861944 kB
INFO [2026-03-16 14:07:48] Memory: Total: 61649012 kB, Available: 48714184 kB, Active: 11915876 kB, SwapTotal: 40894456 kB, SwapFree: 40861944 kB
INFO [2026-03-16 14:07:48] Memory: Total: 61649012 kB, Available: 48714184 kB, Active: 11915876 kB, SwapTotal: 40894456 kB, SwapFree: 40861944 kB
INFO [2026-03-16 14:07:48] Memory: Total: 61649012 kB, Available: 48714184 kB, Active: 11916200 kB, SwapTotal: 40894456 kB, SwapFree: 40861944 kB
INFO [2026-03-16 14:07:48] Memory: Total: 61649012 kB, Available: 48714184 kB, Active: 11916712 kB, SwapTotal: 40894456 kB, SwapFree: 40861944 kB
INFO [2026-03-16 14:07:48] Memory: Total: 61649012 kB, Available: 48714184 kB, Active: 11916712 kB, SwapTotal: 40894456 kB, SwapFree: 40861944 kB
INFO [2026-03-16 14:07:48] Memory: Total: 61649012 kB, Available: 48714184 kB, Active: 11917036 kB, SwapTotal: 40894456 kB, SwapFree: 40861944 kB
INFO [2026-03-16 14:07:48] Memory: Total: 61649012 kB, Available: 48714184 kB, Active: 11917036 kB, SwapTotal: 40894456 kB, SwapFree: 40861944 kB
INFO [2026-03-16 14:07:48] Memory: Total: 61649012 kB, Available: 48714184 kB, Active: 11916820 kB, SwapTotal: 40894456 kB, SwapFree: 40861944 kB
INFO [2026-03-16 14:07:48] Memory: Total: 61649012 kB, Available: 48714184 kB, Active: 11916780 kB, SwapTotal: 40894456 kB, SwapFree: 40861944 kB
INFO [2026-03-16 14:07:48] Memory: Total: 61649012 kB, Available: 48714184 kB, Active: 11916780 kB, SwapTotal: 40894456 kB, SwapFree: 40861944 kB
INFO [2026-03-16 14:07:48] Memory: Total: 61649012 kB, Available: 48714184 kB, Active: 11916780 kB, SwapTotal: 40894456 kB, SwapFree: 40861944 kB
INFO [2026-03-16 14:07:48] Memory: Total: 61649012 kB, Available: 48714184 kB, Active: 11917104 kB, SwapTotal: 40894456 kB, SwapFree: 40861944 kB
INFO [2026-03-16 14:07:49] Memory: Total: 61649012 kB, Available: 48714184 kB, Active: 11917152 kB, SwapTotal: 40894456 kB, SwapFree: 40861944 kB
INFO [2026-03-16 14:07:49] Memory: Total: 61649012 kB, Available: 48714184 kB, Active: 11917524 kB, SwapTotal: 40894456 kB, SwapFree: 40861944 kB
INFO [2026-03-16 14:07:49] Memory: Total: 61649012 kB, Available: 48714184 kB, Active: 11917648 kB, SwapTotal: 40894456 kB, SwapFree: 40861944 kB
INFO [2026-03-16 14:07:49] Memory: Total: 61649012 kB, Available: 48714184 kB, Active: 11917648 kB, SwapTotal: 40894456 kB, SwapFree: 40861944 kB
INFO [2026-03-16 14:07:49] Memory: Total: 61649012 kB, Available: 48714184 kB, Active: 11917648 kB, SwapTotal: 40894456 kB, SwapFree: 40861944 kB
INFO [2026-03-16 14:07:49] Memory: Total: 61649012 kB, Available: 48713728 kB, Active: 11917972 kB, SwapTotal: 40894456 kB, SwapFree: 40861944 kB
INFO [2026-03-16 14:07:49] Memory: Total: 61649012 kB, Available: 48713728 kB, Active: 11917972 kB, SwapTotal: 40894456 kB, SwapFree: 40861944 kB
INFO [2026-03-16 14:07:49] Memory: Total: 61649012 kB, Available: 48713932 kB, Active: 11917800 kB, SwapTotal: 40894456 kB, SwapFree: 40861944 kB
INFO [2026-03-16 14:07:49] Memory: Total: 61649012 kB, Available: 48713472 kB, Active: 11918124 kB, SwapTotal: 40894456 kB, SwapFree: 40861944 kB
INFO [2026-03-16 14:07:49] Memory: Total: 61649012 kB, Available: 48713680 kB, Active: 11917884 kB, SwapTotal: 40894456 kB, SwapFree: 40861944 kB
INFO [2026-03-16 14:07:49] Memory: Total: 61649012 kB, Available: 48713680 kB, Active: 11918008 kB, SwapTotal: 40894456 kB, SwapFree: 40861944 kB
INFO [2026-03-16 14:07:49] Memory: Total: 61649012 kB, Available: 48713216 kB, Active: 11918704 kB, SwapTotal: 40894456 kB, SwapFree: 40861944 kB
INFO [2026-03-16 14:07:49] Memory: Total: 61649012 kB, Available: 48713188 kB, Active: 11918984 kB, SwapTotal: 40894456 kB, SwapFree: 40861944 kB
INFO [2026-03-16 14:07:49] Memory: Total: 61649012 kB, Available: 48713188 kB, Active: 11918684 kB, SwapTotal: 40894456 kB, SwapFree: 40861944 kB
INFO [2026-03-16 14:07:49] Memory: Total: 61649012 kB, Available: 48713188 kB, Active: 11919008 kB, SwapTotal: 40894456 kB, SwapFree: 40861944 kB
INFO [2026-03-16 14:07:49] Memory: Total: 61649012 kB, Available: 48713188 kB, Active: 11919008 kB, SwapTotal: 40894456 kB, SwapFree: 40861944 kB
INFO [2026-03-16 14:07:49] Memory: Total: 61649012 kB, Available: 48713188 kB, Active: 11919064 kB, SwapTotal: 40894456 kB, SwapFree: 40861944 kB
INFO [2026-03-16 14:07:50] Memory: Total: 61649012 kB, Available: 48713188 kB, Active: 11919160 kB, SwapTotal: 40894456 kB, SwapFree: 40861944 kB
INFO [2026-03-16 14:07:50] Memory: Total: 61649012 kB, Available: 48713188 kB, Active: 11919160 kB, SwapTotal: 40894456 kB, SwapFree: 40861944 kB
INFO [2026-03-16 14:07:50] Memory: Total: 61649012 kB, Available: 48713188 kB, Active: 11919408 kB, SwapTotal: 40894456 kB, SwapFree: 40861944 kB
INFO [2026-03-16 14:07:50] Memory: Total: 61649012 kB, Available: 48713188 kB, Active: 11919408 kB, SwapTotal: 40894456 kB, SwapFree: 40861944 kB
INFO [2026-03-16 14:07:50] Memory: Total: 61649012 kB, Available: 48713188 kB, Active: 11919980 kB, SwapTotal: 40894456 kB, SwapFree: 40861944 kB
INFO [2026-03-16 14:07:50] Memory: Total: 61649012 kB, Available: 48713188 kB, Active: 11919940 kB, SwapTotal: 40894456 kB, SwapFree: 40861944 kB
INFO [2026-03-16 14:07:50] Memory: Total: 61649012 kB, Available: 48713188 kB, Active: 11920064 kB, SwapTotal: 40894456 kB, SwapFree: 40861944 kB
INFO [2026-03-16 14:07:50] Memory: Total: 61649012 kB, Available: 48713188 kB, Active: 11920064 kB, SwapTotal: 40894456 kB, SwapFree: 40861944 kB
INFO [2026-03-16 14:07:50] Memory: Total: 61649012 kB, Available: 48713188 kB, Active: 11920388 kB, SwapTotal: 40894456 kB, SwapFree: 40861944 kB
INFO [2026-03-16 14:07:50] Memory: Total: 61649012 kB, Available: 48713188 kB, Active: 11920388 kB, SwapTotal: 40894456 kB, SwapFree: 40861944 kB
INFO [2026-03-16 14:07:50] Memory: Total: 61649012 kB, Available: 48713188 kB, Active: 11920148 kB, SwapTotal: 40894456 kB, SwapFree: 40861944 kB
INFO [2026-03-16 14:07:50] Memory: Total: 61649012 kB, Available: 48713188 kB, Active: 11920156 kB, SwapTotal: 40894456 kB, SwapFree: 40861944 kB
INFO [2026-03-16 14:07:50] Memory: Total: 61649012 kB, Available: 48712716 kB, Active: 11920604 kB, SwapTotal: 40894456 kB, SwapFree: 40861944 kB
INFO [2026-03-16 14:07:50] Memory: Total: 61649012 kB, Available: 48712240 kB, Active: 11920928 kB, SwapTotal: 40894456 kB, SwapFree: 40861944 kB
INFO [2026-03-16 14:07:50] Memory: Total: 61649012 kB, Available: 48712212 kB, Active: 11920668 kB, SwapTotal: 40894456 kB, SwapFree: 40861944 kB
INFO [2026-03-16 14:07:50] Memory: Total: 61649012 kB, Available: 48712212 kB, Active: 11920668 kB, SwapTotal: 40894456 kB, SwapFree: 40861944 kB
INFO [2026-03-16 14:07:51] Memory: Total: 61649012 kB, Available: 48712436 kB, Active: 11920520 kB, SwapTotal: 40894456 kB, SwapFree: 40861944 kB
INFO [2026-03-16 14:07:51] Memory: Total: 61649012 kB, Available: 48712436 kB, Active: 11920520 kB, SwapTotal: 40894456 kB, SwapFree: 40861944 kB
INFO [2026-03-16 14:07:51] Memory: Total: 61649012 kB, Available: 48712436 kB, Active: 11920304 kB, SwapTotal: 40894456 kB, SwapFree: 40861944 kB
INFO [2026-03-16 14:07:51] Memory: Total: 61649012 kB, Available: 48712436 kB, Active: 11920304 kB, SwapTotal: 40894456 kB, SwapFree: 40861944 kB
INFO [2026-03-16 14:07:51] Memory: Total: 61649012 kB, Available: 48712436 kB, Active: 11920304 kB, SwapTotal: 40894456 kB, SwapFree: 40861944 kB
INFO [2026-03-16 14:07:51] Memory: Total: 61649012 kB, Available: 48712436 kB, Active: 11920304 kB, SwapTotal: 40894456 kB, SwapFree: 40861944 kB
INFO [2026-03-16 14:07:51] Memory: Total: 61649012 kB, Available: 48712436 kB, Active: 11920304 kB, SwapTotal: 40894456 kB, SwapFree: 40861944 kB
INFO [2026-03-16 14:07:51] Memory: Total: 61649012 kB, Available: 48712436 kB, Active: 11920304 kB, SwapTotal: 40894456 kB, SwapFree: 40861944 kB
INFO [2026-03-16 14:07:51] Memory: Total: 61649012 kB, Available: 48712436 kB, Active: 11920304 kB, SwapTotal: 40894456 kB, SwapFree: 40861944 kB
INFO [2026-03-16 14:07:51] Memory: Total: 61649012 kB, Available: 48712436 kB, Active: 11920304 kB, SwapTotal: 40894456 kB, SwapFree: 40861944 kB
INFO [2026-03-16 14:07:51] Memory: Total: 61649012 kB, Available: 48712436 kB, Active: 11920304 kB, SwapTotal: 40894456 kB, SwapFree: 40861944 kB
INFO [2026-03-16 14:07:51] Memory: Total: 61649012 kB, Available: 48712432 kB, Active: 11920688 kB, SwapTotal: 40894456 kB, SwapFree: 40861944 kB
INFO [2026-03-16 14:07:51] Memory: Total: 61649012 kB, Available: 48712432 kB, Active: 11920688 kB, SwapTotal: 40894456 kB, SwapFree: 40861944 kB
INFO [2026-03-16 14:07:51] Memory: Total: 61649012 kB, Available: 48712432 kB, Active: 11920372 kB, SwapTotal: 40894456 kB, SwapFree: 40861944 kB
INFO [2026-03-16 14:07:51] Memory: Total: 61649012 kB, Available: 48712432 kB, Active: 11920372 kB, SwapTotal: 40894456 kB, SwapFree: 40861944 kB
INFO [2026-03-16 14:07:51] Memory: Total: 61649012 kB, Available: 48712432 kB, Active: 11920372 kB, SwapTotal: 40894456 kB, SwapFree: 40861944 kB
INFO [2026-03-16 14:07:51] Memory: Total: 61649012 kB, Available: 48712432 kB, Active: 11920372 kB, SwapTotal: 40894456 kB, SwapFree: 40861944 kB
INFO [2026-03-16 14:07:51] Memory: Total: 61649012 kB, Available: 48712432 kB, Active: 11920372 kB, SwapTotal: 40894456 kB, SwapFree: 40861944 kB
INFO [2026-03-16 14:07:51] Memory: Total: 61649012 kB, Available: 48712432 kB, Active: 11920372 kB, SwapTotal: 40894456 kB, SwapFree: 40861944 kB
INFO [2026-03-16 14:07:51] Memory: Total: 61649012 kB, Available: 48712432 kB, Active: 11920408 kB, SwapTotal: 40894456 kB, SwapFree: 40861944 kB
INFO [2026-03-16 14:07:51] Memory: Total: 61649012 kB, Available: 48712432 kB, Active: 11920716 kB, SwapTotal: 40894456 kB, SwapFree: 40861944 kB
INFO [2026-03-16 14:07:52] Memory: Total: 61649012 kB, Available: 48712432 kB, Active: 11920716 kB, SwapTotal: 40894456 kB, SwapFree: 40861944 kB
INFO [2026-03-16 14:07:52] Memory: Total: 61649012 kB, Available: 48712432 kB, Active: 11920716 kB, SwapTotal: 40894456 kB, SwapFree: 40861944 kB
INFO [2026-03-16 14:07:52] Memory: Total: 61649012 kB, Available: 48712432 kB, Active: 11920716 kB, SwapTotal: 40894456 kB, SwapFree: 40861944 kB
INFO [2026-03-16 14:07:52] Memory: Total: 61649012 kB, Available: 48712432 kB, Active: 11920716 kB, SwapTotal: 40894456 kB, SwapFree: 40861944 kB
INFO [2026-03-16 14:07:52] Memory: Total: 61649012 kB, Available: 48712432 kB, Active: 11920716 kB, SwapTotal: 40894456 kB, SwapFree: 40861944 kB
INFO [2026-03-16 14:07:52] Memory: Total: 61649012 kB, Available: 48712432 kB, Active: 11920716 kB, SwapTotal: 40894456 kB, SwapFree: 40861944 kB
INFO [2026-03-16 14:07:52] Memory: Total: 61649012 kB, Available: 48711948 kB, Active: 11921040 kB, SwapTotal: 40894456 kB, SwapFree: 40861944 kB
INFO [2026-03-16 14:07:52] Memory: Total: 61649012 kB, Available: 48711928 kB, Active: 11920808 kB, SwapTotal: 40894456 kB, SwapFree: 40861944 kB
INFO [2026-03-16 14:07:52] Memory: Total: 61649012 kB, Available: 48711928 kB, Active: 11920808 kB, SwapTotal: 40894456 kB, SwapFree: 40861944 kB
INFO [2026-03-16 14:07:52] Memory: Total: 61649012 kB, Available: 48711928 kB, Active: 11920808 kB, SwapTotal: 40894456 kB, SwapFree: 40861944 kB
INFO [2026-03-16 14:07:52] Memory: Total: 61649012 kB, Available: 48711928 kB, Active: 11920808 kB, SwapTotal: 40894456 kB, SwapFree: 40861944 kB
INFO [2026-03-16 14:07:52] Memory: Total: 61649012 kB, Available: 48711928 kB, Active: 11921132 kB, SwapTotal: 40894456 kB, SwapFree: 40861944 kB
INFO [2026-03-16 14:07:52] Memory: Total: 61649012 kB, Available: 48713908 kB, Active: 11920952 kB, SwapTotal: 40894456 kB, SwapFree: 40861944 kB
INFO [2026-03-16 14:07:52] Memory: Total: 61649012 kB, Available: 48713672 kB, Active: 11920684 kB, SwapTotal: 40894456 kB, SwapFree: 40861944 kB
INFO [2026-03-16 14:07:52] Memory: Total: 61649012 kB, Available: 48713672 kB, Active: 11920684 kB, SwapTotal: 40894456 kB, SwapFree: 40861944 kB
INFO [2026-03-16 14:07:52] Memory: Total: 61649012 kB, Available: 48713672 kB, Active: 11920684 kB, SwapTotal: 40894456 kB, SwapFree: 40861944 kB
INFO [2026-03-16 14:07:52] Memory: Total: 61649012 kB, Available: 48713672 kB, Active: 11920684 kB, SwapTotal: 40894456 kB, SwapFree: 40861944 kB
INFO [2026-03-16 14:07:52] Memory: Total: 61649012 kB, Available: 48713672 kB, Active: 11920684 kB, SwapTotal: 40894456 kB, SwapFree: 40861944 kB
INFO [2026-03-16 14:07:53] Memory: Total: 61649012 kB, Available: 48713924 kB, Active: 11920932 kB, SwapTotal: 40894456 kB, SwapFree: 40861944 kB
INFO [2026-03-16 14:07:53] Memory: Total: 61649012 kB, Available: 48713924 kB, Active: 11920932 kB, SwapTotal: 40894456 kB, SwapFree: 40861944 kB
INFO [2026-03-16 14:07:53] Memory: Total: 61649012 kB, Available: 49720664 kB, Active: 10912136 kB, SwapTotal: 40894456 kB, SwapFree: 40861944 kB
INFO [2026-03-16 14:07:53] Memory: Total: 61649012 kB, Available: 49999772 kB, Active: 10627756 kB, SwapTotal: 40894456 kB, SwapFree: 40861944 kB
INFO [2026-03-16 14:07:53] Memory: Total: 61649012 kB, Available: 50740688 kB, Active: 9902304 kB, SwapTotal: 40894456 kB, SwapFree: 40861944 kB
INFO [2026-03-16 14:07:53] Memory: Total: 61649012 kB, Available: 50739716 kB, Active: 9902304 kB, SwapTotal: 40894456 kB, SwapFree: 40861944 kB
INFO [2026-03-16 14:07:53] Memory: Total: 61649012 kB, Available: 50739432 kB, Active: 9902304 kB, SwapTotal: 40894456 kB, SwapFree: 40861944 kB
INFO [2026-03-16 14:07:53] Memory: Total: 61649012 kB, Available: 50739432 kB, Active: 9902304 kB, SwapTotal: 40894456 kB, SwapFree: 40861944 kB
INFO [2026-03-16 14:07:53] Memory: Total: 61649012 kB, Available: 50739724 kB, Active: 9902304 kB, SwapTotal: 40894456 kB, SwapFree: 40861944 kB
INFO [2026-03-16 14:07:53] Memory: Total: 61649012 kB, Available: 50739724 kB, Active: 9902304 kB, SwapTotal: 40894456 kB, SwapFree: 40861944 kB
INFO [2026-03-16 14:07:53] Memory: Total: 61649012 kB, Available: 50739724 kB, Active: 9902628 kB, SwapTotal: 40894456 kB, SwapFree: 40861944 kB
INFO [2026-03-16 14:07:53] Memory: Total: 61649012 kB, Available: 50739472 kB, Active: 9902788 kB, SwapTotal: 40894456 kB, SwapFree: 40861944 kB
INFO [2026-03-16 14:07:53] Memory: Total: 61649012 kB, Available: 50739756 kB, Active: 9902876 kB, SwapTotal: 40894456 kB, SwapFree: 40861944 kB
INFO [2026-03-16 14:07:53] Memory: Total: 61649012 kB, Available: 50740144 kB, Active: 9902592 kB, SwapTotal: 40894456 kB, SwapFree: 40861944 kB
INFO [2026-03-16 14:07:54] Memory: Total: 61649012 kB, Available: 50739904 kB, Active: 9902716 kB, SwapTotal: 40894456 kB, SwapFree: 40861944 kB
INFO [2026-03-16 14:07:54] Memory: Total: 61649012 kB, Available: 50739904 kB, Active: 9902716 kB, SwapTotal: 40894456 kB, SwapFree: 40861944 kB
INFO [2026-03-16 14:07:54] Memory: Total: 61649012 kB, Available: 50739904 kB, Active: 9902720 kB, SwapTotal: 40894456 kB, SwapFree: 40861944 kB
INFO [2026-03-16 14:07:54] Memory: Total: 61649012 kB, Available: 50739904 kB, Active: 9902720 kB, SwapTotal: 40894456 kB, SwapFree: 40861944 kB
INFO [2026-03-16 14:07:54] Memory: Total: 61649012 kB, Available: 50739904 kB, Active: 9903044 kB, SwapTotal: 40894456 kB, SwapFree: 40861944 kB
INFO [2026-03-16 14:07:54] Memory: Total: 61649012 kB, Available: 50739904 kB, Active: 9902792 kB, SwapTotal: 40894456 kB, SwapFree: 40861944 kB
INFO [2026-03-16 14:07:54] Memory: Total: 61649012 kB, Available: 50739904 kB, Active: 9902792 kB, SwapTotal: 40894456 kB, SwapFree: 40861944 kB
INFO [2026-03-16 14:07:54] Memory: Total: 61649012 kB, Available: 50739904 kB, Active: 9903116 kB, SwapTotal: 40894456 kB, SwapFree: 40861944 kB
INFO [2026-03-16 14:07:54] Memory: Total: 61649012 kB, Available: 50739904 kB, Active: 9903116 kB, SwapTotal: 40894456 kB, SwapFree: 40861944 kB
INFO [2026-03-16 14:07:54] Memory: Total: 61649012 kB, Available: 50739904 kB, Active: 9903116 kB, SwapTotal: 40894456 kB, SwapFree: 40861944 kB
INFO [2026-03-16 14:07:54] Memory: Total: 61649012 kB, Available: 50739652 kB, Active: 9902916 kB, SwapTotal: 40894456 kB, SwapFree: 40861944 kB
INFO [2026-03-16 14:07:54] Memory: Total: 61649012 kB, Available: 50739652 kB, Active: 9903240 kB, SwapTotal: 40894456 kB, SwapFree: 40861944 kB
INFO [2026-03-16 14:07:54] Memory: Total: 61649012 kB, Available: 50739400 kB, Active: 9902960 kB, SwapTotal: 40894456 kB, SwapFree: 40861944 kB
INFO [2026-03-16 14:07:54] Memory: Total: 61649012 kB, Available: 50739400 kB, Active: 9902960 kB, SwapTotal: 40894456 kB, SwapFree: 40861944 kB
INFO [2026-03-16 14:07:54] Memory: Total: 61649012 kB, Available: 50739980 kB, Active: 9903368 kB, SwapTotal: 40894456 kB, SwapFree: 40861944 kB
INFO [2026-03-16 14:07:54] Memory: Total: 61649012 kB, Available: 50740232 kB, Active: 9903080 kB, SwapTotal: 40894456 kB, SwapFree: 40861944 kB
INFO [2026-03-16 14:07:54] Memory: Total: 61649012 kB, Available: 50740556 kB, Active: 9903080 kB, SwapTotal: 40894456 kB, SwapFree: 40861944 kB
INFO [2026-03-16 14:07:55] Memory: Total: 61649012 kB, Available: 50740556 kB, Active: 9903080 kB, SwapTotal: 40894456 kB, SwapFree: 40861944 kB
INFO [2026-03-16 14:07:55] Memory: Total: 61649012 kB, Available: 50740556 kB, Active: 9903080 kB, SwapTotal: 40894456 kB, SwapFree: 40861944 kB
INFO [2026-03-16 14:07:55] Memory: Total: 61649012 kB, Available: 50740556 kB, Active: 9903080 kB, SwapTotal: 40894456 kB, SwapFree: 40861944 kB
INFO [2026-03-16 14:07:55] Memory: Total: 61649012 kB, Available: 50740556 kB, Active: 9903404 kB, SwapTotal: 40894456 kB, SwapFree: 40861944 kB
INFO [2026-03-16 14:07:55] Memory: Total: 61649012 kB, Available: 50740556 kB, Active: 9903164 kB, SwapTotal: 40894456 kB, SwapFree: 40861944 kB
INFO [2026-03-16 14:07:55] Memory: Total: 61649012 kB, Available: 50740556 kB, Active: 9903164 kB, SwapTotal: 40894456 kB, SwapFree: 40861944 kB
INFO [2026-03-16 14:07:55] Memory: Total: 61649012 kB, Available: 50740556 kB, Active: 9903164 kB, SwapTotal: 40894456 kB, SwapFree: 40861944 kB
INFO [2026-03-16 14:07:55] Memory: Total: 61649012 kB, Available: 50740556 kB, Active: 9903288 kB, SwapTotal: 40894456 kB, SwapFree: 40861944 kB
INFO [2026-03-16 14:07:55] Memory: Total: 61649012 kB, Available: 50740556 kB, Active: 9903612 kB, SwapTotal: 40894456 kB, SwapFree: 40861944 kB
INFO [2026-03-16 14:07:55] Memory: Total: 61649012 kB, Available: 50740556 kB, Active: 9903348 kB, SwapTotal: 40894456 kB, SwapFree: 40861944 kB
INFO [2026-03-16 14:07:55] Memory: Total: 61649012 kB, Available: 50740556 kB, Active: 9903348 kB, SwapTotal: 40894456 kB, SwapFree: 40861944 kB
INFO [2026-03-16 14:07:55] Memory: Total: 61649012 kB, Available: 50740556 kB, Active: 9903352 kB, SwapTotal: 40894456 kB, SwapFree: 40861944 kB
INFO [2026-03-16 14:07:55] Memory: Total: 61649012 kB, Available: 50740556 kB, Active: 9903352 kB, SwapTotal: 40894456 kB, SwapFree: 40861944 kB
INFO [2026-03-16 14:07:55] Memory: Total: 61649012 kB, Available: 50740556 kB, Active: 9903352 kB, SwapTotal: 40894456 kB, SwapFree: 40861944 kB
INFO [2026-03-16 14:07:55] Memory: Total: 61649012 kB, Available: 50740556 kB, Active: 9903352 kB, SwapTotal: 40894456 kB, SwapFree: 40861944 kB
INFO [2026-03-16 14:07:56] Memory: Total: 61649012 kB, Available: 50740780 kB, Active: 9904020 kB, SwapTotal: 40894456 kB, SwapFree: 40861944 kB
INFO [2026-03-16 14:07:56] Memory: Total: 61649012 kB, Available: 50740780 kB, Active: 9903704 kB, SwapTotal: 40894456 kB, SwapFree: 40861944 kB
INFO [2026-03-16 14:07:56] Memory: Total: 61649012 kB, Available: 50740780 kB, Active: 9904028 kB, SwapTotal: 40894456 kB, SwapFree: 40861944 kB
INFO [2026-03-16 14:07:56] Memory: Total: 61649012 kB, Available: 50740780 kB, Active: 9904028 kB, SwapTotal: 40894456 kB, SwapFree: 40861944 kB
INFO [2026-03-16 14:07:56] Memory: Total: 61649012 kB, Available: 50740780 kB, Active: 9904028 kB, SwapTotal: 40894456 kB, SwapFree: 40861944 kB
INFO [2026-03-16 14:07:56] Memory: Total: 61649012 kB, Available: 50740780 kB, Active: 9903752 kB, SwapTotal: 40894456 kB, SwapFree: 40861944 kB
INFO [2026-03-16 14:07:56] Memory: Total: 61649012 kB, Available: 50740780 kB, Active: 9903752 kB, SwapTotal: 40894456 kB, SwapFree: 40861944 kB
INFO [2026-03-16 14:07:56] Memory: Total: 61649012 kB, Available: 50740780 kB, Active: 9903752 kB, SwapTotal: 40894456 kB, SwapFree: 40861944 kB
INFO [2026-03-16 14:07:56] Memory: Total: 61649012 kB, Available: 50740780 kB, Active: 9903880 kB, SwapTotal: 40894456 kB, SwapFree: 40861944 kB
INFO [2026-03-16 14:07:56] Memory: Total: 61649012 kB, Available: 50740780 kB, Active: 9903880 kB, SwapTotal: 40894456 kB, SwapFree: 40861944 kB
INFO [2026-03-16 14:07:56] Memory: Total: 61649012 kB, Available: 50740780 kB, Active: 9904208 kB, SwapTotal: 40894456 kB, SwapFree: 40861944 kB
INFO [2026-03-16 14:07:56] Memory: Total: 61649012 kB, Available: 50740780 kB, Active: 9904208 kB, SwapTotal: 40894456 kB, SwapFree: 40861944 kB
INFO [2026-03-16 14:07:56] Memory: Total: 61649012 kB, Available: 50740780 kB, Active: 9903964 kB, SwapTotal: 40894456 kB, SwapFree: 40861944 kB
INFO [2026-03-16 14:07:56] Memory: Total: 61649012 kB, Available: 50740780 kB, Active: 9904088 kB, SwapTotal: 40894456 kB, SwapFree: 40861944 kB
INFO [2026-03-16 14:07:56] Memory: Total: 61649012 kB, Available: 50740780 kB, Active: 9904088 kB, SwapTotal: 40894456 kB, SwapFree: 40861944 kB
INFO [2026-03-16 14:07:56] Memory: Total: 61649012 kB, Available: 50740780 kB, Active: 9904088 kB, SwapTotal: 40894456 kB, SwapFree: 40861944 kB
INFO [2026-03-16 14:07:56] Memory: Total: 61649012 kB, Available: 50740784 kB, Active: 9904128 kB, SwapTotal: 40894456 kB, SwapFree: 40861944 kB
INFO [2026-03-16 14:07:56] Memory: Total: 61649012 kB, Available: 50740784 kB, Active: 9904560 kB, SwapTotal: 40894456 kB, SwapFree: 40861944 kB
INFO [2026-03-16 14:07:56] Memory: Total: 61649012 kB, Available: 50740784 kB, Active: 9904360 kB, SwapTotal: 40894456 kB, SwapFree: 40861944 kB
INFO [2026-03-16 14:07:57] Memory: Total: 61649012 kB, Available: 50740784 kB, Active: 9904360 kB, SwapTotal: 40894456 kB, SwapFree: 40861944 kB
INFO [2026-03-16 14:07:57] Memory: Total: 61649012 kB, Available: 50740784 kB, Active: 9904808 kB, SwapTotal: 40894456 kB, SwapFree: 40861944 kB
INFO [2026-03-16 14:07:57] Memory: Total: 61649012 kB, Available: 50740784 kB, Active: 9904808 kB, SwapTotal: 40894456 kB, SwapFree: 40861944 kB
INFO [2026-03-16 14:07:57] Memory: Total: 61649012 kB, Available: 50740784 kB, Active: 9904572 kB, SwapTotal: 40894456 kB, SwapFree: 40861944 kB
INFO [2026-03-16 14:07:57] Memory: Total: 61649012 kB, Available: 50740784 kB, Active: 9904572 kB, SwapTotal: 40894456 kB, SwapFree: 40861944 kB
INFO [2026-03-16 14:07:57] Memory: Total: 61649012 kB, Available: 50740784 kB, Active: 9904572 kB, SwapTotal: 40894456 kB, SwapFree: 40861944 kB
INFO [2026-03-16 14:07:57] Memory: Total: 61649012 kB, Available: 50740784 kB, Active: 9904572 kB, SwapTotal: 40894456 kB, SwapFree: 40861944 kB
INFO [2026-03-16 14:07:57] Memory: Total: 61649012 kB, Available: 50740784 kB, Active: 9904664 kB, SwapTotal: 40894456 kB, SwapFree: 40861944 kB
INFO [2026-03-16 14:07:57] Memory: Total: 61649012 kB, Available: 50740784 kB, Active: 9904788 kB, SwapTotal: 40894456 kB, SwapFree: 40861944 kB
INFO [2026-03-16 14:07:57] Memory: Total: 61649012 kB, Available: 50740784 kB, Active: 9905112 kB, SwapTotal: 40894456 kB, SwapFree: 40861944 kB
INFO [2026-03-16 14:07:57] Memory: Total: 61649012 kB, Available: 50740784 kB, Active: 9905112 kB, SwapTotal: 40894456 kB, SwapFree: 40861944 kB
INFO [2026-03-16 14:07:57] Memory: Total: 61649012 kB, Available: 50740784 kB, Active: 9904840 kB, SwapTotal: 40894456 kB, SwapFree: 40861944 kB
INFO [2026-03-16 14:07:57] Memory: Total: 61649012 kB, Available: 50740784 kB, Active: 9904840 kB, SwapTotal: 40894456 kB, SwapFree: 40861944 kB
INFO [2026-03-16 14:07:57] Memory: Total: 61649012 kB, Available: 50741072 kB, Active: 9904972 kB, SwapTotal: 40894456 kB, SwapFree: 40861944 kB
INFO [2026-03-16 14:07:57] Memory: Total: 61649012 kB, Available: 50741324 kB, Active: 9904968 kB, SwapTotal: 40894456 kB, SwapFree: 40861944 kB
INFO [2026-03-16 14:07:58] Memory: Total: 61649012 kB, Available: 50741324 kB, Active: 9905092 kB, SwapTotal: 40894456 kB, SwapFree: 40861944 kB
INFO [2026-03-16 14:07:58] Memory: Total: 61649012 kB, Available: 50741324 kB, Active: 9905416 kB, SwapTotal: 40894456 kB, SwapFree: 40861944 kB
INFO [2026-03-16 14:07:58] Memory: Total: 61649012 kB, Available: 50741324 kB, Active: 9905416 kB, SwapTotal: 40894456 kB, SwapFree: 40861944 kB
INFO [2026-03-16 14:07:58] Memory: Total: 61649012 kB, Available: 50741324 kB, Active: 9905132 kB, SwapTotal: 40894456 kB, SwapFree: 40861944 kB
INFO [2026-03-16 14:07:58] Memory: Total: 61649012 kB, Available: 50741324 kB, Active: 9905132 kB, SwapTotal: 40894456 kB, SwapFree: 40861944 kB
INFO [2026-03-16 14:07:58] Memory: Total: 61649012 kB, Available: 50741324 kB, Active: 9905132 kB, SwapTotal: 40894456 kB, SwapFree: 40861944 kB
INFO [2026-03-16 14:07:58] Memory: Total: 61649012 kB, Available: 50741324 kB, Active: 9905380 kB, SwapTotal: 40894456 kB, SwapFree: 40861944 kB
INFO [2026-03-16 14:07:58] Memory: Total: 61649012 kB, Available: 50741324 kB, Active: 9905504 kB, SwapTotal: 40894456 kB, SwapFree: 40861944 kB
INFO [2026-03-16 14:07:58] Memory: Total: 61649012 kB, Available: 50741324 kB, Active: 9905504 kB, SwapTotal: 40894456 kB, SwapFree: 40861944 kB
INFO [2026-03-16 14:07:58] Memory: Total: 61649012 kB, Available: 50741084 kB, Active: 9905508 kB, SwapTotal: 40894456 kB, SwapFree: 40861944 kB
INFO [2026-03-16 14:07:58] Memory: Total: 61649012 kB, Available: 50741084 kB, Active: 9905508 kB, SwapTotal: 40894456 kB, SwapFree: 40861944 kB
INFO [2026-03-16 14:07:58] Memory: Total: 61649012 kB, Available: 50741084 kB, Active: 9905508 kB, SwapTotal: 40894456 kB, SwapFree: 40861944 kB
INFO [2026-03-16 14:07:58] Memory: Total: 61649012 kB, Available: 50741084 kB, Active: 9905632 kB, SwapTotal: 40894456 kB, SwapFree: 40861944 kB
INFO [2026-03-16 14:07:58] Memory: Total: 61649012 kB, Available: 50741084 kB, Active: 9905632 kB, SwapTotal: 40894456 kB, SwapFree: 40861944 kB
INFO [2026-03-16 14:07:58] Memory: Total: 61649012 kB, Available: 50741084 kB, Active: 9905920 kB, SwapTotal: 40894456 kB, SwapFree: 40861944 kB
INFO [2026-03-16 14:07:58] Memory: Total: 61649012 kB, Available: 50741084 kB, Active: 9905920 kB, SwapTotal: 40894456 kB, SwapFree: 40861944 kB
INFO [2026-03-16 14:07:58] Memory: Total: 61649012 kB, Available: 50740832 kB, Active: 9905756 kB, SwapTotal: 40894456 kB, SwapFree: 40861944 kB
INFO [2026-03-16 14:07:59] Memory: Total: 61649012 kB, Available: 50740832 kB, Active: 9905880 kB, SwapTotal: 40894456 kB, SwapFree: 40861944 kB
INFO [2026-03-16 14:07:59] Memory: Total: 61649012 kB, Available: 50740832 kB, Active: 9905880 kB, SwapTotal: 40894456 kB, SwapFree: 40861944 kB
INFO [2026-03-16 14:07:59] Memory: Total: 61649012 kB, Available: 50740832 kB, Active: 9905880 kB, SwapTotal: 40894456 kB, SwapFree: 40861944 kB
INFO [2026-03-16 14:07:59] Memory: Total: 61649012 kB, Available: 50740832 kB, Active: 9905880 kB, SwapTotal: 40894456 kB, SwapFree: 40861944 kB
INFO [2026-03-16 14:07:59] Memory: Total: 61649012 kB, Available: 50740832 kB, Active: 9906004 kB, SwapTotal: 40894456 kB, SwapFree: 40861944 kB
INFO [2026-03-16 14:07:59] Memory: Total: 61649012 kB, Available: 50740832 kB, Active: 9906328 kB, SwapTotal: 40894456 kB, SwapFree: 40861944 kB
INFO [2026-03-16 14:07:59] Memory: Total: 61649012 kB, Available: 50740832 kB, Active: 9906088 kB, SwapTotal: 40894456 kB, SwapFree: 40861944 kB
INFO [2026-03-16 14:07:59] Memory: Total: 61649012 kB, Available: 50740832 kB, Active: 9906212 kB, SwapTotal: 40894456 kB, SwapFree: 40861944 kB
INFO [2026-03-16 14:07:59] Memory: Total: 61649012 kB, Available: 50740832 kB, Active: 9906212 kB, SwapTotal: 40894456 kB, SwapFree: 40861944 kB
INFO [2026-03-16 14:07:59] Memory: Total: 61649012 kB, Available: 50740836 kB, Active: 9906460 kB, SwapTotal: 40894456 kB, SwapFree: 40861944 kB
INFO [2026-03-16 14:07:59] Memory: Total: 61649012 kB, Available: 51755284 kB, Active: 8897096 kB, SwapTotal: 40894456 kB, SwapFree: 40861944 kB
INFO [2026-03-16 14:07:59] Memory: Total: 61649012 kB, Available: 51755280 kB, Active: 8897096 kB, SwapTotal: 40894456 kB, SwapFree: 40861944 kB
INFO [2026-03-16 14:07:59] Memory: Total: 61649012 kB, Available: 51755040 kB, Active: 8897420 kB, SwapTotal: 40894456 kB, SwapFree: 40861944 kB
INFO [2026-03-16 14:07:59] Memory: Total: 61649012 kB, Available: 51755040 kB, Active: 8897124 kB, SwapTotal: 40894456 kB, SwapFree: 40861944 kB
INFO [2026-03-16 14:07:59] Memory: Total: 61649012 kB, Available: 51755208 kB, Active: 8897424 kB, SwapTotal: 40894456 kB, SwapFree: 40861944 kB
INFO [2026-03-16 14:08:00] Memory: Total: 61649012 kB, Available: 51755264 kB, Active: 8897140 kB, SwapTotal: 40894456 kB, SwapFree: 40861944 kB
INFO [2026-03-16 14:08:00] Memory: Total: 61649012 kB, Available: 51755264 kB, Active: 8897388 kB, SwapTotal: 40894456 kB, SwapFree: 40861944 kB
INFO [2026-03-16 14:08:00] Memory: Total: 61649012 kB, Available: 52762220 kB, Active: 7887796 kB, SwapTotal: 40894456 kB, SwapFree: 40861944 kB
INFO [2026-03-16 14:08:00] Memory: Total: 61649012 kB, Available: 52762220 kB, Active: 7888120 kB, SwapTotal: 40894456 kB, SwapFree: 40861944 kB
INFO [2026-03-16 14:08:00] Memory: Total: 61649012 kB, Available: 52762220 kB, Active: 7888120 kB, SwapTotal: 40894456 kB, SwapFree: 40861944 kB
INFO [2026-03-16 14:08:00] Memory: Total: 61649012 kB, Available: 52761968 kB, Active: 7887960 kB, SwapTotal: 40894456 kB, SwapFree: 40861944 kB
INFO [2026-03-16 14:08:00] Memory: Total: 61649012 kB, Available: 52761968 kB, Active: 7887960 kB, SwapTotal: 40894456 kB, SwapFree: 40861944 kB
INFO [2026-03-16 14:08:00] Memory: Total: 61649012 kB, Available: 52761968 kB, Active: 7888084 kB, SwapTotal: 40894456 kB, SwapFree: 40861944 kB
INFO [2026-03-16 14:08:00] Memory: Total: 61649012 kB, Available: 52761968 kB, Active: 7888208 kB, SwapTotal: 40894456 kB, SwapFree: 40861944 kB
INFO [2026-03-16 14:08:00] Memory: Total: 61649012 kB, Available: 52761968 kB, Active: 7888208 kB, SwapTotal: 40894456 kB, SwapFree: 40861944 kB
INFO [2026-03-16 14:08:00] Memory: Total: 61649012 kB, Available: 52761968 kB, Active: 7888208 kB, SwapTotal: 40894456 kB, SwapFree: 40861944 kB
INFO [2026-03-16 14:08:00] Memory: Total: 61649012 kB, Available: 52761716 kB, Active: 7888336 kB, SwapTotal: 40894456 kB, SwapFree: 40861944 kB
INFO [2026-03-16 14:08:00] Memory: Total: 61649012 kB, Available: 52761752 kB, Active: 7888424 kB, SwapTotal: 40894456 kB, SwapFree: 40861944 kB
INFO [2026-03-16 14:08:00] Memory: Total: 61649012 kB, Available: 52761752 kB, Active: 7888712 kB, SwapTotal: 40894456 kB, SwapFree: 40861944 kB
INFO [2026-03-16 14:08:01] Memory: Total: 61649012 kB, Available: 52761752 kB, Active: 7888748 kB, SwapTotal: 40894456 kB, SwapFree: 40861944 kB
INFO [2026-03-16 14:08:01] Memory: Total: 61649012 kB, Available: 52761752 kB, Active: 7888756 kB, SwapTotal: 40894456 kB, SwapFree: 40861944 kB
INFO [2026-03-16 14:08:01] Memory: Total: 61649012 kB, Available: 52761500 kB, Active: 7888552 kB, SwapTotal: 40894456 kB, SwapFree: 40861944 kB
INFO [2026-03-16 14:08:01] Memory: Total: 61649012 kB, Available: 53777568 kB, Active: 6879056 kB, SwapTotal: 40894456 kB, SwapFree: 40861944 kB
INFO [2026-03-16 14:08:01] Memory: Total: 61649012 kB, Available: 53777816 kB, Active: 6878964 kB, SwapTotal: 40894456 kB, SwapFree: 40861944 kB
INFO [2026-03-16 14:08:01] Memory: Total: 61649012 kB, Available: 55783076 kB, Active: 4887200 kB, SwapTotal: 40894456 kB, SwapFree: 40861944 kB
INFO [2026-03-16 14:08:01] Memory: Total: 61649012 kB, Available: 55807592 kB, Active: 4859696 kB, SwapTotal: 40894456 kB, SwapFree: 40861944 kB
INFO [2026-03-16 14:08:01] Memory: Total: 61649012 kB, Available: 55807344 kB, Active: 4859696 kB, SwapTotal: 40894456 kB, SwapFree: 40861944 kB
INFO [2026-03-16 14:08:02] Memory: Total: 61649012 kB, Available: 56820116 kB, Active: 3849748 kB, SwapTotal: 40894456 kB, SwapFree: 40861944 kB
INFO [2026-03-16 14:08:02] Recombining results ...
