INFO [2026-03-16 14:03:42] Memory: Total: 61649012 kB, Available: 58830428 kB, Active: 1824996 kB, SwapTotal: 40894456 kB, SwapFree: 40861944 kB
INFO [2026-03-16 14:03:42] Processing missing values ...
INFO [2026-03-16 14:03:43] Figuring out comparisons to do ...
INFO [2026-03-16 14:03:43] Splitting up across compute ...
INFO [2026-03-16 14:03:43] Running correlations ...
INFO [2026-03-16 14:03:44] Memory: Total: 61649012 kB, Available: 57772344 kB, Active: 2846848 kB, SwapTotal: 40894456 kB, SwapFree: 40861944 kB
INFO [2026-03-16 14:03:44] Memory: Total: 61649012 kB, Available: 57756152 kB, Active: 2865116 kB, SwapTotal: 40894456 kB, SwapFree: 40861944 kB
INFO [2026-03-16 14:03:44] Memory: Total: 61649012 kB, Available: 57748056 kB, Active: 2877544 kB, SwapTotal: 40894456 kB, SwapFree: 40861944 kB
INFO [2026-03-16 14:03:44] Memory: Total: 61649012 kB, Available: 57739960 kB, Active: 2885444 kB, SwapTotal: 40894456 kB, SwapFree: 40861944 kB
INFO [2026-03-16 14:03:44] Memory: Total: 61649012 kB, Available: 57731504 kB, Active: 2900924 kB, SwapTotal: 40894456 kB, SwapFree: 40861944 kB
INFO [2026-03-16 14:03:44] Memory: Total: 61649012 kB, Available: 57731616 kB, Active: 2902644 kB, SwapTotal: 40894456 kB, SwapFree: 40861944 kB
INFO [2026-03-16 14:03:44] Memory: Total: 61649012 kB, Available: 57730832 kB, Active: 2905160 kB, SwapTotal: 40894456 kB, SwapFree: 40861944 kB
INFO [2026-03-16 14:03:44] Memory: Total: 61649012 kB, Available: 57730832 kB, Active: 2905968 kB, SwapTotal: 40894456 kB, SwapFree: 40861944 kB
INFO [2026-03-16 14:03:44] Memory: Total: 61649012 kB, Available: 57730832 kB, Active: 2905932 kB, SwapTotal: 40894456 kB, SwapFree: 40861944 kB
INFO [2026-03-16 14:03:44] Memory: Total: 61649012 kB, Available: 57730832 kB, Active: 2905932 kB, SwapTotal: 40894456 kB, SwapFree: 40861944 kB
INFO [2026-03-16 14:03:44] Memory: Total: 61649012 kB, Available: 57730832 kB, Active: 2906056 kB, SwapTotal: 40894456 kB, SwapFree: 40861944 kB
INFO [2026-03-16 14:03:45] Memory: Total: 61649012 kB, Available: 57730832 kB, Active: 2906952 kB, SwapTotal: 40894456 kB, SwapFree: 40861944 kB
INFO [2026-03-16 14:03:45] Memory: Total: 61649012 kB, Available: 57730832 kB, Active: 2908120 kB, SwapTotal: 40894456 kB, SwapFree: 40861944 kB
INFO [2026-03-16 14:03:45] Memory: Total: 61649012 kB, Available: 57730832 kB, Active: 2908448 kB, SwapTotal: 40894456 kB, SwapFree: 40861944 kB
INFO [2026-03-16 14:03:45] Memory: Total: 61649012 kB, Available: 57730832 kB, Active: 2908572 kB, SwapTotal: 40894456 kB, SwapFree: 40861944 kB
INFO [2026-03-16 14:03:45] Memory: Total: 61649012 kB, Available: 57730832 kB, Active: 2908896 kB, SwapTotal: 40894456 kB, SwapFree: 40861944 kB
INFO [2026-03-16 14:03:45] Memory: Total: 61649012 kB, Available: 57730640 kB, Active: 2909124 kB, SwapTotal: 40894456 kB, SwapFree: 40861944 kB
INFO [2026-03-16 14:03:45] Memory: Total: 61649012 kB, Available: 57730640 kB, Active: 2909248 kB, SwapTotal: 40894456 kB, SwapFree: 40861944 kB
INFO [2026-03-16 14:03:45] Memory: Total: 61649012 kB, Available: 57730640 kB, Active: 2909696 kB, SwapTotal: 40894456 kB, SwapFree: 40861944 kB
INFO [2026-03-16 14:03:45] Memory: Total: 61649012 kB, Available: 57730640 kB, Active: 2910700 kB, SwapTotal: 40894456 kB, SwapFree: 40861944 kB
INFO [2026-03-16 14:03:45] Memory: Total: 61649012 kB, Available: 57730640 kB, Active: 2910824 kB, SwapTotal: 40894456 kB, SwapFree: 40861944 kB
INFO [2026-03-16 14:03:45] Memory: Total: 61649012 kB, Available: 57730640 kB, Active: 2910824 kB, SwapTotal: 40894456 kB, SwapFree: 40861944 kB
INFO [2026-03-16 14:03:45] Memory: Total: 61649012 kB, Available: 57730640 kB, Active: 2911272 kB, SwapTotal: 40894456 kB, SwapFree: 40861944 kB
INFO [2026-03-16 14:03:45] Memory: Total: 61649012 kB, Available: 57730640 kB, Active: 2911844 kB, SwapTotal: 40894456 kB, SwapFree: 40861944 kB
INFO [2026-03-16 14:03:45] Memory: Total: 61649012 kB, Available: 57730452 kB, Active: 2911784 kB, SwapTotal: 40894456 kB, SwapFree: 40861944 kB
INFO [2026-03-16 14:03:45] Memory: Total: 61649012 kB, Available: 57730264 kB, Active: 2913092 kB, SwapTotal: 40894456 kB, SwapFree: 40861944 kB
INFO [2026-03-16 14:03:46] Memory: Total: 61649012 kB, Available: 57730264 kB, Active: 2913340 kB, SwapTotal: 40894456 kB, SwapFree: 40861944 kB
INFO [2026-03-16 14:03:46] Memory: Total: 61649012 kB, Available: 57730264 kB, Active: 2913588 kB, SwapTotal: 40894456 kB, SwapFree: 40861944 kB
INFO [2026-03-16 14:03:46] Memory: Total: 61649012 kB, Available: 57726772 kB, Active: 2917800 kB, SwapTotal: 40894456 kB, SwapFree: 40861944 kB
INFO [2026-03-16 14:03:46] Memory: Total: 61649012 kB, Available: 57714452 kB, Active: 2927968 kB, SwapTotal: 40894456 kB, SwapFree: 40861944 kB
INFO [2026-03-16 14:03:46] Memory: Total: 61649012 kB, Available: 57658860 kB, Active: 2973900 kB, SwapTotal: 40894456 kB, SwapFree: 40861944 kB
INFO [2026-03-16 14:03:46] Memory: Total: 61649012 kB, Available: 57634936 kB, Active: 2997544 kB, SwapTotal: 40894456 kB, SwapFree: 40861944 kB
INFO [2026-03-16 14:03:46] Memory: Total: 61649012 kB, Available: 57634936 kB, Active: 2997868 kB, SwapTotal: 40894456 kB, SwapFree: 40861944 kB
INFO [2026-03-16 14:03:46] Memory: Total: 61649012 kB, Available: 57634936 kB, Active: 2998444 kB, SwapTotal: 40894456 kB, SwapFree: 40861944 kB
INFO [2026-03-16 14:03:46] Memory: Total: 61649012 kB, Available: 57634936 kB, Active: 2998768 kB, SwapTotal: 40894456 kB, SwapFree: 40861944 kB
INFO [2026-03-16 14:03:46] Memory: Total: 61649012 kB, Available: 57634684 kB, Active: 2998888 kB, SwapTotal: 40894456 kB, SwapFree: 40861944 kB
INFO [2026-03-16 14:03:46] Memory: Total: 61649012 kB, Available: 57634684 kB, Active: 2998888 kB, SwapTotal: 40894456 kB, SwapFree: 40861944 kB
INFO [2026-03-16 14:03:46] Memory: Total: 61649012 kB, Available: 57634432 kB, Active: 2999260 kB, SwapTotal: 40894456 kB, SwapFree: 40861944 kB
INFO [2026-03-16 14:03:46] Memory: Total: 61649012 kB, Available: 57633868 kB, Active: 3000428 kB, SwapTotal: 40894456 kB, SwapFree: 40861944 kB
INFO [2026-03-16 14:03:46] Memory: Total: 61649012 kB, Available: 57632504 kB, Active: 3001392 kB, SwapTotal: 40894456 kB, SwapFree: 40861944 kB
INFO [2026-03-16 14:03:46] Memory: Total: 61649012 kB, Available: 57632504 kB, Active: 3001840 kB, SwapTotal: 40894456 kB, SwapFree: 40861944 kB
INFO [2026-03-16 14:03:46] Memory: Total: 61649012 kB, Available: 57632504 kB, Active: 3002272 kB, SwapTotal: 40894456 kB, SwapFree: 40861944 kB
INFO [2026-03-16 14:03:46] Memory: Total: 61649012 kB, Available: 57632504 kB, Active: 3002168 kB, SwapTotal: 40894456 kB, SwapFree: 40861944 kB
INFO [2026-03-16 14:03:47] Memory: Total: 61649012 kB, Available: 57632252 kB, Active: 3001980 kB, SwapTotal: 40894456 kB, SwapFree: 40861944 kB
INFO [2026-03-16 14:03:47] Memory: Total: 61649012 kB, Available: 57632252 kB, Active: 3002104 kB, SwapTotal: 40894456 kB, SwapFree: 40861944 kB
INFO [2026-03-16 14:03:47] Memory: Total: 61649012 kB, Available: 57591432 kB, Active: 3036592 kB, SwapTotal: 40894456 kB, SwapFree: 40861944 kB
INFO [2026-03-16 14:03:47] Memory: Total: 61649012 kB, Available: 57591432 kB, Active: 3036592 kB, SwapTotal: 40894456 kB, SwapFree: 40861944 kB
INFO [2026-03-16 14:03:47] Memory: Total: 61649012 kB, Available: 57591272 kB, Active: 3037388 kB, SwapTotal: 40894456 kB, SwapFree: 40861944 kB
INFO [2026-03-16 14:03:47] Memory: Total: 61649012 kB, Available: 57591272 kB, Active: 3037640 kB, SwapTotal: 40894456 kB, SwapFree: 40861944 kB
INFO [2026-03-16 14:03:47] Memory: Total: 61649012 kB, Available: 57591272 kB, Active: 3037640 kB, SwapTotal: 40894456 kB, SwapFree: 40861944 kB
INFO [2026-03-16 14:03:47] Memory: Total: 61649012 kB, Available: 57591028 kB, Active: 3037764 kB, SwapTotal: 40894456 kB, SwapFree: 40861944 kB
INFO [2026-03-16 14:03:47] Memory: Total: 61649012 kB, Available: 57591028 kB, Active: 3038088 kB, SwapTotal: 40894456 kB, SwapFree: 40861944 kB
INFO [2026-03-16 14:03:47] Memory: Total: 61649012 kB, Available: 57589516 kB, Active: 3038960 kB, SwapTotal: 40894456 kB, SwapFree: 40861944 kB
INFO [2026-03-16 14:03:47] Memory: Total: 61649012 kB, Available: 57589516 kB, Active: 3039284 kB, SwapTotal: 40894456 kB, SwapFree: 40861944 kB
INFO [2026-03-16 14:03:47] Memory: Total: 61649012 kB, Available: 57589516 kB, Active: 3039380 kB, SwapTotal: 40894456 kB, SwapFree: 40861944 kB
INFO [2026-03-16 14:03:47] Memory: Total: 61649012 kB, Available: 57589468 kB, Active: 3039884 kB, SwapTotal: 40894456 kB, SwapFree: 40861944 kB
INFO [2026-03-16 14:03:47] Memory: Total: 61649012 kB, Available: 57589468 kB, Active: 3040332 kB, SwapTotal: 40894456 kB, SwapFree: 40861944 kB
INFO [2026-03-16 14:03:47] Memory: Total: 61649012 kB, Available: 57589424 kB, Active: 3041240 kB, SwapTotal: 40894456 kB, SwapFree: 40861944 kB
INFO [2026-03-16 14:03:48] Memory: Total: 61649012 kB, Available: 57589184 kB, Active: 3041488 kB, SwapTotal: 40894456 kB, SwapFree: 40861944 kB
INFO [2026-03-16 14:03:48] Memory: Total: 61649012 kB, Available: 57589184 kB, Active: 3042152 kB, SwapTotal: 40894456 kB, SwapFree: 40861944 kB
INFO [2026-03-16 14:03:48] Memory: Total: 61649012 kB, Available: 57589184 kB, Active: 3042200 kB, SwapTotal: 40894456 kB, SwapFree: 40861944 kB
INFO [2026-03-16 14:03:48] Memory: Total: 61649012 kB, Available: 57588932 kB, Active: 3042092 kB, SwapTotal: 40894456 kB, SwapFree: 40861944 kB
INFO [2026-03-16 14:03:48] Memory: Total: 61649012 kB, Available: 57588428 kB, Active: 3042216 kB, SwapTotal: 40894456 kB, SwapFree: 40861944 kB
INFO [2026-03-16 14:03:48] Memory: Total: 61649012 kB, Available: 57588428 kB, Active: 3042788 kB, SwapTotal: 40894456 kB, SwapFree: 40861944 kB
INFO [2026-03-16 14:03:48] Memory: Total: 61649012 kB, Available: 57587932 kB, Active: 3043560 kB, SwapTotal: 40894456 kB, SwapFree: 40861944 kB
INFO [2026-03-16 14:03:48] Memory: Total: 61649012 kB, Available: 57587932 kB, Active: 3043684 kB, SwapTotal: 40894456 kB, SwapFree: 40861944 kB
INFO [2026-03-16 14:03:48] Memory: Total: 61649012 kB, Available: 57587932 kB, Active: 3043684 kB, SwapTotal: 40894456 kB, SwapFree: 40861944 kB
INFO [2026-03-16 14:03:48] Memory: Total: 61649012 kB, Available: 57587932 kB, Active: 3043524 kB, SwapTotal: 40894456 kB, SwapFree: 40861944 kB
INFO [2026-03-16 14:03:48] Memory: Total: 61649012 kB, Available: 57587932 kB, Active: 3043852 kB, SwapTotal: 40894456 kB, SwapFree: 40861944 kB
INFO [2026-03-16 14:03:48] Memory: Total: 61649012 kB, Available: 57586936 kB, Active: 3044048 kB, SwapTotal: 40894456 kB, SwapFree: 40861944 kB
INFO [2026-03-16 14:03:48] Memory: Total: 61649012 kB, Available: 57586936 kB, Active: 3044496 kB, SwapTotal: 40894456 kB, SwapFree: 40861944 kB
INFO [2026-03-16 14:03:48] Memory: Total: 61649012 kB, Available: 57585928 kB, Active: 3046444 kB, SwapTotal: 40894456 kB, SwapFree: 40861944 kB
INFO [2026-03-16 14:03:48] Memory: Total: 61649012 kB, Available: 57585928 kB, Active: 3046856 kB, SwapTotal: 40894456 kB, SwapFree: 40861944 kB
INFO [2026-03-16 14:03:48] Memory: Total: 61649012 kB, Available: 57585928 kB, Active: 3046288 kB, SwapTotal: 40894456 kB, SwapFree: 40861944 kB
INFO [2026-03-16 14:03:48] Memory: Total: 61649012 kB, Available: 57585928 kB, Active: 3046412 kB, SwapTotal: 40894456 kB, SwapFree: 40861944 kB
INFO [2026-03-16 14:03:49] Memory: Total: 61649012 kB, Available: 57585928 kB, Active: 3046660 kB, SwapTotal: 40894456 kB, SwapFree: 40861944 kB
INFO [2026-03-16 14:03:49] Memory: Total: 61649012 kB, Available: 57585928 kB, Active: 3046784 kB, SwapTotal: 40894456 kB, SwapFree: 40861944 kB
INFO [2026-03-16 14:03:49] Memory: Total: 61649012 kB, Available: 57585928 kB, Active: 3046788 kB, SwapTotal: 40894456 kB, SwapFree: 40861944 kB
INFO [2026-03-16 14:03:49] Memory: Total: 61649012 kB, Available: 57585928 kB, Active: 3048352 kB, SwapTotal: 40894456 kB, SwapFree: 40861944 kB
INFO [2026-03-16 14:03:49] Memory: Total: 61649012 kB, Available: 57585928 kB, Active: 3048524 kB, SwapTotal: 40894456 kB, SwapFree: 40861944 kB
INFO [2026-03-16 14:03:49] Memory: Total: 61649012 kB, Available: 57585424 kB, Active: 3048648 kB, SwapTotal: 40894456 kB, SwapFree: 40861944 kB
INFO [2026-03-16 14:03:49] Memory: Total: 61649012 kB, Available: 57584668 kB, Active: 3049144 kB, SwapTotal: 40894456 kB, SwapFree: 40861944 kB
INFO [2026-03-16 14:03:49] Memory: Total: 61649012 kB, Available: 57584668 kB, Active: 3049144 kB, SwapTotal: 40894456 kB, SwapFree: 40861944 kB
INFO [2026-03-16 14:03:49] Memory: Total: 61649012 kB, Available: 57584668 kB, Active: 3049392 kB, SwapTotal: 40894456 kB, SwapFree: 40861944 kB
INFO [2026-03-16 14:03:49] Memory: Total: 61649012 kB, Available: 57582904 kB, Active: 3050880 kB, SwapTotal: 40894456 kB, SwapFree: 40861944 kB
INFO [2026-03-16 14:03:49] Memory: Total: 61649012 kB, Available: 57582904 kB, Active: 3051004 kB, SwapTotal: 40894456 kB, SwapFree: 40861944 kB
INFO [2026-03-16 14:03:49] Memory: Total: 61649012 kB, Available: 57582904 kB, Active: 3051416 kB, SwapTotal: 40894456 kB, SwapFree: 40861944 kB
INFO [2026-03-16 14:03:49] Memory: Total: 61649012 kB, Available: 57582904 kB, Active: 3052168 kB, SwapTotal: 40894456 kB, SwapFree: 40861944 kB
INFO [2026-03-16 14:03:49] Memory: Total: 61649012 kB, Available: 57582656 kB, Active: 3053704 kB, SwapTotal: 40894456 kB, SwapFree: 40861944 kB
INFO [2026-03-16 14:03:49] Memory: Total: 61649012 kB, Available: 57582656 kB, Active: 3053828 kB, SwapTotal: 40894456 kB, SwapFree: 40861944 kB
INFO [2026-03-16 14:03:50] Memory: Total: 61649012 kB, Available: 57581900 kB, Active: 3054700 kB, SwapTotal: 40894456 kB, SwapFree: 40861944 kB
INFO [2026-03-16 14:03:50] Memory: Total: 61649012 kB, Available: 57580892 kB, Active: 3055072 kB, SwapTotal: 40894456 kB, SwapFree: 40861944 kB
INFO [2026-03-16 14:03:50] Memory: Total: 61649012 kB, Available: 57580892 kB, Active: 3055444 kB, SwapTotal: 40894456 kB, SwapFree: 40861944 kB
INFO [2026-03-16 14:03:50] Memory: Total: 61649012 kB, Available: 57580892 kB, Active: 3055892 kB, SwapTotal: 40894456 kB, SwapFree: 40861944 kB
INFO [2026-03-16 14:03:50] Memory: Total: 61649012 kB, Available: 57580892 kB, Active: 3055836 kB, SwapTotal: 40894456 kB, SwapFree: 40861944 kB
INFO [2026-03-16 14:03:50] Memory: Total: 61649012 kB, Available: 57580892 kB, Active: 3055960 kB, SwapTotal: 40894456 kB, SwapFree: 40861944 kB
INFO [2026-03-16 14:03:50] Memory: Total: 61649012 kB, Available: 57580640 kB, Active: 3056084 kB, SwapTotal: 40894456 kB, SwapFree: 40861944 kB
INFO [2026-03-16 14:03:50] Memory: Total: 61649012 kB, Available: 57579128 kB, Active: 3057696 kB, SwapTotal: 40894456 kB, SwapFree: 40861944 kB
INFO [2026-03-16 14:03:50] Memory: Total: 61649012 kB, Available: 57577112 kB, Active: 3058068 kB, SwapTotal: 40894456 kB, SwapFree: 40861944 kB
INFO [2026-03-16 14:03:50] Memory: Total: 61649012 kB, Available: 57577112 kB, Active: 3058640 kB, SwapTotal: 40894456 kB, SwapFree: 40861944 kB
INFO [2026-03-16 14:03:50] Memory: Total: 61649012 kB, Available: 57577112 kB, Active: 3058476 kB, SwapTotal: 40894456 kB, SwapFree: 40861944 kB
INFO [2026-03-16 14:03:50] Memory: Total: 61649012 kB, Available: 57577112 kB, Active: 3058972 kB, SwapTotal: 40894456 kB, SwapFree: 40861944 kB
INFO [2026-03-16 14:03:50] Memory: Total: 61649012 kB, Available: 57577112 kB, Active: 3059224 kB, SwapTotal: 40894456 kB, SwapFree: 40861944 kB
INFO [2026-03-16 14:03:50] Memory: Total: 61649012 kB, Available: 57576860 kB, Active: 3059968 kB, SwapTotal: 40894456 kB, SwapFree: 40861944 kB
INFO [2026-03-16 14:03:50] Memory: Total: 61649012 kB, Available: 57575348 kB, Active: 3061772 kB, SwapTotal: 40894456 kB, SwapFree: 40861944 kB
INFO [2026-03-16 14:03:50] Memory: Total: 61649012 kB, Available: 57575348 kB, Active: 3062268 kB, SwapTotal: 40894456 kB, SwapFree: 40861944 kB
INFO [2026-03-16 14:03:50] Memory: Total: 61649012 kB, Available: 57575348 kB, Active: 3062716 kB, SwapTotal: 40894456 kB, SwapFree: 40861944 kB
INFO [2026-03-16 14:03:51] Memory: Total: 61649012 kB, Available: 57575096 kB, Active: 3062864 kB, SwapTotal: 40894456 kB, SwapFree: 40861944 kB
INFO [2026-03-16 14:03:51] Memory: Total: 61649012 kB, Available: 57574844 kB, Active: 3063236 kB, SwapTotal: 40894456 kB, SwapFree: 40861944 kB
INFO [2026-03-16 14:03:51] Memory: Total: 61649012 kB, Available: 57574340 kB, Active: 3063732 kB, SwapTotal: 40894456 kB, SwapFree: 40861944 kB
INFO [2026-03-16 14:03:51] Memory: Total: 61649012 kB, Available: 57573332 kB, Active: 3064476 kB, SwapTotal: 40894456 kB, SwapFree: 40861944 kB
INFO [2026-03-16 14:03:51] Memory: Total: 61649012 kB, Available: 57571316 kB, Active: 3064848 kB, SwapTotal: 40894456 kB, SwapFree: 40861944 kB
INFO [2026-03-16 14:03:51] Memory: Total: 61649012 kB, Available: 57571316 kB, Active: 3064848 kB, SwapTotal: 40894456 kB, SwapFree: 40861944 kB
INFO [2026-03-16 14:03:51] Memory: Total: 61649012 kB, Available: 57571316 kB, Active: 3065096 kB, SwapTotal: 40894456 kB, SwapFree: 40861944 kB
INFO [2026-03-16 14:03:51] Memory: Total: 61649012 kB, Available: 57571316 kB, Active: 3065720 kB, SwapTotal: 40894456 kB, SwapFree: 40861944 kB
INFO [2026-03-16 14:03:51] Memory: Total: 61649012 kB, Available: 57571316 kB, Active: 3065844 kB, SwapTotal: 40894456 kB, SwapFree: 40861944 kB
INFO [2026-03-16 14:03:51] Memory: Total: 61649012 kB, Available: 57570560 kB, Active: 3067456 kB, SwapTotal: 40894456 kB, SwapFree: 40861944 kB
INFO [2026-03-16 14:03:51] Memory: Total: 61649012 kB, Available: 57570056 kB, Active: 3067580 kB, SwapTotal: 40894456 kB, SwapFree: 40861944 kB
INFO [2026-03-16 14:03:51] Memory: Total: 61649012 kB, Available: 57570056 kB, Active: 3067704 kB, SwapTotal: 40894456 kB, SwapFree: 40861944 kB
INFO [2026-03-16 14:03:51] Memory: Total: 61649012 kB, Available: 57569552 kB, Active: 3068076 kB, SwapTotal: 40894456 kB, SwapFree: 40861944 kB
INFO [2026-03-16 14:03:51] Memory: Total: 61649012 kB, Available: 57569048 kB, Active: 3069284 kB, SwapTotal: 40894456 kB, SwapFree: 40861944 kB
INFO [2026-03-16 14:03:51] Memory: Total: 61649012 kB, Available: 57569048 kB, Active: 3069408 kB, SwapTotal: 40894456 kB, SwapFree: 40861944 kB
INFO [2026-03-16 14:03:51] Memory: Total: 61649012 kB, Available: 57568296 kB, Active: 3069996 kB, SwapTotal: 40894456 kB, SwapFree: 40861944 kB
INFO [2026-03-16 14:03:52] Memory: Total: 61649012 kB, Available: 57567288 kB, Active: 3071236 kB, SwapTotal: 40894456 kB, SwapFree: 40861944 kB
INFO [2026-03-16 14:03:52] Memory: Total: 61649012 kB, Available: 57565272 kB, Active: 3071360 kB, SwapTotal: 40894456 kB, SwapFree: 40861944 kB
INFO [2026-03-16 14:03:52] Memory: Total: 61649012 kB, Available: 57565272 kB, Active: 3071732 kB, SwapTotal: 40894456 kB, SwapFree: 40861944 kB
INFO [2026-03-16 14:03:52] Memory: Total: 61649012 kB, Available: 57565272 kB, Active: 3072060 kB, SwapTotal: 40894456 kB, SwapFree: 40861944 kB
INFO [2026-03-16 14:03:52] Memory: Total: 61649012 kB, Available: 57565272 kB, Active: 3072184 kB, SwapTotal: 40894456 kB, SwapFree: 40861944 kB
INFO [2026-03-16 14:03:52] Memory: Total: 61649012 kB, Available: 57565272 kB, Active: 3072308 kB, SwapTotal: 40894456 kB, SwapFree: 40861944 kB
INFO [2026-03-16 14:03:52] Memory: Total: 61649012 kB, Available: 57565272 kB, Active: 3073424 kB, SwapTotal: 40894456 kB, SwapFree: 40861944 kB
INFO [2026-03-16 14:03:52] Memory: Total: 61649012 kB, Available: 57565272 kB, Active: 3073548 kB, SwapTotal: 40894456 kB, SwapFree: 40861944 kB
INFO [2026-03-16 14:03:52] Memory: Total: 61649012 kB, Available: 57565020 kB, Active: 3073796 kB, SwapTotal: 40894456 kB, SwapFree: 40861944 kB
INFO [2026-03-16 14:03:52] Memory: Total: 61649012 kB, Available: 57564264 kB, Active: 3074244 kB, SwapTotal: 40894456 kB, SwapFree: 40861944 kB
INFO [2026-03-16 14:03:52] Memory: Total: 61649012 kB, Available: 57564264 kB, Active: 3074388 kB, SwapTotal: 40894456 kB, SwapFree: 40861944 kB
INFO [2026-03-16 14:03:52] Memory: Total: 61649012 kB, Available: 57564012 kB, Active: 3074512 kB, SwapTotal: 40894456 kB, SwapFree: 40861944 kB
INFO [2026-03-16 14:03:52] Memory: Total: 61649012 kB, Available: 57562248 kB, Active: 3076284 kB, SwapTotal: 40894456 kB, SwapFree: 40861944 kB
INFO [2026-03-16 14:03:52] Memory: Total: 61649012 kB, Available: 57562248 kB, Active: 3076352 kB, SwapTotal: 40894456 kB, SwapFree: 40861944 kB
INFO [2026-03-16 14:03:52] Memory: Total: 61649012 kB, Available: 57562248 kB, Active: 3076600 kB, SwapTotal: 40894456 kB, SwapFree: 40861944 kB
INFO [2026-03-16 14:03:53] Memory: Total: 61649012 kB, Available: 57561996 kB, Active: 3077232 kB, SwapTotal: 40894456 kB, SwapFree: 40861944 kB
INFO [2026-03-16 14:03:53] Memory: Total: 61649012 kB, Available: 57561744 kB, Active: 3077084 kB, SwapTotal: 40894456 kB, SwapFree: 40861944 kB
INFO [2026-03-16 14:03:53] Memory: Total: 61649012 kB, Available: 57561744 kB, Active: 3077208 kB, SwapTotal: 40894456 kB, SwapFree: 40861944 kB
INFO [2026-03-16 14:03:53] Memory: Total: 61649012 kB, Available: 57560988 kB, Active: 3077580 kB, SwapTotal: 40894456 kB, SwapFree: 40861944 kB
INFO [2026-03-16 14:03:53] Memory: Total: 61649012 kB, Available: 57559980 kB, Active: 3078324 kB, SwapTotal: 40894456 kB, SwapFree: 40861944 kB
INFO [2026-03-16 14:03:53] Memory: Total: 61649012 kB, Available: 57559980 kB, Active: 3078324 kB, SwapTotal: 40894456 kB, SwapFree: 40861944 kB
INFO [2026-03-16 14:03:53] Memory: Total: 61649012 kB, Available: 57559980 kB, Active: 3079144 kB, SwapTotal: 40894456 kB, SwapFree: 40861944 kB
INFO [2026-03-16 14:03:53] Memory: Total: 61649012 kB, Available: 57559728 kB, Active: 3078976 kB, SwapTotal: 40894456 kB, SwapFree: 40861944 kB
INFO [2026-03-16 14:03:53] Memory: Total: 61649012 kB, Available: 57559728 kB, Active: 3078976 kB, SwapTotal: 40894456 kB, SwapFree: 40861944 kB
INFO [2026-03-16 14:03:53] Memory: Total: 61649012 kB, Available: 57559728 kB, Active: 3079224 kB, SwapTotal: 40894456 kB, SwapFree: 40861944 kB
INFO [2026-03-16 14:03:53] Memory: Total: 61649012 kB, Available: 57557964 kB, Active: 3080216 kB, SwapTotal: 40894456 kB, SwapFree: 40861944 kB
INFO [2026-03-16 14:03:53] Memory: Total: 61649012 kB, Available: 57557964 kB, Active: 3080216 kB, SwapTotal: 40894456 kB, SwapFree: 40861944 kB
INFO [2026-03-16 14:03:53] Memory: Total: 61649012 kB, Available: 57557964 kB, Active: 3080344 kB, SwapTotal: 40894456 kB, SwapFree: 40861944 kB
INFO [2026-03-16 14:03:53] Memory: Total: 61649012 kB, Available: 57557968 kB, Active: 3081164 kB, SwapTotal: 40894456 kB, SwapFree: 40861944 kB
INFO [2026-03-16 14:03:53] Memory: Total: 61649012 kB, Available: 57557716 kB, Active: 3081456 kB, SwapTotal: 40894456 kB, SwapFree: 40861944 kB
INFO [2026-03-16 14:03:53] Memory: Total: 61649012 kB, Available: 57557464 kB, Active: 3082148 kB, SwapTotal: 40894456 kB, SwapFree: 40861944 kB
INFO [2026-03-16 14:03:54] Memory: Total: 61649012 kB, Available: 57555952 kB, Active: 3083720 kB, SwapTotal: 40894456 kB, SwapFree: 40861944 kB
INFO [2026-03-16 14:03:54] Memory: Total: 61649012 kB, Available: 57555952 kB, Active: 3083844 kB, SwapTotal: 40894456 kB, SwapFree: 40861944 kB
INFO [2026-03-16 14:03:54] Memory: Total: 61649012 kB, Available: 57554944 kB, Active: 3083844 kB, SwapTotal: 40894456 kB, SwapFree: 40861944 kB
INFO [2026-03-16 14:03:54] Memory: Total: 61649012 kB, Available: 57554944 kB, Active: 3084664 kB, SwapTotal: 40894456 kB, SwapFree: 40861944 kB
INFO [2026-03-16 14:03:54] Memory: Total: 61649012 kB, Available: 57554944 kB, Active: 3084588 kB, SwapTotal: 40894456 kB, SwapFree: 40861944 kB
INFO [2026-03-16 14:03:54] Memory: Total: 61649012 kB, Available: 57554944 kB, Active: 3084712 kB, SwapTotal: 40894456 kB, SwapFree: 40861944 kB
INFO [2026-03-16 14:03:54] Memory: Total: 61649012 kB, Available: 57554944 kB, Active: 3084836 kB, SwapTotal: 40894456 kB, SwapFree: 40861944 kB
INFO [2026-03-16 14:03:54] Memory: Total: 61649012 kB, Available: 57190780 kB, Active: 3442076 kB, SwapTotal: 40894456 kB, SwapFree: 40861944 kB
INFO [2026-03-16 14:03:54] Memory: Total: 61649012 kB, Available: 56874452 kB, Active: 3760788 kB, SwapTotal: 40894456 kB, SwapFree: 40861944 kB
INFO [2026-03-16 14:03:54] Memory: Total: 61649012 kB, Available: 56818004 kB, Active: 3812428 kB, SwapTotal: 40894456 kB, SwapFree: 40861944 kB
INFO [2026-03-16 14:03:54] Memory: Total: 61649012 kB, Available: 56809940 kB, Active: 3822796 kB, SwapTotal: 40894456 kB, SwapFree: 40861944 kB
INFO [2026-03-16 14:03:54] Memory: Total: 61649012 kB, Available: 56531164 kB, Active: 4099820 kB, SwapTotal: 40894456 kB, SwapFree: 40861944 kB
INFO [2026-03-16 14:03:54] Memory: Total: 61649012 kB, Available: 56346132 kB, Active: 4289636 kB, SwapTotal: 40894456 kB, SwapFree: 40861944 kB
INFO [2026-03-16 14:03:55] Memory: Total: 61649012 kB, Available: 55926740 kB, Active: 4712216 kB, SwapTotal: 40894456 kB, SwapFree: 40861944 kB
INFO [2026-03-16 14:03:55] Memory: Total: 61649012 kB, Available: 55725208 kB, Active: 4910700 kB, SwapTotal: 40894456 kB, SwapFree: 40861944 kB
INFO [2026-03-16 14:03:55] Memory: Total: 61649012 kB, Available: 55652628 kB, Active: 4983972 kB, SwapTotal: 40894456 kB, SwapFree: 40861944 kB
INFO [2026-03-16 14:03:55] Memory: Total: 61649012 kB, Available: 55434900 kB, Active: 5197136 kB, SwapTotal: 40894456 kB, SwapFree: 40861944 kB
INFO [2026-03-16 14:03:55] Memory: Total: 61649012 kB, Available: 55378452 kB, Active: 5247156 kB, SwapTotal: 40894456 kB, SwapFree: 40861944 kB
INFO [2026-03-16 14:03:55] Memory: Total: 61649012 kB, Available: 55225676 kB, Active: 5398484 kB, SwapTotal: 40894456 kB, SwapFree: 40861944 kB
INFO [2026-03-16 14:03:55] Memory: Total: 61649012 kB, Available: 55072728 kB, Active: 5552236 kB, SwapTotal: 40894456 kB, SwapFree: 40861944 kB
INFO [2026-03-16 14:03:55] Memory: Total: 61649012 kB, Available: 54710744 kB, Active: 5923312 kB, SwapTotal: 40894456 kB, SwapFree: 40861944 kB
INFO [2026-03-16 14:03:55] Memory: Total: 61649012 kB, Available: 54565548 kB, Active: 6060124 kB, SwapTotal: 40894456 kB, SwapFree: 40861944 kB
INFO [2026-03-16 14:03:56] Memory: Total: 61649012 kB, Available: 54283696 kB, Active: 6351600 kB, SwapTotal: 40894456 kB, SwapFree: 40861944 kB
INFO [2026-03-16 14:03:56] Memory: Total: 61649012 kB, Available: 54138284 kB, Active: 6499840 kB, SwapTotal: 40894456 kB, SwapFree: 40861944 kB
INFO [2026-03-16 14:03:56] Memory: Total: 61649012 kB, Available: 54041864 kB, Active: 6591028 kB, SwapTotal: 40894456 kB, SwapFree: 40861944 kB
INFO [2026-03-16 14:03:56] Memory: Total: 61649012 kB, Available: 53711908 kB, Active: 6933632 kB, SwapTotal: 40894456 kB, SwapFree: 40861944 kB
INFO [2026-03-16 14:03:56] Memory: Total: 61649012 kB, Available: 53453860 kB, Active: 7182856 kB, SwapTotal: 40894456 kB, SwapFree: 40861944 kB
INFO [2026-03-16 14:03:56] Memory: Total: 61649012 kB, Available: 53276132 kB, Active: 7369652 kB, SwapTotal: 40894456 kB, SwapFree: 40861944 kB
INFO [2026-03-16 14:03:56] Memory: Total: 61649012 kB, Available: 53034092 kB, Active: 7602724 kB, SwapTotal: 40894456 kB, SwapFree: 40861944 kB
INFO [2026-03-16 14:03:56] Memory: Total: 61649012 kB, Available: 52604992 kB, Active: 8028572 kB, SwapTotal: 40894456 kB, SwapFree: 40861944 kB
INFO [2026-03-16 14:03:56] Memory: Total: 61649012 kB, Available: 52580716 kB, Active: 8056416 kB, SwapTotal: 40894456 kB, SwapFree: 40861944 kB
INFO [2026-03-16 14:03:57] Memory: Total: 61649012 kB, Available: 52362748 kB, Active: 8269020 kB, SwapTotal: 40894456 kB, SwapFree: 40861944 kB
INFO [2026-03-16 14:03:57] Memory: Total: 61649012 kB, Available: 52306284 kB, Active: 8331092 kB, SwapTotal: 40894456 kB, SwapFree: 40861944 kB
INFO [2026-03-16 14:03:57] Memory: Total: 61649012 kB, Available: 52000508 kB, Active: 8623348 kB, SwapTotal: 40894456 kB, SwapFree: 40861944 kB
INFO [2026-03-16 14:03:57] Memory: Total: 61649012 kB, Available: 52000508 kB, Active: 8623672 kB, SwapTotal: 40894456 kB, SwapFree: 40861944 kB
INFO [2026-03-16 14:03:57] Memory: Total: 61649012 kB, Available: 52000508 kB, Active: 8623400 kB, SwapTotal: 40894456 kB, SwapFree: 40861944 kB
INFO [2026-03-16 14:03:57] Memory: Total: 61649012 kB, Available: 52000508 kB, Active: 8623724 kB, SwapTotal: 40894456 kB, SwapFree: 40861944 kB
INFO [2026-03-16 14:03:57] Memory: Total: 61649012 kB, Available: 52000508 kB, Active: 8624172 kB, SwapTotal: 40894456 kB, SwapFree: 40861944 kB
INFO [2026-03-16 14:03:57] Memory: Total: 61649012 kB, Available: 51791652 kB, Active: 8839060 kB, SwapTotal: 40894456 kB, SwapFree: 40861944 kB
INFO [2026-03-16 14:03:57] Memory: Total: 61649012 kB, Available: 51791652 kB, Active: 8840680 kB, SwapTotal: 40894456 kB, SwapFree: 40861944 kB
INFO [2026-03-16 14:03:57] Memory: Total: 61649012 kB, Available: 51775268 kB, Active: 8853316 kB, SwapTotal: 40894456 kB, SwapFree: 40861944 kB
INFO [2026-03-16 14:03:57] Memory: Total: 61649012 kB, Available: 51775268 kB, Active: 8853316 kB, SwapTotal: 40894456 kB, SwapFree: 40861944 kB
INFO [2026-03-16 14:03:57] Memory: Total: 61649012 kB, Available: 51759652 kB, Active: 8867284 kB, SwapTotal: 40894456 kB, SwapFree: 40861944 kB
INFO [2026-03-16 14:03:57] Memory: Total: 61649012 kB, Available: 51744316 kB, Active: 8881416 kB, SwapTotal: 40894456 kB, SwapFree: 40861944 kB
INFO [2026-03-16 14:03:58] Memory: Total: 61649012 kB, Available: 51656496 kB, Active: 8969220 kB, SwapTotal: 40894456 kB, SwapFree: 40861944 kB
INFO [2026-03-16 14:03:58] Memory: Total: 61649012 kB, Available: 51640624 kB, Active: 8978296 kB, SwapTotal: 40894456 kB, SwapFree: 40861944 kB
INFO [2026-03-16 14:03:58] Memory: Total: 61649012 kB, Available: 51640624 kB, Active: 8980564 kB, SwapTotal: 40894456 kB, SwapFree: 40861944 kB
INFO [2026-03-16 14:03:58] Memory: Total: 61649012 kB, Available: 51640624 kB, Active: 8985428 kB, SwapTotal: 40894456 kB, SwapFree: 40861944 kB
INFO [2026-03-16 14:03:58] Memory: Total: 61649012 kB, Available: 51640624 kB, Active: 8985752 kB, SwapTotal: 40894456 kB, SwapFree: 40861944 kB
INFO [2026-03-16 14:03:58] Memory: Total: 61649012 kB, Available: 51640624 kB, Active: 8985496 kB, SwapTotal: 40894456 kB, SwapFree: 40861944 kB
INFO [2026-03-16 14:03:58] Memory: Total: 61649012 kB, Available: 51640624 kB, Active: 8985820 kB, SwapTotal: 40894456 kB, SwapFree: 40861944 kB
INFO [2026-03-16 14:03:58] Memory: Total: 61649012 kB, Available: 51640624 kB, Active: 8985820 kB, SwapTotal: 40894456 kB, SwapFree: 40861944 kB
INFO [2026-03-16 14:03:58] Memory: Total: 61649012 kB, Available: 51640624 kB, Active: 8986148 kB, SwapTotal: 40894456 kB, SwapFree: 40861944 kB
INFO [2026-03-16 14:03:58] Memory: Total: 61649012 kB, Available: 51640624 kB, Active: 8985868 kB, SwapTotal: 40894456 kB, SwapFree: 40861944 kB
INFO [2026-03-16 14:03:58] Memory: Total: 61649012 kB, Available: 51640624 kB, Active: 8986192 kB, SwapTotal: 40894456 kB, SwapFree: 40861944 kB
INFO [2026-03-16 14:03:58] Memory: Total: 61649012 kB, Available: 51640624 kB, Active: 8986192 kB, SwapTotal: 40894456 kB, SwapFree: 40861944 kB
INFO [2026-03-16 14:03:58] Memory: Total: 61649012 kB, Available: 51640624 kB, Active: 8986192 kB, SwapTotal: 40894456 kB, SwapFree: 40861944 kB
INFO [2026-03-16 14:03:58] Memory: Total: 61649012 kB, Available: 51640264 kB, Active: 8986968 kB, SwapTotal: 40894456 kB, SwapFree: 40861944 kB
INFO [2026-03-16 14:03:58] Memory: Total: 61649012 kB, Available: 51640264 kB, Active: 8987292 kB, SwapTotal: 40894456 kB, SwapFree: 40861944 kB
INFO [2026-03-16 14:03:59] Memory: Total: 61649012 kB, Available: 51640264 kB, Active: 8987020 kB, SwapTotal: 40894456 kB, SwapFree: 40861944 kB
INFO [2026-03-16 14:03:59] Memory: Total: 61649012 kB, Available: 51640264 kB, Active: 8986732 kB, SwapTotal: 40894456 kB, SwapFree: 40861944 kB
INFO [2026-03-16 14:03:59] Memory: Total: 61649012 kB, Available: 51640264 kB, Active: 8987056 kB, SwapTotal: 40894456 kB, SwapFree: 40861944 kB
INFO [2026-03-16 14:03:59] Memory: Total: 61649012 kB, Available: 51640264 kB, Active: 8987056 kB, SwapTotal: 40894456 kB, SwapFree: 40861944 kB
INFO [2026-03-16 14:03:59] Memory: Total: 61649012 kB, Available: 51640260 kB, Active: 8986768 kB, SwapTotal: 40894456 kB, SwapFree: 40861944 kB
INFO [2026-03-16 14:03:59] Memory: Total: 61649012 kB, Available: 51640260 kB, Active: 8986768 kB, SwapTotal: 40894456 kB, SwapFree: 40861944 kB
INFO [2026-03-16 14:03:59] Memory: Total: 61649012 kB, Available: 51640260 kB, Active: 8986768 kB, SwapTotal: 40894456 kB, SwapFree: 40861944 kB
INFO [2026-03-16 14:03:59] Memory: Total: 61649012 kB, Available: 51640260 kB, Active: 8987092 kB, SwapTotal: 40894456 kB, SwapFree: 40861944 kB
INFO [2026-03-16 14:03:59] Memory: Total: 61649012 kB, Available: 51640260 kB, Active: 8986792 kB, SwapTotal: 40894456 kB, SwapFree: 40861944 kB
INFO [2026-03-16 14:03:59] Memory: Total: 61649012 kB, Available: 51640260 kB, Active: 8986792 kB, SwapTotal: 40894456 kB, SwapFree: 40861944 kB
INFO [2026-03-16 14:03:59] Memory: Total: 61649012 kB, Available: 51640260 kB, Active: 8987120 kB, SwapTotal: 40894456 kB, SwapFree: 40861944 kB
INFO [2026-03-16 14:03:59] Memory: Total: 61649012 kB, Available: 51640260 kB, Active: 8986872 kB, SwapTotal: 40894456 kB, SwapFree: 40861944 kB
INFO [2026-03-16 14:03:59] Memory: Total: 61649012 kB, Available: 51640260 kB, Active: 8986872 kB, SwapTotal: 40894456 kB, SwapFree: 40861944 kB
INFO [2026-03-16 14:03:59] Memory: Total: 61649012 kB, Available: 51640260 kB, Active: 8986872 kB, SwapTotal: 40894456 kB, SwapFree: 40861944 kB
INFO [2026-03-16 14:03:59] Memory: Total: 61649012 kB, Available: 51640264 kB, Active: 8987344 kB, SwapTotal: 40894456 kB, SwapFree: 40861944 kB
INFO [2026-03-16 14:03:59] Memory: Total: 61649012 kB, Available: 51640264 kB, Active: 8987356 kB, SwapTotal: 40894456 kB, SwapFree: 40861944 kB
INFO [2026-03-16 14:03:59] Memory: Total: 61649012 kB, Available: 51640264 kB, Active: 8987420 kB, SwapTotal: 40894456 kB, SwapFree: 40861944 kB
INFO [2026-03-16 14:04:00] Memory: Total: 61649012 kB, Available: 51640264 kB, Active: 8987108 kB, SwapTotal: 40894456 kB, SwapFree: 40861944 kB
INFO [2026-03-16 14:04:00] Memory: Total: 61649012 kB, Available: 51640264 kB, Active: 8987108 kB, SwapTotal: 40894456 kB, SwapFree: 40861944 kB
INFO [2026-03-16 14:04:00] Memory: Total: 61649012 kB, Available: 51640264 kB, Active: 8987108 kB, SwapTotal: 40894456 kB, SwapFree: 40861944 kB
INFO [2026-03-16 14:04:00] Memory: Total: 61649012 kB, Available: 51640264 kB, Active: 8987432 kB, SwapTotal: 40894456 kB, SwapFree: 40861944 kB
INFO [2026-03-16 14:04:00] Memory: Total: 61649012 kB, Available: 51640264 kB, Active: 8987432 kB, SwapTotal: 40894456 kB, SwapFree: 40861944 kB
INFO [2026-03-16 14:04:00] Memory: Total: 61649012 kB, Available: 51640264 kB, Active: 8987124 kB, SwapTotal: 40894456 kB, SwapFree: 40861944 kB
INFO [2026-03-16 14:04:00] Memory: Total: 61649012 kB, Available: 51640264 kB, Active: 8987124 kB, SwapTotal: 40894456 kB, SwapFree: 40861944 kB
INFO [2026-03-16 14:04:00] Memory: Total: 61649012 kB, Available: 51640264 kB, Active: 8987124 kB, SwapTotal: 40894456 kB, SwapFree: 40861944 kB
INFO [2026-03-16 14:04:00] Memory: Total: 61649012 kB, Available: 51640264 kB, Active: 8987124 kB, SwapTotal: 40894456 kB, SwapFree: 40861944 kB
INFO [2026-03-16 14:04:00] Memory: Total: 61649012 kB, Available: 51640264 kB, Active: 8987128 kB, SwapTotal: 40894456 kB, SwapFree: 40861944 kB
INFO [2026-03-16 14:04:00] Memory: Total: 61649012 kB, Available: 51640264 kB, Active: 8987128 kB, SwapTotal: 40894456 kB, SwapFree: 40861944 kB
INFO [2026-03-16 14:04:00] Memory: Total: 61649012 kB, Available: 51640264 kB, Active: 8987128 kB, SwapTotal: 40894456 kB, SwapFree: 40861944 kB
INFO [2026-03-16 14:04:00] Memory: Total: 61649012 kB, Available: 51640264 kB, Active: 8987128 kB, SwapTotal: 40894456 kB, SwapFree: 40861944 kB
INFO [2026-03-16 14:04:00] Memory: Total: 61649012 kB, Available: 51640264 kB, Active: 8987128 kB, SwapTotal: 40894456 kB, SwapFree: 40861944 kB
INFO [2026-03-16 14:04:01] Memory: Total: 61649012 kB, Available: 51640264 kB, Active: 8987204 kB, SwapTotal: 40894456 kB, SwapFree: 40861944 kB
INFO [2026-03-16 14:04:01] Memory: Total: 61649012 kB, Available: 51640264 kB, Active: 8987204 kB, SwapTotal: 40894456 kB, SwapFree: 40861944 kB
INFO [2026-03-16 14:04:01] Memory: Total: 61649012 kB, Available: 51640264 kB, Active: 8987204 kB, SwapTotal: 40894456 kB, SwapFree: 40861944 kB
INFO [2026-03-16 14:04:01] Memory: Total: 61649012 kB, Available: 51640264 kB, Active: 8987204 kB, SwapTotal: 40894456 kB, SwapFree: 40861944 kB
INFO [2026-03-16 14:04:01] Memory: Total: 61649012 kB, Available: 51640264 kB, Active: 8987528 kB, SwapTotal: 40894456 kB, SwapFree: 40861944 kB
INFO [2026-03-16 14:04:01] Memory: Total: 61649012 kB, Available: 51640264 kB, Active: 8987216 kB, SwapTotal: 40894456 kB, SwapFree: 40861944 kB
INFO [2026-03-16 14:04:01] Memory: Total: 61649012 kB, Available: 51640264 kB, Active: 8987216 kB, SwapTotal: 40894456 kB, SwapFree: 40861944 kB
INFO [2026-03-16 14:04:01] Memory: Total: 61649012 kB, Available: 51640264 kB, Active: 8987216 kB, SwapTotal: 40894456 kB, SwapFree: 40861944 kB
INFO [2026-03-16 14:04:01] Memory: Total: 61649012 kB, Available: 51640264 kB, Active: 8987216 kB, SwapTotal: 40894456 kB, SwapFree: 40861944 kB
INFO [2026-03-16 14:04:01] Memory: Total: 61649012 kB, Available: 51640264 kB, Active: 8987216 kB, SwapTotal: 40894456 kB, SwapFree: 40861944 kB
INFO [2026-03-16 14:04:01] Memory: Total: 61649012 kB, Available: 51640264 kB, Active: 8987216 kB, SwapTotal: 40894456 kB, SwapFree: 40861944 kB
INFO [2026-03-16 14:04:01] Memory: Total: 61649012 kB, Available: 51640264 kB, Active: 8987540 kB, SwapTotal: 40894456 kB, SwapFree: 40861944 kB
INFO [2026-03-16 14:04:01] Memory: Total: 61649012 kB, Available: 51640264 kB, Active: 8987228 kB, SwapTotal: 40894456 kB, SwapFree: 40861944 kB
INFO [2026-03-16 14:04:01] Memory: Total: 61649012 kB, Available: 51640264 kB, Active: 8987228 kB, SwapTotal: 40894456 kB, SwapFree: 40861944 kB
INFO [2026-03-16 14:04:01] Memory: Total: 61649012 kB, Available: 51640268 kB, Active: 8987592 kB, SwapTotal: 40894456 kB, SwapFree: 40861944 kB
INFO [2026-03-16 14:04:01] Memory: Total: 61649012 kB, Available: 51640268 kB, Active: 8987308 kB, SwapTotal: 40894456 kB, SwapFree: 40861944 kB
INFO [2026-03-16 14:04:02] Memory: Total: 61649012 kB, Available: 51640268 kB, Active: 8987308 kB, SwapTotal: 40894456 kB, SwapFree: 40861944 kB
INFO [2026-03-16 14:04:02] Memory: Total: 61649012 kB, Available: 51640268 kB, Active: 8987632 kB, SwapTotal: 40894456 kB, SwapFree: 40861944 kB
INFO [2026-03-16 14:04:02] Memory: Total: 61649012 kB, Available: 51640268 kB, Active: 8987320 kB, SwapTotal: 40894456 kB, SwapFree: 40861944 kB
INFO [2026-03-16 14:04:02] Memory: Total: 61649012 kB, Available: 51640268 kB, Active: 8987324 kB, SwapTotal: 40894456 kB, SwapFree: 40861944 kB
INFO [2026-03-16 14:04:02] Memory: Total: 61649012 kB, Available: 51640264 kB, Active: 8987324 kB, SwapTotal: 40894456 kB, SwapFree: 40861944 kB
INFO [2026-03-16 14:04:02] Memory: Total: 61649012 kB, Available: 51640264 kB, Active: 8987324 kB, SwapTotal: 40894456 kB, SwapFree: 40861944 kB
INFO [2026-03-16 14:04:02] Memory: Total: 61649012 kB, Available: 51640264 kB, Active: 8987324 kB, SwapTotal: 40894456 kB, SwapFree: 40861944 kB
INFO [2026-03-16 14:04:02] Memory: Total: 61649012 kB, Available: 51640264 kB, Active: 8987652 kB, SwapTotal: 40894456 kB, SwapFree: 40861944 kB
INFO [2026-03-16 14:04:02] Memory: Total: 61649012 kB, Available: 51640264 kB, Active: 8987660 kB, SwapTotal: 40894456 kB, SwapFree: 40861944 kB
INFO [2026-03-16 14:04:02] Memory: Total: 61649012 kB, Available: 51640264 kB, Active: 8987348 kB, SwapTotal: 40894456 kB, SwapFree: 40861944 kB
INFO [2026-03-16 14:04:02] Memory: Total: 61649012 kB, Available: 51640264 kB, Active: 8987348 kB, SwapTotal: 40894456 kB, SwapFree: 40861944 kB
INFO [2026-03-16 14:04:02] Memory: Total: 61649012 kB, Available: 51640264 kB, Active: 8987352 kB, SwapTotal: 40894456 kB, SwapFree: 40861944 kB
INFO [2026-03-16 14:04:02] Memory: Total: 61649012 kB, Available: 51640264 kB, Active: 8987352 kB, SwapTotal: 40894456 kB, SwapFree: 40861944 kB
INFO [2026-03-16 14:04:02] Memory: Total: 61649012 kB, Available: 51640264 kB, Active: 8987352 kB, SwapTotal: 40894456 kB, SwapFree: 40861944 kB
INFO [2026-03-16 14:04:02] Memory: Total: 61649012 kB, Available: 51640264 kB, Active: 8987352 kB, SwapTotal: 40894456 kB, SwapFree: 40861944 kB
INFO [2026-03-16 14:04:02] Memory: Total: 61649012 kB, Available: 51640264 kB, Active: 8987800 kB, SwapTotal: 40894456 kB, SwapFree: 40861944 kB
INFO [2026-03-16 14:04:03] Memory: Total: 61649012 kB, Available: 51640264 kB, Active: 8987488 kB, SwapTotal: 40894456 kB, SwapFree: 40861944 kB
INFO [2026-03-16 14:04:03] Memory: Total: 61649012 kB, Available: 51640264 kB, Active: 8987488 kB, SwapTotal: 40894456 kB, SwapFree: 40861944 kB
INFO [2026-03-16 14:04:03] Memory: Total: 61649012 kB, Available: 51640264 kB, Active: 8987488 kB, SwapTotal: 40894456 kB, SwapFree: 40861944 kB
INFO [2026-03-16 14:04:03] Memory: Total: 61649012 kB, Available: 51640264 kB, Active: 8987488 kB, SwapTotal: 40894456 kB, SwapFree: 40861944 kB
INFO [2026-03-16 14:04:03] Memory: Total: 61649012 kB, Available: 51640264 kB, Active: 8987488 kB, SwapTotal: 40894456 kB, SwapFree: 40861944 kB
INFO [2026-03-16 14:04:03] Memory: Total: 61649012 kB, Available: 51640264 kB, Active: 8987812 kB, SwapTotal: 40894456 kB, SwapFree: 40861944 kB
INFO [2026-03-16 14:04:03] Memory: Total: 61649012 kB, Available: 51640264 kB, Active: 8987812 kB, SwapTotal: 40894456 kB, SwapFree: 40861944 kB
INFO [2026-03-16 14:04:03] Memory: Total: 61649012 kB, Available: 51640264 kB, Active: 8987496 kB, SwapTotal: 40894456 kB, SwapFree: 40861944 kB
INFO [2026-03-16 14:04:03] Memory: Total: 61649012 kB, Available: 51640264 kB, Active: 8987496 kB, SwapTotal: 40894456 kB, SwapFree: 40861944 kB
INFO [2026-03-16 14:04:03] Memory: Total: 61649012 kB, Available: 51640264 kB, Active: 8987496 kB, SwapTotal: 40894456 kB, SwapFree: 40861944 kB
INFO [2026-03-16 14:04:03] Memory: Total: 61649012 kB, Available: 51640264 kB, Active: 8987496 kB, SwapTotal: 40894456 kB, SwapFree: 40861944 kB
INFO [2026-03-16 14:04:03] Memory: Total: 61649012 kB, Available: 51640264 kB, Active: 8987536 kB, SwapTotal: 40894456 kB, SwapFree: 40861944 kB
INFO [2026-03-16 14:04:03] Memory: Total: 61649012 kB, Available: 51640264 kB, Active: 8987536 kB, SwapTotal: 40894456 kB, SwapFree: 40861944 kB
INFO [2026-03-16 14:04:03] Memory: Total: 61649012 kB, Available: 51640264 kB, Active: 8987536 kB, SwapTotal: 40894456 kB, SwapFree: 40861944 kB
INFO [2026-03-16 14:04:03] Memory: Total: 61649012 kB, Available: 51640268 kB, Active: 8987596 kB, SwapTotal: 40894456 kB, SwapFree: 40861944 kB
INFO [2026-03-16 14:04:03] Memory: Total: 61649012 kB, Available: 51640268 kB, Active: 8987552 kB, SwapTotal: 40894456 kB, SwapFree: 40861944 kB
INFO [2026-03-16 14:04:03] Memory: Total: 61649012 kB, Available: 51640268 kB, Active: 8987552 kB, SwapTotal: 40894456 kB, SwapFree: 40861944 kB
INFO [2026-03-16 14:04:04] Memory: Total: 61649012 kB, Available: 51640268 kB, Active: 8987264 kB, SwapTotal: 40894456 kB, SwapFree: 40861944 kB
INFO [2026-03-16 14:04:04] Memory: Total: 61649012 kB, Available: 51640268 kB, Active: 8987588 kB, SwapTotal: 40894456 kB, SwapFree: 40861944 kB
INFO [2026-03-16 14:04:04] Memory: Total: 61649012 kB, Available: 51639872 kB, Active: 8987564 kB, SwapTotal: 40894456 kB, SwapFree: 40861944 kB
INFO [2026-03-16 14:04:04] Memory: Total: 61649012 kB, Available: 51640016 kB, Active: 8987564 kB, SwapTotal: 40894456 kB, SwapFree: 40861944 kB
INFO [2026-03-16 14:04:04] Memory: Total: 61649012 kB, Available: 51640016 kB, Active: 8987564 kB, SwapTotal: 40894456 kB, SwapFree: 40861944 kB
INFO [2026-03-16 14:04:04] Memory: Total: 61649012 kB, Available: 51640016 kB, Active: 8987564 kB, SwapTotal: 40894456 kB, SwapFree: 40861944 kB
INFO [2026-03-16 14:04:04] Memory: Total: 61649012 kB, Available: 51640016 kB, Active: 8987568 kB, SwapTotal: 40894456 kB, SwapFree: 40861944 kB
INFO [2026-03-16 14:04:04] Memory: Total: 61649012 kB, Available: 51640016 kB, Active: 8987568 kB, SwapTotal: 40894456 kB, SwapFree: 40861944 kB
INFO [2026-03-16 14:04:04] Memory: Total: 61649012 kB, Available: 51639616 kB, Active: 8987892 kB, SwapTotal: 40894456 kB, SwapFree: 40861944 kB
INFO [2026-03-16 14:04:04] Memory: Total: 61649012 kB, Available: 51639764 kB, Active: 8987584 kB, SwapTotal: 40894456 kB, SwapFree: 40861944 kB
INFO [2026-03-16 14:04:04] Memory: Total: 61649012 kB, Available: 51639764 kB, Active: 8987584 kB, SwapTotal: 40894456 kB, SwapFree: 40861944 kB
INFO [2026-03-16 14:04:04] Memory: Total: 61649012 kB, Available: 51639764 kB, Active: 8987584 kB, SwapTotal: 40894456 kB, SwapFree: 40861944 kB
INFO [2026-03-16 14:04:04] Memory: Total: 61649012 kB, Available: 51639360 kB, Active: 8988136 kB, SwapTotal: 40894456 kB, SwapFree: 40861944 kB
INFO [2026-03-16 14:04:04] Memory: Total: 61649012 kB, Available: 51639360 kB, Active: 8988136 kB, SwapTotal: 40894456 kB, SwapFree: 40861944 kB
INFO [2026-03-16 14:04:04] Memory: Total: 61649012 kB, Available: 51639360 kB, Active: 8988216 kB, SwapTotal: 40894456 kB, SwapFree: 40861944 kB
INFO [2026-03-16 14:04:05] Memory: Total: 61649012 kB, Available: 51639360 kB, Active: 8987968 kB, SwapTotal: 40894456 kB, SwapFree: 40861944 kB
INFO [2026-03-16 14:04:05] Memory: Total: 61649012 kB, Available: 51639360 kB, Active: 8988232 kB, SwapTotal: 40894456 kB, SwapFree: 40861944 kB
INFO [2026-03-16 14:04:05] Memory: Total: 61649012 kB, Available: 51639360 kB, Active: 8987916 kB, SwapTotal: 40894456 kB, SwapFree: 40861944 kB
INFO [2026-03-16 14:04:05] Memory: Total: 61649012 kB, Available: 51639360 kB, Active: 8987916 kB, SwapTotal: 40894456 kB, SwapFree: 40861944 kB
INFO [2026-03-16 14:04:05] Memory: Total: 61649012 kB, Available: 51639360 kB, Active: 8987916 kB, SwapTotal: 40894456 kB, SwapFree: 40861944 kB
INFO [2026-03-16 14:04:05] Memory: Total: 61649012 kB, Available: 51639360 kB, Active: 8988240 kB, SwapTotal: 40894456 kB, SwapFree: 40861944 kB
INFO [2026-03-16 14:04:05] Memory: Total: 61649012 kB, Available: 51639360 kB, Active: 8987940 kB, SwapTotal: 40894456 kB, SwapFree: 40861944 kB
INFO [2026-03-16 14:04:05] Memory: Total: 61649012 kB, Available: 51639360 kB, Active: 8987940 kB, SwapTotal: 40894456 kB, SwapFree: 40861944 kB
INFO [2026-03-16 14:04:05] Memory: Total: 61649012 kB, Available: 51639360 kB, Active: 8987940 kB, SwapTotal: 40894456 kB, SwapFree: 40861944 kB
INFO [2026-03-16 14:04:05] Memory: Total: 61649012 kB, Available: 51639360 kB, Active: 8987940 kB, SwapTotal: 40894456 kB, SwapFree: 40861944 kB
INFO [2026-03-16 14:04:05] Memory: Total: 61649012 kB, Available: 51639360 kB, Active: 8987940 kB, SwapTotal: 40894456 kB, SwapFree: 40861944 kB
INFO [2026-03-16 14:04:05] Memory: Total: 61649012 kB, Available: 51639360 kB, Active: 8987940 kB, SwapTotal: 40894456 kB, SwapFree: 40861944 kB
INFO [2026-03-16 14:04:05] Memory: Total: 61649012 kB, Available: 51639360 kB, Active: 8987944 kB, SwapTotal: 40894456 kB, SwapFree: 40861944 kB
INFO [2026-03-16 14:04:05] Memory: Total: 61649012 kB, Available: 51639516 kB, Active: 8988188 kB, SwapTotal: 40894456 kB, SwapFree: 40861944 kB
INFO [2026-03-16 14:04:06] Memory: Total: 61649012 kB, Available: 51639516 kB, Active: 8988312 kB, SwapTotal: 40894456 kB, SwapFree: 40861944 kB
INFO [2026-03-16 14:04:06] Memory: Total: 61649012 kB, Available: 51639516 kB, Active: 8988024 kB, SwapTotal: 40894456 kB, SwapFree: 40861944 kB
INFO [2026-03-16 14:04:06] Memory: Total: 61649012 kB, Available: 51639516 kB, Active: 8988024 kB, SwapTotal: 40894456 kB, SwapFree: 40861944 kB
INFO [2026-03-16 14:04:06] Memory: Total: 61649012 kB, Available: 51639516 kB, Active: 8988080 kB, SwapTotal: 40894456 kB, SwapFree: 40861944 kB
INFO [2026-03-16 14:04:06] Memory: Total: 61649012 kB, Available: 51639516 kB, Active: 8988348 kB, SwapTotal: 40894456 kB, SwapFree: 40861944 kB
INFO [2026-03-16 14:04:06] Memory: Total: 61649012 kB, Available: 51639516 kB, Active: 8988348 kB, SwapTotal: 40894456 kB, SwapFree: 40861944 kB
INFO [2026-03-16 14:04:06] Memory: Total: 61649012 kB, Available: 51639516 kB, Active: 8988040 kB, SwapTotal: 40894456 kB, SwapFree: 40861944 kB
INFO [2026-03-16 14:04:06] Memory: Total: 61649012 kB, Available: 51639516 kB, Active: 8988040 kB, SwapTotal: 40894456 kB, SwapFree: 40861944 kB
INFO [2026-03-16 14:04:06] Memory: Total: 61649012 kB, Available: 51639516 kB, Active: 8988040 kB, SwapTotal: 40894456 kB, SwapFree: 40861944 kB
INFO [2026-03-16 14:04:06] Memory: Total: 61649012 kB, Available: 51639516 kB, Active: 8988040 kB, SwapTotal: 40894456 kB, SwapFree: 40861944 kB
INFO [2026-03-16 14:04:06] Memory: Total: 61649012 kB, Available: 51639516 kB, Active: 8988040 kB, SwapTotal: 40894456 kB, SwapFree: 40861944 kB
INFO [2026-03-16 14:04:06] Memory: Total: 61649012 kB, Available: 51639516 kB, Active: 8988364 kB, SwapTotal: 40894456 kB, SwapFree: 40861944 kB
INFO [2026-03-16 14:04:06] Memory: Total: 61649012 kB, Available: 51639516 kB, Active: 8988052 kB, SwapTotal: 40894456 kB, SwapFree: 40861944 kB
INFO [2026-03-16 14:04:06] Memory: Total: 61649012 kB, Available: 51639516 kB, Active: 8988052 kB, SwapTotal: 40894456 kB, SwapFree: 40861944 kB
INFO [2026-03-16 14:04:06] Memory: Total: 61649012 kB, Available: 51639516 kB, Active: 8988052 kB, SwapTotal: 40894456 kB, SwapFree: 40861944 kB
INFO [2026-03-16 14:04:06] Memory: Total: 61649012 kB, Available: 51639516 kB, Active: 8988052 kB, SwapTotal: 40894456 kB, SwapFree: 40861944 kB
INFO [2026-03-16 14:04:06] Memory: Total: 61649012 kB, Available: 51639520 kB, Active: 8988048 kB, SwapTotal: 40894456 kB, SwapFree: 40861944 kB
INFO [2026-03-16 14:04:07] Memory: Total: 61649012 kB, Available: 51639520 kB, Active: 8988336 kB, SwapTotal: 40894456 kB, SwapFree: 40861944 kB
INFO [2026-03-16 14:04:07] Memory: Total: 61649012 kB, Available: 51639520 kB, Active: 8988052 kB, SwapTotal: 40894456 kB, SwapFree: 40861944 kB
INFO [2026-03-16 14:04:07] Memory: Total: 61649012 kB, Available: 51639520 kB, Active: 8988056 kB, SwapTotal: 40894456 kB, SwapFree: 40861944 kB
INFO [2026-03-16 14:04:07] Memory: Total: 61649012 kB, Available: 51639112 kB, Active: 8988056 kB, SwapTotal: 40894456 kB, SwapFree: 40861944 kB
INFO [2026-03-16 14:04:07] Memory: Total: 61649012 kB, Available: 51639112 kB, Active: 8988056 kB, SwapTotal: 40894456 kB, SwapFree: 40861944 kB
INFO [2026-03-16 14:04:07] Memory: Total: 61649012 kB, Available: 51639268 kB, Active: 8988056 kB, SwapTotal: 40894456 kB, SwapFree: 40861944 kB
INFO [2026-03-16 14:04:07] Memory: Total: 61649012 kB, Available: 51639268 kB, Active: 8988056 kB, SwapTotal: 40894456 kB, SwapFree: 40861944 kB
INFO [2026-03-16 14:04:07] Memory: Total: 61649012 kB, Available: 51639268 kB, Active: 8988380 kB, SwapTotal: 40894456 kB, SwapFree: 40861944 kB
INFO [2026-03-16 14:04:07] Memory: Total: 61649012 kB, Available: 51639268 kB, Active: 8988076 kB, SwapTotal: 40894456 kB, SwapFree: 40861944 kB
INFO [2026-03-16 14:04:07] Memory: Total: 61649012 kB, Available: 51639268 kB, Active: 8988076 kB, SwapTotal: 40894456 kB, SwapFree: 40861944 kB
INFO [2026-03-16 14:04:07] Memory: Total: 61649012 kB, Available: 51639268 kB, Active: 8988076 kB, SwapTotal: 40894456 kB, SwapFree: 40861944 kB
INFO [2026-03-16 14:04:07] Memory: Total: 61649012 kB, Available: 51639268 kB, Active: 8988076 kB, SwapTotal: 40894456 kB, SwapFree: 40861944 kB
INFO [2026-03-16 14:04:07] Memory: Total: 61649012 kB, Available: 51639268 kB, Active: 8988076 kB, SwapTotal: 40894456 kB, SwapFree: 40861944 kB
INFO [2026-03-16 14:04:07] Memory: Total: 61649012 kB, Available: 51639268 kB, Active: 8988480 kB, SwapTotal: 40894456 kB, SwapFree: 40861944 kB
INFO [2026-03-16 14:04:07] Memory: Total: 61649012 kB, Available: 51639268 kB, Active: 8988164 kB, SwapTotal: 40894456 kB, SwapFree: 40861944 kB
INFO [2026-03-16 14:04:08] Memory: Total: 61649012 kB, Available: 51639268 kB, Active: 8988448 kB, SwapTotal: 40894456 kB, SwapFree: 40861944 kB
INFO [2026-03-16 14:04:08] Memory: Total: 61649012 kB, Available: 51638856 kB, Active: 8988448 kB, SwapTotal: 40894456 kB, SwapFree: 40861944 kB
INFO [2026-03-16 14:04:08] Memory: Total: 61649012 kB, Available: 51639016 kB, Active: 8988164 kB, SwapTotal: 40894456 kB, SwapFree: 40861944 kB
INFO [2026-03-16 14:04:08] Memory: Total: 61649012 kB, Available: 51639016 kB, Active: 8988164 kB, SwapTotal: 40894456 kB, SwapFree: 40861944 kB
INFO [2026-03-16 14:04:08] Memory: Total: 61649012 kB, Available: 51639016 kB, Active: 8988172 kB, SwapTotal: 40894456 kB, SwapFree: 40861944 kB
INFO [2026-03-16 14:04:08] Memory: Total: 61649012 kB, Available: 51639016 kB, Active: 8988492 kB, SwapTotal: 40894456 kB, SwapFree: 40861944 kB
INFO [2026-03-16 14:04:08] Memory: Total: 61649012 kB, Available: 51639016 kB, Active: 8988180 kB, SwapTotal: 40894456 kB, SwapFree: 40861944 kB
INFO [2026-03-16 14:04:08] Memory: Total: 61649012 kB, Available: 51639016 kB, Active: 8988180 kB, SwapTotal: 40894456 kB, SwapFree: 40861944 kB
INFO [2026-03-16 14:04:08] Memory: Total: 61649012 kB, Available: 51639016 kB, Active: 8988180 kB, SwapTotal: 40894456 kB, SwapFree: 40861944 kB
INFO [2026-03-16 14:04:08] Memory: Total: 61649012 kB, Available: 51639016 kB, Active: 8988180 kB, SwapTotal: 40894456 kB, SwapFree: 40861944 kB
INFO [2026-03-16 14:04:08] Memory: Total: 61649012 kB, Available: 51639016 kB, Active: 8988180 kB, SwapTotal: 40894456 kB, SwapFree: 40861944 kB
INFO [2026-03-16 14:04:08] Memory: Total: 61649012 kB, Available: 51639016 kB, Active: 8988180 kB, SwapTotal: 40894456 kB, SwapFree: 40861944 kB
INFO [2026-03-16 14:04:08] Memory: Total: 61649012 kB, Available: 51639016 kB, Active: 8988504 kB, SwapTotal: 40894456 kB, SwapFree: 40861944 kB
INFO [2026-03-16 14:04:08] Memory: Total: 61649012 kB, Available: 51639020 kB, Active: 8988204 kB, SwapTotal: 40894456 kB, SwapFree: 40861944 kB
INFO [2026-03-16 14:04:08] Memory: Total: 61649012 kB, Available: 51639020 kB, Active: 8988204 kB, SwapTotal: 40894456 kB, SwapFree: 40861944 kB
INFO [2026-03-16 14:04:08] Memory: Total: 61649012 kB, Available: 51639020 kB, Active: 8988368 kB, SwapTotal: 40894456 kB, SwapFree: 40861944 kB
INFO [2026-03-16 14:04:09] Memory: Total: 61649012 kB, Available: 51639020 kB, Active: 8988488 kB, SwapTotal: 40894456 kB, SwapFree: 40861944 kB
INFO [2026-03-16 14:04:09] Memory: Total: 61649012 kB, Available: 51639020 kB, Active: 8988204 kB, SwapTotal: 40894456 kB, SwapFree: 40861944 kB
INFO [2026-03-16 14:04:09] Memory: Total: 61649012 kB, Available: 51639020 kB, Active: 8988216 kB, SwapTotal: 40894456 kB, SwapFree: 40861944 kB
INFO [2026-03-16 14:04:09] Memory: Total: 61649012 kB, Available: 51638604 kB, Active: 8988220 kB, SwapTotal: 40894456 kB, SwapFree: 40861944 kB
INFO [2026-03-16 14:04:09] Memory: Total: 61649012 kB, Available: 51638516 kB, Active: 8988220 kB, SwapTotal: 40894456 kB, SwapFree: 40861944 kB
INFO [2026-03-16 14:04:09] Memory: Total: 61649012 kB, Available: 51638516 kB, Active: 8988220 kB, SwapTotal: 40894456 kB, SwapFree: 40861944 kB
INFO [2026-03-16 14:04:09] Memory: Total: 61649012 kB, Available: 51638516 kB, Active: 8988220 kB, SwapTotal: 40894456 kB, SwapFree: 40861944 kB
INFO [2026-03-16 14:04:09] Memory: Total: 61649012 kB, Available: 51638516 kB, Active: 8988220 kB, SwapTotal: 40894456 kB, SwapFree: 40861944 kB
INFO [2026-03-16 14:04:09] Memory: Total: 61649012 kB, Available: 51638516 kB, Active: 8988220 kB, SwapTotal: 40894456 kB, SwapFree: 40861944 kB
INFO [2026-03-16 14:04:09] Memory: Total: 61649012 kB, Available: 51638516 kB, Active: 8988224 kB, SwapTotal: 40894456 kB, SwapFree: 40861944 kB
INFO [2026-03-16 14:04:09] Memory: Total: 61649012 kB, Available: 51638516 kB, Active: 8988224 kB, SwapTotal: 40894456 kB, SwapFree: 40861944 kB
INFO [2026-03-16 14:04:09] Memory: Total: 61649012 kB, Available: 51638516 kB, Active: 8988224 kB, SwapTotal: 40894456 kB, SwapFree: 40861944 kB
INFO [2026-03-16 14:04:09] Memory: Total: 61649012 kB, Available: 51638516 kB, Active: 8988548 kB, SwapTotal: 40894456 kB, SwapFree: 40861944 kB
INFO [2026-03-16 14:04:09] Memory: Total: 61649012 kB, Available: 51638516 kB, Active: 8988280 kB, SwapTotal: 40894456 kB, SwapFree: 40861944 kB
INFO [2026-03-16 14:04:09] Memory: Total: 61649012 kB, Available: 51638516 kB, Active: 8988460 kB, SwapTotal: 40894456 kB, SwapFree: 40861944 kB
INFO [2026-03-16 14:04:10] Memory: Total: 61649012 kB, Available: 51638516 kB, Active: 8988400 kB, SwapTotal: 40894456 kB, SwapFree: 40861944 kB
INFO [2026-03-16 14:04:10] Memory: Total: 61649012 kB, Available: 51638516 kB, Active: 8988400 kB, SwapTotal: 40894456 kB, SwapFree: 40861944 kB
INFO [2026-03-16 14:04:10] Memory: Total: 61649012 kB, Available: 51638516 kB, Active: 8988400 kB, SwapTotal: 40894456 kB, SwapFree: 40861944 kB
INFO [2026-03-16 14:04:10] Memory: Total: 61649012 kB, Available: 51638516 kB, Active: 8988724 kB, SwapTotal: 40894456 kB, SwapFree: 40861944 kB
INFO [2026-03-16 14:04:10] Memory: Total: 61649012 kB, Available: 51638516 kB, Active: 8988420 kB, SwapTotal: 40894456 kB, SwapFree: 40861944 kB
INFO [2026-03-16 14:04:10] Memory: Total: 61649012 kB, Available: 51638516 kB, Active: 8988420 kB, SwapTotal: 40894456 kB, SwapFree: 40861944 kB
INFO [2026-03-16 14:04:10] Memory: Total: 61649012 kB, Available: 51638516 kB, Active: 8988424 kB, SwapTotal: 40894456 kB, SwapFree: 40861944 kB
INFO [2026-03-16 14:04:10] Memory: Total: 61649012 kB, Available: 51638516 kB, Active: 8988424 kB, SwapTotal: 40894456 kB, SwapFree: 40861944 kB
INFO [2026-03-16 14:04:10] Memory: Total: 61649012 kB, Available: 51638516 kB, Active: 8988424 kB, SwapTotal: 40894456 kB, SwapFree: 40861944 kB
INFO [2026-03-16 14:04:10] Memory: Total: 61649012 kB, Available: 51638516 kB, Active: 8988424 kB, SwapTotal: 40894456 kB, SwapFree: 40861944 kB
INFO [2026-03-16 14:04:10] Memory: Total: 61649012 kB, Available: 51638516 kB, Active: 8988424 kB, SwapTotal: 40894456 kB, SwapFree: 40861944 kB
INFO [2026-03-16 14:04:10] Memory: Total: 61649012 kB, Available: 51638516 kB, Active: 8988424 kB, SwapTotal: 40894456 kB, SwapFree: 40861944 kB
INFO [2026-03-16 14:04:10] Memory: Total: 61649012 kB, Available: 51638516 kB, Active: 8988424 kB, SwapTotal: 40894456 kB, SwapFree: 40861944 kB
INFO [2026-03-16 14:04:10] Memory: Total: 61649012 kB, Available: 51638520 kB, Active: 8988884 kB, SwapTotal: 40894456 kB, SwapFree: 40861944 kB
INFO [2026-03-16 14:04:10] Memory: Total: 61649012 kB, Available: 51638520 kB, Active: 8988584 kB, SwapTotal: 40894456 kB, SwapFree: 40861944 kB
INFO [2026-03-16 14:04:10] Memory: Total: 61649012 kB, Available: 51638520 kB, Active: 8988584 kB, SwapTotal: 40894456 kB, SwapFree: 40861944 kB
INFO [2026-03-16 14:04:11] Memory: Total: 61649012 kB, Available: 51638520 kB, Active: 8988584 kB, SwapTotal: 40894456 kB, SwapFree: 40861944 kB
INFO [2026-03-16 14:04:11] Memory: Total: 61649012 kB, Available: 51638520 kB, Active: 8988584 kB, SwapTotal: 40894456 kB, SwapFree: 40861944 kB
INFO [2026-03-16 14:04:11] Memory: Total: 61649012 kB, Available: 51638520 kB, Active: 8988584 kB, SwapTotal: 40894456 kB, SwapFree: 40861944 kB
INFO [2026-03-16 14:04:11] Memory: Total: 61649012 kB, Available: 51638520 kB, Active: 8988584 kB, SwapTotal: 40894456 kB, SwapFree: 40861944 kB
INFO [2026-03-16 14:04:11] Memory: Total: 61649012 kB, Available: 51638520 kB, Active: 8988908 kB, SwapTotal: 40894456 kB, SwapFree: 40861944 kB
INFO [2026-03-16 14:04:11] Memory: Total: 61649012 kB, Available: 51638520 kB, Active: 8988600 kB, SwapTotal: 40894456 kB, SwapFree: 40861944 kB
INFO [2026-03-16 14:04:11] Memory: Total: 61649012 kB, Available: 51638520 kB, Active: 8988600 kB, SwapTotal: 40894456 kB, SwapFree: 40861944 kB
INFO [2026-03-16 14:04:11] Memory: Total: 61649012 kB, Available: 51638520 kB, Active: 8988600 kB, SwapTotal: 40894456 kB, SwapFree: 40861944 kB
INFO [2026-03-16 14:04:11] Memory: Total: 61649012 kB, Available: 51638520 kB, Active: 8988600 kB, SwapTotal: 40894456 kB, SwapFree: 40861944 kB
INFO [2026-03-16 14:04:11] Memory: Total: 61649012 kB, Available: 51638520 kB, Active: 8988600 kB, SwapTotal: 40894456 kB, SwapFree: 40861944 kB
INFO [2026-03-16 14:04:11] Memory: Total: 61649012 kB, Available: 51638520 kB, Active: 8988600 kB, SwapTotal: 40894456 kB, SwapFree: 40861944 kB
INFO [2026-03-16 14:04:11] Memory: Total: 61649012 kB, Available: 51638520 kB, Active: 8988924 kB, SwapTotal: 40894456 kB, SwapFree: 40861944 kB
INFO [2026-03-16 14:04:11] Memory: Total: 61649012 kB, Available: 51638520 kB, Active: 8988624 kB, SwapTotal: 40894456 kB, SwapFree: 40861944 kB
INFO [2026-03-16 14:04:11] Memory: Total: 61649012 kB, Available: 51638520 kB, Active: 8987920 kB, SwapTotal: 40894456 kB, SwapFree: 40861944 kB
INFO [2026-03-16 14:04:11] Memory: Total: 61649012 kB, Available: 51643020 kB, Active: 8987780 kB, SwapTotal: 40894456 kB, SwapFree: 40861944 kB
INFO [2026-03-16 14:04:12] Memory: Total: 61649012 kB, Available: 51643020 kB, Active: 8987772 kB, SwapTotal: 40894456 kB, SwapFree: 40861944 kB
INFO [2026-03-16 14:04:12] Memory: Total: 61649012 kB, Available: 51643020 kB, Active: 8987772 kB, SwapTotal: 40894456 kB, SwapFree: 40861944 kB
INFO [2026-03-16 14:04:12] Memory: Total: 61649012 kB, Available: 51643020 kB, Active: 8988096 kB, SwapTotal: 40894456 kB, SwapFree: 40861944 kB
INFO [2026-03-16 14:04:12] Memory: Total: 61649012 kB, Available: 51643020 kB, Active: 8987792 kB, SwapTotal: 40894456 kB, SwapFree: 40861944 kB
INFO [2026-03-16 14:04:12] Memory: Total: 61649012 kB, Available: 51643020 kB, Active: 8987792 kB, SwapTotal: 40894456 kB, SwapFree: 40861944 kB
INFO [2026-03-16 14:04:12] Memory: Total: 61649012 kB, Available: 51643020 kB, Active: 8987792 kB, SwapTotal: 40894456 kB, SwapFree: 40861944 kB
INFO [2026-03-16 14:04:12] Memory: Total: 61649012 kB, Available: 51643020 kB, Active: 8987792 kB, SwapTotal: 40894456 kB, SwapFree: 40861944 kB
INFO [2026-03-16 14:04:12] Memory: Total: 61649012 kB, Available: 51643020 kB, Active: 8987792 kB, SwapTotal: 40894456 kB, SwapFree: 40861944 kB
INFO [2026-03-16 14:04:12] Memory: Total: 61649012 kB, Available: 51643020 kB, Active: 8988116 kB, SwapTotal: 40894456 kB, SwapFree: 40861944 kB
INFO [2026-03-16 14:04:12] Memory: Total: 61649012 kB, Available: 51643020 kB, Active: 8987800 kB, SwapTotal: 40894456 kB, SwapFree: 40861944 kB
INFO [2026-03-16 14:04:12] Memory: Total: 61649012 kB, Available: 51643020 kB, Active: 8987800 kB, SwapTotal: 40894456 kB, SwapFree: 40861944 kB
INFO [2026-03-16 14:04:12] Memory: Total: 61649012 kB, Available: 51643020 kB, Active: 8987800 kB, SwapTotal: 40894456 kB, SwapFree: 40861944 kB
INFO [2026-03-16 14:04:12] Memory: Total: 61649012 kB, Available: 51643020 kB, Active: 8987800 kB, SwapTotal: 40894456 kB, SwapFree: 40861944 kB
INFO [2026-03-16 14:04:12] Memory: Total: 61649012 kB, Available: 51643020 kB, Active: 8987800 kB, SwapTotal: 40894456 kB, SwapFree: 40861944 kB
INFO [2026-03-16 14:04:12] Memory: Total: 61649012 kB, Available: 51643024 kB, Active: 8987872 kB, SwapTotal: 40894456 kB, SwapFree: 40861944 kB
INFO [2026-03-16 14:04:12] Memory: Total: 61649012 kB, Available: 51643540 kB, Active: 8988276 kB, SwapTotal: 40894456 kB, SwapFree: 40861944 kB
INFO [2026-03-16 14:04:13] Memory: Total: 61649012 kB, Available: 51643540 kB, Active: 8988016 kB, SwapTotal: 40894456 kB, SwapFree: 40861944 kB
INFO [2026-03-16 14:04:13] Memory: Total: 61649012 kB, Available: 51643540 kB, Active: 8988016 kB, SwapTotal: 40894456 kB, SwapFree: 40861944 kB
INFO [2026-03-16 14:04:13] Memory: Total: 61649012 kB, Available: 51643540 kB, Active: 8988016 kB, SwapTotal: 40894456 kB, SwapFree: 40861944 kB
INFO [2026-03-16 14:04:13] Memory: Total: 61649012 kB, Available: 51643288 kB, Active: 8988024 kB, SwapTotal: 40894456 kB, SwapFree: 40861944 kB
INFO [2026-03-16 14:04:13] Memory: Total: 61649012 kB, Available: 51643288 kB, Active: 8988024 kB, SwapTotal: 40894456 kB, SwapFree: 40861944 kB
INFO [2026-03-16 14:04:13] Memory: Total: 61649012 kB, Available: 51643288 kB, Active: 8988024 kB, SwapTotal: 40894456 kB, SwapFree: 40861944 kB
INFO [2026-03-16 14:04:13] Memory: Total: 61649012 kB, Available: 51643288 kB, Active: 8988352 kB, SwapTotal: 40894456 kB, SwapFree: 40861944 kB
INFO [2026-03-16 14:04:13] Memory: Total: 61649012 kB, Available: 51643288 kB, Active: 8988456 kB, SwapTotal: 40894456 kB, SwapFree: 40861944 kB
INFO [2026-03-16 14:04:13] Memory: Total: 61649012 kB, Available: 51643288 kB, Active: 8988456 kB, SwapTotal: 40894456 kB, SwapFree: 40861944 kB
INFO [2026-03-16 14:04:13] Memory: Total: 61649012 kB, Available: 51643288 kB, Active: 8988456 kB, SwapTotal: 40894456 kB, SwapFree: 40861944 kB
INFO [2026-03-16 14:04:13] Memory: Total: 61649012 kB, Available: 51643288 kB, Active: 8988456 kB, SwapTotal: 40894456 kB, SwapFree: 40861944 kB
INFO [2026-03-16 14:04:13] Memory: Total: 61649012 kB, Available: 51643288 kB, Active: 8988780 kB, SwapTotal: 40894456 kB, SwapFree: 40861944 kB
INFO [2026-03-16 14:04:13] Memory: Total: 61649012 kB, Available: 51643288 kB, Active: 8988544 kB, SwapTotal: 40894456 kB, SwapFree: 40861944 kB
INFO [2026-03-16 14:04:13] Memory: Total: 61649012 kB, Available: 51643288 kB, Active: 8988544 kB, SwapTotal: 40894456 kB, SwapFree: 40861944 kB
INFO [2026-03-16 14:04:13] Memory: Total: 61649012 kB, Available: 51643288 kB, Active: 8988472 kB, SwapTotal: 40894456 kB, SwapFree: 40861944 kB
INFO [2026-03-16 14:04:13] Memory: Total: 61649012 kB, Available: 51643288 kB, Active: 8988312 kB, SwapTotal: 40894456 kB, SwapFree: 40861944 kB
INFO [2026-03-16 14:04:13] Memory: Total: 61649012 kB, Available: 51643288 kB, Active: 8988312 kB, SwapTotal: 40894456 kB, SwapFree: 40861944 kB
INFO [2026-03-16 14:04:14] Memory: Total: 61649012 kB, Available: 51643288 kB, Active: 8988312 kB, SwapTotal: 40894456 kB, SwapFree: 40861944 kB
INFO [2026-03-16 14:04:14] Memory: Total: 61649012 kB, Available: 51643288 kB, Active: 8988636 kB, SwapTotal: 40894456 kB, SwapFree: 40861944 kB
INFO [2026-03-16 14:04:14] Memory: Total: 61649012 kB, Available: 51643288 kB, Active: 8988408 kB, SwapTotal: 40894456 kB, SwapFree: 40861944 kB
INFO [2026-03-16 14:04:14] Memory: Total: 61649012 kB, Available: 51643288 kB, Active: 8988408 kB, SwapTotal: 40894456 kB, SwapFree: 40861944 kB
INFO [2026-03-16 14:04:14] Memory: Total: 61649012 kB, Available: 51643288 kB, Active: 8988408 kB, SwapTotal: 40894456 kB, SwapFree: 40861944 kB
INFO [2026-03-16 14:04:14] Memory: Total: 61649012 kB, Available: 51643288 kB, Active: 8988408 kB, SwapTotal: 40894456 kB, SwapFree: 40861944 kB
INFO [2026-03-16 14:04:14] Memory: Total: 61649012 kB, Available: 51643288 kB, Active: 8988408 kB, SwapTotal: 40894456 kB, SwapFree: 40861944 kB
INFO [2026-03-16 14:04:14] Memory: Total: 61649012 kB, Available: 51643288 kB, Active: 8988408 kB, SwapTotal: 40894456 kB, SwapFree: 40861944 kB
INFO [2026-03-16 14:04:14] Memory: Total: 61649012 kB, Available: 51643288 kB, Active: 8988736 kB, SwapTotal: 40894456 kB, SwapFree: 40861944 kB
INFO [2026-03-16 14:04:14] Memory: Total: 61649012 kB, Available: 51643288 kB, Active: 8988500 kB, SwapTotal: 40894456 kB, SwapFree: 40861944 kB
INFO [2026-03-16 14:04:14] Memory: Total: 61649012 kB, Available: 51643288 kB, Active: 8988500 kB, SwapTotal: 40894456 kB, SwapFree: 40861944 kB
INFO [2026-03-16 14:04:14] Memory: Total: 61649012 kB, Available: 51643288 kB, Active: 8988500 kB, SwapTotal: 40894456 kB, SwapFree: 40861944 kB
INFO [2026-03-16 14:04:14] Memory: Total: 61649012 kB, Available: 51643228 kB, Active: 8988832 kB, SwapTotal: 40894456 kB, SwapFree: 40861944 kB
INFO [2026-03-16 14:04:14] Memory: Total: 61649012 kB, Available: 51643228 kB, Active: 8988544 kB, SwapTotal: 40894456 kB, SwapFree: 40861944 kB
INFO [2026-03-16 14:04:15] Memory: Total: 61649012 kB, Available: 51643228 kB, Active: 8988544 kB, SwapTotal: 40894456 kB, SwapFree: 40861944 kB
INFO [2026-03-16 14:04:15] Memory: Total: 61649012 kB, Available: 51643228 kB, Active: 8988544 kB, SwapTotal: 40894456 kB, SwapFree: 40861944 kB
INFO [2026-03-16 14:04:15] Memory: Total: 61649012 kB, Available: 51643228 kB, Active: 8988544 kB, SwapTotal: 40894456 kB, SwapFree: 40861944 kB
INFO [2026-03-16 14:04:15] Memory: Total: 61649012 kB, Available: 51643228 kB, Active: 8988668 kB, SwapTotal: 40894456 kB, SwapFree: 40861944 kB
INFO [2026-03-16 14:04:15] Memory: Total: 61649012 kB, Available: 51643228 kB, Active: 8988668 kB, SwapTotal: 40894456 kB, SwapFree: 40861944 kB
INFO [2026-03-16 14:04:15] Memory: Total: 61649012 kB, Available: 51643228 kB, Active: 8988668 kB, SwapTotal: 40894456 kB, SwapFree: 40861944 kB
INFO [2026-03-16 14:04:15] Memory: Total: 61649012 kB, Available: 51643228 kB, Active: 8988992 kB, SwapTotal: 40894456 kB, SwapFree: 40861944 kB
INFO [2026-03-16 14:04:15] Memory: Total: 61649012 kB, Available: 51643228 kB, Active: 8988736 kB, SwapTotal: 40894456 kB, SwapFree: 40861944 kB
INFO [2026-03-16 14:04:15] Memory: Total: 61649012 kB, Available: 51643228 kB, Active: 8988736 kB, SwapTotal: 40894456 kB, SwapFree: 40861944 kB
INFO [2026-03-16 14:04:15] Memory: Total: 61649012 kB, Available: 51643228 kB, Active: 8988736 kB, SwapTotal: 40894456 kB, SwapFree: 40861944 kB
INFO [2026-03-16 14:04:15] Memory: Total: 61649012 kB, Available: 51643228 kB, Active: 8988736 kB, SwapTotal: 40894456 kB, SwapFree: 40861944 kB
INFO [2026-03-16 14:04:15] Memory: Total: 61649012 kB, Available: 51643228 kB, Active: 8988736 kB, SwapTotal: 40894456 kB, SwapFree: 40861944 kB
INFO [2026-03-16 14:04:15] Memory: Total: 61649012 kB, Available: 51643228 kB, Active: 8989060 kB, SwapTotal: 40894456 kB, SwapFree: 40861944 kB
INFO [2026-03-16 14:04:15] Memory: Total: 61649012 kB, Available: 51643228 kB, Active: 8988832 kB, SwapTotal: 40894456 kB, SwapFree: 40861944 kB
INFO [2026-03-16 14:04:15] Memory: Total: 61649012 kB, Available: 51643228 kB, Active: 8988872 kB, SwapTotal: 40894456 kB, SwapFree: 40861944 kB
INFO [2026-03-16 14:04:15] Memory: Total: 61649012 kB, Available: 51643228 kB, Active: 8988872 kB, SwapTotal: 40894456 kB, SwapFree: 40861944 kB
INFO [2026-03-16 14:04:15] Memory: Total: 61649012 kB, Available: 51643224 kB, Active: 8988872 kB, SwapTotal: 40894456 kB, SwapFree: 40861944 kB
INFO [2026-03-16 14:04:16] Memory: Total: 61649012 kB, Available: 51643224 kB, Active: 8988872 kB, SwapTotal: 40894456 kB, SwapFree: 40861944 kB
INFO [2026-03-16 14:04:16] Memory: Total: 61649012 kB, Available: 51643224 kB, Active: 8988996 kB, SwapTotal: 40894456 kB, SwapFree: 40861944 kB
INFO [2026-03-16 14:04:16] Memory: Total: 61649012 kB, Available: 51643224 kB, Active: 8989320 kB, SwapTotal: 40894456 kB, SwapFree: 40861944 kB
INFO [2026-03-16 14:04:16] Memory: Total: 61649012 kB, Available: 51643224 kB, Active: 8989028 kB, SwapTotal: 40894456 kB, SwapFree: 40861944 kB
INFO [2026-03-16 14:04:16] Memory: Total: 61649012 kB, Available: 51643224 kB, Active: 8989028 kB, SwapTotal: 40894456 kB, SwapFree: 40861944 kB
INFO [2026-03-16 14:04:16] Memory: Total: 61649012 kB, Available: 51643224 kB, Active: 8989028 kB, SwapTotal: 40894456 kB, SwapFree: 40861944 kB
INFO [2026-03-16 14:04:16] Memory: Total: 61649012 kB, Available: 51643224 kB, Active: 8989152 kB, SwapTotal: 40894456 kB, SwapFree: 40861944 kB
INFO [2026-03-16 14:04:16] Memory: Total: 61649012 kB, Available: 51643224 kB, Active: 8989276 kB, SwapTotal: 40894456 kB, SwapFree: 40861944 kB
INFO [2026-03-16 14:04:16] Memory: Total: 61649012 kB, Available: 51643224 kB, Active: 8989400 kB, SwapTotal: 40894456 kB, SwapFree: 40861944 kB
INFO [2026-03-16 14:04:16] Memory: Total: 61649012 kB, Available: 51643224 kB, Active: 8989736 kB, SwapTotal: 40894456 kB, SwapFree: 40861944 kB
INFO [2026-03-16 14:04:16] Memory: Total: 61649012 kB, Available: 51643224 kB, Active: 8989736 kB, SwapTotal: 40894456 kB, SwapFree: 40861944 kB
INFO [2026-03-16 14:04:16] Memory: Total: 61649012 kB, Available: 51643224 kB, Active: 8989752 kB, SwapTotal: 40894456 kB, SwapFree: 40861944 kB
INFO [2026-03-16 14:04:16] Memory: Total: 61649012 kB, Available: 51643224 kB, Active: 8989560 kB, SwapTotal: 40894456 kB, SwapFree: 40861944 kB
INFO [2026-03-16 14:04:17] Memory: Total: 61649012 kB, Available: 51643228 kB, Active: 8990176 kB, SwapTotal: 40894456 kB, SwapFree: 40861944 kB
INFO [2026-03-16 14:04:17] Memory: Total: 61649012 kB, Available: 51643228 kB, Active: 8989888 kB, SwapTotal: 40894456 kB, SwapFree: 40861944 kB
INFO [2026-03-16 14:04:17] Memory: Total: 61649012 kB, Available: 51643228 kB, Active: 8989888 kB, SwapTotal: 40894456 kB, SwapFree: 40861944 kB
INFO [2026-03-16 14:04:17] Memory: Total: 61649012 kB, Available: 51643228 kB, Active: 8989888 kB, SwapTotal: 40894456 kB, SwapFree: 40861944 kB
INFO [2026-03-16 14:04:17] Memory: Total: 61649012 kB, Available: 51643236 kB, Active: 8990004 kB, SwapTotal: 40894456 kB, SwapFree: 40861944 kB
INFO [2026-03-16 14:04:17] Memory: Total: 61649012 kB, Available: 51643236 kB, Active: 8990004 kB, SwapTotal: 40894456 kB, SwapFree: 40861944 kB
INFO [2026-03-16 14:04:17] Memory: Total: 61649012 kB, Available: 51643240 kB, Active: 8990124 kB, SwapTotal: 40894456 kB, SwapFree: 40861944 kB
INFO [2026-03-16 14:04:17] Memory: Total: 61649012 kB, Available: 51643240 kB, Active: 8990372 kB, SwapTotal: 40894456 kB, SwapFree: 40861944 kB
INFO [2026-03-16 14:04:17] Memory: Total: 61649012 kB, Available: 51643240 kB, Active: 8990372 kB, SwapTotal: 40894456 kB, SwapFree: 40861944 kB
INFO [2026-03-16 14:04:17] Memory: Total: 61649012 kB, Available: 51643240 kB, Active: 8990696 kB, SwapTotal: 40894456 kB, SwapFree: 40861944 kB
INFO [2026-03-16 14:04:17] Memory: Total: 61649012 kB, Available: 51643240 kB, Active: 8990476 kB, SwapTotal: 40894456 kB, SwapFree: 40861944 kB
INFO [2026-03-16 14:04:17] Memory: Total: 61649012 kB, Available: 51643240 kB, Active: 8990476 kB, SwapTotal: 40894456 kB, SwapFree: 40861944 kB
INFO [2026-03-16 14:04:17] Memory: Total: 61649012 kB, Available: 51643240 kB, Active: 8990600 kB, SwapTotal: 40894456 kB, SwapFree: 40861944 kB
INFO [2026-03-16 14:04:17] Memory: Total: 61649012 kB, Available: 51643240 kB, Active: 8990848 kB, SwapTotal: 40894456 kB, SwapFree: 40861944 kB
INFO [2026-03-16 14:04:17] Memory: Total: 61649012 kB, Available: 51643240 kB, Active: 8990848 kB, SwapTotal: 40894456 kB, SwapFree: 40861944 kB
INFO [2026-03-16 14:04:17] Memory: Total: 61649012 kB, Available: 51643240 kB, Active: 8991184 kB, SwapTotal: 40894456 kB, SwapFree: 40861944 kB
INFO [2026-03-16 14:04:17] Memory: Total: 61649012 kB, Available: 51643240 kB, Active: 8991184 kB, SwapTotal: 40894456 kB, SwapFree: 40861944 kB
INFO [2026-03-16 14:04:17] Memory: Total: 61649012 kB, Available: 51643240 kB, Active: 8991100 kB, SwapTotal: 40894456 kB, SwapFree: 40861944 kB
INFO [2026-03-16 14:04:17] Memory: Total: 61649012 kB, Available: 51643240 kB, Active: 8991224 kB, SwapTotal: 40894456 kB, SwapFree: 40861944 kB
INFO [2026-03-16 14:04:18] Memory: Total: 61649012 kB, Available: 51643240 kB, Active: 8991472 kB, SwapTotal: 40894456 kB, SwapFree: 40861944 kB
INFO [2026-03-16 14:04:18] Memory: Total: 61649012 kB, Available: 51642988 kB, Active: 8991600 kB, SwapTotal: 40894456 kB, SwapFree: 40861944 kB
INFO [2026-03-16 14:04:18] Memory: Total: 61649012 kB, Available: 51642988 kB, Active: 8991724 kB, SwapTotal: 40894456 kB, SwapFree: 40861944 kB
INFO [2026-03-16 14:04:18] Memory: Total: 61649012 kB, Available: 51642988 kB, Active: 8992048 kB, SwapTotal: 40894456 kB, SwapFree: 40861944 kB
INFO [2026-03-16 14:04:18] Memory: Total: 61649012 kB, Available: 51642736 kB, Active: 8991752 kB, SwapTotal: 40894456 kB, SwapFree: 40861944 kB
INFO [2026-03-16 14:04:18] Memory: Total: 61649012 kB, Available: 51642736 kB, Active: 8992000 kB, SwapTotal: 40894456 kB, SwapFree: 40861944 kB
INFO [2026-03-16 14:04:18] Memory: Total: 61649012 kB, Available: 51642116 kB, Active: 8992572 kB, SwapTotal: 40894456 kB, SwapFree: 40861944 kB
INFO [2026-03-16 14:04:18] Memory: Total: 61649012 kB, Available: 51642116 kB, Active: 8992572 kB, SwapTotal: 40894456 kB, SwapFree: 40861944 kB
INFO [2026-03-16 14:04:18] Memory: Total: 61649012 kB, Available: 51642232 kB, Active: 8992384 kB, SwapTotal: 40894456 kB, SwapFree: 40861944 kB
INFO [2026-03-16 14:04:18] Memory: Total: 61649012 kB, Available: 51642232 kB, Active: 8992384 kB, SwapTotal: 40894456 kB, SwapFree: 40861944 kB
INFO [2026-03-16 14:04:18] Memory: Total: 61649012 kB, Available: 51642232 kB, Active: 8992384 kB, SwapTotal: 40894456 kB, SwapFree: 40861944 kB
INFO [2026-03-16 14:04:18] Memory: Total: 61649012 kB, Available: 51642232 kB, Active: 8992508 kB, SwapTotal: 40894456 kB, SwapFree: 40861944 kB
INFO [2026-03-16 14:04:18] Memory: Total: 61649012 kB, Available: 51641476 kB, Active: 8993360 kB, SwapTotal: 40894456 kB, SwapFree: 40861944 kB
INFO [2026-03-16 14:04:18] Memory: Total: 61649012 kB, Available: 51641476 kB, Active: 8993072 kB, SwapTotal: 40894456 kB, SwapFree: 40861944 kB
INFO [2026-03-16 14:04:19] Memory: Total: 61649012 kB, Available: 51641476 kB, Active: 8993356 kB, SwapTotal: 40894456 kB, SwapFree: 40861944 kB
INFO [2026-03-16 14:04:19] Memory: Total: 61649012 kB, Available: 51641476 kB, Active: 8993320 kB, SwapTotal: 40894456 kB, SwapFree: 40861944 kB
INFO [2026-03-16 14:04:19] Memory: Total: 61649012 kB, Available: 51641476 kB, Active: 8993320 kB, SwapTotal: 40894456 kB, SwapFree: 40861944 kB
INFO [2026-03-16 14:04:19] Memory: Total: 61649012 kB, Available: 51641476 kB, Active: 8993324 kB, SwapTotal: 40894456 kB, SwapFree: 40861944 kB
INFO [2026-03-16 14:04:19] Memory: Total: 61649012 kB, Available: 51641476 kB, Active: 8993324 kB, SwapTotal: 40894456 kB, SwapFree: 40861944 kB
INFO [2026-03-16 14:04:19] Memory: Total: 61649012 kB, Available: 51640324 kB, Active: 8993944 kB, SwapTotal: 40894456 kB, SwapFree: 40861944 kB
INFO [2026-03-16 14:04:19] Memory: Total: 61649012 kB, Available: 51640468 kB, Active: 8994072 kB, SwapTotal: 40894456 kB, SwapFree: 40861944 kB
INFO [2026-03-16 14:04:19] Memory: Total: 61649012 kB, Available: 51640468 kB, Active: 8994196 kB, SwapTotal: 40894456 kB, SwapFree: 40861944 kB
INFO [2026-03-16 14:04:19] Memory: Total: 61649012 kB, Available: 51640468 kB, Active: 8994196 kB, SwapTotal: 40894456 kB, SwapFree: 40861944 kB
INFO [2026-03-16 14:04:19] Memory: Total: 61649012 kB, Available: 51640468 kB, Active: 8994196 kB, SwapTotal: 40894456 kB, SwapFree: 40861944 kB
INFO [2026-03-16 14:04:19] Memory: Total: 61649012 kB, Available: 51640468 kB, Active: 8994320 kB, SwapTotal: 40894456 kB, SwapFree: 40861944 kB
INFO [2026-03-16 14:04:19] Memory: Total: 61649012 kB, Available: 51640216 kB, Active: 8994572 kB, SwapTotal: 40894456 kB, SwapFree: 40861944 kB
INFO [2026-03-16 14:04:19] Memory: Total: 61649012 kB, Available: 51639812 kB, Active: 8995020 kB, SwapTotal: 40894456 kB, SwapFree: 40861944 kB
INFO [2026-03-16 14:04:19] Memory: Total: 61649012 kB, Available: 51639712 kB, Active: 8994708 kB, SwapTotal: 40894456 kB, SwapFree: 40861944 kB
INFO [2026-03-16 14:04:19] Memory: Total: 61649012 kB, Available: 51639712 kB, Active: 8995144 kB, SwapTotal: 40894456 kB, SwapFree: 40861944 kB
INFO [2026-03-16 14:04:19] Memory: Total: 61649012 kB, Available: 51639712 kB, Active: 8995144 kB, SwapTotal: 40894456 kB, SwapFree: 40861944 kB
INFO [2026-03-16 14:04:19] Memory: Total: 61649012 kB, Available: 51639712 kB, Active: 8995308 kB, SwapTotal: 40894456 kB, SwapFree: 40861944 kB
INFO [2026-03-16 14:04:20] Memory: Total: 61649012 kB, Available: 51639712 kB, Active: 8995116 kB, SwapTotal: 40894456 kB, SwapFree: 40861944 kB
INFO [2026-03-16 14:04:20] Memory: Total: 61649012 kB, Available: 51639300 kB, Active: 8995444 kB, SwapTotal: 40894456 kB, SwapFree: 40861944 kB
INFO [2026-03-16 14:04:20] Memory: Total: 61649012 kB, Available: 51639300 kB, Active: 8995444 kB, SwapTotal: 40894456 kB, SwapFree: 40861944 kB
INFO [2026-03-16 14:04:20] Memory: Total: 61649012 kB, Available: 51639460 kB, Active: 8995232 kB, SwapTotal: 40894456 kB, SwapFree: 40861944 kB
INFO [2026-03-16 14:04:20] Memory: Total: 61649012 kB, Available: 51639044 kB, Active: 8995680 kB, SwapTotal: 40894456 kB, SwapFree: 40861944 kB
INFO [2026-03-16 14:04:20] Memory: Total: 61649012 kB, Available: 51639208 kB, Active: 8995396 kB, SwapTotal: 40894456 kB, SwapFree: 40861944 kB
INFO [2026-03-16 14:04:20] Memory: Total: 61649012 kB, Available: 51639208 kB, Active: 8995396 kB, SwapTotal: 40894456 kB, SwapFree: 40861944 kB
INFO [2026-03-16 14:04:20] Memory: Total: 61649012 kB, Available: 51639208 kB, Active: 8995396 kB, SwapTotal: 40894456 kB, SwapFree: 40861944 kB
INFO [2026-03-16 14:04:20] Memory: Total: 61649012 kB, Available: 51639208 kB, Active: 8995516 kB, SwapTotal: 40894456 kB, SwapFree: 40861944 kB
INFO [2026-03-16 14:04:20] Memory: Total: 61649012 kB, Available: 51639208 kB, Active: 8996036 kB, SwapTotal: 40894456 kB, SwapFree: 40861944 kB
INFO [2026-03-16 14:04:20] Memory: Total: 61649012 kB, Available: 51638788 kB, Active: 8995772 kB, SwapTotal: 40894456 kB, SwapFree: 40861944 kB
INFO [2026-03-16 14:04:20] Memory: Total: 61649012 kB, Available: 51638956 kB, Active: 8995772 kB, SwapTotal: 40894456 kB, SwapFree: 40861944 kB
INFO [2026-03-16 14:04:20] Memory: Total: 61649012 kB, Available: 51638956 kB, Active: 8996100 kB, SwapTotal: 40894456 kB, SwapFree: 40861944 kB
INFO [2026-03-16 14:04:20] Memory: Total: 61649012 kB, Available: 51638956 kB, Active: 8995964 kB, SwapTotal: 40894456 kB, SwapFree: 40861944 kB
INFO [2026-03-16 14:04:20] Memory: Total: 61649012 kB, Available: 51638956 kB, Active: 8995964 kB, SwapTotal: 40894456 kB, SwapFree: 40861944 kB
INFO [2026-03-16 14:04:21] Memory: Total: 61649012 kB, Available: 51638956 kB, Active: 8996088 kB, SwapTotal: 40894456 kB, SwapFree: 40861944 kB
INFO [2026-03-16 14:04:21] Memory: Total: 61649012 kB, Available: 51638704 kB, Active: 8996212 kB, SwapTotal: 40894456 kB, SwapFree: 40861944 kB
INFO [2026-03-16 14:04:21] Memory: Total: 61649012 kB, Available: 51638704 kB, Active: 8996332 kB, SwapTotal: 40894456 kB, SwapFree: 40861944 kB
INFO [2026-03-16 14:04:21] Memory: Total: 61649012 kB, Available: 51638704 kB, Active: 8996332 kB, SwapTotal: 40894456 kB, SwapFree: 40861944 kB
INFO [2026-03-16 14:04:21] Memory: Total: 61649012 kB, Available: 51638704 kB, Active: 8996456 kB, SwapTotal: 40894456 kB, SwapFree: 40861944 kB
INFO [2026-03-16 14:04:21] Memory: Total: 61649012 kB, Available: 51638704 kB, Active: 8996580 kB, SwapTotal: 40894456 kB, SwapFree: 40861944 kB
INFO [2026-03-16 14:04:21] Memory: Total: 61649012 kB, Available: 51638276 kB, Active: 8996580 kB, SwapTotal: 40894456 kB, SwapFree: 40861944 kB
INFO [2026-03-16 14:04:21] Memory: Total: 61649012 kB, Available: 51638200 kB, Active: 8996704 kB, SwapTotal: 40894456 kB, SwapFree: 40861944 kB
INFO [2026-03-16 14:04:21] Memory: Total: 61649012 kB, Available: 51638200 kB, Active: 8996828 kB, SwapTotal: 40894456 kB, SwapFree: 40861944 kB
INFO [2026-03-16 14:04:21] Memory: Total: 61649012 kB, Available: 51638200 kB, Active: 8996576 kB, SwapTotal: 40894456 kB, SwapFree: 40861944 kB
INFO [2026-03-16 14:04:21] Memory: Total: 61649012 kB, Available: 51638200 kB, Active: 8996700 kB, SwapTotal: 40894456 kB, SwapFree: 40861944 kB
INFO [2026-03-16 14:04:21] Memory: Total: 61649012 kB, Available: 51637696 kB, Active: 8996824 kB, SwapTotal: 40894456 kB, SwapFree: 40861944 kB
INFO [2026-03-16 14:04:21] Memory: Total: 61649012 kB, Available: 51637252 kB, Active: 8997272 kB, SwapTotal: 40894456 kB, SwapFree: 40861944 kB
INFO [2026-03-16 14:04:21] Memory: Total: 61649012 kB, Available: 51637444 kB, Active: 8997428 kB, SwapTotal: 40894456 kB, SwapFree: 40861944 kB
INFO [2026-03-16 14:04:21] Memory: Total: 61649012 kB, Available: 51637444 kB, Active: 8997428 kB, SwapTotal: 40894456 kB, SwapFree: 40861944 kB
INFO [2026-03-16 14:04:22] Memory: Total: 61649012 kB, Available: 51637444 kB, Active: 8997552 kB, SwapTotal: 40894456 kB, SwapFree: 40861944 kB
INFO [2026-03-16 14:04:22] Memory: Total: 61649012 kB, Available: 51637444 kB, Active: 8997552 kB, SwapTotal: 40894456 kB, SwapFree: 40861944 kB
INFO [2026-03-16 14:04:22] Memory: Total: 61649012 kB, Available: 51637444 kB, Active: 8997552 kB, SwapTotal: 40894456 kB, SwapFree: 40861944 kB
INFO [2026-03-16 14:04:22] Memory: Total: 61649012 kB, Available: 51637444 kB, Active: 8997676 kB, SwapTotal: 40894456 kB, SwapFree: 40861944 kB
INFO [2026-03-16 14:04:22] Memory: Total: 61649012 kB, Available: 51636996 kB, Active: 8998124 kB, SwapTotal: 40894456 kB, SwapFree: 40861944 kB
INFO [2026-03-16 14:04:22] Memory: Total: 61649012 kB, Available: 51636940 kB, Active: 8998300 kB, SwapTotal: 40894456 kB, SwapFree: 40861944 kB
INFO [2026-03-16 14:04:22] Memory: Total: 61649012 kB, Available: 51636940 kB, Active: 8998096 kB, SwapTotal: 40894456 kB, SwapFree: 40861944 kB
INFO [2026-03-16 14:04:22] Memory: Total: 61649012 kB, Available: 51636940 kB, Active: 8998096 kB, SwapTotal: 40894456 kB, SwapFree: 40861944 kB
INFO [2026-03-16 14:04:22] Memory: Total: 61649012 kB, Available: 51636940 kB, Active: 8998344 kB, SwapTotal: 40894456 kB, SwapFree: 40861944 kB
INFO [2026-03-16 14:04:22] Memory: Total: 61649012 kB, Available: 51636940 kB, Active: 8998344 kB, SwapTotal: 40894456 kB, SwapFree: 40861944 kB
INFO [2026-03-16 14:04:22] Memory: Total: 61649012 kB, Available: 51636940 kB, Active: 8998464 kB, SwapTotal: 40894456 kB, SwapFree: 40861944 kB
INFO [2026-03-16 14:04:22] Memory: Total: 61649012 kB, Available: 51636484 kB, Active: 8998788 kB, SwapTotal: 40894456 kB, SwapFree: 40861944 kB
INFO [2026-03-16 14:04:22] Memory: Total: 61649012 kB, Available: 51636228 kB, Active: 8998680 kB, SwapTotal: 40894456 kB, SwapFree: 40861944 kB
INFO [2026-03-16 14:04:22] Memory: Total: 61649012 kB, Available: 51636436 kB, Active: 8998804 kB, SwapTotal: 40894456 kB, SwapFree: 40861944 kB
INFO [2026-03-16 14:04:22] Memory: Total: 61649012 kB, Available: 51636760 kB, Active: 8999088 kB, SwapTotal: 40894456 kB, SwapFree: 40861944 kB
INFO [2026-03-16 14:04:23] Memory: Total: 61649012 kB, Available: 51636552 kB, Active: 8999052 kB, SwapTotal: 40894456 kB, SwapFree: 40861944 kB
INFO [2026-03-16 14:04:23] Memory: Total: 61649012 kB, Available: 51636048 kB, Active: 8999500 kB, SwapTotal: 40894456 kB, SwapFree: 40861944 kB
INFO [2026-03-16 14:04:23] Memory: Total: 61649012 kB, Available: 51636048 kB, Active: 8999296 kB, SwapTotal: 40894456 kB, SwapFree: 40861944 kB
INFO [2026-03-16 14:04:23] Memory: Total: 61649012 kB, Available: 51636048 kB, Active: 8999420 kB, SwapTotal: 40894456 kB, SwapFree: 40861944 kB
INFO [2026-03-16 14:04:23] Memory: Total: 61649012 kB, Available: 51636048 kB, Active: 8999420 kB, SwapTotal: 40894456 kB, SwapFree: 40861944 kB
INFO [2026-03-16 14:04:23] Memory: Total: 61649012 kB, Available: 51636048 kB, Active: 8999544 kB, SwapTotal: 40894456 kB, SwapFree: 40861944 kB
INFO [2026-03-16 14:04:23] Memory: Total: 61649012 kB, Available: 51636048 kB, Active: 8999544 kB, SwapTotal: 40894456 kB, SwapFree: 40861944 kB
INFO [2026-03-16 14:04:23] Memory: Total: 61649012 kB, Available: 51635796 kB, Active: 8999792 kB, SwapTotal: 40894456 kB, SwapFree: 40861944 kB
INFO [2026-03-16 14:04:23] Memory: Total: 61649012 kB, Available: 51635292 kB, Active: 9000040 kB, SwapTotal: 40894456 kB, SwapFree: 40861944 kB
INFO [2026-03-16 14:04:23] Memory: Total: 61649012 kB, Available: 51635292 kB, Active: 9000172 kB, SwapTotal: 40894456 kB, SwapFree: 40861944 kB
INFO [2026-03-16 14:04:23] Memory: Total: 61649012 kB, Available: 51635292 kB, Active: 9000296 kB, SwapTotal: 40894456 kB, SwapFree: 40861944 kB
INFO [2026-03-16 14:04:23] Memory: Total: 61649012 kB, Available: 51635292 kB, Active: 9000296 kB, SwapTotal: 40894456 kB, SwapFree: 40861944 kB
INFO [2026-03-16 14:04:23] Memory: Total: 61649012 kB, Available: 51635292 kB, Active: 9000296 kB, SwapTotal: 40894456 kB, SwapFree: 40861944 kB
INFO [2026-03-16 14:04:23] Memory: Total: 61649012 kB, Available: 51635292 kB, Active: 9000544 kB, SwapTotal: 40894456 kB, SwapFree: 40861944 kB
INFO [2026-03-16 14:04:23] Memory: Total: 61649012 kB, Available: 51635292 kB, Active: 9000544 kB, SwapTotal: 40894456 kB, SwapFree: 40861944 kB
INFO [2026-03-16 14:04:23] Memory: Total: 61649012 kB, Available: 51634940 kB, Active: 9000908 kB, SwapTotal: 40894456 kB, SwapFree: 40861944 kB
INFO [2026-03-16 14:04:24] Memory: Total: 61649012 kB, Available: 51634684 kB, Active: 9001300 kB, SwapTotal: 40894456 kB, SwapFree: 40861944 kB
INFO [2026-03-16 14:04:24] Memory: Total: 61649012 kB, Available: 51634680 kB, Active: 9001072 kB, SwapTotal: 40894456 kB, SwapFree: 40861944 kB
INFO [2026-03-16 14:04:24] Memory: Total: 61649012 kB, Available: 51634680 kB, Active: 9001196 kB, SwapTotal: 40894456 kB, SwapFree: 40861944 kB
INFO [2026-03-16 14:04:24] Memory: Total: 61649012 kB, Available: 51634680 kB, Active: 9001444 kB, SwapTotal: 40894456 kB, SwapFree: 40861944 kB
INFO [2026-03-16 14:04:24] Memory: Total: 61649012 kB, Available: 51634680 kB, Active: 9001568 kB, SwapTotal: 40894456 kB, SwapFree: 40861944 kB
INFO [2026-03-16 14:04:24] Memory: Total: 61649012 kB, Available: 51634428 kB, Active: 9001692 kB, SwapTotal: 40894456 kB, SwapFree: 40861944 kB
INFO [2026-03-16 14:04:24] Memory: Total: 61649012 kB, Available: 51634428 kB, Active: 9001816 kB, SwapTotal: 40894456 kB, SwapFree: 40861944 kB
INFO [2026-03-16 14:04:24] Memory: Total: 61649012 kB, Available: 51633924 kB, Active: 9002140 kB, SwapTotal: 40894456 kB, SwapFree: 40861944 kB
INFO [2026-03-16 14:04:24] Memory: Total: 61649012 kB, Available: 51633924 kB, Active: 9001884 kB, SwapTotal: 40894456 kB, SwapFree: 40861944 kB
INFO [2026-03-16 14:04:24] Memory: Total: 61649012 kB, Available: 51633924 kB, Active: 9002008 kB, SwapTotal: 40894456 kB, SwapFree: 40861944 kB
INFO [2026-03-16 14:04:24] Memory: Total: 61649012 kB, Available: 51633924 kB, Active: 9002256 kB, SwapTotal: 40894456 kB, SwapFree: 40861944 kB
INFO [2026-03-16 14:04:24] Memory: Total: 61649012 kB, Available: 51633672 kB, Active: 9002380 kB, SwapTotal: 40894456 kB, SwapFree: 40861944 kB
INFO [2026-03-16 14:04:24] Memory: Total: 61649012 kB, Available: 51633168 kB, Active: 9002952 kB, SwapTotal: 40894456 kB, SwapFree: 40861944 kB
INFO [2026-03-16 14:04:24] Memory: Total: 61649012 kB, Available: 51633168 kB, Active: 9002952 kB, SwapTotal: 40894456 kB, SwapFree: 40861944 kB
INFO [2026-03-16 14:04:24] Memory: Total: 61649012 kB, Available: 51633168 kB, Active: 9002688 kB, SwapTotal: 40894456 kB, SwapFree: 40861944 kB
INFO [2026-03-16 14:04:24] Memory: Total: 61649012 kB, Available: 51633596 kB, Active: 9002812 kB, SwapTotal: 40894456 kB, SwapFree: 40861944 kB
INFO [2026-03-16 14:04:24] Memory: Total: 61649012 kB, Available: 51633596 kB, Active: 9002936 kB, SwapTotal: 40894456 kB, SwapFree: 40861944 kB
INFO [2026-03-16 14:04:25] Memory: Total: 61649012 kB, Available: 51633596 kB, Active: 9002936 kB, SwapTotal: 40894456 kB, SwapFree: 40861944 kB
INFO [2026-03-16 14:04:25] Memory: Total: 61649012 kB, Available: 51633344 kB, Active: 9003060 kB, SwapTotal: 40894456 kB, SwapFree: 40861944 kB
INFO [2026-03-16 14:04:25] Memory: Total: 61649012 kB, Available: 51633344 kB, Active: 9003508 kB, SwapTotal: 40894456 kB, SwapFree: 40861944 kB
INFO [2026-03-16 14:04:25] Memory: Total: 61649012 kB, Available: 51633092 kB, Active: 9003264 kB, SwapTotal: 40894456 kB, SwapFree: 40861944 kB
INFO [2026-03-16 14:04:25] Memory: Total: 61649012 kB, Available: 51633092 kB, Active: 9003264 kB, SwapTotal: 40894456 kB, SwapFree: 40861944 kB
INFO [2026-03-16 14:04:25] Memory: Total: 61649012 kB, Available: 51633092 kB, Active: 9003388 kB, SwapTotal: 40894456 kB, SwapFree: 40861944 kB
INFO [2026-03-16 14:04:25] Memory: Total: 61649012 kB, Available: 51633092 kB, Active: 9003512 kB, SwapTotal: 40894456 kB, SwapFree: 40861944 kB
INFO [2026-03-16 14:04:25] Memory: Total: 61649012 kB, Available: 51633092 kB, Active: 9003636 kB, SwapTotal: 40894456 kB, SwapFree: 40861944 kB
INFO [2026-03-16 14:04:25] Memory: Total: 61649012 kB, Available: 51633092 kB, Active: 9003960 kB, SwapTotal: 40894456 kB, SwapFree: 40861944 kB
INFO [2026-03-16 14:04:25] Memory: Total: 61649012 kB, Available: 51633092 kB, Active: 9003652 kB, SwapTotal: 40894456 kB, SwapFree: 40861944 kB
INFO [2026-03-16 14:04:25] Memory: Total: 61649012 kB, Available: 51633092 kB, Active: 9003776 kB, SwapTotal: 40894456 kB, SwapFree: 40861944 kB
INFO [2026-03-16 14:04:25] Memory: Total: 61649012 kB, Available: 51633092 kB, Active: 9003776 kB, SwapTotal: 40894456 kB, SwapFree: 40861944 kB
INFO [2026-03-16 14:04:25] Memory: Total: 61649012 kB, Available: 51633092 kB, Active: 9003900 kB, SwapTotal: 40894456 kB, SwapFree: 40861944 kB
INFO [2026-03-16 14:04:25] Memory: Total: 61649012 kB, Available: 51632912 kB, Active: 9004352 kB, SwapTotal: 40894456 kB, SwapFree: 40861944 kB
INFO [2026-03-16 14:04:26] Memory: Total: 61649012 kB, Available: 51632660 kB, Active: 9004152 kB, SwapTotal: 40894456 kB, SwapFree: 40861944 kB
INFO [2026-03-16 14:04:26] Memory: Total: 61649012 kB, Available: 51632660 kB, Active: 9004152 kB, SwapTotal: 40894456 kB, SwapFree: 40861944 kB
INFO [2026-03-16 14:04:26] Memory: Total: 61649012 kB, Available: 51632660 kB, Active: 9004276 kB, SwapTotal: 40894456 kB, SwapFree: 40861944 kB
INFO [2026-03-16 14:04:26] Memory: Total: 61649012 kB, Available: 51632660 kB, Active: 9004276 kB, SwapTotal: 40894456 kB, SwapFree: 40861944 kB
INFO [2026-03-16 14:04:26] Memory: Total: 61649012 kB, Available: 51632660 kB, Active: 9004280 kB, SwapTotal: 40894456 kB, SwapFree: 40861944 kB
INFO [2026-03-16 14:04:26] Memory: Total: 61649012 kB, Available: 51632660 kB, Active: 9004528 kB, SwapTotal: 40894456 kB, SwapFree: 40861944 kB
INFO [2026-03-16 14:04:26] Memory: Total: 61649012 kB, Available: 51632408 kB, Active: 9004976 kB, SwapTotal: 40894456 kB, SwapFree: 40861944 kB
INFO [2026-03-16 14:04:26] Memory: Total: 61649012 kB, Available: 51632156 kB, Active: 9004804 kB, SwapTotal: 40894456 kB, SwapFree: 40861944 kB
INFO [2026-03-16 14:04:26] Memory: Total: 61649012 kB, Available: 51632156 kB, Active: 9004804 kB, SwapTotal: 40894456 kB, SwapFree: 40861944 kB
INFO [2026-03-16 14:04:26] Memory: Total: 61649012 kB, Available: 51632156 kB, Active: 9004804 kB, SwapTotal: 40894456 kB, SwapFree: 40861944 kB
INFO [2026-03-16 14:04:26] Memory: Total: 61649012 kB, Available: 51632156 kB, Active: 9004928 kB, SwapTotal: 40894456 kB, SwapFree: 40861944 kB
INFO [2026-03-16 14:04:26] Memory: Total: 61649012 kB, Available: 51632156 kB, Active: 9005052 kB, SwapTotal: 40894456 kB, SwapFree: 40861944 kB
INFO [2026-03-16 14:04:26] Memory: Total: 61649012 kB, Available: 51631904 kB, Active: 9005052 kB, SwapTotal: 40894456 kB, SwapFree: 40861944 kB
INFO [2026-03-16 14:04:26] Memory: Total: 61649012 kB, Available: 51631904 kB, Active: 9005176 kB, SwapTotal: 40894456 kB, SwapFree: 40861944 kB
INFO [2026-03-16 14:04:26] Memory: Total: 61649012 kB, Available: 51631652 kB, Active: 9005848 kB, SwapTotal: 40894456 kB, SwapFree: 40861944 kB
INFO [2026-03-16 14:04:26] Memory: Total: 61649012 kB, Available: 51631400 kB, Active: 9005600 kB, SwapTotal: 40894456 kB, SwapFree: 40861944 kB
INFO [2026-03-16 14:04:26] Memory: Total: 61649012 kB, Available: 51631400 kB, Active: 9005600 kB, SwapTotal: 40894456 kB, SwapFree: 40861944 kB
INFO [2026-03-16 14:04:27] Memory: Total: 61649012 kB, Available: 51631400 kB, Active: 9005848 kB, SwapTotal: 40894456 kB, SwapFree: 40861944 kB
INFO [2026-03-16 14:04:27] Memory: Total: 61649012 kB, Available: 51631148 kB, Active: 9005972 kB, SwapTotal: 40894456 kB, SwapFree: 40861944 kB
INFO [2026-03-16 14:04:27] Memory: Total: 61649012 kB, Available: 51631148 kB, Active: 9006096 kB, SwapTotal: 40894456 kB, SwapFree: 40861944 kB
INFO [2026-03-16 14:04:27] Memory: Total: 61649012 kB, Available: 51630576 kB, Active: 9006544 kB, SwapTotal: 40894456 kB, SwapFree: 40861944 kB
INFO [2026-03-16 14:04:27] Memory: Total: 61649012 kB, Available: 51630576 kB, Active: 9006544 kB, SwapTotal: 40894456 kB, SwapFree: 40861944 kB
INFO [2026-03-16 14:04:27] Memory: Total: 61649012 kB, Available: 51630576 kB, Active: 9006544 kB, SwapTotal: 40894456 kB, SwapFree: 40861944 kB
INFO [2026-03-16 14:04:27] Memory: Total: 61649012 kB, Available: 51630644 kB, Active: 9006248 kB, SwapTotal: 40894456 kB, SwapFree: 40861944 kB
INFO [2026-03-16 14:04:27] Memory: Total: 61649012 kB, Available: 51630644 kB, Active: 9006620 kB, SwapTotal: 40894456 kB, SwapFree: 40861944 kB
INFO [2026-03-16 14:04:27] Memory: Total: 61649012 kB, Available: 51630392 kB, Active: 9006868 kB, SwapTotal: 40894456 kB, SwapFree: 40861944 kB
INFO [2026-03-16 14:04:27] Memory: Total: 61649012 kB, Available: 51629888 kB, Active: 9007316 kB, SwapTotal: 40894456 kB, SwapFree: 40861944 kB
INFO [2026-03-16 14:04:27] Memory: Total: 61649012 kB, Available: 51629888 kB, Active: 9007316 kB, SwapTotal: 40894456 kB, SwapFree: 40861944 kB
INFO [2026-03-16 14:04:27] Memory: Total: 61649012 kB, Available: 51629888 kB, Active: 9007036 kB, SwapTotal: 40894456 kB, SwapFree: 40861944 kB
INFO [2026-03-16 14:04:27] Memory: Total: 61649012 kB, Available: 51629888 kB, Active: 9007036 kB, SwapTotal: 40894456 kB, SwapFree: 40861944 kB
INFO [2026-03-16 14:04:27] Memory: Total: 61649012 kB, Available: 51629888 kB, Active: 9007728 kB, SwapTotal: 40894456 kB, SwapFree: 40861944 kB
INFO [2026-03-16 14:04:27] Memory: Total: 61649012 kB, Available: 51629888 kB, Active: 9007440 kB, SwapTotal: 40894456 kB, SwapFree: 40861944 kB
INFO [2026-03-16 14:04:28] Memory: Total: 61649012 kB, Available: 51629636 kB, Active: 9007688 kB, SwapTotal: 40894456 kB, SwapFree: 40861944 kB
INFO [2026-03-16 14:04:28] Memory: Total: 61649012 kB, Available: 51629040 kB, Active: 9008136 kB, SwapTotal: 40894456 kB, SwapFree: 40861944 kB
INFO [2026-03-16 14:04:28] Memory: Total: 61649012 kB, Available: 51629040 kB, Active: 9008136 kB, SwapTotal: 40894456 kB, SwapFree: 40861944 kB
INFO [2026-03-16 14:04:28] Memory: Total: 61649012 kB, Available: 51629132 kB, Active: 9007936 kB, SwapTotal: 40894456 kB, SwapFree: 40861944 kB
INFO [2026-03-16 14:04:28] Memory: Total: 61649012 kB, Available: 51629132 kB, Active: 9008184 kB, SwapTotal: 40894456 kB, SwapFree: 40861944 kB
INFO [2026-03-16 14:04:28] Memory: Total: 61649012 kB, Available: 51629132 kB, Active: 9008184 kB, SwapTotal: 40894456 kB, SwapFree: 40861944 kB
INFO [2026-03-16 14:04:28] Memory: Total: 61649012 kB, Available: 51628880 kB, Active: 9008432 kB, SwapTotal: 40894456 kB, SwapFree: 40861944 kB
INFO [2026-03-16 14:04:28] Memory: Total: 61649012 kB, Available: 51628880 kB, Active: 9008432 kB, SwapTotal: 40894456 kB, SwapFree: 40861944 kB
INFO [2026-03-16 14:04:28] Memory: Total: 61649012 kB, Available: 51628880 kB, Active: 9008556 kB, SwapTotal: 40894456 kB, SwapFree: 40861944 kB
INFO [2026-03-16 14:04:28] Memory: Total: 61649012 kB, Available: 51628528 kB, Active: 9008880 kB, SwapTotal: 40894456 kB, SwapFree: 40861944 kB
INFO [2026-03-16 14:04:28] Memory: Total: 61649012 kB, Available: 51628376 kB, Active: 9008632 kB, SwapTotal: 40894456 kB, SwapFree: 40861944 kB
INFO [2026-03-16 14:04:28] Memory: Total: 61649012 kB, Available: 51628376 kB, Active: 9009004 kB, SwapTotal: 40894456 kB, SwapFree: 40861944 kB
INFO [2026-03-16 14:04:28] Memory: Total: 61649012 kB, Available: 51628124 kB, Active: 9009536 kB, SwapTotal: 40894456 kB, SwapFree: 40861944 kB
INFO [2026-03-16 14:04:28] Memory: Total: 61649012 kB, Available: 51628376 kB, Active: 9009692 kB, SwapTotal: 40894456 kB, SwapFree: 40861944 kB
INFO [2026-03-16 14:04:28] Memory: Total: 61649012 kB, Available: 51627872 kB, Active: 9009692 kB, SwapTotal: 40894456 kB, SwapFree: 40861944 kB
INFO [2026-03-16 14:04:28] Memory: Total: 61649012 kB, Available: 51627872 kB, Active: 9009856 kB, SwapTotal: 40894456 kB, SwapFree: 40861944 kB
INFO [2026-03-16 14:04:28] Memory: Total: 61649012 kB, Available: 51627872 kB, Active: 9009656 kB, SwapTotal: 40894456 kB, SwapFree: 40861944 kB
INFO [2026-03-16 14:04:29] Memory: Total: 61649012 kB, Available: 51627872 kB, Active: 9009780 kB, SwapTotal: 40894456 kB, SwapFree: 40861944 kB
INFO [2026-03-16 14:04:29] Memory: Total: 61649012 kB, Available: 51627872 kB, Active: 9010228 kB, SwapTotal: 40894456 kB, SwapFree: 40861944 kB
INFO [2026-03-16 14:04:29] Memory: Total: 61649012 kB, Available: 51627872 kB, Active: 9010180 kB, SwapTotal: 40894456 kB, SwapFree: 40861944 kB
INFO [2026-03-16 14:04:29] Memory: Total: 61649012 kB, Available: 51627872 kB, Active: 9010428 kB, SwapTotal: 40894456 kB, SwapFree: 40861944 kB
INFO [2026-03-16 14:04:29] Memory: Total: 61649012 kB, Available: 51627872 kB, Active: 9010752 kB, SwapTotal: 40894456 kB, SwapFree: 40861944 kB
INFO [2026-03-16 14:04:29] Memory: Total: 61649012 kB, Available: 51627872 kB, Active: 9011076 kB, SwapTotal: 40894456 kB, SwapFree: 40861944 kB
INFO [2026-03-16 14:04:29] Memory: Total: 61649012 kB, Available: 51627872 kB, Active: 9010648 kB, SwapTotal: 40894456 kB, SwapFree: 40861944 kB
INFO [2026-03-16 14:04:29] Memory: Total: 61649012 kB, Available: 51627872 kB, Active: 9010896 kB, SwapTotal: 40894456 kB, SwapFree: 40861944 kB
INFO [2026-03-16 14:04:29] Memory: Total: 61649012 kB, Available: 51627872 kB, Active: 9011020 kB, SwapTotal: 40894456 kB, SwapFree: 40861944 kB
INFO [2026-03-16 14:04:29] Memory: Total: 61649012 kB, Available: 51627872 kB, Active: 9011144 kB, SwapTotal: 40894456 kB, SwapFree: 40861944 kB
INFO [2026-03-16 14:04:29] Memory: Total: 61649012 kB, Available: 51627872 kB, Active: 9011268 kB, SwapTotal: 40894456 kB, SwapFree: 40861944 kB
INFO [2026-03-16 14:04:29] Memory: Total: 61649012 kB, Available: 51627872 kB, Active: 9011716 kB, SwapTotal: 40894456 kB, SwapFree: 40861944 kB
INFO [2026-03-16 14:04:29] Memory: Total: 61649012 kB, Available: 51627872 kB, Active: 9011716 kB, SwapTotal: 40894456 kB, SwapFree: 40861944 kB
INFO [2026-03-16 14:04:29] Memory: Total: 61649012 kB, Available: 51627872 kB, Active: 9011784 kB, SwapTotal: 40894456 kB, SwapFree: 40861944 kB
INFO [2026-03-16 14:04:30] Memory: Total: 61649012 kB, Available: 51627872 kB, Active: 9012344 kB, SwapTotal: 40894456 kB, SwapFree: 40861944 kB
INFO [2026-03-16 14:04:30] Memory: Total: 61649012 kB, Available: 51627872 kB, Active: 9012668 kB, SwapTotal: 40894456 kB, SwapFree: 40861944 kB
INFO [2026-03-16 14:04:30] Memory: Total: 61649012 kB, Available: 51627872 kB, Active: 9012192 kB, SwapTotal: 40894456 kB, SwapFree: 40861944 kB
INFO [2026-03-16 14:04:30] Memory: Total: 61649012 kB, Available: 51627872 kB, Active: 9012516 kB, SwapTotal: 40894456 kB, SwapFree: 40861944 kB
INFO [2026-03-16 14:04:30] Memory: Total: 61649012 kB, Available: 51627872 kB, Active: 9012516 kB, SwapTotal: 40894456 kB, SwapFree: 40861944 kB
INFO [2026-03-16 14:04:30] Memory: Total: 61649012 kB, Available: 51627872 kB, Active: 9012516 kB, SwapTotal: 40894456 kB, SwapFree: 40861944 kB
INFO [2026-03-16 14:04:30] Memory: Total: 61649012 kB, Available: 51627872 kB, Active: 9012536 kB, SwapTotal: 40894456 kB, SwapFree: 40861944 kB
INFO [2026-03-16 14:04:30] Memory: Total: 61649012 kB, Available: 51627872 kB, Active: 9012660 kB, SwapTotal: 40894456 kB, SwapFree: 40861944 kB
INFO [2026-03-16 14:04:30] Memory: Total: 61649012 kB, Available: 51627872 kB, Active: 9012784 kB, SwapTotal: 40894456 kB, SwapFree: 40861944 kB
INFO [2026-03-16 14:04:30] Memory: Total: 61649012 kB, Available: 51627872 kB, Active: 9013108 kB, SwapTotal: 40894456 kB, SwapFree: 40861944 kB
INFO [2026-03-16 14:04:30] Memory: Total: 61649012 kB, Available: 51627872 kB, Active: 9012904 kB, SwapTotal: 40894456 kB, SwapFree: 40861944 kB
INFO [2026-03-16 14:04:30] Memory: Total: 61649012 kB, Available: 51627872 kB, Active: 9012904 kB, SwapTotal: 40894456 kB, SwapFree: 40861944 kB
INFO [2026-03-16 14:04:30] Memory: Total: 61649012 kB, Available: 51627872 kB, Active: 9013152 kB, SwapTotal: 40894456 kB, SwapFree: 40861944 kB
INFO [2026-03-16 14:04:30] Memory: Total: 61649012 kB, Available: 51627872 kB, Active: 9013152 kB, SwapTotal: 40894456 kB, SwapFree: 40861944 kB
INFO [2026-03-16 14:04:30] Memory: Total: 61649012 kB, Available: 51627616 kB, Active: 9013148 kB, SwapTotal: 40894456 kB, SwapFree: 40861944 kB
INFO [2026-03-16 14:04:30] Memory: Total: 61649012 kB, Available: 51627620 kB, Active: 9013272 kB, SwapTotal: 40894456 kB, SwapFree: 40861944 kB
INFO [2026-03-16 14:04:31] Memory: Total: 61649012 kB, Available: 51627116 kB, Active: 9013720 kB, SwapTotal: 40894456 kB, SwapFree: 40861944 kB
INFO [2026-03-16 14:04:31] Memory: Total: 61649012 kB, Available: 51626736 kB, Active: 9014044 kB, SwapTotal: 40894456 kB, SwapFree: 40861944 kB
INFO [2026-03-16 14:04:31] Memory: Total: 61649012 kB, Available: 51626480 kB, Active: 9014440 kB, SwapTotal: 40894456 kB, SwapFree: 40861944 kB
INFO [2026-03-16 14:04:31] Memory: Total: 61649012 kB, Available: 51626480 kB, Active: 9014440 kB, SwapTotal: 40894456 kB, SwapFree: 40861944 kB
INFO [2026-03-16 14:04:31] Memory: Total: 61649012 kB, Available: 51626612 kB, Active: 9013964 kB, SwapTotal: 40894456 kB, SwapFree: 40861944 kB
INFO [2026-03-16 14:04:31] Memory: Total: 61649012 kB, Available: 51626612 kB, Active: 9014088 kB, SwapTotal: 40894456 kB, SwapFree: 40861944 kB
INFO [2026-03-16 14:04:31] Memory: Total: 61649012 kB, Available: 51626612 kB, Active: 9014580 kB, SwapTotal: 40894456 kB, SwapFree: 40861944 kB
INFO [2026-03-16 14:04:31] Memory: Total: 61649012 kB, Available: 51626612 kB, Active: 9014284 kB, SwapTotal: 40894456 kB, SwapFree: 40861944 kB
INFO [2026-03-16 14:04:31] Memory: Total: 61649012 kB, Available: 51626612 kB, Active: 9014532 kB, SwapTotal: 40894456 kB, SwapFree: 40861944 kB
INFO [2026-03-16 14:04:31] Memory: Total: 61649012 kB, Available: 51626612 kB, Active: 9014536 kB, SwapTotal: 40894456 kB, SwapFree: 40861944 kB
INFO [2026-03-16 14:04:31] Memory: Total: 61649012 kB, Available: 51626612 kB, Active: 9014784 kB, SwapTotal: 40894456 kB, SwapFree: 40861944 kB
INFO [2026-03-16 14:04:31] Memory: Total: 61649012 kB, Available: 51626612 kB, Active: 9014784 kB, SwapTotal: 40894456 kB, SwapFree: 40861944 kB
INFO [2026-03-16 14:04:31] Memory: Total: 61649012 kB, Available: 51626612 kB, Active: 9015032 kB, SwapTotal: 40894456 kB, SwapFree: 40861944 kB
INFO [2026-03-16 14:04:31] Memory: Total: 61649012 kB, Available: 51626612 kB, Active: 9015108 kB, SwapTotal: 40894456 kB, SwapFree: 40861944 kB
INFO [2026-03-16 14:04:31] Memory: Total: 61649012 kB, Available: 51626612 kB, Active: 9015292 kB, SwapTotal: 40894456 kB, SwapFree: 40861944 kB
INFO [2026-03-16 14:04:31] Memory: Total: 61649012 kB, Available: 51626612 kB, Active: 9015292 kB, SwapTotal: 40894456 kB, SwapFree: 40861944 kB
INFO [2026-03-16 14:04:32] Memory: Total: 61649012 kB, Available: 51626612 kB, Active: 9015416 kB, SwapTotal: 40894456 kB, SwapFree: 40861944 kB
INFO [2026-03-16 14:04:32] Memory: Total: 61649012 kB, Available: 51626360 kB, Active: 9015664 kB, SwapTotal: 40894456 kB, SwapFree: 40861944 kB
INFO [2026-03-16 14:04:32] Memory: Total: 61649012 kB, Available: 51625856 kB, Active: 9016236 kB, SwapTotal: 40894456 kB, SwapFree: 40861944 kB
INFO [2026-03-16 14:04:32] Memory: Total: 61649012 kB, Available: 51625856 kB, Active: 9015948 kB, SwapTotal: 40894456 kB, SwapFree: 40861944 kB
INFO [2026-03-16 14:04:32] Memory: Total: 61649012 kB, Available: 51625856 kB, Active: 9015948 kB, SwapTotal: 40894456 kB, SwapFree: 40861944 kB
INFO [2026-03-16 14:04:32] Memory: Total: 61649012 kB, Available: 51625856 kB, Active: 9016196 kB, SwapTotal: 40894456 kB, SwapFree: 40861944 kB
INFO [2026-03-16 14:04:32] Memory: Total: 61649012 kB, Available: 51625856 kB, Active: 9016320 kB, SwapTotal: 40894456 kB, SwapFree: 40861944 kB
INFO [2026-03-16 14:04:32] Memory: Total: 61649012 kB, Available: 51625604 kB, Active: 9016444 kB, SwapTotal: 40894456 kB, SwapFree: 40861944 kB
INFO [2026-03-16 14:04:32] Memory: Total: 61649012 kB, Available: 51625604 kB, Active: 9016444 kB, SwapTotal: 40894456 kB, SwapFree: 40861944 kB
INFO [2026-03-16 14:04:32] Memory: Total: 61649012 kB, Available: 51625100 kB, Active: 9017016 kB, SwapTotal: 40894456 kB, SwapFree: 40861944 kB
INFO [2026-03-16 14:04:32] Memory: Total: 61649012 kB, Available: 51625100 kB, Active: 9016796 kB, SwapTotal: 40894456 kB, SwapFree: 40861944 kB
INFO [2026-03-16 14:04:32] Memory: Total: 61649012 kB, Available: 51625100 kB, Active: 9017044 kB, SwapTotal: 40894456 kB, SwapFree: 40861944 kB
INFO [2026-03-16 14:04:32] Memory: Total: 61649012 kB, Available: 51624848 kB, Active: 9017168 kB, SwapTotal: 40894456 kB, SwapFree: 40861944 kB
INFO [2026-03-16 14:04:32] Memory: Total: 61649012 kB, Available: 51624848 kB, Active: 9017216 kB, SwapTotal: 40894456 kB, SwapFree: 40861944 kB
INFO [2026-03-16 14:04:32] Memory: Total: 61649012 kB, Available: 51624344 kB, Active: 9017340 kB, SwapTotal: 40894456 kB, SwapFree: 40861944 kB
INFO [2026-03-16 14:04:33] Memory: Total: 61649012 kB, Available: 51623920 kB, Active: 9018036 kB, SwapTotal: 40894456 kB, SwapFree: 40861944 kB
INFO [2026-03-16 14:04:33] Memory: Total: 61649012 kB, Available: 51624092 kB, Active: 9017728 kB, SwapTotal: 40894456 kB, SwapFree: 40861944 kB
INFO [2026-03-16 14:04:33] Memory: Total: 61649012 kB, Available: 51624092 kB, Active: 9017852 kB, SwapTotal: 40894456 kB, SwapFree: 40861944 kB
INFO [2026-03-16 14:04:33] Memory: Total: 61649012 kB, Available: 51624092 kB, Active: 9017976 kB, SwapTotal: 40894456 kB, SwapFree: 40861944 kB
INFO [2026-03-16 14:04:33] Memory: Total: 61649012 kB, Available: 51624092 kB, Active: 9018100 kB, SwapTotal: 40894456 kB, SwapFree: 40861944 kB
INFO [2026-03-16 14:04:33] Memory: Total: 61649012 kB, Available: 51623840 kB, Active: 9018348 kB, SwapTotal: 40894456 kB, SwapFree: 40861944 kB
INFO [2026-03-16 14:04:33] Memory: Total: 61649012 kB, Available: 51623336 kB, Active: 9018596 kB, SwapTotal: 40894456 kB, SwapFree: 40861944 kB
INFO [2026-03-16 14:04:33] Memory: Total: 61649012 kB, Available: 51622896 kB, Active: 9019044 kB, SwapTotal: 40894456 kB, SwapFree: 40861944 kB
INFO [2026-03-16 14:04:33] Memory: Total: 61649012 kB, Available: 51623084 kB, Active: 9018744 kB, SwapTotal: 40894456 kB, SwapFree: 40861944 kB
INFO [2026-03-16 14:04:33] Memory: Total: 61649012 kB, Available: 51924512 kB, Active: 8717104 kB, SwapTotal: 40894456 kB, SwapFree: 40861944 kB
INFO [2026-03-16 14:04:33] Memory: Total: 61649012 kB, Available: 52642172 kB, Active: 8003980 kB, SwapTotal: 40894456 kB, SwapFree: 40861944 kB
INFO [2026-03-16 14:04:33] Memory: Total: 61649012 kB, Available: 52642172 kB, Active: 8003980 kB, SwapTotal: 40894456 kB, SwapFree: 40861944 kB
INFO [2026-03-16 14:04:33] Memory: Total: 61649012 kB, Available: 52642172 kB, Active: 8003980 kB, SwapTotal: 40894456 kB, SwapFree: 40861944 kB
INFO [2026-03-16 14:04:33] Memory: Total: 61649012 kB, Available: 52642424 kB, Active: 8004208 kB, SwapTotal: 40894456 kB, SwapFree: 40861944 kB
INFO [2026-03-16 14:04:33] Memory: Total: 61649012 kB, Available: 52642172 kB, Active: 8003944 kB, SwapTotal: 40894456 kB, SwapFree: 40861944 kB
INFO [2026-03-16 14:04:34] Memory: Total: 61649012 kB, Available: 52642172 kB, Active: 8003944 kB, SwapTotal: 40894456 kB, SwapFree: 40861944 kB
INFO [2026-03-16 14:04:34] Memory: Total: 61649012 kB, Available: 52642172 kB, Active: 8003944 kB, SwapTotal: 40894456 kB, SwapFree: 40861944 kB
INFO [2026-03-16 14:04:34] Memory: Total: 61649012 kB, Available: 52642172 kB, Active: 8003944 kB, SwapTotal: 40894456 kB, SwapFree: 40861944 kB
INFO [2026-03-16 14:04:34] Memory: Total: 61649012 kB, Available: 53186000 kB, Active: 7464584 kB, SwapTotal: 40894456 kB, SwapFree: 40861944 kB
INFO [2026-03-16 14:04:34] Memory: Total: 61649012 kB, Available: 53661988 kB, Active: 6985856 kB, SwapTotal: 40894456 kB, SwapFree: 40861944 kB
INFO [2026-03-16 14:04:34] Memory: Total: 61649012 kB, Available: 53661740 kB, Active: 6985856 kB, SwapTotal: 40894456 kB, SwapFree: 40861944 kB
INFO [2026-03-16 14:04:34] Memory: Total: 61649012 kB, Available: 53661740 kB, Active: 6985856 kB, SwapTotal: 40894456 kB, SwapFree: 40861944 kB
INFO [2026-03-16 14:04:34] Memory: Total: 61649012 kB, Available: 53661740 kB, Active: 6985856 kB, SwapTotal: 40894456 kB, SwapFree: 40861944 kB
INFO [2026-03-16 14:04:34] Memory: Total: 61649012 kB, Available: 54684748 kB, Active: 5967772 kB, SwapTotal: 40894456 kB, SwapFree: 40861944 kB
INFO [2026-03-16 14:04:34] Memory: Total: 61649012 kB, Available: 54684752 kB, Active: 5967896 kB, SwapTotal: 40894456 kB, SwapFree: 40861944 kB
INFO [2026-03-16 14:04:34] Memory: Total: 61649012 kB, Available: 54684752 kB, Active: 5967896 kB, SwapTotal: 40894456 kB, SwapFree: 40861944 kB
INFO [2026-03-16 14:04:34] Memory: Total: 61649012 kB, Available: 54684752 kB, Active: 5967896 kB, SwapTotal: 40894456 kB, SwapFree: 40861944 kB
INFO [2026-03-16 14:04:34] Memory: Total: 61649012 kB, Available: 55703808 kB, Active: 4949464 kB, SwapTotal: 40894456 kB, SwapFree: 40861944 kB
INFO [2026-03-16 14:04:35] Memory: Total: 61649012 kB, Available: 55704064 kB, Active: 4949588 kB, SwapTotal: 40894456 kB, SwapFree: 40861944 kB
INFO [2026-03-16 14:04:35] Memory: Total: 61649012 kB, Available: 55704064 kB, Active: 4949588 kB, SwapTotal: 40894456 kB, SwapFree: 40861944 kB
INFO [2026-03-16 14:04:35] Memory: Total: 61649012 kB, Available: 55703816 kB, Active: 4949588 kB, SwapTotal: 40894456 kB, SwapFree: 40861944 kB
INFO [2026-03-16 14:04:35] Memory: Total: 61649012 kB, Available: 55703816 kB, Active: 4949588 kB, SwapTotal: 40894456 kB, SwapFree: 40861944 kB
INFO [2026-03-16 14:04:35] Memory: Total: 61649012 kB, Available: 55703816 kB, Active: 4949588 kB, SwapTotal: 40894456 kB, SwapFree: 40861944 kB
INFO [2026-03-16 14:04:35] Memory: Total: 61649012 kB, Available: 55703816 kB, Active: 4949588 kB, SwapTotal: 40894456 kB, SwapFree: 40861944 kB
INFO [2026-03-16 14:04:35] Memory: Total: 61649012 kB, Available: 55703568 kB, Active: 4949588 kB, SwapTotal: 40894456 kB, SwapFree: 40861944 kB
INFO [2026-03-16 14:04:35] Memory: Total: 61649012 kB, Available: 55703568 kB, Active: 4949588 kB, SwapTotal: 40894456 kB, SwapFree: 40861944 kB
INFO [2026-03-16 14:04:36] Memory: Total: 61649012 kB, Available: 55703860 kB, Active: 4949684 kB, SwapTotal: 40894456 kB, SwapFree: 40861944 kB
INFO [2026-03-16 14:04:36] Memory: Total: 61649012 kB, Available: 55703860 kB, Active: 4949808 kB, SwapTotal: 40894456 kB, SwapFree: 40861944 kB
INFO [2026-03-16 14:04:36] Memory: Total: 61649012 kB, Available: 55703860 kB, Active: 4949808 kB, SwapTotal: 40894456 kB, SwapFree: 40861944 kB
INFO [2026-03-16 14:04:36] Memory: Total: 61649012 kB, Available: 56719672 kB, Active: 3932116 kB, SwapTotal: 40894456 kB, SwapFree: 40861944 kB
INFO [2026-03-16 14:04:36] Memory: Total: 61649012 kB, Available: 56719672 kB, Active: 3932116 kB, SwapTotal: 40894456 kB, SwapFree: 40861944 kB
INFO [2026-03-16 14:04:36] Memory: Total: 61649012 kB, Available: 56719672 kB, Active: 3932312 kB, SwapTotal: 40894456 kB, SwapFree: 40861944 kB
INFO [2026-03-16 14:04:37] Memory: Total: 61649012 kB, Available: 56719672 kB, Active: 3932312 kB, SwapTotal: 40894456 kB, SwapFree: 40861944 kB
INFO [2026-03-16 14:04:37] Memory: Total: 61649012 kB, Available: 56719672 kB, Active: 3932436 kB, SwapTotal: 40894456 kB, SwapFree: 40861944 kB
INFO [2026-03-16 14:04:37] Memory: Total: 61649012 kB, Available: 56719672 kB, Active: 3932436 kB, SwapTotal: 40894456 kB, SwapFree: 40861944 kB
INFO [2026-03-16 14:04:37] Memory: Total: 61649012 kB, Available: 56719672 kB, Active: 3932560 kB, SwapTotal: 40894456 kB, SwapFree: 40861944 kB
INFO [2026-03-16 14:04:37] Memory: Total: 61649012 kB, Available: 56719672 kB, Active: 3932560 kB, SwapTotal: 40894456 kB, SwapFree: 40861944 kB
INFO [2026-03-16 14:04:37] Memory: Total: 61649012 kB, Available: 56719672 kB, Active: 3932684 kB, SwapTotal: 40894456 kB, SwapFree: 40861944 kB
INFO [2026-03-16 14:04:38] Memory: Total: 61649012 kB, Available: 56719672 kB, Active: 3933008 kB, SwapTotal: 40894456 kB, SwapFree: 40861944 kB
INFO [2026-03-16 14:04:38] Memory: Total: 61649012 kB, Available: 56719672 kB, Active: 3932824 kB, SwapTotal: 40894456 kB, SwapFree: 40861944 kB
INFO [2026-03-16 14:04:38] Memory: Total: 61649012 kB, Available: 57734980 kB, Active: 2914688 kB, SwapTotal: 40894456 kB, SwapFree: 40861944 kB
INFO [2026-03-16 14:04:38] Memory: Total: 61649012 kB, Available: 57734980 kB, Active: 2914812 kB, SwapTotal: 40894456 kB, SwapFree: 40861944 kB
INFO [2026-03-16 14:04:39] Memory: Total: 61649012 kB, Available: 57734980 kB, Active: 2914936 kB, SwapTotal: 40894456 kB, SwapFree: 40861944 kB
INFO [2026-03-16 14:04:39] Recombining results ...
