INFO [2026-03-16 14:02:28] Memory: Total: 61649012 kB, Available: 58820156 kB, Active: 1836236 kB, SwapTotal: 40894456 kB, SwapFree: 40861944 kB
INFO [2026-03-16 14:02:28] Processing missing values ...
INFO [2026-03-16 14:02:29] Figuring out comparisons to do ...
INFO [2026-03-16 14:02:29] Splitting up across compute ...
INFO [2026-03-16 14:02:29] Running correlations ...
INFO [2026-03-16 14:02:30] Memory: Total: 61649012 kB, Available: 57870588 kB, Active: 2749224 kB, SwapTotal: 40894456 kB, SwapFree: 40861944 kB
INFO [2026-03-16 14:02:30] Memory: Total: 61649012 kB, Available: 57861876 kB, Active: 2750012 kB, SwapTotal: 40894456 kB, SwapFree: 40861944 kB
INFO [2026-03-16 14:02:30] Memory: Total: 61649012 kB, Available: 57862004 kB, Active: 2751432 kB, SwapTotal: 40894456 kB, SwapFree: 40861944 kB
INFO [2026-03-16 14:02:30] Memory: Total: 61649012 kB, Available: 57862020 kB, Active: 2752368 kB, SwapTotal: 40894456 kB, SwapFree: 40861944 kB
INFO [2026-03-16 14:02:30] Memory: Total: 61649012 kB, Available: 57862164 kB, Active: 2753464 kB, SwapTotal: 40894456 kB, SwapFree: 40861944 kB
INFO [2026-03-16 14:02:30] Memory: Total: 61649012 kB, Available: 57861992 kB, Active: 2754336 kB, SwapTotal: 40894456 kB, SwapFree: 40861944 kB
INFO [2026-03-16 14:02:30] Memory: Total: 61649012 kB, Available: 57861476 kB, Active: 2757040 kB, SwapTotal: 40894456 kB, SwapFree: 40861944 kB
INFO [2026-03-16 14:02:30] Memory: Total: 61649012 kB, Available: 57861476 kB, Active: 2757364 kB, SwapTotal: 40894456 kB, SwapFree: 40861944 kB
INFO [2026-03-16 14:02:30] Memory: Total: 61649012 kB, Available: 57861476 kB, Active: 2757488 kB, SwapTotal: 40894456 kB, SwapFree: 40861944 kB
INFO [2026-03-16 14:02:31] Memory: Total: 61649012 kB, Available: 57861476 kB, Active: 2757620 kB, SwapTotal: 40894456 kB, SwapFree: 40861944 kB
INFO [2026-03-16 14:02:31] Memory: Total: 61649012 kB, Available: 57861476 kB, Active: 2758392 kB, SwapTotal: 40894456 kB, SwapFree: 40861944 kB
INFO [2026-03-16 14:02:31] Memory: Total: 61649012 kB, Available: 57861476 kB, Active: 2757956 kB, SwapTotal: 40894456 kB, SwapFree: 40861944 kB
INFO [2026-03-16 14:02:31] Memory: Total: 61649012 kB, Available: 57861476 kB, Active: 2758576 kB, SwapTotal: 40894456 kB, SwapFree: 40861944 kB
INFO [2026-03-16 14:02:31] Memory: Total: 61649012 kB, Available: 57861476 kB, Active: 2758700 kB, SwapTotal: 40894456 kB, SwapFree: 40861944 kB
INFO [2026-03-16 14:02:31] Memory: Total: 61649012 kB, Available: 57861476 kB, Active: 2758824 kB, SwapTotal: 40894456 kB, SwapFree: 40861944 kB
INFO [2026-03-16 14:02:31] Memory: Total: 61649012 kB, Available: 57861476 kB, Active: 2758948 kB, SwapTotal: 40894456 kB, SwapFree: 40861944 kB
INFO [2026-03-16 14:02:31] Memory: Total: 61649012 kB, Available: 57861476 kB, Active: 2759272 kB, SwapTotal: 40894456 kB, SwapFree: 40861944 kB
INFO [2026-03-16 14:02:31] Memory: Total: 61649012 kB, Available: 57861476 kB, Active: 2759056 kB, SwapTotal: 40894456 kB, SwapFree: 40861944 kB
INFO [2026-03-16 14:02:31] Memory: Total: 61649012 kB, Available: 57861224 kB, Active: 2760084 kB, SwapTotal: 40894456 kB, SwapFree: 40861944 kB
INFO [2026-03-16 14:02:31] Memory: Total: 61649012 kB, Available: 57860720 kB, Active: 2760208 kB, SwapTotal: 40894456 kB, SwapFree: 40861944 kB
INFO [2026-03-16 14:02:31] Memory: Total: 61649012 kB, Available: 57860720 kB, Active: 2760656 kB, SwapTotal: 40894456 kB, SwapFree: 40861944 kB
INFO [2026-03-16 14:02:31] Memory: Total: 61649012 kB, Available: 57860720 kB, Active: 2761104 kB, SwapTotal: 40894456 kB, SwapFree: 40861944 kB
INFO [2026-03-16 14:02:31] Memory: Total: 61649012 kB, Available: 57860720 kB, Active: 2761428 kB, SwapTotal: 40894456 kB, SwapFree: 40861944 kB
INFO [2026-03-16 14:02:31] Memory: Total: 61649012 kB, Available: 57860468 kB, Active: 2761620 kB, SwapTotal: 40894456 kB, SwapFree: 40861944 kB
INFO [2026-03-16 14:02:32] Memory: Total: 61649012 kB, Available: 57859700 kB, Active: 2763088 kB, SwapTotal: 40894456 kB, SwapFree: 40861944 kB
INFO [2026-03-16 14:02:32] Memory: Total: 61649012 kB, Available: 57859700 kB, Active: 2763088 kB, SwapTotal: 40894456 kB, SwapFree: 40861944 kB
INFO [2026-03-16 14:02:32] Memory: Total: 61649012 kB, Available: 57859700 kB, Active: 2763212 kB, SwapTotal: 40894456 kB, SwapFree: 40861944 kB
INFO [2026-03-16 14:02:32] Memory: Total: 61649012 kB, Available: 57840376 kB, Active: 2787636 kB, SwapTotal: 40894456 kB, SwapFree: 40861944 kB
INFO [2026-03-16 14:02:32] Memory: Total: 61649012 kB, Available: 57827048 kB, Active: 2798976 kB, SwapTotal: 40894456 kB, SwapFree: 40861944 kB
INFO [2026-03-16 14:02:32] Memory: Total: 61649012 kB, Available: 57811216 kB, Active: 2813024 kB, SwapTotal: 40894456 kB, SwapFree: 40861944 kB
INFO [2026-03-16 14:02:32] Memory: Total: 61649012 kB, Available: 57763748 kB, Active: 2864312 kB, SwapTotal: 40894456 kB, SwapFree: 40861944 kB
INFO [2026-03-16 14:02:32] Memory: Total: 61649012 kB, Available: 57763748 kB, Active: 2864640 kB, SwapTotal: 40894456 kB, SwapFree: 40861944 kB
INFO [2026-03-16 14:02:32] Memory: Total: 61649012 kB, Available: 57763748 kB, Active: 2864764 kB, SwapTotal: 40894456 kB, SwapFree: 40861944 kB
INFO [2026-03-16 14:02:32] Memory: Total: 61649012 kB, Available: 57763496 kB, Active: 2864888 kB, SwapTotal: 40894456 kB, SwapFree: 40861944 kB
INFO [2026-03-16 14:02:32] Memory: Total: 61649012 kB, Available: 57763496 kB, Active: 2865660 kB, SwapTotal: 40894456 kB, SwapFree: 40861944 kB
INFO [2026-03-16 14:02:32] Memory: Total: 61649012 kB, Available: 57763244 kB, Active: 2865708 kB, SwapTotal: 40894456 kB, SwapFree: 40861944 kB
INFO [2026-03-16 14:02:32] Memory: Total: 61649012 kB, Available: 57762488 kB, Active: 2866456 kB, SwapTotal: 40894456 kB, SwapFree: 40861944 kB
INFO [2026-03-16 14:02:32] Memory: Total: 61649012 kB, Available: 57762488 kB, Active: 2866456 kB, SwapTotal: 40894456 kB, SwapFree: 40861944 kB
INFO [2026-03-16 14:02:32] Memory: Total: 61649012 kB, Available: 57762180 kB, Active: 2867828 kB, SwapTotal: 40894456 kB, SwapFree: 40861944 kB
INFO [2026-03-16 14:02:32] Memory: Total: 61649012 kB, Available: 57762180 kB, Active: 2867952 kB, SwapTotal: 40894456 kB, SwapFree: 40861944 kB
INFO [2026-03-16 14:02:32] Memory: Total: 61649012 kB, Available: 57761172 kB, Active: 2868400 kB, SwapTotal: 40894456 kB, SwapFree: 40861944 kB
INFO [2026-03-16 14:02:33] Memory: Total: 61649012 kB, Available: 57761172 kB, Active: 2868120 kB, SwapTotal: 40894456 kB, SwapFree: 40861944 kB
INFO [2026-03-16 14:02:33] Memory: Total: 61649012 kB, Available: 57761172 kB, Active: 2868992 kB, SwapTotal: 40894456 kB, SwapFree: 40861944 kB
INFO [2026-03-16 14:02:33] Memory: Total: 61649012 kB, Available: 57761172 kB, Active: 2868992 kB, SwapTotal: 40894456 kB, SwapFree: 40861944 kB
INFO [2026-03-16 14:02:33] Memory: Total: 61649012 kB, Available: 57761172 kB, Active: 2869116 kB, SwapTotal: 40894456 kB, SwapFree: 40861944 kB
INFO [2026-03-16 14:02:33] Memory: Total: 61649012 kB, Available: 57760920 kB, Active: 2869240 kB, SwapTotal: 40894456 kB, SwapFree: 40861944 kB
INFO [2026-03-16 14:02:33] Memory: Total: 61649012 kB, Available: 57760584 kB, Active: 2869692 kB, SwapTotal: 40894456 kB, SwapFree: 40861944 kB
INFO [2026-03-16 14:02:33] Memory: Total: 61649012 kB, Available: 57760416 kB, Active: 2869440 kB, SwapTotal: 40894456 kB, SwapFree: 40861944 kB
INFO [2026-03-16 14:02:33] Memory: Total: 61649012 kB, Available: 57759660 kB, Active: 2870184 kB, SwapTotal: 40894456 kB, SwapFree: 40861944 kB
INFO [2026-03-16 14:02:33] Memory: Total: 61649012 kB, Available: 57759660 kB, Active: 2870184 kB, SwapTotal: 40894456 kB, SwapFree: 40861944 kB
INFO [2026-03-16 14:02:33] Memory: Total: 61649012 kB, Available: 57759660 kB, Active: 2870308 kB, SwapTotal: 40894456 kB, SwapFree: 40861944 kB
INFO [2026-03-16 14:02:33] Memory: Total: 61649012 kB, Available: 57759660 kB, Active: 2870756 kB, SwapTotal: 40894456 kB, SwapFree: 40861944 kB
INFO [2026-03-16 14:02:33] Memory: Total: 61649012 kB, Available: 57759660 kB, Active: 2871204 kB, SwapTotal: 40894456 kB, SwapFree: 40861944 kB
INFO [2026-03-16 14:02:33] Memory: Total: 61649012 kB, Available: 57759408 kB, Active: 2870928 kB, SwapTotal: 40894456 kB, SwapFree: 40861944 kB
INFO [2026-03-16 14:02:34] Memory: Total: 61649012 kB, Available: 57758656 kB, Active: 2872672 kB, SwapTotal: 40894456 kB, SwapFree: 40861944 kB
INFO [2026-03-16 14:02:34] Memory: Total: 61649012 kB, Available: 57758656 kB, Active: 2873120 kB, SwapTotal: 40894456 kB, SwapFree: 40861944 kB
INFO [2026-03-16 14:02:34] Memory: Total: 61649012 kB, Available: 57758656 kB, Active: 2872804 kB, SwapTotal: 40894456 kB, SwapFree: 40861944 kB
INFO [2026-03-16 14:02:34] Memory: Total: 61649012 kB, Available: 57758656 kB, Active: 2873108 kB, SwapTotal: 40894456 kB, SwapFree: 40861944 kB
INFO [2026-03-16 14:02:34] Memory: Total: 61649012 kB, Available: 57758316 kB, Active: 2873556 kB, SwapTotal: 40894456 kB, SwapFree: 40861944 kB
INFO [2026-03-16 14:02:34] Memory: Total: 61649012 kB, Available: 57758152 kB, Active: 2873308 kB, SwapTotal: 40894456 kB, SwapFree: 40861944 kB
INFO [2026-03-16 14:02:34] Memory: Total: 61649012 kB, Available: 57758160 kB, Active: 2874052 kB, SwapTotal: 40894456 kB, SwapFree: 40861944 kB
INFO [2026-03-16 14:02:34] Memory: Total: 61649012 kB, Available: 57758160 kB, Active: 2874052 kB, SwapTotal: 40894456 kB, SwapFree: 40861944 kB
INFO [2026-03-16 14:02:34] Memory: Total: 61649012 kB, Available: 57758160 kB, Active: 2874176 kB, SwapTotal: 40894456 kB, SwapFree: 40861944 kB
INFO [2026-03-16 14:02:34] Memory: Total: 61649012 kB, Available: 57758160 kB, Active: 2874624 kB, SwapTotal: 40894456 kB, SwapFree: 40861944 kB
INFO [2026-03-16 14:02:34] Memory: Total: 61649012 kB, Available: 57758160 kB, Active: 2874488 kB, SwapTotal: 40894456 kB, SwapFree: 40861944 kB
INFO [2026-03-16 14:02:34] Memory: Total: 61649012 kB, Available: 57758160 kB, Active: 2874488 kB, SwapTotal: 40894456 kB, SwapFree: 40861944 kB
INFO [2026-03-16 14:02:34] Memory: Total: 61649012 kB, Available: 57758160 kB, Active: 2875232 kB, SwapTotal: 40894456 kB, SwapFree: 40861944 kB
INFO [2026-03-16 14:02:34] Memory: Total: 61649012 kB, Available: 57758160 kB, Active: 2875232 kB, SwapTotal: 40894456 kB, SwapFree: 40861944 kB
INFO [2026-03-16 14:02:34] Memory: Total: 61649012 kB, Available: 57758160 kB, Active: 2875356 kB, SwapTotal: 40894456 kB, SwapFree: 40861944 kB
INFO [2026-03-16 14:02:34] Memory: Total: 61649012 kB, Available: 57758160 kB, Active: 2876720 kB, SwapTotal: 40894456 kB, SwapFree: 40861944 kB
INFO [2026-03-16 14:02:34] Memory: Total: 61649012 kB, Available: 57758160 kB, Active: 2876608 kB, SwapTotal: 40894456 kB, SwapFree: 40861944 kB
INFO [2026-03-16 14:02:34] Memory: Total: 61649012 kB, Available: 57758160 kB, Active: 2876616 kB, SwapTotal: 40894456 kB, SwapFree: 40861944 kB
INFO [2026-03-16 14:02:35] Memory: Total: 61649012 kB, Available: 57758160 kB, Active: 2877236 kB, SwapTotal: 40894456 kB, SwapFree: 40861944 kB
INFO [2026-03-16 14:02:35] Memory: Total: 61649012 kB, Available: 57758160 kB, Active: 2877236 kB, SwapTotal: 40894456 kB, SwapFree: 40861944 kB
INFO [2026-03-16 14:02:35] Memory: Total: 61649012 kB, Available: 57757920 kB, Active: 2877368 kB, SwapTotal: 40894456 kB, SwapFree: 40861944 kB
INFO [2026-03-16 14:02:35] Memory: Total: 61649012 kB, Available: 57757668 kB, Active: 2877940 kB, SwapTotal: 40894456 kB, SwapFree: 40861944 kB
INFO [2026-03-16 14:02:35] Memory: Total: 61649012 kB, Available: 57757416 kB, Active: 2877968 kB, SwapTotal: 40894456 kB, SwapFree: 40861944 kB
INFO [2026-03-16 14:02:35] Memory: Total: 61649012 kB, Available: 57757416 kB, Active: 2877968 kB, SwapTotal: 40894456 kB, SwapFree: 40861944 kB
INFO [2026-03-16 14:02:35] Memory: Total: 61649012 kB, Available: 57756912 kB, Active: 2878496 kB, SwapTotal: 40894456 kB, SwapFree: 40861944 kB
INFO [2026-03-16 14:02:35] Memory: Total: 61649012 kB, Available: 57756912 kB, Active: 2878496 kB, SwapTotal: 40894456 kB, SwapFree: 40861944 kB
INFO [2026-03-16 14:02:35] Memory: Total: 61649012 kB, Available: 57756408 kB, Active: 2878500 kB, SwapTotal: 40894456 kB, SwapFree: 40861944 kB
INFO [2026-03-16 14:02:35] Memory: Total: 61649012 kB, Available: 57756408 kB, Active: 2878920 kB, SwapTotal: 40894456 kB, SwapFree: 40861944 kB
INFO [2026-03-16 14:02:35] Memory: Total: 61649012 kB, Available: 57756408 kB, Active: 2879372 kB, SwapTotal: 40894456 kB, SwapFree: 40861944 kB
INFO [2026-03-16 14:02:35] Memory: Total: 61649012 kB, Available: 57756408 kB, Active: 2879372 kB, SwapTotal: 40894456 kB, SwapFree: 40861944 kB
INFO [2026-03-16 14:02:36] Memory: Total: 61649012 kB, Available: 57755404 kB, Active: 2881028 kB, SwapTotal: 40894456 kB, SwapFree: 40861944 kB
INFO [2026-03-16 14:02:36] Memory: Total: 61649012 kB, Available: 57755404 kB, Active: 2880940 kB, SwapTotal: 40894456 kB, SwapFree: 40861944 kB
INFO [2026-03-16 14:02:36] Memory: Total: 61649012 kB, Available: 57755404 kB, Active: 2880940 kB, SwapTotal: 40894456 kB, SwapFree: 40861944 kB
INFO [2026-03-16 14:02:36] Memory: Total: 61649012 kB, Available: 57755404 kB, Active: 2881236 kB, SwapTotal: 40894456 kB, SwapFree: 40861944 kB
INFO [2026-03-16 14:02:36] Memory: Total: 61649012 kB, Available: 57753388 kB, Active: 2881360 kB, SwapTotal: 40894456 kB, SwapFree: 40861944 kB
INFO [2026-03-16 14:02:36] Memory: Total: 61649012 kB, Available: 57753388 kB, Active: 2881360 kB, SwapTotal: 40894456 kB, SwapFree: 40861944 kB
INFO [2026-03-16 14:02:36] Memory: Total: 61649012 kB, Available: 57753388 kB, Active: 2882212 kB, SwapTotal: 40894456 kB, SwapFree: 40861944 kB
INFO [2026-03-16 14:02:36] Memory: Total: 61649012 kB, Available: 57753388 kB, Active: 2882336 kB, SwapTotal: 40894456 kB, SwapFree: 40861944 kB
INFO [2026-03-16 14:02:36] Memory: Total: 61649012 kB, Available: 57753388 kB, Active: 2882660 kB, SwapTotal: 40894456 kB, SwapFree: 40861944 kB
INFO [2026-03-16 14:02:36] Memory: Total: 61649012 kB, Available: 57753388 kB, Active: 2882468 kB, SwapTotal: 40894456 kB, SwapFree: 40861944 kB
INFO [2026-03-16 14:02:36] Memory: Total: 61649012 kB, Available: 57753388 kB, Active: 2882592 kB, SwapTotal: 40894456 kB, SwapFree: 40861944 kB
INFO [2026-03-16 14:02:36] Memory: Total: 61649012 kB, Available: 57753388 kB, Active: 2882916 kB, SwapTotal: 40894456 kB, SwapFree: 40861944 kB
INFO [2026-03-16 14:02:36] Memory: Total: 61649012 kB, Available: 57753388 kB, Active: 2883276 kB, SwapTotal: 40894456 kB, SwapFree: 40861944 kB
INFO [2026-03-16 14:02:36] Memory: Total: 61649012 kB, Available: 57753388 kB, Active: 2883400 kB, SwapTotal: 40894456 kB, SwapFree: 40861944 kB
INFO [2026-03-16 14:02:36] Memory: Total: 61649012 kB, Available: 57753388 kB, Active: 2884340 kB, SwapTotal: 40894456 kB, SwapFree: 40861944 kB
INFO [2026-03-16 14:02:36] Memory: Total: 61649012 kB, Available: 57753388 kB, Active: 2884200 kB, SwapTotal: 40894456 kB, SwapFree: 40861944 kB
INFO [2026-03-16 14:02:36] Memory: Total: 61649012 kB, Available: 57753388 kB, Active: 2884576 kB, SwapTotal: 40894456 kB, SwapFree: 40861944 kB
INFO [2026-03-16 14:02:36] Memory: Total: 61649012 kB, Available: 57753388 kB, Active: 2884988 kB, SwapTotal: 40894456 kB, SwapFree: 40861944 kB
INFO [2026-03-16 14:02:37] Memory: Total: 61649012 kB, Available: 57753136 kB, Active: 2885256 kB, SwapTotal: 40894456 kB, SwapFree: 40861944 kB
INFO [2026-03-16 14:02:37] Memory: Total: 61649012 kB, Available: 57753136 kB, Active: 2885380 kB, SwapTotal: 40894456 kB, SwapFree: 40861944 kB
INFO [2026-03-16 14:02:37] Memory: Total: 61649012 kB, Available: 57753136 kB, Active: 2885380 kB, SwapTotal: 40894456 kB, SwapFree: 40861944 kB
INFO [2026-03-16 14:02:37] Memory: Total: 61649012 kB, Available: 57752632 kB, Active: 2885504 kB, SwapTotal: 40894456 kB, SwapFree: 40861944 kB
INFO [2026-03-16 14:02:37] Memory: Total: 61649012 kB, Available: 57752632 kB, Active: 2885628 kB, SwapTotal: 40894456 kB, SwapFree: 40861944 kB
INFO [2026-03-16 14:02:37] Memory: Total: 61649012 kB, Available: 57752632 kB, Active: 2886076 kB, SwapTotal: 40894456 kB, SwapFree: 40861944 kB
INFO [2026-03-16 14:02:37] Memory: Total: 61649012 kB, Available: 57752128 kB, Active: 2886520 kB, SwapTotal: 40894456 kB, SwapFree: 40861944 kB
INFO [2026-03-16 14:02:37] Memory: Total: 61649012 kB, Available: 57751624 kB, Active: 2886520 kB, SwapTotal: 40894456 kB, SwapFree: 40861944 kB
INFO [2026-03-16 14:02:37] Memory: Total: 61649012 kB, Available: 57751624 kB, Active: 2886768 kB, SwapTotal: 40894456 kB, SwapFree: 40861944 kB
INFO [2026-03-16 14:02:37] Memory: Total: 61649012 kB, Available: 57751624 kB, Active: 2886892 kB, SwapTotal: 40894456 kB, SwapFree: 40861944 kB
INFO [2026-03-16 14:02:37] Memory: Total: 61649012 kB, Available: 57751624 kB, Active: 2887020 kB, SwapTotal: 40894456 kB, SwapFree: 40861944 kB
INFO [2026-03-16 14:02:37] Memory: Total: 61649012 kB, Available: 57750616 kB, Active: 2887468 kB, SwapTotal: 40894456 kB, SwapFree: 40861944 kB
INFO [2026-03-16 14:02:37] Memory: Total: 61649012 kB, Available: 57750368 kB, Active: 2888832 kB, SwapTotal: 40894456 kB, SwapFree: 40861944 kB
INFO [2026-03-16 14:02:38] Memory: Total: 61649012 kB, Available: 57750368 kB, Active: 2888956 kB, SwapTotal: 40894456 kB, SwapFree: 40861944 kB
INFO [2026-03-16 14:02:38] Memory: Total: 61649012 kB, Available: 57750116 kB, Active: 2889084 kB, SwapTotal: 40894456 kB, SwapFree: 40861944 kB
INFO [2026-03-16 14:02:38] Memory: Total: 61649012 kB, Available: 57750116 kB, Active: 2889208 kB, SwapTotal: 40894456 kB, SwapFree: 40861944 kB
INFO [2026-03-16 14:02:38] Memory: Total: 61649012 kB, Available: 57749360 kB, Active: 2889456 kB, SwapTotal: 40894456 kB, SwapFree: 40861944 kB
INFO [2026-03-16 14:02:38] Memory: Total: 61649012 kB, Available: 57749360 kB, Active: 2889904 kB, SwapTotal: 40894456 kB, SwapFree: 40861944 kB
INFO [2026-03-16 14:02:38] Memory: Total: 61649012 kB, Available: 57748604 kB, Active: 2890496 kB, SwapTotal: 40894456 kB, SwapFree: 40861944 kB
INFO [2026-03-16 14:02:38] Memory: Total: 61649012 kB, Available: 57748604 kB, Active: 2890496 kB, SwapTotal: 40894456 kB, SwapFree: 40861944 kB
INFO [2026-03-16 14:02:38] Memory: Total: 61649012 kB, Available: 57748604 kB, Active: 2890628 kB, SwapTotal: 40894456 kB, SwapFree: 40861944 kB
INFO [2026-03-16 14:02:38] Memory: Total: 61649012 kB, Available: 57748604 kB, Active: 2890756 kB, SwapTotal: 40894456 kB, SwapFree: 40861944 kB
INFO [2026-03-16 14:02:38] Memory: Total: 61649012 kB, Available: 57748352 kB, Active: 2890880 kB, SwapTotal: 40894456 kB, SwapFree: 40861944 kB
INFO [2026-03-16 14:02:38] Memory: Total: 61649012 kB, Available: 57747848 kB, Active: 2891328 kB, SwapTotal: 40894456 kB, SwapFree: 40861944 kB
INFO [2026-03-16 14:02:38] Memory: Total: 61649012 kB, Available: 57747092 kB, Active: 2891748 kB, SwapTotal: 40894456 kB, SwapFree: 40861944 kB
INFO [2026-03-16 14:02:38] Memory: Total: 61649012 kB, Available: 57747092 kB, Active: 2892196 kB, SwapTotal: 40894456 kB, SwapFree: 40861944 kB
INFO [2026-03-16 14:02:38] Memory: Total: 61649012 kB, Available: 57747092 kB, Active: 2892324 kB, SwapTotal: 40894456 kB, SwapFree: 40861944 kB
INFO [2026-03-16 14:02:38] Memory: Total: 61649012 kB, Available: 57747092 kB, Active: 2892952 kB, SwapTotal: 40894456 kB, SwapFree: 40861944 kB
INFO [2026-03-16 14:02:38] Memory: Total: 61649012 kB, Available: 57746084 kB, Active: 2893216 kB, SwapTotal: 40894456 kB, SwapFree: 40861944 kB
INFO [2026-03-16 14:02:38] Memory: Total: 61649012 kB, Available: 57746084 kB, Active: 2893528 kB, SwapTotal: 40894456 kB, SwapFree: 40861944 kB
INFO [2026-03-16 14:02:39] Memory: Total: 61649012 kB, Available: 57745832 kB, Active: 2894512 kB, SwapTotal: 40894456 kB, SwapFree: 40861944 kB
INFO [2026-03-16 14:02:39] Memory: Total: 61649012 kB, Available: 57745832 kB, Active: 2894512 kB, SwapTotal: 40894456 kB, SwapFree: 40861944 kB
INFO [2026-03-16 14:02:39] Memory: Total: 61649012 kB, Available: 57745832 kB, Active: 2894324 kB, SwapTotal: 40894456 kB, SwapFree: 40861944 kB
INFO [2026-03-16 14:02:39] Memory: Total: 61649012 kB, Available: 57745832 kB, Active: 2894324 kB, SwapTotal: 40894456 kB, SwapFree: 40861944 kB
INFO [2026-03-16 14:02:39] Memory: Total: 61649012 kB, Available: 57745328 kB, Active: 2894572 kB, SwapTotal: 40894456 kB, SwapFree: 40861944 kB
INFO [2026-03-16 14:02:39] Memory: Total: 61649012 kB, Available: 57745328 kB, Active: 2895020 kB, SwapTotal: 40894456 kB, SwapFree: 40861944 kB
INFO [2026-03-16 14:02:39] Memory: Total: 61649012 kB, Available: 57744824 kB, Active: 2895560 kB, SwapTotal: 40894456 kB, SwapFree: 40861944 kB
INFO [2026-03-16 14:02:39] Memory: Total: 61649012 kB, Available: 57744824 kB, Active: 2895560 kB, SwapTotal: 40894456 kB, SwapFree: 40861944 kB
INFO [2026-03-16 14:02:39] Memory: Total: 61649012 kB, Available: 57744488 kB, Active: 2896132 kB, SwapTotal: 40894456 kB, SwapFree: 40861944 kB
INFO [2026-03-16 14:02:39] Memory: Total: 61649012 kB, Available: 57744320 kB, Active: 2895844 kB, SwapTotal: 40894456 kB, SwapFree: 40861944 kB
INFO [2026-03-16 14:02:39] Memory: Total: 61649012 kB, Available: 57744320 kB, Active: 2896092 kB, SwapTotal: 40894456 kB, SwapFree: 40861944 kB
INFO [2026-03-16 14:02:39] Memory: Total: 61649012 kB, Available: 57744320 kB, Active: 2896216 kB, SwapTotal: 40894456 kB, SwapFree: 40861944 kB
INFO [2026-03-16 14:02:40] Memory: Total: 61649012 kB, Available: 57743316 kB, Active: 2898480 kB, SwapTotal: 40894456 kB, SwapFree: 40861944 kB
INFO [2026-03-16 14:02:40] Memory: Total: 61649012 kB, Available: 57743316 kB, Active: 2898440 kB, SwapTotal: 40894456 kB, SwapFree: 40861944 kB
INFO [2026-03-16 14:02:40] Memory: Total: 61649012 kB, Available: 57742308 kB, Active: 2898764 kB, SwapTotal: 40894456 kB, SwapFree: 40861944 kB
INFO [2026-03-16 14:02:40] Memory: Total: 61649012 kB, Available: 57742308 kB, Active: 2898764 kB, SwapTotal: 40894456 kB, SwapFree: 40861944 kB
INFO [2026-03-16 14:02:40] Memory: Total: 61649012 kB, Available: 57742308 kB, Active: 2899072 kB, SwapTotal: 40894456 kB, SwapFree: 40861944 kB
INFO [2026-03-16 14:02:40] Memory: Total: 61649012 kB, Available: 57742056 kB, Active: 2898912 kB, SwapTotal: 40894456 kB, SwapFree: 40861944 kB
INFO [2026-03-16 14:02:41] Memory: Total: 61649012 kB, Available: 53056220 kB, Active: 7573624 kB, SwapTotal: 40894456 kB, SwapFree: 40861944 kB
INFO [2026-03-16 14:02:41] Memory: Total: 61649012 kB, Available: 53032028 kB, Active: 7595332 kB, SwapTotal: 40894456 kB, SwapFree: 40861944 kB
INFO [2026-03-16 14:02:41] Memory: Total: 61649012 kB, Available: 53007836 kB, Active: 7620928 kB, SwapTotal: 40894456 kB, SwapFree: 40861944 kB
INFO [2026-03-16 14:02:41] Memory: Total: 61649012 kB, Available: 52970876 kB, Active: 7659160 kB, SwapTotal: 40894456 kB, SwapFree: 40861944 kB
INFO [2026-03-16 14:02:41] Memory: Total: 61649012 kB, Available: 52867148 kB, Active: 7762224 kB, SwapTotal: 40894456 kB, SwapFree: 40861944 kB
INFO [2026-03-16 14:02:41] Memory: Total: 61649012 kB, Available: 52835212 kB, Active: 7794948 kB, SwapTotal: 40894456 kB, SwapFree: 40861944 kB
INFO [2026-03-16 14:02:41] Memory: Total: 61649012 kB, Available: 52642892 kB, Active: 7984520 kB, SwapTotal: 40894456 kB, SwapFree: 40861944 kB
INFO [2026-03-16 14:02:42] Memory: Total: 61649012 kB, Available: 52642892 kB, Active: 7987076 kB, SwapTotal: 40894456 kB, SwapFree: 40861944 kB
INFO [2026-03-16 14:02:42] Memory: Total: 61649012 kB, Available: 52642892 kB, Active: 7987076 kB, SwapTotal: 40894456 kB, SwapFree: 40861944 kB
INFO [2026-03-16 14:02:42] Memory: Total: 61649012 kB, Available: 52642892 kB, Active: 7986860 kB, SwapTotal: 40894456 kB, SwapFree: 40861944 kB
INFO [2026-03-16 14:02:42] Memory: Total: 61649012 kB, Available: 52642864 kB, Active: 7987152 kB, SwapTotal: 40894456 kB, SwapFree: 40861944 kB
INFO [2026-03-16 14:02:42] Memory: Total: 61649012 kB, Available: 52642864 kB, Active: 7987152 kB, SwapTotal: 40894456 kB, SwapFree: 40861944 kB
INFO [2026-03-16 14:02:42] Memory: Total: 61649012 kB, Available: 52642864 kB, Active: 7987696 kB, SwapTotal: 40894456 kB, SwapFree: 40861944 kB
INFO [2026-03-16 14:02:42] Memory: Total: 61649012 kB, Available: 52642864 kB, Active: 7987452 kB, SwapTotal: 40894456 kB, SwapFree: 40861944 kB
INFO [2026-03-16 14:02:42] Memory: Total: 61649012 kB, Available: 52642864 kB, Active: 7987776 kB, SwapTotal: 40894456 kB, SwapFree: 40861944 kB
INFO [2026-03-16 14:02:42] Memory: Total: 61649012 kB, Available: 52642864 kB, Active: 7987796 kB, SwapTotal: 40894456 kB, SwapFree: 40861944 kB
INFO [2026-03-16 14:02:42] Memory: Total: 61649012 kB, Available: 52642864 kB, Active: 7987592 kB, SwapTotal: 40894456 kB, SwapFree: 40861944 kB
INFO [2026-03-16 14:02:42] Memory: Total: 61649012 kB, Available: 52642864 kB, Active: 7987916 kB, SwapTotal: 40894456 kB, SwapFree: 40861944 kB
INFO [2026-03-16 14:02:42] Memory: Total: 61649012 kB, Available: 52642836 kB, Active: 7987752 kB, SwapTotal: 40894456 kB, SwapFree: 40861944 kB
INFO [2026-03-16 14:02:42] Memory: Total: 61649012 kB, Available: 52642836 kB, Active: 7987756 kB, SwapTotal: 40894456 kB, SwapFree: 40861944 kB
INFO [2026-03-16 14:02:42] Memory: Total: 61649012 kB, Available: 52642836 kB, Active: 7987756 kB, SwapTotal: 40894456 kB, SwapFree: 40861944 kB
INFO [2026-03-16 14:02:42] Memory: Total: 61649012 kB, Available: 52642840 kB, Active: 7988200 kB, SwapTotal: 40894456 kB, SwapFree: 40861944 kB
INFO [2026-03-16 14:02:42] Memory: Total: 61649012 kB, Available: 52642840 kB, Active: 7988040 kB, SwapTotal: 40894456 kB, SwapFree: 40861944 kB
INFO [2026-03-16 14:02:43] Memory: Total: 61649012 kB, Available: 52642840 kB, Active: 7988364 kB, SwapTotal: 40894456 kB, SwapFree: 40861944 kB
INFO [2026-03-16 14:02:43] Memory: Total: 61649012 kB, Available: 52642840 kB, Active: 7988376 kB, SwapTotal: 40894456 kB, SwapFree: 40861944 kB
INFO [2026-03-16 14:02:43] Memory: Total: 61649012 kB, Available: 52642840 kB, Active: 7988060 kB, SwapTotal: 40894456 kB, SwapFree: 40861944 kB
INFO [2026-03-16 14:02:43] Memory: Total: 61649012 kB, Available: 52642840 kB, Active: 7988060 kB, SwapTotal: 40894456 kB, SwapFree: 40861944 kB
INFO [2026-03-16 14:02:43] Memory: Total: 61649012 kB, Available: 52642840 kB, Active: 7988064 kB, SwapTotal: 40894456 kB, SwapFree: 40861944 kB
INFO [2026-03-16 14:02:43] Memory: Total: 61649012 kB, Available: 52642840 kB, Active: 7988180 kB, SwapTotal: 40894456 kB, SwapFree: 40861944 kB
INFO [2026-03-16 14:02:43] Memory: Total: 61649012 kB, Available: 52642840 kB, Active: 7988508 kB, SwapTotal: 40894456 kB, SwapFree: 40861944 kB
INFO [2026-03-16 14:02:43] Memory: Total: 61649012 kB, Available: 52642840 kB, Active: 7988196 kB, SwapTotal: 40894456 kB, SwapFree: 40861944 kB
INFO [2026-03-16 14:02:43] Memory: Total: 61649012 kB, Available: 52642840 kB, Active: 7988196 kB, SwapTotal: 40894456 kB, SwapFree: 40861944 kB
INFO [2026-03-16 14:02:43] Memory: Total: 61649012 kB, Available: 52642840 kB, Active: 7988196 kB, SwapTotal: 40894456 kB, SwapFree: 40861944 kB
INFO [2026-03-16 14:02:43] Memory: Total: 61649012 kB, Available: 52642840 kB, Active: 7988196 kB, SwapTotal: 40894456 kB, SwapFree: 40861944 kB
INFO [2026-03-16 14:02:43] Memory: Total: 61649012 kB, Available: 52642840 kB, Active: 7988196 kB, SwapTotal: 40894456 kB, SwapFree: 40861944 kB
INFO [2026-03-16 14:02:43] Memory: Total: 61649012 kB, Available: 52642840 kB, Active: 7988196 kB, SwapTotal: 40894456 kB, SwapFree: 40861944 kB
INFO [2026-03-16 14:02:43] Memory: Total: 61649012 kB, Available: 52642840 kB, Active: 7988580 kB, SwapTotal: 40894456 kB, SwapFree: 40861944 kB
INFO [2026-03-16 14:02:44] Memory: Total: 61649012 kB, Available: 52642840 kB, Active: 7988580 kB, SwapTotal: 40894456 kB, SwapFree: 40861944 kB
INFO [2026-03-16 14:02:44] Memory: Total: 61649012 kB, Available: 52642840 kB, Active: 7988580 kB, SwapTotal: 40894456 kB, SwapFree: 40861944 kB
INFO [2026-03-16 14:02:44] Memory: Total: 61649012 kB, Available: 52642840 kB, Active: 7988740 kB, SwapTotal: 40894456 kB, SwapFree: 40861944 kB
INFO [2026-03-16 14:02:44] Memory: Total: 61649012 kB, Available: 52642840 kB, Active: 7988580 kB, SwapTotal: 40894456 kB, SwapFree: 40861944 kB
INFO [2026-03-16 14:02:44] Memory: Total: 61649012 kB, Available: 52642840 kB, Active: 7988580 kB, SwapTotal: 40894456 kB, SwapFree: 40861944 kB
INFO [2026-03-16 14:02:44] Memory: Total: 61649012 kB, Available: 52642840 kB, Active: 7988584 kB, SwapTotal: 40894456 kB, SwapFree: 40861944 kB
INFO [2026-03-16 14:02:44] Memory: Total: 61649012 kB, Available: 52642840 kB, Active: 7988584 kB, SwapTotal: 40894456 kB, SwapFree: 40861944 kB
INFO [2026-03-16 14:02:44] Memory: Total: 61649012 kB, Available: 52642840 kB, Active: 7988584 kB, SwapTotal: 40894456 kB, SwapFree: 40861944 kB
INFO [2026-03-16 14:02:44] Memory: Total: 61649012 kB, Available: 52642600 kB, Active: 7988908 kB, SwapTotal: 40894456 kB, SwapFree: 40861944 kB
INFO [2026-03-16 14:02:44] Memory: Total: 61649012 kB, Available: 52642600 kB, Active: 7988596 kB, SwapTotal: 40894456 kB, SwapFree: 40861944 kB
INFO [2026-03-16 14:02:44] Memory: Total: 61649012 kB, Available: 52642600 kB, Active: 7988596 kB, SwapTotal: 40894456 kB, SwapFree: 40861944 kB
INFO [2026-03-16 14:02:44] Memory: Total: 61649012 kB, Available: 52642600 kB, Active: 7988596 kB, SwapTotal: 40894456 kB, SwapFree: 40861944 kB
INFO [2026-03-16 14:02:44] Memory: Total: 61649012 kB, Available: 52642600 kB, Active: 7988596 kB, SwapTotal: 40894456 kB, SwapFree: 40861944 kB
INFO [2026-03-16 14:02:44] Memory: Total: 61649012 kB, Available: 52642600 kB, Active: 7988596 kB, SwapTotal: 40894456 kB, SwapFree: 40861944 kB
INFO [2026-03-16 14:02:44] Memory: Total: 61649012 kB, Available: 52642600 kB, Active: 7988672 kB, SwapTotal: 40894456 kB, SwapFree: 40861944 kB
INFO [2026-03-16 14:02:44] Memory: Total: 61649012 kB, Available: 52642604 kB, Active: 7988676 kB, SwapTotal: 40894456 kB, SwapFree: 40861944 kB
INFO [2026-03-16 14:02:45] Memory: Total: 61649012 kB, Available: 52642888 kB, Active: 7988676 kB, SwapTotal: 40894456 kB, SwapFree: 40861944 kB
INFO [2026-03-16 14:02:45] Memory: Total: 61649012 kB, Available: 52643140 kB, Active: 7988676 kB, SwapTotal: 40894456 kB, SwapFree: 40861944 kB
INFO [2026-03-16 14:02:45] Memory: Total: 61649012 kB, Available: 52643140 kB, Active: 7988960 kB, SwapTotal: 40894456 kB, SwapFree: 40861944 kB
INFO [2026-03-16 14:02:45] Memory: Total: 61649012 kB, Available: 52643140 kB, Active: 7988960 kB, SwapTotal: 40894456 kB, SwapFree: 40861944 kB
INFO [2026-03-16 14:02:45] Memory: Total: 61649012 kB, Available: 52643140 kB, Active: 7988676 kB, SwapTotal: 40894456 kB, SwapFree: 40861944 kB
INFO [2026-03-16 14:02:45] Memory: Total: 61649012 kB, Available: 52643140 kB, Active: 7988680 kB, SwapTotal: 40894456 kB, SwapFree: 40861944 kB
INFO [2026-03-16 14:02:45] Memory: Total: 61649012 kB, Available: 52643140 kB, Active: 7988680 kB, SwapTotal: 40894456 kB, SwapFree: 40861944 kB
INFO [2026-03-16 14:02:45] Memory: Total: 61649012 kB, Available: 52643140 kB, Active: 7988680 kB, SwapTotal: 40894456 kB, SwapFree: 40861944 kB
INFO [2026-03-16 14:02:45] Memory: Total: 61649012 kB, Available: 52643140 kB, Active: 7988680 kB, SwapTotal: 40894456 kB, SwapFree: 40861944 kB
INFO [2026-03-16 14:02:45] Memory: Total: 61649012 kB, Available: 52643140 kB, Active: 7988680 kB, SwapTotal: 40894456 kB, SwapFree: 40861944 kB
INFO [2026-03-16 14:02:45] Memory: Total: 61649012 kB, Available: 52643140 kB, Active: 7988684 kB, SwapTotal: 40894456 kB, SwapFree: 40861944 kB
INFO [2026-03-16 14:02:45] Memory: Total: 61649012 kB, Available: 52643140 kB, Active: 7988688 kB, SwapTotal: 40894456 kB, SwapFree: 40861944 kB
INFO [2026-03-16 14:02:45] Memory: Total: 61649012 kB, Available: 52643140 kB, Active: 7988688 kB, SwapTotal: 40894456 kB, SwapFree: 40861944 kB
INFO [2026-03-16 14:02:45] Memory: Total: 61649012 kB, Available: 52643140 kB, Active: 7988800 kB, SwapTotal: 40894456 kB, SwapFree: 40861944 kB
INFO [2026-03-16 14:02:46] Memory: Total: 61649012 kB, Available: 52643140 kB, Active: 7989084 kB, SwapTotal: 40894456 kB, SwapFree: 40861944 kB
INFO [2026-03-16 14:02:46] Memory: Total: 61649012 kB, Available: 52643140 kB, Active: 7988800 kB, SwapTotal: 40894456 kB, SwapFree: 40861944 kB
INFO [2026-03-16 14:02:46] Memory: Total: 61649012 kB, Available: 52643140 kB, Active: 7989092 kB, SwapTotal: 40894456 kB, SwapFree: 40861944 kB
INFO [2026-03-16 14:02:46] Memory: Total: 61649012 kB, Available: 52643140 kB, Active: 7989132 kB, SwapTotal: 40894456 kB, SwapFree: 40861944 kB
INFO [2026-03-16 14:02:46] Memory: Total: 61649012 kB, Available: 52643140 kB, Active: 7988816 kB, SwapTotal: 40894456 kB, SwapFree: 40861944 kB
INFO [2026-03-16 14:02:46] Memory: Total: 61649012 kB, Available: 52643140 kB, Active: 7988816 kB, SwapTotal: 40894456 kB, SwapFree: 40861944 kB
INFO [2026-03-16 14:02:46] Memory: Total: 61649012 kB, Available: 52643140 kB, Active: 7988816 kB, SwapTotal: 40894456 kB, SwapFree: 40861944 kB
INFO [2026-03-16 14:02:46] Memory: Total: 61649012 kB, Available: 52643140 kB, Active: 7988816 kB, SwapTotal: 40894456 kB, SwapFree: 40861944 kB
INFO [2026-03-16 14:02:46] Memory: Total: 61649012 kB, Available: 52643140 kB, Active: 7988816 kB, SwapTotal: 40894456 kB, SwapFree: 40861944 kB
INFO [2026-03-16 14:02:46] Memory: Total: 61649012 kB, Available: 52643140 kB, Active: 7989140 kB, SwapTotal: 40894456 kB, SwapFree: 40861944 kB
INFO [2026-03-16 14:02:46] Memory: Total: 61649012 kB, Available: 52643140 kB, Active: 7988828 kB, SwapTotal: 40894456 kB, SwapFree: 40861944 kB
INFO [2026-03-16 14:02:46] Memory: Total: 61649012 kB, Available: 52643140 kB, Active: 7988828 kB, SwapTotal: 40894456 kB, SwapFree: 40861944 kB
INFO [2026-03-16 14:02:46] Memory: Total: 61649012 kB, Available: 52643140 kB, Active: 7988828 kB, SwapTotal: 40894456 kB, SwapFree: 40861944 kB
INFO [2026-03-16 14:02:46] Memory: Total: 61649012 kB, Available: 52643140 kB, Active: 7988828 kB, SwapTotal: 40894456 kB, SwapFree: 40861944 kB
INFO [2026-03-16 14:02:46] Memory: Total: 61649012 kB, Available: 52643144 kB, Active: 7988828 kB, SwapTotal: 40894456 kB, SwapFree: 40861944 kB
INFO [2026-03-16 14:02:46] Memory: Total: 61649012 kB, Available: 52643144 kB, Active: 7988828 kB, SwapTotal: 40894456 kB, SwapFree: 40861944 kB
INFO [2026-03-16 14:02:47] Memory: Total: 61649012 kB, Available: 52643144 kB, Active: 7988828 kB, SwapTotal: 40894456 kB, SwapFree: 40861944 kB
INFO [2026-03-16 14:02:47] Memory: Total: 61649012 kB, Available: 52643144 kB, Active: 7988828 kB, SwapTotal: 40894456 kB, SwapFree: 40861944 kB
INFO [2026-03-16 14:02:47] Memory: Total: 61649012 kB, Available: 52643144 kB, Active: 7988828 kB, SwapTotal: 40894456 kB, SwapFree: 40861944 kB
INFO [2026-03-16 14:02:47] Memory: Total: 61649012 kB, Available: 52643144 kB, Active: 7988828 kB, SwapTotal: 40894456 kB, SwapFree: 40861944 kB
INFO [2026-03-16 14:02:47] Memory: Total: 61649012 kB, Available: 52643144 kB, Active: 7988828 kB, SwapTotal: 40894456 kB, SwapFree: 40861944 kB
INFO [2026-03-16 14:02:47] Memory: Total: 61649012 kB, Available: 52643144 kB, Active: 7989152 kB, SwapTotal: 40894456 kB, SwapFree: 40861944 kB
INFO [2026-03-16 14:02:47] Memory: Total: 61649012 kB, Available: 52643144 kB, Active: 7988836 kB, SwapTotal: 40894456 kB, SwapFree: 40861944 kB
INFO [2026-03-16 14:02:47] Memory: Total: 61649012 kB, Available: 52643144 kB, Active: 7988836 kB, SwapTotal: 40894456 kB, SwapFree: 40861944 kB
INFO [2026-03-16 14:02:47] Memory: Total: 61649012 kB, Available: 52643144 kB, Active: 7989160 kB, SwapTotal: 40894456 kB, SwapFree: 40861944 kB
INFO [2026-03-16 14:02:47] Memory: Total: 61649012 kB, Available: 52643144 kB, Active: 7989164 kB, SwapTotal: 40894456 kB, SwapFree: 40861944 kB
INFO [2026-03-16 14:02:47] Memory: Total: 61649012 kB, Available: 52643144 kB, Active: 7988876 kB, SwapTotal: 40894456 kB, SwapFree: 40861944 kB
INFO [2026-03-16 14:02:47] Memory: Total: 61649012 kB, Available: 52643144 kB, Active: 7988880 kB, SwapTotal: 40894456 kB, SwapFree: 40861944 kB
INFO [2026-03-16 14:02:47] Memory: Total: 61649012 kB, Available: 52643144 kB, Active: 7988916 kB, SwapTotal: 40894456 kB, SwapFree: 40861944 kB
INFO [2026-03-16 14:02:48] Memory: Total: 61649012 kB, Available: 52643144 kB, Active: 7989240 kB, SwapTotal: 40894456 kB, SwapFree: 40861944 kB
INFO [2026-03-16 14:02:48] Memory: Total: 61649012 kB, Available: 52643144 kB, Active: 7989240 kB, SwapTotal: 40894456 kB, SwapFree: 40861944 kB
INFO [2026-03-16 14:02:48] Memory: Total: 61649012 kB, Available: 52643144 kB, Active: 7988924 kB, SwapTotal: 40894456 kB, SwapFree: 40861944 kB
INFO [2026-03-16 14:02:48] Memory: Total: 61649012 kB, Available: 52643144 kB, Active: 7989212 kB, SwapTotal: 40894456 kB, SwapFree: 40861944 kB
INFO [2026-03-16 14:02:48] Memory: Total: 61649012 kB, Available: 52643144 kB, Active: 7988924 kB, SwapTotal: 40894456 kB, SwapFree: 40861944 kB
INFO [2026-03-16 14:02:48] Memory: Total: 61649012 kB, Available: 52643144 kB, Active: 7988924 kB, SwapTotal: 40894456 kB, SwapFree: 40861944 kB
INFO [2026-03-16 14:02:48] Memory: Total: 61649012 kB, Available: 52643144 kB, Active: 7988924 kB, SwapTotal: 40894456 kB, SwapFree: 40861944 kB
INFO [2026-03-16 14:02:48] Memory: Total: 61649012 kB, Available: 52643148 kB, Active: 7988924 kB, SwapTotal: 40894456 kB, SwapFree: 40861944 kB
INFO [2026-03-16 14:02:48] Memory: Total: 61649012 kB, Available: 52643148 kB, Active: 7988924 kB, SwapTotal: 40894456 kB, SwapFree: 40861944 kB
INFO [2026-03-16 14:02:48] Memory: Total: 61649012 kB, Available: 52643148 kB, Active: 7988924 kB, SwapTotal: 40894456 kB, SwapFree: 40861944 kB
INFO [2026-03-16 14:02:48] Memory: Total: 61649012 kB, Available: 52643148 kB, Active: 7989248 kB, SwapTotal: 40894456 kB, SwapFree: 40861944 kB
INFO [2026-03-16 14:02:48] Memory: Total: 61649012 kB, Available: 52643148 kB, Active: 7988948 kB, SwapTotal: 40894456 kB, SwapFree: 40861944 kB
INFO [2026-03-16 14:02:48] Memory: Total: 61649012 kB, Available: 52643148 kB, Active: 7988948 kB, SwapTotal: 40894456 kB, SwapFree: 40861944 kB
INFO [2026-03-16 14:02:48] Memory: Total: 61649012 kB, Available: 52643148 kB, Active: 7988948 kB, SwapTotal: 40894456 kB, SwapFree: 40861944 kB
INFO [2026-03-16 14:02:48] Memory: Total: 61649012 kB, Available: 52643148 kB, Active: 7988948 kB, SwapTotal: 40894456 kB, SwapFree: 40861944 kB
INFO [2026-03-16 14:02:48] Memory: Total: 61649012 kB, Available: 52643148 kB, Active: 7988992 kB, SwapTotal: 40894456 kB, SwapFree: 40861944 kB
INFO [2026-03-16 14:02:48] Memory: Total: 61649012 kB, Available: 52643148 kB, Active: 7988992 kB, SwapTotal: 40894456 kB, SwapFree: 40861944 kB
INFO [2026-03-16 14:02:49] Memory: Total: 61649012 kB, Available: 52643148 kB, Active: 7989284 kB, SwapTotal: 40894456 kB, SwapFree: 40861944 kB
INFO [2026-03-16 14:02:49] Memory: Total: 61649012 kB, Available: 52643148 kB, Active: 7988996 kB, SwapTotal: 40894456 kB, SwapFree: 40861944 kB
INFO [2026-03-16 14:02:49] Memory: Total: 61649012 kB, Available: 52643148 kB, Active: 7988996 kB, SwapTotal: 40894456 kB, SwapFree: 40861944 kB
INFO [2026-03-16 14:02:49] Memory: Total: 61649012 kB, Available: 52643148 kB, Active: 7989008 kB, SwapTotal: 40894456 kB, SwapFree: 40861944 kB
INFO [2026-03-16 14:02:49] Memory: Total: 61649012 kB, Available: 52643148 kB, Active: 7989320 kB, SwapTotal: 40894456 kB, SwapFree: 40861944 kB
INFO [2026-03-16 14:02:49] Memory: Total: 61649012 kB, Available: 52643148 kB, Active: 7989008 kB, SwapTotal: 40894456 kB, SwapFree: 40861944 kB
INFO [2026-03-16 14:02:49] Memory: Total: 61649012 kB, Available: 52643148 kB, Active: 7989008 kB, SwapTotal: 40894456 kB, SwapFree: 40861944 kB
INFO [2026-03-16 14:02:49] Memory: Total: 61649012 kB, Available: 52643148 kB, Active: 7989008 kB, SwapTotal: 40894456 kB, SwapFree: 40861944 kB
INFO [2026-03-16 14:02:49] Memory: Total: 61649012 kB, Available: 52643148 kB, Active: 7989008 kB, SwapTotal: 40894456 kB, SwapFree: 40861944 kB
INFO [2026-03-16 14:02:49] Memory: Total: 61649012 kB, Available: 52643148 kB, Active: 7989008 kB, SwapTotal: 40894456 kB, SwapFree: 40861944 kB
INFO [2026-03-16 14:02:49] Memory: Total: 61649012 kB, Available: 52643148 kB, Active: 7989332 kB, SwapTotal: 40894456 kB, SwapFree: 40861944 kB
INFO [2026-03-16 14:02:49] Memory: Total: 61649012 kB, Available: 52643148 kB, Active: 7989020 kB, SwapTotal: 40894456 kB, SwapFree: 40861944 kB
INFO [2026-03-16 14:02:49] Memory: Total: 61649012 kB, Available: 52643148 kB, Active: 7989020 kB, SwapTotal: 40894456 kB, SwapFree: 40861944 kB
INFO [2026-03-16 14:02:50] Memory: Total: 61649012 kB, Available: 52643148 kB, Active: 7989304 kB, SwapTotal: 40894456 kB, SwapFree: 40861944 kB
INFO [2026-03-16 14:02:50] Memory: Total: 61649012 kB, Available: 52643148 kB, Active: 7989304 kB, SwapTotal: 40894456 kB, SwapFree: 40861944 kB
INFO [2026-03-16 14:02:50] Memory: Total: 61649012 kB, Available: 52643148 kB, Active: 7989304 kB, SwapTotal: 40894456 kB, SwapFree: 40861944 kB
INFO [2026-03-16 14:02:50] Memory: Total: 61649012 kB, Available: 52643148 kB, Active: 7989628 kB, SwapTotal: 40894456 kB, SwapFree: 40861944 kB
INFO [2026-03-16 14:02:50] Memory: Total: 61649012 kB, Available: 52643148 kB, Active: 7989324 kB, SwapTotal: 40894456 kB, SwapFree: 40861944 kB
INFO [2026-03-16 14:02:50] Memory: Total: 61649012 kB, Available: 52643148 kB, Active: 7989324 kB, SwapTotal: 40894456 kB, SwapFree: 40861944 kB
INFO [2026-03-16 14:02:50] Memory: Total: 61649012 kB, Available: 52643148 kB, Active: 7989324 kB, SwapTotal: 40894456 kB, SwapFree: 40861944 kB
INFO [2026-03-16 14:02:50] Memory: Total: 61649012 kB, Available: 52643148 kB, Active: 7989324 kB, SwapTotal: 40894456 kB, SwapFree: 40861944 kB
INFO [2026-03-16 14:02:50] Memory: Total: 61649012 kB, Available: 52643148 kB, Active: 7989324 kB, SwapTotal: 40894456 kB, SwapFree: 40861944 kB
INFO [2026-03-16 14:02:50] Memory: Total: 61649012 kB, Available: 52643152 kB, Active: 7989324 kB, SwapTotal: 40894456 kB, SwapFree: 40861944 kB
INFO [2026-03-16 14:02:50] Memory: Total: 61649012 kB, Available: 52643152 kB, Active: 7989648 kB, SwapTotal: 40894456 kB, SwapFree: 40861944 kB
INFO [2026-03-16 14:02:50] Memory: Total: 61649012 kB, Available: 52643152 kB, Active: 7989336 kB, SwapTotal: 40894456 kB, SwapFree: 40861944 kB
INFO [2026-03-16 14:02:50] Memory: Total: 61649012 kB, Available: 52643152 kB, Active: 7989336 kB, SwapTotal: 40894456 kB, SwapFree: 40861944 kB
INFO [2026-03-16 14:02:50] Memory: Total: 61649012 kB, Available: 52643152 kB, Active: 7989336 kB, SwapTotal: 40894456 kB, SwapFree: 40861944 kB
INFO [2026-03-16 14:02:50] Memory: Total: 61649012 kB, Available: 52643152 kB, Active: 7989660 kB, SwapTotal: 40894456 kB, SwapFree: 40861944 kB
INFO [2026-03-16 14:02:50] Memory: Total: 61649012 kB, Available: 52643152 kB, Active: 7989060 kB, SwapTotal: 40894456 kB, SwapFree: 40861944 kB
INFO [2026-03-16 14:02:51] Memory: Total: 61649012 kB, Available: 52643152 kB, Active: 7989060 kB, SwapTotal: 40894456 kB, SwapFree: 40861944 kB
INFO [2026-03-16 14:02:51] Memory: Total: 61649012 kB, Available: 52643152 kB, Active: 7989060 kB, SwapTotal: 40894456 kB, SwapFree: 40861944 kB
INFO [2026-03-16 14:02:51] Memory: Total: 61649012 kB, Available: 52643152 kB, Active: 7989228 kB, SwapTotal: 40894456 kB, SwapFree: 40861944 kB
INFO [2026-03-16 14:02:51] Memory: Total: 61649012 kB, Available: 52643152 kB, Active: 7989228 kB, SwapTotal: 40894456 kB, SwapFree: 40861944 kB
INFO [2026-03-16 14:02:51] Memory: Total: 61649012 kB, Available: 52643152 kB, Active: 7989392 kB, SwapTotal: 40894456 kB, SwapFree: 40861944 kB
INFO [2026-03-16 14:02:51] Memory: Total: 61649012 kB, Available: 52643152 kB, Active: 7989100 kB, SwapTotal: 40894456 kB, SwapFree: 40861944 kB
INFO [2026-03-16 14:02:51] Memory: Total: 61649012 kB, Available: 52643152 kB, Active: 7989100 kB, SwapTotal: 40894456 kB, SwapFree: 40861944 kB
INFO [2026-03-16 14:02:51] Memory: Total: 61649012 kB, Available: 52643152 kB, Active: 7989100 kB, SwapTotal: 40894456 kB, SwapFree: 40861944 kB
INFO [2026-03-16 14:02:51] Memory: Total: 61649012 kB, Available: 52643152 kB, Active: 7989100 kB, SwapTotal: 40894456 kB, SwapFree: 40861944 kB
INFO [2026-03-16 14:02:51] Memory: Total: 61649012 kB, Available: 52643152 kB, Active: 7989100 kB, SwapTotal: 40894456 kB, SwapFree: 40861944 kB
INFO [2026-03-16 14:02:51] Memory: Total: 61649012 kB, Available: 52643152 kB, Active: 7989100 kB, SwapTotal: 40894456 kB, SwapFree: 40861944 kB
INFO [2026-03-16 14:02:51] Memory: Total: 61649012 kB, Available: 52643152 kB, Active: 7989100 kB, SwapTotal: 40894456 kB, SwapFree: 40861944 kB
INFO [2026-03-16 14:02:51] Memory: Total: 61649012 kB, Available: 52643152 kB, Active: 7989424 kB, SwapTotal: 40894456 kB, SwapFree: 40861944 kB
INFO [2026-03-16 14:02:51] Memory: Total: 61649012 kB, Available: 52643152 kB, Active: 7989156 kB, SwapTotal: 40894456 kB, SwapFree: 40861944 kB
INFO [2026-03-16 14:02:52] Memory: Total: 61649012 kB, Available: 52643152 kB, Active: 7989108 kB, SwapTotal: 40894456 kB, SwapFree: 40861944 kB
INFO [2026-03-16 14:02:52] Memory: Total: 61649012 kB, Available: 52643152 kB, Active: 7989108 kB, SwapTotal: 40894456 kB, SwapFree: 40861944 kB
INFO [2026-03-16 14:02:52] Memory: Total: 61649012 kB, Available: 52643152 kB, Active: 7989108 kB, SwapTotal: 40894456 kB, SwapFree: 40861944 kB
INFO [2026-03-16 14:02:52] Memory: Total: 61649012 kB, Available: 52643152 kB, Active: 7989108 kB, SwapTotal: 40894456 kB, SwapFree: 40861944 kB
INFO [2026-03-16 14:02:52] Memory: Total: 61649012 kB, Available: 52643152 kB, Active: 7989108 kB, SwapTotal: 40894456 kB, SwapFree: 40861944 kB
INFO [2026-03-16 14:02:52] Memory: Total: 61649012 kB, Available: 52643160 kB, Active: 7989116 kB, SwapTotal: 40894456 kB, SwapFree: 40861944 kB
INFO [2026-03-16 14:02:52] Memory: Total: 61649012 kB, Available: 52643160 kB, Active: 7989116 kB, SwapTotal: 40894456 kB, SwapFree: 40861944 kB
INFO [2026-03-16 14:02:52] Memory: Total: 61649012 kB, Available: 52643160 kB, Active: 7989116 kB, SwapTotal: 40894456 kB, SwapFree: 40861944 kB
INFO [2026-03-16 14:02:52] Memory: Total: 61649012 kB, Available: 52643160 kB, Active: 7989116 kB, SwapTotal: 40894456 kB, SwapFree: 40861944 kB
INFO [2026-03-16 14:02:52] Memory: Total: 61649012 kB, Available: 52643160 kB, Active: 7989120 kB, SwapTotal: 40894456 kB, SwapFree: 40861944 kB
INFO [2026-03-16 14:02:52] Memory: Total: 61649012 kB, Available: 52643160 kB, Active: 7989444 kB, SwapTotal: 40894456 kB, SwapFree: 40861944 kB
INFO [2026-03-16 14:02:52] Memory: Total: 61649012 kB, Available: 52643160 kB, Active: 7989136 kB, SwapTotal: 40894456 kB, SwapFree: 40861944 kB
INFO [2026-03-16 14:02:52] Memory: Total: 61649012 kB, Available: 52643160 kB, Active: 7989172 kB, SwapTotal: 40894456 kB, SwapFree: 40861944 kB
INFO [2026-03-16 14:02:52] Memory: Total: 61649012 kB, Available: 52643160 kB, Active: 7989172 kB, SwapTotal: 40894456 kB, SwapFree: 40861944 kB
INFO [2026-03-16 14:02:52] Memory: Total: 61649012 kB, Available: 52643160 kB, Active: 7989496 kB, SwapTotal: 40894456 kB, SwapFree: 40861944 kB
INFO [2026-03-16 14:02:53] Memory: Total: 61649012 kB, Available: 52643164 kB, Active: 7989216 kB, SwapTotal: 40894456 kB, SwapFree: 40861944 kB
INFO [2026-03-16 14:02:53] Memory: Total: 61649012 kB, Available: 52643164 kB, Active: 7989216 kB, SwapTotal: 40894456 kB, SwapFree: 40861944 kB
INFO [2026-03-16 14:02:53] Memory: Total: 61649012 kB, Available: 52643164 kB, Active: 7989216 kB, SwapTotal: 40894456 kB, SwapFree: 40861944 kB
INFO [2026-03-16 14:02:53] Memory: Total: 61649012 kB, Available: 52643164 kB, Active: 7989216 kB, SwapTotal: 40894456 kB, SwapFree: 40861944 kB
INFO [2026-03-16 14:02:53] Memory: Total: 61649012 kB, Available: 52643164 kB, Active: 7989216 kB, SwapTotal: 40894456 kB, SwapFree: 40861944 kB
INFO [2026-03-16 14:02:53] Memory: Total: 61649012 kB, Available: 52643164 kB, Active: 7989216 kB, SwapTotal: 40894456 kB, SwapFree: 40861944 kB
INFO [2026-03-16 14:02:53] Memory: Total: 61649012 kB, Available: 52643164 kB, Active: 7989216 kB, SwapTotal: 40894456 kB, SwapFree: 40861944 kB
INFO [2026-03-16 14:02:53] Memory: Total: 61649012 kB, Available: 52643164 kB, Active: 7989216 kB, SwapTotal: 40894456 kB, SwapFree: 40861944 kB
INFO [2026-03-16 14:02:53] Memory: Total: 61649012 kB, Available: 52643164 kB, Active: 7989216 kB, SwapTotal: 40894456 kB, SwapFree: 40861944 kB
INFO [2026-03-16 14:02:53] Memory: Total: 61649012 kB, Available: 52643164 kB, Active: 7989224 kB, SwapTotal: 40894456 kB, SwapFree: 40861944 kB
INFO [2026-03-16 14:02:53] Memory: Total: 61649012 kB, Available: 52643164 kB, Active: 7989224 kB, SwapTotal: 40894456 kB, SwapFree: 40861944 kB
INFO [2026-03-16 14:02:53] Memory: Total: 61649012 kB, Available: 52643164 kB, Active: 7989552 kB, SwapTotal: 40894456 kB, SwapFree: 40861944 kB
INFO [2026-03-16 14:02:53] Memory: Total: 61649012 kB, Available: 52643164 kB, Active: 7989240 kB, SwapTotal: 40894456 kB, SwapFree: 40861944 kB
INFO [2026-03-16 14:02:53] Memory: Total: 61649012 kB, Available: 52643164 kB, Active: 7989240 kB, SwapTotal: 40894456 kB, SwapFree: 40861944 kB
INFO [2026-03-16 14:02:53] Memory: Total: 61649012 kB, Available: 52643164 kB, Active: 7989240 kB, SwapTotal: 40894456 kB, SwapFree: 40861944 kB
INFO [2026-03-16 14:02:54] Memory: Total: 61649012 kB, Available: 52643164 kB, Active: 7989240 kB, SwapTotal: 40894456 kB, SwapFree: 40861944 kB
INFO [2026-03-16 14:02:54] Memory: Total: 61649012 kB, Available: 52643168 kB, Active: 7989564 kB, SwapTotal: 40894456 kB, SwapFree: 40861944 kB
INFO [2026-03-16 14:02:54] Memory: Total: 61649012 kB, Available: 52643168 kB, Active: 7989564 kB, SwapTotal: 40894456 kB, SwapFree: 40861944 kB
INFO [2026-03-16 14:02:54] Memory: Total: 61649012 kB, Available: 52643168 kB, Active: 7989256 kB, SwapTotal: 40894456 kB, SwapFree: 40861944 kB
INFO [2026-03-16 14:02:54] Memory: Total: 61649012 kB, Available: 52643168 kB, Active: 7989256 kB, SwapTotal: 40894456 kB, SwapFree: 40861944 kB
INFO [2026-03-16 14:02:54] Memory: Total: 61649012 kB, Available: 52643168 kB, Active: 7989256 kB, SwapTotal: 40894456 kB, SwapFree: 40861944 kB
INFO [2026-03-16 14:02:54] Memory: Total: 61649012 kB, Available: 52643168 kB, Active: 7989256 kB, SwapTotal: 40894456 kB, SwapFree: 40861944 kB
INFO [2026-03-16 14:02:54] Memory: Total: 61649012 kB, Available: 52643168 kB, Active: 7989580 kB, SwapTotal: 40894456 kB, SwapFree: 40861944 kB
INFO [2026-03-16 14:02:54] Memory: Total: 61649012 kB, Available: 52643168 kB, Active: 7989580 kB, SwapTotal: 40894456 kB, SwapFree: 40861944 kB
INFO [2026-03-16 14:02:54] Memory: Total: 61649012 kB, Available: 52643168 kB, Active: 7989272 kB, SwapTotal: 40894456 kB, SwapFree: 40861944 kB
INFO [2026-03-16 14:02:54] Memory: Total: 61649012 kB, Available: 52643168 kB, Active: 7989272 kB, SwapTotal: 40894456 kB, SwapFree: 40861944 kB
INFO [2026-03-16 14:02:54] Memory: Total: 61649012 kB, Available: 52643168 kB, Active: 7989272 kB, SwapTotal: 40894456 kB, SwapFree: 40861944 kB
INFO [2026-03-16 14:02:54] Memory: Total: 61649012 kB, Available: 52643168 kB, Active: 7989272 kB, SwapTotal: 40894456 kB, SwapFree: 40861944 kB
INFO [2026-03-16 14:02:54] Memory: Total: 61649012 kB, Available: 52643168 kB, Active: 7989460 kB, SwapTotal: 40894456 kB, SwapFree: 40861944 kB
INFO [2026-03-16 14:02:54] Memory: Total: 61649012 kB, Available: 52643168 kB, Active: 7989460 kB, SwapTotal: 40894456 kB, SwapFree: 40861944 kB
INFO [2026-03-16 14:02:55] Memory: Total: 61649012 kB, Available: 52643168 kB, Active: 7989296 kB, SwapTotal: 40894456 kB, SwapFree: 40861944 kB
INFO [2026-03-16 14:02:55] Memory: Total: 61649012 kB, Available: 52643168 kB, Active: 7989296 kB, SwapTotal: 40894456 kB, SwapFree: 40861944 kB
INFO [2026-03-16 14:02:55] Memory: Total: 61649012 kB, Available: 52643168 kB, Active: 7989296 kB, SwapTotal: 40894456 kB, SwapFree: 40861944 kB
INFO [2026-03-16 14:02:55] Memory: Total: 61649012 kB, Available: 52643168 kB, Active: 7989296 kB, SwapTotal: 40894456 kB, SwapFree: 40861944 kB
INFO [2026-03-16 14:02:55] Memory: Total: 61649012 kB, Available: 52643168 kB, Active: 7989620 kB, SwapTotal: 40894456 kB, SwapFree: 40861944 kB
INFO [2026-03-16 14:02:55] Memory: Total: 61649012 kB, Available: 52643168 kB, Active: 7989620 kB, SwapTotal: 40894456 kB, SwapFree: 40861944 kB
INFO [2026-03-16 14:02:55] Memory: Total: 61649012 kB, Available: 52643168 kB, Active: 7989396 kB, SwapTotal: 40894456 kB, SwapFree: 40861944 kB
INFO [2026-03-16 14:02:55] Memory: Total: 61649012 kB, Available: 52643168 kB, Active: 7989396 kB, SwapTotal: 40894456 kB, SwapFree: 40861944 kB
INFO [2026-03-16 14:02:55] Memory: Total: 61649012 kB, Available: 52643168 kB, Active: 7989720 kB, SwapTotal: 40894456 kB, SwapFree: 40861944 kB
INFO [2026-03-16 14:02:55] Memory: Total: 61649012 kB, Available: 52643168 kB, Active: 7989464 kB, SwapTotal: 40894456 kB, SwapFree: 40861944 kB
INFO [2026-03-16 14:02:55] Memory: Total: 61649012 kB, Available: 52643168 kB, Active: 7989464 kB, SwapTotal: 40894456 kB, SwapFree: 40861944 kB
INFO [2026-03-16 14:02:55] Memory: Total: 61649012 kB, Available: 52643168 kB, Active: 7989464 kB, SwapTotal: 40894456 kB, SwapFree: 40861944 kB
INFO [2026-03-16 14:02:55] Memory: Total: 61649012 kB, Available: 52643168 kB, Active: 7989464 kB, SwapTotal: 40894456 kB, SwapFree: 40861944 kB
INFO [2026-03-16 14:02:55] Memory: Total: 61649012 kB, Available: 52643168 kB, Active: 7989464 kB, SwapTotal: 40894456 kB, SwapFree: 40861944 kB
INFO [2026-03-16 14:02:55] Memory: Total: 61649012 kB, Available: 52643172 kB, Active: 7989464 kB, SwapTotal: 40894456 kB, SwapFree: 40861944 kB
INFO [2026-03-16 14:02:56] Memory: Total: 61649012 kB, Available: 52643172 kB, Active: 7989468 kB, SwapTotal: 40894456 kB, SwapFree: 40861944 kB
INFO [2026-03-16 14:02:56] Memory: Total: 61649012 kB, Available: 52643172 kB, Active: 7989792 kB, SwapTotal: 40894456 kB, SwapFree: 40861944 kB
INFO [2026-03-16 14:02:56] Memory: Total: 61649012 kB, Available: 52643172 kB, Active: 7989792 kB, SwapTotal: 40894456 kB, SwapFree: 40861944 kB
INFO [2026-03-16 14:02:56] Memory: Total: 61649012 kB, Available: 52643172 kB, Active: 7989516 kB, SwapTotal: 40894456 kB, SwapFree: 40861944 kB
INFO [2026-03-16 14:02:56] Memory: Total: 61649012 kB, Available: 52643172 kB, Active: 7989516 kB, SwapTotal: 40894456 kB, SwapFree: 40861944 kB
INFO [2026-03-16 14:02:56] Memory: Total: 61649012 kB, Available: 52643172 kB, Active: 7989516 kB, SwapTotal: 40894456 kB, SwapFree: 40861944 kB
INFO [2026-03-16 14:02:56] Memory: Total: 61649012 kB, Available: 52643172 kB, Active: 7989516 kB, SwapTotal: 40894456 kB, SwapFree: 40861944 kB
INFO [2026-03-16 14:02:56] Memory: Total: 61649012 kB, Available: 52643172 kB, Active: 7989840 kB, SwapTotal: 40894456 kB, SwapFree: 40861944 kB
INFO [2026-03-16 14:02:56] Memory: Total: 61649012 kB, Available: 52643172 kB, Active: 7989840 kB, SwapTotal: 40894456 kB, SwapFree: 40861944 kB
INFO [2026-03-16 14:02:56] Memory: Total: 61649012 kB, Available: 52643172 kB, Active: 7989588 kB, SwapTotal: 40894456 kB, SwapFree: 40861944 kB
INFO [2026-03-16 14:02:56] Memory: Total: 61649012 kB, Available: 52643172 kB, Active: 7989588 kB, SwapTotal: 40894456 kB, SwapFree: 40861944 kB
INFO [2026-03-16 14:02:56] Memory: Total: 61649012 kB, Available: 52643172 kB, Active: 7989912 kB, SwapTotal: 40894456 kB, SwapFree: 40861944 kB
INFO [2026-03-16 14:02:56] Memory: Total: 61649012 kB, Available: 52643172 kB, Active: 7989668 kB, SwapTotal: 40894456 kB, SwapFree: 40861944 kB
INFO [2026-03-16 14:02:56] Memory: Total: 61649012 kB, Available: 52643172 kB, Active: 7989748 kB, SwapTotal: 40894456 kB, SwapFree: 40861944 kB
INFO [2026-03-16 14:02:56] Memory: Total: 61649012 kB, Available: 52643172 kB, Active: 7990072 kB, SwapTotal: 40894456 kB, SwapFree: 40861944 kB
INFO [2026-03-16 14:02:57] Memory: Total: 61649012 kB, Available: 52643172 kB, Active: 7989788 kB, SwapTotal: 40894456 kB, SwapFree: 40861944 kB
INFO [2026-03-16 14:02:57] Memory: Total: 61649012 kB, Available: 52643172 kB, Active: 7989788 kB, SwapTotal: 40894456 kB, SwapFree: 40861944 kB
INFO [2026-03-16 14:02:57] Memory: Total: 61649012 kB, Available: 52643172 kB, Active: 7990112 kB, SwapTotal: 40894456 kB, SwapFree: 40861944 kB
INFO [2026-03-16 14:02:57] Memory: Total: 61649012 kB, Available: 52643172 kB, Active: 7989852 kB, SwapTotal: 40894456 kB, SwapFree: 40861944 kB
INFO [2026-03-16 14:02:57] Memory: Total: 61649012 kB, Available: 52643172 kB, Active: 7989852 kB, SwapTotal: 40894456 kB, SwapFree: 40861944 kB
INFO [2026-03-16 14:02:57] Memory: Total: 61649012 kB, Available: 52643172 kB, Active: 7989852 kB, SwapTotal: 40894456 kB, SwapFree: 40861944 kB
INFO [2026-03-16 14:02:57] Memory: Total: 61649012 kB, Available: 52643172 kB, Active: 7989852 kB, SwapTotal: 40894456 kB, SwapFree: 40861944 kB
INFO [2026-03-16 14:02:57] Memory: Total: 61649012 kB, Available: 52643172 kB, Active: 7989852 kB, SwapTotal: 40894456 kB, SwapFree: 40861944 kB
INFO [2026-03-16 14:02:57] Memory: Total: 61649012 kB, Available: 52643172 kB, Active: 7990176 kB, SwapTotal: 40894456 kB, SwapFree: 40861944 kB
INFO [2026-03-16 14:02:57] Memory: Total: 61649012 kB, Available: 52643172 kB, Active: 7989940 kB, SwapTotal: 40894456 kB, SwapFree: 40861944 kB
INFO [2026-03-16 14:02:57] Memory: Total: 61649012 kB, Available: 52643172 kB, Active: 7989940 kB, SwapTotal: 40894456 kB, SwapFree: 40861944 kB
INFO [2026-03-16 14:02:57] Memory: Total: 61649012 kB, Available: 52643172 kB, Active: 7990264 kB, SwapTotal: 40894456 kB, SwapFree: 40861944 kB
INFO [2026-03-16 14:02:57] Memory: Total: 61649012 kB, Available: 52643296 kB, Active: 7989440 kB, SwapTotal: 40894456 kB, SwapFree: 40861944 kB
INFO [2026-03-16 14:02:57] Memory: Total: 61649012 kB, Available: 52643300 kB, Active: 7989548 kB, SwapTotal: 40894456 kB, SwapFree: 40861944 kB
INFO [2026-03-16 14:02:57] Memory: Total: 61649012 kB, Available: 52643304 kB, Active: 7989524 kB, SwapTotal: 40894456 kB, SwapFree: 40861944 kB
INFO [2026-03-16 14:02:58] Memory: Total: 61649012 kB, Available: 52643304 kB, Active: 7989236 kB, SwapTotal: 40894456 kB, SwapFree: 40861944 kB
INFO [2026-03-16 14:02:58] Memory: Total: 61649012 kB, Available: 52643304 kB, Active: 7989236 kB, SwapTotal: 40894456 kB, SwapFree: 40861944 kB
INFO [2026-03-16 14:02:58] Memory: Total: 61649012 kB, Available: 52643304 kB, Active: 7989560 kB, SwapTotal: 40894456 kB, SwapFree: 40861944 kB
INFO [2026-03-16 14:02:58] Memory: Total: 61649012 kB, Available: 52643304 kB, Active: 7989280 kB, SwapTotal: 40894456 kB, SwapFree: 40861944 kB
INFO [2026-03-16 14:02:58] Memory: Total: 61649012 kB, Available: 52643304 kB, Active: 7989280 kB, SwapTotal: 40894456 kB, SwapFree: 40861944 kB
INFO [2026-03-16 14:02:58] Memory: Total: 61649012 kB, Available: 52643304 kB, Active: 7989604 kB, SwapTotal: 40894456 kB, SwapFree: 40861944 kB
INFO [2026-03-16 14:02:58] Memory: Total: 61649012 kB, Available: 52643304 kB, Active: 7989368 kB, SwapTotal: 40894456 kB, SwapFree: 40861944 kB
INFO [2026-03-16 14:02:58] Memory: Total: 61649012 kB, Available: 52643304 kB, Active: 7989368 kB, SwapTotal: 40894456 kB, SwapFree: 40861944 kB
INFO [2026-03-16 14:02:58] Memory: Total: 61649012 kB, Available: 52643304 kB, Active: 7989368 kB, SwapTotal: 40894456 kB, SwapFree: 40861944 kB
INFO [2026-03-16 14:02:58] Memory: Total: 61649012 kB, Available: 52643304 kB, Active: 7989368 kB, SwapTotal: 40894456 kB, SwapFree: 40861944 kB
INFO [2026-03-16 14:02:58] Memory: Total: 61649012 kB, Available: 52643304 kB, Active: 7989368 kB, SwapTotal: 40894456 kB, SwapFree: 40861944 kB
INFO [2026-03-16 14:02:58] Memory: Total: 61649012 kB, Available: 52643304 kB, Active: 7989368 kB, SwapTotal: 40894456 kB, SwapFree: 40861944 kB
INFO [2026-03-16 14:02:58] Memory: Total: 61649012 kB, Available: 52643304 kB, Active: 7989372 kB, SwapTotal: 40894456 kB, SwapFree: 40861944 kB
INFO [2026-03-16 14:02:58] Memory: Total: 61649012 kB, Available: 52643304 kB, Active: 7989760 kB, SwapTotal: 40894456 kB, SwapFree: 40861944 kB
INFO [2026-03-16 14:02:58] Memory: Total: 61649012 kB, Available: 52643304 kB, Active: 7989768 kB, SwapTotal: 40894456 kB, SwapFree: 40861944 kB
INFO [2026-03-16 14:02:59] Memory: Total: 61649012 kB, Available: 52643304 kB, Active: 7989508 kB, SwapTotal: 40894456 kB, SwapFree: 40861944 kB
INFO [2026-03-16 14:02:59] Memory: Total: 61649012 kB, Available: 52643304 kB, Active: 7989508 kB, SwapTotal: 40894456 kB, SwapFree: 40861944 kB
INFO [2026-03-16 14:02:59] Memory: Total: 61649012 kB, Available: 52643304 kB, Active: 7989508 kB, SwapTotal: 40894456 kB, SwapFree: 40861944 kB
INFO [2026-03-16 14:02:59] Memory: Total: 61649012 kB, Available: 52643304 kB, Active: 7989508 kB, SwapTotal: 40894456 kB, SwapFree: 40861944 kB
INFO [2026-03-16 14:02:59] Memory: Total: 61649012 kB, Available: 52643304 kB, Active: 7989508 kB, SwapTotal: 40894456 kB, SwapFree: 40861944 kB
INFO [2026-03-16 14:02:59] Memory: Total: 61649012 kB, Available: 52643304 kB, Active: 7989832 kB, SwapTotal: 40894456 kB, SwapFree: 40861944 kB
INFO [2026-03-16 14:02:59] Memory: Total: 61649012 kB, Available: 52643304 kB, Active: 7989600 kB, SwapTotal: 40894456 kB, SwapFree: 40861944 kB
INFO [2026-03-16 14:02:59] Memory: Total: 61649012 kB, Available: 52643304 kB, Active: 7989600 kB, SwapTotal: 40894456 kB, SwapFree: 40861944 kB
INFO [2026-03-16 14:02:59] Memory: Total: 61649012 kB, Available: 52643304 kB, Active: 7989600 kB, SwapTotal: 40894456 kB, SwapFree: 40861944 kB
INFO [2026-03-16 14:02:59] Memory: Total: 61649012 kB, Available: 52643304 kB, Active: 7989604 kB, SwapTotal: 40894456 kB, SwapFree: 40861944 kB
INFO [2026-03-16 14:02:59] Memory: Total: 61649012 kB, Available: 52643304 kB, Active: 7989608 kB, SwapTotal: 40894456 kB, SwapFree: 40861944 kB
INFO [2026-03-16 14:02:59] Memory: Total: 61649012 kB, Available: 52643304 kB, Active: 7989936 kB, SwapTotal: 40894456 kB, SwapFree: 40861944 kB
INFO [2026-03-16 14:02:59] Memory: Total: 61649012 kB, Available: 52643304 kB, Active: 7989696 kB, SwapTotal: 40894456 kB, SwapFree: 40861944 kB
INFO [2026-03-16 14:02:59] Memory: Total: 61649012 kB, Available: 52643308 kB, Active: 7989876 kB, SwapTotal: 40894456 kB, SwapFree: 40861944 kB
INFO [2026-03-16 14:03:00] Memory: Total: 61649012 kB, Available: 52643308 kB, Active: 7990036 kB, SwapTotal: 40894456 kB, SwapFree: 40861944 kB
INFO [2026-03-16 14:03:00] Memory: Total: 61649012 kB, Available: 52643308 kB, Active: 7989876 kB, SwapTotal: 40894456 kB, SwapFree: 40861944 kB
INFO [2026-03-16 14:03:00] Memory: Total: 61649012 kB, Available: 52643308 kB, Active: 7989876 kB, SwapTotal: 40894456 kB, SwapFree: 40861944 kB
INFO [2026-03-16 14:03:00] Memory: Total: 61649012 kB, Available: 52643308 kB, Active: 7990200 kB, SwapTotal: 40894456 kB, SwapFree: 40861944 kB
INFO [2026-03-16 14:03:00] Memory: Total: 61649012 kB, Available: 52643308 kB, Active: 7989956 kB, SwapTotal: 40894456 kB, SwapFree: 40861944 kB
INFO [2026-03-16 14:03:00] Memory: Total: 61649012 kB, Available: 52643308 kB, Active: 7989956 kB, SwapTotal: 40894456 kB, SwapFree: 40861944 kB
INFO [2026-03-16 14:03:00] Memory: Total: 61649012 kB, Available: 52643308 kB, Active: 7989956 kB, SwapTotal: 40894456 kB, SwapFree: 40861944 kB
INFO [2026-03-16 14:03:00] Memory: Total: 61649012 kB, Available: 52643308 kB, Active: 7989956 kB, SwapTotal: 40894456 kB, SwapFree: 40861944 kB
INFO [2026-03-16 14:03:00] Memory: Total: 61649012 kB, Available: 52643308 kB, Active: 7989956 kB, SwapTotal: 40894456 kB, SwapFree: 40861944 kB
INFO [2026-03-16 14:03:00] Memory: Total: 61649012 kB, Available: 52643308 kB, Active: 7990280 kB, SwapTotal: 40894456 kB, SwapFree: 40861944 kB
INFO [2026-03-16 14:03:00] Memory: Total: 61649012 kB, Available: 52643308 kB, Active: 7990048 kB, SwapTotal: 40894456 kB, SwapFree: 40861944 kB
INFO [2026-03-16 14:03:00] Memory: Total: 61649012 kB, Available: 52643308 kB, Active: 7990048 kB, SwapTotal: 40894456 kB, SwapFree: 40861944 kB
INFO [2026-03-16 14:03:00] Memory: Total: 61649012 kB, Available: 52643308 kB, Active: 7990048 kB, SwapTotal: 40894456 kB, SwapFree: 40861944 kB
INFO [2026-03-16 14:03:00] Memory: Total: 61649012 kB, Available: 52643308 kB, Active: 7990212 kB, SwapTotal: 40894456 kB, SwapFree: 40861944 kB
INFO [2026-03-16 14:03:00] Memory: Total: 61649012 kB, Available: 52643308 kB, Active: 7990064 kB, SwapTotal: 40894456 kB, SwapFree: 40861944 kB
INFO [2026-03-16 14:03:01] Memory: Total: 61649012 kB, Available: 52643308 kB, Active: 7990388 kB, SwapTotal: 40894456 kB, SwapFree: 40861944 kB
INFO [2026-03-16 14:03:01] Memory: Total: 61649012 kB, Available: 52643308 kB, Active: 7990456 kB, SwapTotal: 40894456 kB, SwapFree: 40861944 kB
INFO [2026-03-16 14:03:01] Memory: Total: 61649012 kB, Available: 52643308 kB, Active: 7990200 kB, SwapTotal: 40894456 kB, SwapFree: 40861944 kB
INFO [2026-03-16 14:03:01] Memory: Total: 61649012 kB, Available: 52643308 kB, Active: 7990200 kB, SwapTotal: 40894456 kB, SwapFree: 40861944 kB
INFO [2026-03-16 14:03:01] Memory: Total: 61649012 kB, Available: 52643308 kB, Active: 7990200 kB, SwapTotal: 40894456 kB, SwapFree: 40861944 kB
INFO [2026-03-16 14:03:01] Memory: Total: 61649012 kB, Available: 52643308 kB, Active: 7990200 kB, SwapTotal: 40894456 kB, SwapFree: 40861944 kB
INFO [2026-03-16 14:03:01] Memory: Total: 61649012 kB, Available: 52643308 kB, Active: 7990524 kB, SwapTotal: 40894456 kB, SwapFree: 40861944 kB
INFO [2026-03-16 14:03:01] Memory: Total: 61649012 kB, Available: 52643308 kB, Active: 7990236 kB, SwapTotal: 40894456 kB, SwapFree: 40861944 kB
INFO [2026-03-16 14:03:01] Memory: Total: 61649012 kB, Available: 52643308 kB, Active: 7990236 kB, SwapTotal: 40894456 kB, SwapFree: 40861944 kB
INFO [2026-03-16 14:03:01] Memory: Total: 61649012 kB, Available: 52643308 kB, Active: 7990236 kB, SwapTotal: 40894456 kB, SwapFree: 40861944 kB
INFO [2026-03-16 14:03:01] Memory: Total: 61649012 kB, Available: 52643308 kB, Active: 7990236 kB, SwapTotal: 40894456 kB, SwapFree: 40861944 kB
INFO [2026-03-16 14:03:01] Memory: Total: 61649012 kB, Available: 52643308 kB, Active: 7990236 kB, SwapTotal: 40894456 kB, SwapFree: 40861944 kB
INFO [2026-03-16 14:03:01] Memory: Total: 61649012 kB, Available: 52643308 kB, Active: 7990236 kB, SwapTotal: 40894456 kB, SwapFree: 40861944 kB
INFO [2026-03-16 14:03:01] Memory: Total: 61649012 kB, Available: 52643248 kB, Active: 7990388 kB, SwapTotal: 40894456 kB, SwapFree: 40861944 kB
INFO [2026-03-16 14:03:01] Memory: Total: 61649012 kB, Available: 52643248 kB, Active: 7990388 kB, SwapTotal: 40894456 kB, SwapFree: 40861944 kB
INFO [2026-03-16 14:03:02] Memory: Total: 61649012 kB, Available: 52643248 kB, Active: 7990388 kB, SwapTotal: 40894456 kB, SwapFree: 40861944 kB
INFO [2026-03-16 14:03:02] Memory: Total: 61649012 kB, Available: 52643248 kB, Active: 7990392 kB, SwapTotal: 40894456 kB, SwapFree: 40861944 kB
INFO [2026-03-16 14:03:02] Memory: Total: 61649012 kB, Available: 52643248 kB, Active: 7990676 kB, SwapTotal: 40894456 kB, SwapFree: 40861944 kB
INFO [2026-03-16 14:03:02] Memory: Total: 61649012 kB, Available: 52643248 kB, Active: 7990392 kB, SwapTotal: 40894456 kB, SwapFree: 40861944 kB
INFO [2026-03-16 14:03:02] Memory: Total: 61649012 kB, Available: 52643248 kB, Active: 7990392 kB, SwapTotal: 40894456 kB, SwapFree: 40861944 kB
INFO [2026-03-16 14:03:02] Memory: Total: 61649012 kB, Available: 52643248 kB, Active: 7990392 kB, SwapTotal: 40894456 kB, SwapFree: 40861944 kB
INFO [2026-03-16 14:03:02] Memory: Total: 61649012 kB, Available: 52643248 kB, Active: 7990392 kB, SwapTotal: 40894456 kB, SwapFree: 40861944 kB
INFO [2026-03-16 14:03:02] Memory: Total: 61649012 kB, Available: 52643248 kB, Active: 7990392 kB, SwapTotal: 40894456 kB, SwapFree: 40861944 kB
INFO [2026-03-16 14:03:02] Memory: Total: 61649012 kB, Available: 52643248 kB, Active: 7990392 kB, SwapTotal: 40894456 kB, SwapFree: 40861944 kB
INFO [2026-03-16 14:03:02] Memory: Total: 61649012 kB, Available: 52643248 kB, Active: 7990392 kB, SwapTotal: 40894456 kB, SwapFree: 40861944 kB
INFO [2026-03-16 14:03:02] Memory: Total: 61649012 kB, Available: 52643248 kB, Active: 7990392 kB, SwapTotal: 40894456 kB, SwapFree: 40861944 kB
INFO [2026-03-16 14:03:02] Memory: Total: 61649012 kB, Available: 52643248 kB, Active: 7990392 kB, SwapTotal: 40894456 kB, SwapFree: 40861944 kB
INFO [2026-03-16 14:03:02] Memory: Total: 61649012 kB, Available: 52643248 kB, Active: 7990392 kB, SwapTotal: 40894456 kB, SwapFree: 40861944 kB
INFO [2026-03-16 14:03:02] Memory: Total: 61649012 kB, Available: 52643248 kB, Active: 7990392 kB, SwapTotal: 40894456 kB, SwapFree: 40861944 kB
INFO [2026-03-16 14:03:03] Memory: Total: 61649012 kB, Available: 52643248 kB, Active: 7990468 kB, SwapTotal: 40894456 kB, SwapFree: 40861944 kB
INFO [2026-03-16 14:03:03] Memory: Total: 61649012 kB, Available: 52643248 kB, Active: 7990468 kB, SwapTotal: 40894456 kB, SwapFree: 40861944 kB
INFO [2026-03-16 14:03:03] Memory: Total: 61649012 kB, Available: 52643248 kB, Active: 7990468 kB, SwapTotal: 40894456 kB, SwapFree: 40861944 kB
INFO [2026-03-16 14:03:03] Memory: Total: 61649012 kB, Available: 52643248 kB, Active: 7990760 kB, SwapTotal: 40894456 kB, SwapFree: 40861944 kB
INFO [2026-03-16 14:03:03] Memory: Total: 61649012 kB, Available: 52643248 kB, Active: 7990544 kB, SwapTotal: 40894456 kB, SwapFree: 40861944 kB
INFO [2026-03-16 14:03:03] Memory: Total: 61649012 kB, Available: 52643248 kB, Active: 7990544 kB, SwapTotal: 40894456 kB, SwapFree: 40861944 kB
INFO [2026-03-16 14:03:03] Memory: Total: 61649012 kB, Available: 52643248 kB, Active: 7990544 kB, SwapTotal: 40894456 kB, SwapFree: 40861944 kB
INFO [2026-03-16 14:03:03] Memory: Total: 61649012 kB, Available: 52643248 kB, Active: 7990544 kB, SwapTotal: 40894456 kB, SwapFree: 40861944 kB
INFO [2026-03-16 14:03:03] Memory: Total: 61649012 kB, Available: 52643248 kB, Active: 7990544 kB, SwapTotal: 40894456 kB, SwapFree: 40861944 kB
INFO [2026-03-16 14:03:03] Memory: Total: 61649012 kB, Available: 52643260 kB, Active: 7990544 kB, SwapTotal: 40894456 kB, SwapFree: 40861944 kB
INFO [2026-03-16 14:03:03] Memory: Total: 61649012 kB, Available: 52643260 kB, Active: 7990992 kB, SwapTotal: 40894456 kB, SwapFree: 40861944 kB
INFO [2026-03-16 14:03:03] Memory: Total: 61649012 kB, Available: 52643260 kB, Active: 7990688 kB, SwapTotal: 40894456 kB, SwapFree: 40861944 kB
INFO [2026-03-16 14:03:03] Memory: Total: 61649012 kB, Available: 52643260 kB, Active: 7990812 kB, SwapTotal: 40894456 kB, SwapFree: 40861944 kB
INFO [2026-03-16 14:03:03] Memory: Total: 61649012 kB, Available: 52643264 kB, Active: 7991176 kB, SwapTotal: 40894456 kB, SwapFree: 40861944 kB
INFO [2026-03-16 14:03:03] Memory: Total: 61649012 kB, Available: 52643264 kB, Active: 7990956 kB, SwapTotal: 40894456 kB, SwapFree: 40861944 kB
INFO [2026-03-16 14:03:03] Memory: Total: 61649012 kB, Available: 52643264 kB, Active: 7990960 kB, SwapTotal: 40894456 kB, SwapFree: 40861944 kB
INFO [2026-03-16 14:03:04] Memory: Total: 61649012 kB, Available: 52643264 kB, Active: 7991084 kB, SwapTotal: 40894456 kB, SwapFree: 40861944 kB
INFO [2026-03-16 14:03:04] Memory: Total: 61649012 kB, Available: 52643264 kB, Active: 7991208 kB, SwapTotal: 40894456 kB, SwapFree: 40861944 kB
INFO [2026-03-16 14:03:04] Memory: Total: 61649012 kB, Available: 52643264 kB, Active: 7991332 kB, SwapTotal: 40894456 kB, SwapFree: 40861944 kB
INFO [2026-03-16 14:03:04] Memory: Total: 61649012 kB, Available: 52643264 kB, Active: 7991780 kB, SwapTotal: 40894456 kB, SwapFree: 40861944 kB
INFO [2026-03-16 14:03:04] Memory: Total: 61649012 kB, Available: 52643264 kB, Active: 7991472 kB, SwapTotal: 40894456 kB, SwapFree: 40861944 kB
INFO [2026-03-16 14:03:04] Memory: Total: 61649012 kB, Available: 52643264 kB, Active: 7991596 kB, SwapTotal: 40894456 kB, SwapFree: 40861944 kB
INFO [2026-03-16 14:03:04] Memory: Total: 61649012 kB, Available: 52643264 kB, Active: 7991720 kB, SwapTotal: 40894456 kB, SwapFree: 40861944 kB
INFO [2026-03-16 14:03:04] Memory: Total: 61649012 kB, Available: 52643264 kB, Active: 7991724 kB, SwapTotal: 40894456 kB, SwapFree: 40861944 kB
INFO [2026-03-16 14:03:04] Memory: Total: 61649012 kB, Available: 52643264 kB, Active: 7991848 kB, SwapTotal: 40894456 kB, SwapFree: 40861944 kB
INFO [2026-03-16 14:03:04] Memory: Total: 61649012 kB, Available: 52643264 kB, Active: 7991848 kB, SwapTotal: 40894456 kB, SwapFree: 40861944 kB
INFO [2026-03-16 14:03:04] Memory: Total: 61649012 kB, Available: 52643264 kB, Active: 7991848 kB, SwapTotal: 40894456 kB, SwapFree: 40861944 kB
INFO [2026-03-16 14:03:04] Memory: Total: 61649012 kB, Available: 52643264 kB, Active: 7991848 kB, SwapTotal: 40894456 kB, SwapFree: 40861944 kB
INFO [2026-03-16 14:03:04] Memory: Total: 61649012 kB, Available: 52643264 kB, Active: 7992420 kB, SwapTotal: 40894456 kB, SwapFree: 40861944 kB
INFO [2026-03-16 14:03:04] Memory: Total: 61649012 kB, Available: 52643260 kB, Active: 7992108 kB, SwapTotal: 40894456 kB, SwapFree: 40861944 kB
INFO [2026-03-16 14:03:05] Memory: Total: 61649012 kB, Available: 52643260 kB, Active: 7992232 kB, SwapTotal: 40894456 kB, SwapFree: 40861944 kB
INFO [2026-03-16 14:03:05] Memory: Total: 61649012 kB, Available: 52643260 kB, Active: 7992356 kB, SwapTotal: 40894456 kB, SwapFree: 40861944 kB
INFO [2026-03-16 14:03:05] Memory: Total: 61649012 kB, Available: 52643260 kB, Active: 7992356 kB, SwapTotal: 40894456 kB, SwapFree: 40861944 kB
INFO [2026-03-16 14:03:05] Memory: Total: 61649012 kB, Available: 52643260 kB, Active: 7992480 kB, SwapTotal: 40894456 kB, SwapFree: 40861944 kB
INFO [2026-03-16 14:03:05] Memory: Total: 61649012 kB, Available: 52643260 kB, Active: 7992928 kB, SwapTotal: 40894456 kB, SwapFree: 40861944 kB
INFO [2026-03-16 14:03:05] Memory: Total: 61649012 kB, Available: 52643260 kB, Active: 7992664 kB, SwapTotal: 40894456 kB, SwapFree: 40861944 kB
INFO [2026-03-16 14:03:05] Memory: Total: 61649012 kB, Available: 52643260 kB, Active: 7992912 kB, SwapTotal: 40894456 kB, SwapFree: 40861944 kB
INFO [2026-03-16 14:03:05] Memory: Total: 61649012 kB, Available: 52643260 kB, Active: 7992912 kB, SwapTotal: 40894456 kB, SwapFree: 40861944 kB
INFO [2026-03-16 14:03:05] Memory: Total: 61649012 kB, Available: 52643260 kB, Active: 7993036 kB, SwapTotal: 40894456 kB, SwapFree: 40861944 kB
INFO [2026-03-16 14:03:05] Memory: Total: 61649012 kB, Available: 52643260 kB, Active: 7993036 kB, SwapTotal: 40894456 kB, SwapFree: 40861944 kB
INFO [2026-03-16 14:03:05] Memory: Total: 61649012 kB, Available: 52643260 kB, Active: 7993608 kB, SwapTotal: 40894456 kB, SwapFree: 40861944 kB
INFO [2026-03-16 14:03:05] Memory: Total: 61649012 kB, Available: 52643260 kB, Active: 7993368 kB, SwapTotal: 40894456 kB, SwapFree: 40861944 kB
INFO [2026-03-16 14:03:05] Memory: Total: 61649012 kB, Available: 52643260 kB, Active: 7993616 kB, SwapTotal: 40894456 kB, SwapFree: 40861944 kB
INFO [2026-03-16 14:03:05] Memory: Total: 61649012 kB, Available: 52643260 kB, Active: 7993740 kB, SwapTotal: 40894456 kB, SwapFree: 40861944 kB
INFO [2026-03-16 14:03:05] Memory: Total: 61649012 kB, Available: 52643260 kB, Active: 7993740 kB, SwapTotal: 40894456 kB, SwapFree: 40861944 kB
INFO [2026-03-16 14:03:05] Memory: Total: 61649012 kB, Available: 52643260 kB, Active: 7993864 kB, SwapTotal: 40894456 kB, SwapFree: 40861944 kB
INFO [2026-03-16 14:03:06] Memory: Total: 61649012 kB, Available: 52643260 kB, Active: 7994436 kB, SwapTotal: 40894456 kB, SwapFree: 40861944 kB
INFO [2026-03-16 14:03:06] Memory: Total: 61649012 kB, Available: 52643260 kB, Active: 7994472 kB, SwapTotal: 40894456 kB, SwapFree: 40861944 kB
INFO [2026-03-16 14:03:06] Memory: Total: 61649012 kB, Available: 52643260 kB, Active: 7994404 kB, SwapTotal: 40894456 kB, SwapFree: 40861944 kB
INFO [2026-03-16 14:03:06] Memory: Total: 61649012 kB, Available: 52643260 kB, Active: 7994528 kB, SwapTotal: 40894456 kB, SwapFree: 40861944 kB
INFO [2026-03-16 14:03:06] Memory: Total: 61649012 kB, Available: 52643260 kB, Active: 7994528 kB, SwapTotal: 40894456 kB, SwapFree: 40861944 kB
INFO [2026-03-16 14:03:06] Memory: Total: 61649012 kB, Available: 52643260 kB, Active: 7994652 kB, SwapTotal: 40894456 kB, SwapFree: 40861944 kB
INFO [2026-03-16 14:03:06] Memory: Total: 61649012 kB, Available: 52642648 kB, Active: 7995224 kB, SwapTotal: 40894456 kB, SwapFree: 40861944 kB
INFO [2026-03-16 14:03:06] Memory: Total: 61649012 kB, Available: 52642504 kB, Active: 7994984 kB, SwapTotal: 40894456 kB, SwapFree: 40861944 kB
INFO [2026-03-16 14:03:06] Memory: Total: 61649012 kB, Available: 52642504 kB, Active: 7995232 kB, SwapTotal: 40894456 kB, SwapFree: 40861944 kB
INFO [2026-03-16 14:03:06] Memory: Total: 61649012 kB, Available: 52642504 kB, Active: 7995356 kB, SwapTotal: 40894456 kB, SwapFree: 40861944 kB
INFO [2026-03-16 14:03:06] Memory: Total: 61649012 kB, Available: 52642504 kB, Active: 7995356 kB, SwapTotal: 40894456 kB, SwapFree: 40861944 kB
INFO [2026-03-16 14:03:06] Memory: Total: 61649012 kB, Available: 52642252 kB, Active: 7995480 kB, SwapTotal: 40894456 kB, SwapFree: 40861944 kB
INFO [2026-03-16 14:03:06] Memory: Total: 61649012 kB, Available: 52641748 kB, Active: 7996056 kB, SwapTotal: 40894456 kB, SwapFree: 40861944 kB
INFO [2026-03-16 14:03:06] Memory: Total: 61649012 kB, Available: 52641748 kB, Active: 7995848 kB, SwapTotal: 40894456 kB, SwapFree: 40861944 kB
INFO [2026-03-16 14:03:07] Memory: Total: 61649012 kB, Available: 52641748 kB, Active: 7995916 kB, SwapTotal: 40894456 kB, SwapFree: 40861944 kB
INFO [2026-03-16 14:03:07] Memory: Total: 61649012 kB, Available: 52641748 kB, Active: 7996364 kB, SwapTotal: 40894456 kB, SwapFree: 40861944 kB
INFO [2026-03-16 14:03:07] Memory: Total: 61649012 kB, Available: 52641748 kB, Active: 7996364 kB, SwapTotal: 40894456 kB, SwapFree: 40861944 kB
INFO [2026-03-16 14:03:07] Memory: Total: 61649012 kB, Available: 52641748 kB, Active: 7996088 kB, SwapTotal: 40894456 kB, SwapFree: 40861944 kB
INFO [2026-03-16 14:03:07] Memory: Total: 61649012 kB, Available: 52641748 kB, Active: 7996536 kB, SwapTotal: 40894456 kB, SwapFree: 40861944 kB
INFO [2026-03-16 14:03:07] Memory: Total: 61649012 kB, Available: 52641748 kB, Active: 7996236 kB, SwapTotal: 40894456 kB, SwapFree: 40861944 kB
INFO [2026-03-16 14:03:07] Memory: Total: 61649012 kB, Available: 52641748 kB, Active: 7996240 kB, SwapTotal: 40894456 kB, SwapFree: 40861944 kB
INFO [2026-03-16 14:03:07] Memory: Total: 61649012 kB, Available: 52641748 kB, Active: 7996688 kB, SwapTotal: 40894456 kB, SwapFree: 40861944 kB
INFO [2026-03-16 14:03:07] Memory: Total: 61649012 kB, Available: 52641748 kB, Active: 7996688 kB, SwapTotal: 40894456 kB, SwapFree: 40861944 kB
INFO [2026-03-16 14:03:07] Memory: Total: 61649012 kB, Available: 52641496 kB, Active: 7996508 kB, SwapTotal: 40894456 kB, SwapFree: 40861944 kB
INFO [2026-03-16 14:03:07] Memory: Total: 61649012 kB, Available: 52641496 kB, Active: 7996832 kB, SwapTotal: 40894456 kB, SwapFree: 40861944 kB
INFO [2026-03-16 14:03:07] Memory: Total: 61649012 kB, Available: 52641496 kB, Active: 7996832 kB, SwapTotal: 40894456 kB, SwapFree: 40861944 kB
INFO [2026-03-16 14:03:07] Memory: Total: 61649012 kB, Available: 52641496 kB, Active: 7996732 kB, SwapTotal: 40894456 kB, SwapFree: 40861944 kB
INFO [2026-03-16 14:03:07] Memory: Total: 61649012 kB, Available: 52641496 kB, Active: 7996852 kB, SwapTotal: 40894456 kB, SwapFree: 40861944 kB
INFO [2026-03-16 14:03:07] Memory: Total: 61649012 kB, Available: 52641496 kB, Active: 7996852 kB, SwapTotal: 40894456 kB, SwapFree: 40861944 kB
INFO [2026-03-16 14:03:08] Memory: Total: 61649012 kB, Available: 52641496 kB, Active: 7996852 kB, SwapTotal: 40894456 kB, SwapFree: 40861944 kB
INFO [2026-03-16 14:03:08] Memory: Total: 61649012 kB, Available: 52641496 kB, Active: 7996976 kB, SwapTotal: 40894456 kB, SwapFree: 40861944 kB
INFO [2026-03-16 14:03:08] Memory: Total: 61649012 kB, Available: 52641496 kB, Active: 7996976 kB, SwapTotal: 40894456 kB, SwapFree: 40861944 kB
INFO [2026-03-16 14:03:08] Memory: Total: 61649012 kB, Available: 52641496 kB, Active: 7997100 kB, SwapTotal: 40894456 kB, SwapFree: 40861944 kB
INFO [2026-03-16 14:03:08] Memory: Total: 61649012 kB, Available: 52641496 kB, Active: 7997100 kB, SwapTotal: 40894456 kB, SwapFree: 40861944 kB
INFO [2026-03-16 14:03:08] Memory: Total: 61649012 kB, Available: 52641496 kB, Active: 7997424 kB, SwapTotal: 40894456 kB, SwapFree: 40861944 kB
INFO [2026-03-16 14:03:08] Memory: Total: 61649012 kB, Available: 52641496 kB, Active: 7997192 kB, SwapTotal: 40894456 kB, SwapFree: 40861944 kB
INFO [2026-03-16 14:03:08] Memory: Total: 61649012 kB, Available: 52641496 kB, Active: 7997440 kB, SwapTotal: 40894456 kB, SwapFree: 40861944 kB
INFO [2026-03-16 14:03:08] Memory: Total: 61649012 kB, Available: 52641496 kB, Active: 7997440 kB, SwapTotal: 40894456 kB, SwapFree: 40861944 kB
INFO [2026-03-16 14:03:08] Memory: Total: 61649012 kB, Available: 52641244 kB, Active: 7997572 kB, SwapTotal: 40894456 kB, SwapFree: 40861944 kB
INFO [2026-03-16 14:03:08] Memory: Total: 61649012 kB, Available: 52641244 kB, Active: 7997696 kB, SwapTotal: 40894456 kB, SwapFree: 40861944 kB
INFO [2026-03-16 14:03:08] Memory: Total: 61649012 kB, Available: 52640992 kB, Active: 7997696 kB, SwapTotal: 40894456 kB, SwapFree: 40861944 kB
INFO [2026-03-16 14:03:08] Memory: Total: 61649012 kB, Available: 52640992 kB, Active: 7997820 kB, SwapTotal: 40894456 kB, SwapFree: 40861944 kB
INFO [2026-03-16 14:03:08] Memory: Total: 61649012 kB, Available: 52640488 kB, Active: 7998324 kB, SwapTotal: 40894456 kB, SwapFree: 40861944 kB
INFO [2026-03-16 14:03:08] Memory: Total: 61649012 kB, Available: 52640488 kB, Active: 7998324 kB, SwapTotal: 40894456 kB, SwapFree: 40861944 kB
INFO [2026-03-16 14:03:09] Memory: Total: 61649012 kB, Available: 52640488 kB, Active: 7998208 kB, SwapTotal: 40894456 kB, SwapFree: 40861944 kB
INFO [2026-03-16 14:03:09] Memory: Total: 61649012 kB, Available: 52640488 kB, Active: 7998332 kB, SwapTotal: 40894456 kB, SwapFree: 40861944 kB
INFO [2026-03-16 14:03:09] Memory: Total: 61649012 kB, Available: 52640488 kB, Active: 7998332 kB, SwapTotal: 40894456 kB, SwapFree: 40861944 kB
INFO [2026-03-16 14:03:09] Memory: Total: 61649012 kB, Available: 52640488 kB, Active: 7998456 kB, SwapTotal: 40894456 kB, SwapFree: 40861944 kB
INFO [2026-03-16 14:03:09] Memory: Total: 61649012 kB, Available: 52640236 kB, Active: 7998580 kB, SwapTotal: 40894456 kB, SwapFree: 40861944 kB
INFO [2026-03-16 14:03:09] Memory: Total: 61649012 kB, Available: 52640236 kB, Active: 7998904 kB, SwapTotal: 40894456 kB, SwapFree: 40861944 kB
INFO [2026-03-16 14:03:09] Memory: Total: 61649012 kB, Available: 52639984 kB, Active: 7998800 kB, SwapTotal: 40894456 kB, SwapFree: 40861944 kB
INFO [2026-03-16 14:03:09] Memory: Total: 61649012 kB, Available: 52639984 kB, Active: 7998924 kB, SwapTotal: 40894456 kB, SwapFree: 40861944 kB
INFO [2026-03-16 14:03:09] Memory: Total: 61649012 kB, Available: 52639984 kB, Active: 7998924 kB, SwapTotal: 40894456 kB, SwapFree: 40861944 kB
INFO [2026-03-16 14:03:09] Memory: Total: 61649012 kB, Available: 52639984 kB, Active: 7999048 kB, SwapTotal: 40894456 kB, SwapFree: 40861944 kB
INFO [2026-03-16 14:03:09] Memory: Total: 61649012 kB, Available: 52639732 kB, Active: 7999172 kB, SwapTotal: 40894456 kB, SwapFree: 40861944 kB
INFO [2026-03-16 14:03:09] Memory: Total: 61649012 kB, Available: 52639324 kB, Active: 7999296 kB, SwapTotal: 40894456 kB, SwapFree: 40861944 kB
INFO [2026-03-16 14:03:09] Memory: Total: 61649012 kB, Available: 52639228 kB, Active: 7999704 kB, SwapTotal: 40894456 kB, SwapFree: 40861944 kB
INFO [2026-03-16 14:03:09] Memory: Total: 61649012 kB, Available: 52639228 kB, Active: 7999828 kB, SwapTotal: 40894456 kB, SwapFree: 40861944 kB
INFO [2026-03-16 14:03:09] Memory: Total: 61649012 kB, Available: 52639228 kB, Active: 7999544 kB, SwapTotal: 40894456 kB, SwapFree: 40861944 kB
INFO [2026-03-16 14:03:10] Memory: Total: 61649012 kB, Available: 52639228 kB, Active: 7999668 kB, SwapTotal: 40894456 kB, SwapFree: 40861944 kB
INFO [2026-03-16 14:03:10] Memory: Total: 61649012 kB, Available: 52638976 kB, Active: 7999992 kB, SwapTotal: 40894456 kB, SwapFree: 40861944 kB
INFO [2026-03-16 14:03:10] Memory: Total: 61649012 kB, Available: 52638976 kB, Active: 7999992 kB, SwapTotal: 40894456 kB, SwapFree: 40861944 kB
INFO [2026-03-16 14:03:10] Memory: Total: 61649012 kB, Available: 52638724 kB, Active: 8000244 kB, SwapTotal: 40894456 kB, SwapFree: 40861944 kB
INFO [2026-03-16 14:03:10] Memory: Total: 61649012 kB, Available: 52638724 kB, Active: 8000368 kB, SwapTotal: 40894456 kB, SwapFree: 40861944 kB
INFO [2026-03-16 14:03:10] Memory: Total: 61649012 kB, Available: 52638472 kB, Active: 8000368 kB, SwapTotal: 40894456 kB, SwapFree: 40861944 kB
INFO [2026-03-16 14:03:10] Memory: Total: 61649012 kB, Available: 52638472 kB, Active: 8000492 kB, SwapTotal: 40894456 kB, SwapFree: 40861944 kB
INFO [2026-03-16 14:03:10] Memory: Total: 61649012 kB, Available: 52637968 kB, Active: 8001064 kB, SwapTotal: 40894456 kB, SwapFree: 40861944 kB
INFO [2026-03-16 14:03:10] Memory: Total: 61649012 kB, Available: 52637968 kB, Active: 8000776 kB, SwapTotal: 40894456 kB, SwapFree: 40861944 kB
INFO [2026-03-16 14:03:10] Memory: Total: 61649012 kB, Available: 52637968 kB, Active: 8001024 kB, SwapTotal: 40894456 kB, SwapFree: 40861944 kB
INFO [2026-03-16 14:03:10] Memory: Total: 61649012 kB, Available: 52637968 kB, Active: 8001024 kB, SwapTotal: 40894456 kB, SwapFree: 40861944 kB
INFO [2026-03-16 14:03:10] Memory: Total: 61649012 kB, Available: 52637716 kB, Active: 8001148 kB, SwapTotal: 40894456 kB, SwapFree: 40861944 kB
INFO [2026-03-16 14:03:10] Memory: Total: 61649012 kB, Available: 52637716 kB, Active: 8001272 kB, SwapTotal: 40894456 kB, SwapFree: 40861944 kB
INFO [2026-03-16 14:03:10] Memory: Total: 61649012 kB, Available: 52637212 kB, Active: 8001832 kB, SwapTotal: 40894456 kB, SwapFree: 40861944 kB
INFO [2026-03-16 14:03:11] Memory: Total: 61649012 kB, Available: 52637212 kB, Active: 8001592 kB, SwapTotal: 40894456 kB, SwapFree: 40861944 kB
INFO [2026-03-16 14:03:11] Memory: Total: 61649012 kB, Available: 52637212 kB, Active: 8001840 kB, SwapTotal: 40894456 kB, SwapFree: 40861944 kB
INFO [2026-03-16 14:03:11] Memory: Total: 61649012 kB, Available: 52637212 kB, Active: 8001840 kB, SwapTotal: 40894456 kB, SwapFree: 40861944 kB
INFO [2026-03-16 14:03:11] Memory: Total: 61649012 kB, Available: 52636960 kB, Active: 8001964 kB, SwapTotal: 40894456 kB, SwapFree: 40861944 kB
INFO [2026-03-16 14:03:11] Memory: Total: 61649012 kB, Available: 52636960 kB, Active: 8002088 kB, SwapTotal: 40894456 kB, SwapFree: 40861944 kB
INFO [2026-03-16 14:03:11] Memory: Total: 61649012 kB, Available: 52636460 kB, Active: 8002660 kB, SwapTotal: 40894456 kB, SwapFree: 40861944 kB
INFO [2026-03-16 14:03:11] Memory: Total: 61649012 kB, Available: 52636460 kB, Active: 8002380 kB, SwapTotal: 40894456 kB, SwapFree: 40861944 kB
INFO [2026-03-16 14:03:11] Memory: Total: 61649012 kB, Available: 52636208 kB, Active: 8002752 kB, SwapTotal: 40894456 kB, SwapFree: 40861944 kB
INFO [2026-03-16 14:03:11] Memory: Total: 61649012 kB, Available: 52636208 kB, Active: 8002752 kB, SwapTotal: 40894456 kB, SwapFree: 40861944 kB
INFO [2026-03-16 14:03:11] Memory: Total: 61649012 kB, Available: 52636208 kB, Active: 8002752 kB, SwapTotal: 40894456 kB, SwapFree: 40861944 kB
INFO [2026-03-16 14:03:11] Memory: Total: 61649012 kB, Available: 52636208 kB, Active: 8002876 kB, SwapTotal: 40894456 kB, SwapFree: 40861944 kB
INFO [2026-03-16 14:03:11] Memory: Total: 61649012 kB, Available: 52635616 kB, Active: 8003448 kB, SwapTotal: 40894456 kB, SwapFree: 40861944 kB
INFO [2026-03-16 14:03:11] Memory: Total: 61649012 kB, Available: 52635704 kB, Active: 8003208 kB, SwapTotal: 40894456 kB, SwapFree: 40861944 kB
INFO [2026-03-16 14:03:12] Memory: Total: 61649012 kB, Available: 52635448 kB, Active: 8003580 kB, SwapTotal: 40894456 kB, SwapFree: 40861944 kB
INFO [2026-03-16 14:03:12] Memory: Total: 61649012 kB, Available: 52635448 kB, Active: 8003580 kB, SwapTotal: 40894456 kB, SwapFree: 40861944 kB
INFO [2026-03-16 14:03:12] Memory: Total: 61649012 kB, Available: 52635448 kB, Active: 8003580 kB, SwapTotal: 40894456 kB, SwapFree: 40861944 kB
INFO [2026-03-16 14:03:12] Memory: Total: 61649012 kB, Available: 52635448 kB, Active: 8003580 kB, SwapTotal: 40894456 kB, SwapFree: 40861944 kB
INFO [2026-03-16 14:03:12] Memory: Total: 61649012 kB, Available: 52634844 kB, Active: 8004276 kB, SwapTotal: 40894456 kB, SwapFree: 40861944 kB
INFO [2026-03-16 14:03:12] Memory: Total: 61649012 kB, Available: 52634692 kB, Active: 8004004 kB, SwapTotal: 40894456 kB, SwapFree: 40861944 kB
INFO [2026-03-16 14:03:12] Memory: Total: 61649012 kB, Available: 52634692 kB, Active: 8004376 kB, SwapTotal: 40894456 kB, SwapFree: 40861944 kB
INFO [2026-03-16 14:03:12] Memory: Total: 61649012 kB, Available: 52634692 kB, Active: 8004376 kB, SwapTotal: 40894456 kB, SwapFree: 40861944 kB
INFO [2026-03-16 14:03:12] Memory: Total: 61649012 kB, Available: 52634692 kB, Active: 8004500 kB, SwapTotal: 40894456 kB, SwapFree: 40861944 kB
INFO [2026-03-16 14:03:12] Memory: Total: 61649012 kB, Available: 52634440 kB, Active: 8004624 kB, SwapTotal: 40894456 kB, SwapFree: 40861944 kB
INFO [2026-03-16 14:03:12] Memory: Total: 61649012 kB, Available: 52634076 kB, Active: 8005072 kB, SwapTotal: 40894456 kB, SwapFree: 40861944 kB
INFO [2026-03-16 14:03:12] Memory: Total: 61649012 kB, Available: 52634076 kB, Active: 8005072 kB, SwapTotal: 40894456 kB, SwapFree: 40861944 kB
INFO [2026-03-16 14:03:12] Memory: Total: 61649012 kB, Available: 52633936 kB, Active: 8004900 kB, SwapTotal: 40894456 kB, SwapFree: 40861944 kB
INFO [2026-03-16 14:03:12] Memory: Total: 61649012 kB, Available: 52633936 kB, Active: 8005024 kB, SwapTotal: 40894456 kB, SwapFree: 40861944 kB
INFO [2026-03-16 14:03:12] Memory: Total: 61649012 kB, Available: 52633936 kB, Active: 8005312 kB, SwapTotal: 40894456 kB, SwapFree: 40861944 kB
INFO [2026-03-16 14:03:12] Memory: Total: 61649012 kB, Available: 52633936 kB, Active: 8005024 kB, SwapTotal: 40894456 kB, SwapFree: 40861944 kB
INFO [2026-03-16 14:03:13] Memory: Total: 61649012 kB, Available: 52633564 kB, Active: 8005472 kB, SwapTotal: 40894456 kB, SwapFree: 40861944 kB
INFO [2026-03-16 14:03:13] Memory: Total: 61649012 kB, Available: 52633564 kB, Active: 8005480 kB, SwapTotal: 40894456 kB, SwapFree: 40861944 kB
INFO [2026-03-16 14:03:13] Memory: Total: 61649012 kB, Available: 52633688 kB, Active: 8005532 kB, SwapTotal: 40894456 kB, SwapFree: 40861944 kB
INFO [2026-03-16 14:03:13] Memory: Total: 61649012 kB, Available: 52633688 kB, Active: 8005532 kB, SwapTotal: 40894456 kB, SwapFree: 40861944 kB
INFO [2026-03-16 14:03:13] Memory: Total: 61649012 kB, Available: 52633688 kB, Active: 8005532 kB, SwapTotal: 40894456 kB, SwapFree: 40861944 kB
INFO [2026-03-16 14:03:13] Memory: Total: 61649012 kB, Available: 52633436 kB, Active: 8005532 kB, SwapTotal: 40894456 kB, SwapFree: 40861944 kB
INFO [2026-03-16 14:03:13] Memory: Total: 61649012 kB, Available: 52633436 kB, Active: 8005980 kB, SwapTotal: 40894456 kB, SwapFree: 40861944 kB
INFO [2026-03-16 14:03:13] Memory: Total: 61649012 kB, Available: 52633184 kB, Active: 8005772 kB, SwapTotal: 40894456 kB, SwapFree: 40861944 kB
INFO [2026-03-16 14:03:13] Memory: Total: 61649012 kB, Available: 52633184 kB, Active: 8006020 kB, SwapTotal: 40894456 kB, SwapFree: 40861944 kB
INFO [2026-03-16 14:03:13] Memory: Total: 61649012 kB, Available: 52633184 kB, Active: 8006020 kB, SwapTotal: 40894456 kB, SwapFree: 40861944 kB
INFO [2026-03-16 14:03:13] Memory: Total: 61649012 kB, Available: 52633184 kB, Active: 8006020 kB, SwapTotal: 40894456 kB, SwapFree: 40861944 kB
INFO [2026-03-16 14:03:13] Memory: Total: 61649012 kB, Available: 52632932 kB, Active: 8006020 kB, SwapTotal: 40894456 kB, SwapFree: 40861944 kB
INFO [2026-03-16 14:03:13] Memory: Total: 61649012 kB, Available: 52632932 kB, Active: 8006468 kB, SwapTotal: 40894456 kB, SwapFree: 40861944 kB
INFO [2026-03-16 14:03:13] Memory: Total: 61649012 kB, Available: 52633652 kB, Active: 8006288 kB, SwapTotal: 40894456 kB, SwapFree: 40861944 kB
INFO [2026-03-16 14:03:14] Memory: Total: 61649012 kB, Available: 52633652 kB, Active: 8006412 kB, SwapTotal: 40894456 kB, SwapFree: 40861944 kB
INFO [2026-03-16 14:03:14] Memory: Total: 61649012 kB, Available: 52633652 kB, Active: 8006536 kB, SwapTotal: 40894456 kB, SwapFree: 40861944 kB
INFO [2026-03-16 14:03:14] Memory: Total: 61649012 kB, Available: 52633652 kB, Active: 8006536 kB, SwapTotal: 40894456 kB, SwapFree: 40861944 kB
INFO [2026-03-16 14:03:14] Memory: Total: 61649012 kB, Available: 52633660 kB, Active: 8006536 kB, SwapTotal: 40894456 kB, SwapFree: 40861944 kB
INFO [2026-03-16 14:03:14] Memory: Total: 61649012 kB, Available: 52633408 kB, Active: 8006984 kB, SwapTotal: 40894456 kB, SwapFree: 40861944 kB
INFO [2026-03-16 14:03:14] Memory: Total: 61649012 kB, Available: 52633156 kB, Active: 8006768 kB, SwapTotal: 40894456 kB, SwapFree: 40861944 kB
INFO [2026-03-16 14:03:14] Memory: Total: 61649012 kB, Available: 52633156 kB, Active: 8007016 kB, SwapTotal: 40894456 kB, SwapFree: 40861944 kB
INFO [2026-03-16 14:03:14] Memory: Total: 61649012 kB, Available: 52633156 kB, Active: 8007016 kB, SwapTotal: 40894456 kB, SwapFree: 40861944 kB
INFO [2026-03-16 14:03:14] Memory: Total: 61649012 kB, Available: 52633156 kB, Active: 8007016 kB, SwapTotal: 40894456 kB, SwapFree: 40861944 kB
INFO [2026-03-16 14:03:14] Memory: Total: 61649012 kB, Available: 52633156 kB, Active: 8007016 kB, SwapTotal: 40894456 kB, SwapFree: 40861944 kB
INFO [2026-03-16 14:03:14] Memory: Total: 61649012 kB, Available: 52632904 kB, Active: 8007464 kB, SwapTotal: 40894456 kB, SwapFree: 40861944 kB
INFO [2026-03-16 14:03:14] Memory: Total: 61649012 kB, Available: 52632652 kB, Active: 8007264 kB, SwapTotal: 40894456 kB, SwapFree: 40861944 kB
INFO [2026-03-16 14:03:14] Memory: Total: 61649012 kB, Available: 52633316 kB, Active: 8007716 kB, SwapTotal: 40894456 kB, SwapFree: 40861944 kB
INFO [2026-03-16 14:03:14] Memory: Total: 61649012 kB, Available: 52633316 kB, Active: 8007716 kB, SwapTotal: 40894456 kB, SwapFree: 40861944 kB
INFO [2026-03-16 14:03:14] Memory: Total: 61649012 kB, Available: 52633316 kB, Active: 8007872 kB, SwapTotal: 40894456 kB, SwapFree: 40861944 kB
INFO [2026-03-16 14:03:14] Memory: Total: 61649012 kB, Available: 52633316 kB, Active: 8007612 kB, SwapTotal: 40894456 kB, SwapFree: 40861944 kB
INFO [2026-03-16 14:03:15] Memory: Total: 61649012 kB, Available: 52633316 kB, Active: 8007724 kB, SwapTotal: 40894456 kB, SwapFree: 40861944 kB
INFO [2026-03-16 14:03:15] Memory: Total: 61649012 kB, Available: 52633316 kB, Active: 8007724 kB, SwapTotal: 40894456 kB, SwapFree: 40861944 kB
INFO [2026-03-16 14:03:15] Memory: Total: 61649012 kB, Available: 52633316 kB, Active: 8008420 kB, SwapTotal: 40894456 kB, SwapFree: 40861944 kB
INFO [2026-03-16 14:03:15] Memory: Total: 61649012 kB, Available: 52633316 kB, Active: 8008104 kB, SwapTotal: 40894456 kB, SwapFree: 40861944 kB
INFO [2026-03-16 14:03:15] Memory: Total: 61649012 kB, Available: 52633316 kB, Active: 8008428 kB, SwapTotal: 40894456 kB, SwapFree: 40861944 kB
INFO [2026-03-16 14:03:15] Memory: Total: 61649012 kB, Available: 52633316 kB, Active: 8008160 kB, SwapTotal: 40894456 kB, SwapFree: 40861944 kB
INFO [2026-03-16 14:03:15] Memory: Total: 61649012 kB, Available: 52633316 kB, Active: 8008284 kB, SwapTotal: 40894456 kB, SwapFree: 40861944 kB
INFO [2026-03-16 14:03:15] Memory: Total: 61649012 kB, Available: 52633316 kB, Active: 8008284 kB, SwapTotal: 40894456 kB, SwapFree: 40861944 kB
INFO [2026-03-16 14:03:15] Memory: Total: 61649012 kB, Available: 52633316 kB, Active: 8008656 kB, SwapTotal: 40894456 kB, SwapFree: 40861944 kB
INFO [2026-03-16 14:03:15] Memory: Total: 61649012 kB, Available: 52633316 kB, Active: 8008656 kB, SwapTotal: 40894456 kB, SwapFree: 40861944 kB
INFO [2026-03-16 14:03:15] Memory: Total: 61649012 kB, Available: 52633316 kB, Active: 8008980 kB, SwapTotal: 40894456 kB, SwapFree: 40861944 kB
INFO [2026-03-16 14:03:15] Memory: Total: 61649012 kB, Available: 52633316 kB, Active: 8008736 kB, SwapTotal: 40894456 kB, SwapFree: 40861944 kB
INFO [2026-03-16 14:03:15] Memory: Total: 61649012 kB, Available: 52633316 kB, Active: 8009096 kB, SwapTotal: 40894456 kB, SwapFree: 40861944 kB
INFO [2026-03-16 14:03:15] Memory: Total: 61649012 kB, Available: 52633064 kB, Active: 8009096 kB, SwapTotal: 40894456 kB, SwapFree: 40861944 kB
INFO [2026-03-16 14:03:16] Memory: Total: 61649012 kB, Available: 52633064 kB, Active: 8009668 kB, SwapTotal: 40894456 kB, SwapFree: 40861944 kB
INFO [2026-03-16 14:03:16] Memory: Total: 61649012 kB, Available: 52633064 kB, Active: 8009476 kB, SwapTotal: 40894456 kB, SwapFree: 40861944 kB
INFO [2026-03-16 14:03:16] Memory: Total: 61649012 kB, Available: 52633064 kB, Active: 8009800 kB, SwapTotal: 40894456 kB, SwapFree: 40861944 kB
INFO [2026-03-16 14:03:16] Memory: Total: 61649012 kB, Available: 52633064 kB, Active: 8009512 kB, SwapTotal: 40894456 kB, SwapFree: 40861944 kB
INFO [2026-03-16 14:03:16] Memory: Total: 61649012 kB, Available: 52633064 kB, Active: 8009636 kB, SwapTotal: 40894456 kB, SwapFree: 40861944 kB
INFO [2026-03-16 14:03:16] Memory: Total: 61649012 kB, Available: 52633064 kB, Active: 8009760 kB, SwapTotal: 40894456 kB, SwapFree: 40861944 kB
INFO [2026-03-16 14:03:16] Memory: Total: 61649012 kB, Available: 52633064 kB, Active: 8010008 kB, SwapTotal: 40894456 kB, SwapFree: 40861944 kB
INFO [2026-03-16 14:03:16] Memory: Total: 61649012 kB, Available: 52633064 kB, Active: 8010008 kB, SwapTotal: 40894456 kB, SwapFree: 40861944 kB
INFO [2026-03-16 14:03:16] Memory: Total: 61649012 kB, Available: 52633064 kB, Active: 8010132 kB, SwapTotal: 40894456 kB, SwapFree: 40861944 kB
INFO [2026-03-16 14:03:16] Memory: Total: 61649012 kB, Available: 52633064 kB, Active: 8010140 kB, SwapTotal: 40894456 kB, SwapFree: 40861944 kB
INFO [2026-03-16 14:03:16] Memory: Total: 61649012 kB, Available: 52633064 kB, Active: 8010264 kB, SwapTotal: 40894456 kB, SwapFree: 40861944 kB
INFO [2026-03-16 14:03:16] Memory: Total: 61649012 kB, Available: 52633064 kB, Active: 8010388 kB, SwapTotal: 40894456 kB, SwapFree: 40861944 kB
INFO [2026-03-16 14:03:16] Memory: Total: 61649012 kB, Available: 52633064 kB, Active: 8010636 kB, SwapTotal: 40894456 kB, SwapFree: 40861944 kB
INFO [2026-03-16 14:03:16] Memory: Total: 61649012 kB, Available: 52633064 kB, Active: 8010636 kB, SwapTotal: 40894456 kB, SwapFree: 40861944 kB
INFO [2026-03-16 14:03:16] Memory: Total: 61649012 kB, Available: 52633064 kB, Active: 8011084 kB, SwapTotal: 40894456 kB, SwapFree: 40861944 kB
INFO [2026-03-16 14:03:16] Memory: Total: 61649012 kB, Available: 52633064 kB, Active: 8011064 kB, SwapTotal: 40894456 kB, SwapFree: 40861944 kB
INFO [2026-03-16 14:03:17] Memory: Total: 61649012 kB, Available: 52633060 kB, Active: 8011232 kB, SwapTotal: 40894456 kB, SwapFree: 40861944 kB
INFO [2026-03-16 14:03:17] Memory: Total: 61649012 kB, Available: 52633060 kB, Active: 8011644 kB, SwapTotal: 40894456 kB, SwapFree: 40861944 kB
INFO [2026-03-16 14:03:17] Memory: Total: 61649012 kB, Available: 52633060 kB, Active: 8012052 kB, SwapTotal: 40894456 kB, SwapFree: 40861944 kB
INFO [2026-03-16 14:03:17] Memory: Total: 61649012 kB, Available: 52633060 kB, Active: 8012060 kB, SwapTotal: 40894456 kB, SwapFree: 40861944 kB
INFO [2026-03-16 14:03:17] Memory: Total: 61649012 kB, Available: 52633060 kB, Active: 8012384 kB, SwapTotal: 40894456 kB, SwapFree: 40861944 kB
INFO [2026-03-16 14:03:17] Memory: Total: 61649012 kB, Available: 52633060 kB, Active: 8011884 kB, SwapTotal: 40894456 kB, SwapFree: 40861944 kB
INFO [2026-03-16 14:03:17] Memory: Total: 61649012 kB, Available: 52633060 kB, Active: 8012132 kB, SwapTotal: 40894456 kB, SwapFree: 40861944 kB
INFO [2026-03-16 14:03:17] Memory: Total: 61649012 kB, Available: 52633060 kB, Active: 8012256 kB, SwapTotal: 40894456 kB, SwapFree: 40861944 kB
INFO [2026-03-16 14:03:17] Memory: Total: 61649012 kB, Available: 52632808 kB, Active: 8012504 kB, SwapTotal: 40894456 kB, SwapFree: 40861944 kB
INFO [2026-03-16 14:03:17] Memory: Total: 61649012 kB, Available: 52632808 kB, Active: 8012828 kB, SwapTotal: 40894456 kB, SwapFree: 40861944 kB
INFO [2026-03-16 14:03:17] Memory: Total: 61649012 kB, Available: 52632808 kB, Active: 8012828 kB, SwapTotal: 40894456 kB, SwapFree: 40861944 kB
INFO [2026-03-16 14:03:17] Memory: Total: 61649012 kB, Available: 52632808 kB, Active: 8012828 kB, SwapTotal: 40894456 kB, SwapFree: 40861944 kB
INFO [2026-03-16 14:03:17] Memory: Total: 61649012 kB, Available: 52632560 kB, Active: 8012456 kB, SwapTotal: 40894456 kB, SwapFree: 40861944 kB
INFO [2026-03-16 14:03:17] Memory: Total: 61649012 kB, Available: 52632308 kB, Active: 8012704 kB, SwapTotal: 40894456 kB, SwapFree: 40861944 kB
INFO [2026-03-16 14:03:18] Memory: Total: 61649012 kB, Available: 52631804 kB, Active: 8012952 kB, SwapTotal: 40894456 kB, SwapFree: 40861944 kB
INFO [2026-03-16 14:03:18] Memory: Total: 61649012 kB, Available: 52631804 kB, Active: 8013400 kB, SwapTotal: 40894456 kB, SwapFree: 40861944 kB
INFO [2026-03-16 14:03:18] Memory: Total: 61649012 kB, Available: 52631804 kB, Active: 8013400 kB, SwapTotal: 40894456 kB, SwapFree: 40861944 kB
INFO [2026-03-16 14:03:18] Memory: Total: 61649012 kB, Available: 52631804 kB, Active: 8013400 kB, SwapTotal: 40894456 kB, SwapFree: 40861944 kB
INFO [2026-03-16 14:03:18] Memory: Total: 61649012 kB, Available: 52631804 kB, Active: 8013352 kB, SwapTotal: 40894456 kB, SwapFree: 40861944 kB
INFO [2026-03-16 14:03:18] Memory: Total: 61649012 kB, Available: 52631552 kB, Active: 8013476 kB, SwapTotal: 40894456 kB, SwapFree: 40861944 kB
INFO [2026-03-16 14:03:18] Memory: Total: 61649012 kB, Available: 52631300 kB, Active: 8013724 kB, SwapTotal: 40894456 kB, SwapFree: 40861944 kB
INFO [2026-03-16 14:03:18] Memory: Total: 61649012 kB, Available: 52631300 kB, Active: 8014172 kB, SwapTotal: 40894456 kB, SwapFree: 40861944 kB
INFO [2026-03-16 14:03:18] Memory: Total: 61649012 kB, Available: 52631300 kB, Active: 8014172 kB, SwapTotal: 40894456 kB, SwapFree: 40861944 kB
INFO [2026-03-16 14:03:18] Memory: Total: 61649012 kB, Available: 52631300 kB, Active: 8014172 kB, SwapTotal: 40894456 kB, SwapFree: 40861944 kB
INFO [2026-03-16 14:03:18] Memory: Total: 61649012 kB, Available: 52631048 kB, Active: 8014128 kB, SwapTotal: 40894456 kB, SwapFree: 40861944 kB
INFO [2026-03-16 14:03:18] Memory: Total: 61649012 kB, Available: 52630796 kB, Active: 8014252 kB, SwapTotal: 40894456 kB, SwapFree: 40861944 kB
INFO [2026-03-16 14:03:18] Memory: Total: 61649012 kB, Available: 52630544 kB, Active: 8014576 kB, SwapTotal: 40894456 kB, SwapFree: 40861944 kB
INFO [2026-03-16 14:03:19] Memory: Total: 61649012 kB, Available: 52630544 kB, Active: 8014576 kB, SwapTotal: 40894456 kB, SwapFree: 40861944 kB
INFO [2026-03-16 14:03:19] Memory: Total: 61649012 kB, Available: 52630220 kB, Active: 8014900 kB, SwapTotal: 40894456 kB, SwapFree: 40861944 kB
INFO [2026-03-16 14:03:19] Memory: Total: 61649012 kB, Available: 52630220 kB, Active: 8014900 kB, SwapTotal: 40894456 kB, SwapFree: 40861944 kB
INFO [2026-03-16 14:03:19] Memory: Total: 61649012 kB, Available: 52630292 kB, Active: 8014768 kB, SwapTotal: 40894456 kB, SwapFree: 40861944 kB
INFO [2026-03-16 14:03:19] Memory: Total: 61649012 kB, Available: 52630292 kB, Active: 8015056 kB, SwapTotal: 40894456 kB, SwapFree: 40861944 kB
INFO [2026-03-16 14:03:19] Memory: Total: 61649012 kB, Available: 52630040 kB, Active: 8015016 kB, SwapTotal: 40894456 kB, SwapFree: 40861944 kB
INFO [2026-03-16 14:03:19] Memory: Total: 61649012 kB, Available: 52630040 kB, Active: 8015140 kB, SwapTotal: 40894456 kB, SwapFree: 40861944 kB
INFO [2026-03-16 14:03:19] Memory: Total: 61649012 kB, Available: 52630040 kB, Active: 8015140 kB, SwapTotal: 40894456 kB, SwapFree: 40861944 kB
INFO [2026-03-16 14:03:19] Memory: Total: 61649012 kB, Available: 52630040 kB, Active: 8015140 kB, SwapTotal: 40894456 kB, SwapFree: 40861944 kB
INFO [2026-03-16 14:03:19] Memory: Total: 61649012 kB, Available: 52629708 kB, Active: 8015588 kB, SwapTotal: 40894456 kB, SwapFree: 40861944 kB
INFO [2026-03-16 14:03:19] Memory: Total: 61649012 kB, Available: 52629284 kB, Active: 8015408 kB, SwapTotal: 40894456 kB, SwapFree: 40861944 kB
INFO [2026-03-16 14:03:19] Memory: Total: 61649012 kB, Available: 52629284 kB, Active: 8015656 kB, SwapTotal: 40894456 kB, SwapFree: 40861944 kB
INFO [2026-03-16 14:03:19] Memory: Total: 61649012 kB, Available: 52629284 kB, Active: 8015656 kB, SwapTotal: 40894456 kB, SwapFree: 40861944 kB
INFO [2026-03-16 14:03:19] Memory: Total: 61649012 kB, Available: 52628940 kB, Active: 8015780 kB, SwapTotal: 40894456 kB, SwapFree: 40861944 kB
INFO [2026-03-16 14:03:19] Memory: Total: 61649012 kB, Available: 52628940 kB, Active: 8015780 kB, SwapTotal: 40894456 kB, SwapFree: 40861944 kB
INFO [2026-03-16 14:03:19] Memory: Total: 61649012 kB, Available: 52629032 kB, Active: 8015904 kB, SwapTotal: 40894456 kB, SwapFree: 40861944 kB
INFO [2026-03-16 14:03:20] Memory: Total: 61649012 kB, Available: 52629032 kB, Active: 8016028 kB, SwapTotal: 40894456 kB, SwapFree: 40861944 kB
INFO [2026-03-16 14:03:20] Memory: Total: 61649012 kB, Available: 52628780 kB, Active: 8016276 kB, SwapTotal: 40894456 kB, SwapFree: 40861944 kB
INFO [2026-03-16 14:03:20] Memory: Total: 61649012 kB, Available: 52628780 kB, Active: 8016400 kB, SwapTotal: 40894456 kB, SwapFree: 40861944 kB
INFO [2026-03-16 14:03:20] Memory: Total: 61649012 kB, Available: 52628276 kB, Active: 8016400 kB, SwapTotal: 40894456 kB, SwapFree: 40861944 kB
INFO [2026-03-16 14:03:20] Memory: Total: 61649012 kB, Available: 52628276 kB, Active: 8016400 kB, SwapTotal: 40894456 kB, SwapFree: 40861944 kB
INFO [2026-03-16 14:03:20] Memory: Total: 61649012 kB, Available: 52628024 kB, Active: 8016524 kB, SwapTotal: 40894456 kB, SwapFree: 40861944 kB
INFO [2026-03-16 14:03:20] Memory: Total: 61649012 kB, Available: 52628024 kB, Active: 8016648 kB, SwapTotal: 40894456 kB, SwapFree: 40861944 kB
INFO [2026-03-16 14:03:20] Memory: Total: 61649012 kB, Available: 52627772 kB, Active: 8017020 kB, SwapTotal: 40894456 kB, SwapFree: 40861944 kB
INFO [2026-03-16 14:03:20] Memory: Total: 61649012 kB, Available: 52627772 kB, Active: 8017144 kB, SwapTotal: 40894456 kB, SwapFree: 40861944 kB
INFO [2026-03-16 14:03:20] Memory: Total: 61649012 kB, Available: 52627152 kB, Active: 8017468 kB, SwapTotal: 40894456 kB, SwapFree: 40861944 kB
INFO [2026-03-16 14:03:20] Memory: Total: 61649012 kB, Available: 52627268 kB, Active: 8017196 kB, SwapTotal: 40894456 kB, SwapFree: 40861944 kB
INFO [2026-03-16 14:03:20] Memory: Total: 61649012 kB, Available: 52627268 kB, Active: 8017320 kB, SwapTotal: 40894456 kB, SwapFree: 40861944 kB
INFO [2026-03-16 14:03:20] Memory: Total: 61649012 kB, Available: 52627268 kB, Active: 8017444 kB, SwapTotal: 40894456 kB, SwapFree: 40861944 kB
INFO [2026-03-16 14:03:21] Memory: Total: 61649012 kB, Available: 52627016 kB, Active: 8017816 kB, SwapTotal: 40894456 kB, SwapFree: 40861944 kB
INFO [2026-03-16 14:03:21] Memory: Total: 61649012 kB, Available: 52627016 kB, Active: 8017816 kB, SwapTotal: 40894456 kB, SwapFree: 40861944 kB
INFO [2026-03-16 14:03:21] Memory: Total: 61649012 kB, Available: 52626640 kB, Active: 8018140 kB, SwapTotal: 40894456 kB, SwapFree: 40861944 kB
INFO [2026-03-16 14:03:21] Memory: Total: 61649012 kB, Available: 52626640 kB, Active: 8018264 kB, SwapTotal: 40894456 kB, SwapFree: 40861944 kB
INFO [2026-03-16 14:03:21] Memory: Total: 61649012 kB, Available: 52626640 kB, Active: 8018712 kB, SwapTotal: 40894456 kB, SwapFree: 40861944 kB
INFO [2026-03-16 14:03:21] Memory: Total: 61649012 kB, Available: 52626388 kB, Active: 8018548 kB, SwapTotal: 40894456 kB, SwapFree: 40861944 kB
INFO [2026-03-16 14:03:21] Memory: Total: 61649012 kB, Available: 52626260 kB, Active: 8018628 kB, SwapTotal: 40894456 kB, SwapFree: 40861944 kB
INFO [2026-03-16 14:03:21] Memory: Total: 61649012 kB, Available: 52626260 kB, Active: 8018628 kB, SwapTotal: 40894456 kB, SwapFree: 40861944 kB
INFO [2026-03-16 14:03:21] Memory: Total: 61649012 kB, Available: 52625756 kB, Active: 8018752 kB, SwapTotal: 40894456 kB, SwapFree: 40861944 kB
INFO [2026-03-16 14:03:21] Memory: Total: 61649012 kB, Available: 52625756 kB, Active: 8018752 kB, SwapTotal: 40894456 kB, SwapFree: 40861944 kB
INFO [2026-03-16 14:03:21] Memory: Total: 61649012 kB, Available: 52625756 kB, Active: 8019200 kB, SwapTotal: 40894456 kB, SwapFree: 40861944 kB
INFO [2026-03-16 14:03:21] Memory: Total: 61649012 kB, Available: 52625756 kB, Active: 8019052 kB, SwapTotal: 40894456 kB, SwapFree: 40861944 kB
INFO [2026-03-16 14:03:21] Memory: Total: 61649012 kB, Available: 52625504 kB, Active: 8019712 kB, SwapTotal: 40894456 kB, SwapFree: 40861944 kB
INFO [2026-03-16 14:03:21] Memory: Total: 61649012 kB, Available: 52625000 kB, Active: 8019792 kB, SwapTotal: 40894456 kB, SwapFree: 40861944 kB
INFO [2026-03-16 14:03:21] Memory: Total: 61649012 kB, Available: 52625000 kB, Active: 8019792 kB, SwapTotal: 40894456 kB, SwapFree: 40861944 kB
INFO [2026-03-16 14:03:21] Memory: Total: 61649012 kB, Available: 52625000 kB, Active: 8019628 kB, SwapTotal: 40894456 kB, SwapFree: 40861944 kB
INFO [2026-03-16 14:03:22] Memory: Total: 61649012 kB, Available: 52625000 kB, Active: 8019956 kB, SwapTotal: 40894456 kB, SwapFree: 40861944 kB
INFO [2026-03-16 14:03:22] Memory: Total: 61649012 kB, Available: 52625000 kB, Active: 8019956 kB, SwapTotal: 40894456 kB, SwapFree: 40861944 kB
INFO [2026-03-16 14:03:22] Memory: Total: 61649012 kB, Available: 52624496 kB, Active: 8020452 kB, SwapTotal: 40894456 kB, SwapFree: 40861944 kB
INFO [2026-03-16 14:03:22] Memory: Total: 61649012 kB, Available: 52623488 kB, Active: 8020900 kB, SwapTotal: 40894456 kB, SwapFree: 40861944 kB
INFO [2026-03-16 14:03:22] Memory: Total: 61649012 kB, Available: 52623488 kB, Active: 8020900 kB, SwapTotal: 40894456 kB, SwapFree: 40861944 kB
INFO [2026-03-16 14:03:22] Memory: Total: 61649012 kB, Available: 52623488 kB, Active: 8020900 kB, SwapTotal: 40894456 kB, SwapFree: 40861944 kB
INFO [2026-03-16 14:03:22] Memory: Total: 61649012 kB, Available: 52623488 kB, Active: 8020808 kB, SwapTotal: 40894456 kB, SwapFree: 40861944 kB
INFO [2026-03-16 14:03:22] Memory: Total: 61649012 kB, Available: 52623488 kB, Active: 8020932 kB, SwapTotal: 40894456 kB, SwapFree: 40861944 kB
INFO [2026-03-16 14:03:22] Memory: Total: 61649012 kB, Available: 52623488 kB, Active: 8021428 kB, SwapTotal: 40894456 kB, SwapFree: 40861944 kB
INFO [2026-03-16 14:03:22] Memory: Total: 61649012 kB, Available: 52623056 kB, Active: 8021876 kB, SwapTotal: 40894456 kB, SwapFree: 40861944 kB
INFO [2026-03-16 14:03:22] Memory: Total: 61649012 kB, Available: 52623056 kB, Active: 8021876 kB, SwapTotal: 40894456 kB, SwapFree: 40861944 kB
INFO [2026-03-16 14:03:22] Memory: Total: 61649012 kB, Available: 52622984 kB, Active: 8021672 kB, SwapTotal: 40894456 kB, SwapFree: 40861944 kB
INFO [2026-03-16 14:03:22] Memory: Total: 61649012 kB, Available: 52622984 kB, Active: 8021920 kB, SwapTotal: 40894456 kB, SwapFree: 40861944 kB
INFO [2026-03-16 14:03:22] Memory: Total: 61649012 kB, Available: 52622988 kB, Active: 8021920 kB, SwapTotal: 40894456 kB, SwapFree: 40861944 kB
INFO [2026-03-16 14:03:23] Memory: Total: 61649012 kB, Available: 52622228 kB, Active: 8022412 kB, SwapTotal: 40894456 kB, SwapFree: 40861944 kB
INFO [2026-03-16 14:03:23] Memory: Total: 61649012 kB, Available: 52622228 kB, Active: 8022864 kB, SwapTotal: 40894456 kB, SwapFree: 40861944 kB
INFO [2026-03-16 14:03:23] Memory: Total: 61649012 kB, Available: 52622228 kB, Active: 8022864 kB, SwapTotal: 40894456 kB, SwapFree: 40861944 kB
INFO [2026-03-16 14:03:23] Memory: Total: 61649012 kB, Available: 52622228 kB, Active: 8022864 kB, SwapTotal: 40894456 kB, SwapFree: 40861944 kB
INFO [2026-03-16 14:03:23] Memory: Total: 61649012 kB, Available: 52622228 kB, Active: 8022732 kB, SwapTotal: 40894456 kB, SwapFree: 40861944 kB
INFO [2026-03-16 14:03:23] Memory: Total: 61649012 kB, Available: 52622228 kB, Active: 8022732 kB, SwapTotal: 40894456 kB, SwapFree: 40861944 kB
INFO [2026-03-16 14:03:23] Memory: Total: 61649012 kB, Available: 52621472 kB, Active: 8023104 kB, SwapTotal: 40894456 kB, SwapFree: 40861944 kB
INFO [2026-03-16 14:03:23] Memory: Total: 61649012 kB, Available: 52621472 kB, Active: 8023228 kB, SwapTotal: 40894456 kB, SwapFree: 40861944 kB
INFO [2026-03-16 14:03:23] Memory: Total: 61649012 kB, Available: 52621472 kB, Active: 8023552 kB, SwapTotal: 40894456 kB, SwapFree: 40861944 kB
INFO [2026-03-16 14:03:23] Memory: Total: 61649012 kB, Available: 52621472 kB, Active: 8023552 kB, SwapTotal: 40894456 kB, SwapFree: 40861944 kB
INFO [2026-03-16 14:03:23] Memory: Total: 61649012 kB, Available: 52621472 kB, Active: 8023440 kB, SwapTotal: 40894456 kB, SwapFree: 40861944 kB
INFO [2026-03-16 14:03:23] Memory: Total: 61649012 kB, Available: 52621472 kB, Active: 8023440 kB, SwapTotal: 40894456 kB, SwapFree: 40861944 kB
INFO [2026-03-16 14:03:23] Memory: Total: 61649012 kB, Available: 52621220 kB, Active: 8023876 kB, SwapTotal: 40894456 kB, SwapFree: 40861944 kB
INFO [2026-03-16 14:03:23] Memory: Total: 61649012 kB, Available: 52620968 kB, Active: 8024004 kB, SwapTotal: 40894456 kB, SwapFree: 40861944 kB
INFO [2026-03-16 14:03:23] Memory: Total: 61649012 kB, Available: 52620624 kB, Active: 8024328 kB, SwapTotal: 40894456 kB, SwapFree: 40861944 kB
INFO [2026-03-16 14:03:24] Memory: Total: 61649012 kB, Available: 52620716 kB, Active: 8024084 kB, SwapTotal: 40894456 kB, SwapFree: 40861944 kB
INFO [2026-03-16 14:03:24] Memory: Total: 61649012 kB, Available: 52620716 kB, Active: 8024084 kB, SwapTotal: 40894456 kB, SwapFree: 40861944 kB
INFO [2026-03-16 14:03:24] Memory: Total: 61649012 kB, Available: 52620716 kB, Active: 8024408 kB, SwapTotal: 40894456 kB, SwapFree: 40861944 kB
INFO [2026-03-16 14:03:24] Memory: Total: 61649012 kB, Available: 52619960 kB, Active: 8024960 kB, SwapTotal: 40894456 kB, SwapFree: 40861944 kB
INFO [2026-03-16 14:03:24] Memory: Total: 61649012 kB, Available: 52619960 kB, Active: 8024960 kB, SwapTotal: 40894456 kB, SwapFree: 40861944 kB
INFO [2026-03-16 14:03:24] Memory: Total: 61649012 kB, Available: 52619960 kB, Active: 8024652 kB, SwapTotal: 40894456 kB, SwapFree: 40861944 kB
INFO [2026-03-16 14:03:24] Memory: Total: 61649012 kB, Available: 52619960 kB, Active: 8024756 kB, SwapTotal: 40894456 kB, SwapFree: 40861944 kB
INFO [2026-03-16 14:03:24] Memory: Total: 61649012 kB, Available: 52619960 kB, Active: 8024756 kB, SwapTotal: 40894456 kB, SwapFree: 40861944 kB
INFO [2026-03-16 14:03:24] Memory: Total: 61649012 kB, Available: 52619960 kB, Active: 8025092 kB, SwapTotal: 40894456 kB, SwapFree: 40861944 kB
INFO [2026-03-16 14:03:24] Memory: Total: 61649012 kB, Available: 52619960 kB, Active: 8025092 kB, SwapTotal: 40894456 kB, SwapFree: 40861944 kB
INFO [2026-03-16 14:03:24] Memory: Total: 61649012 kB, Available: 52619960 kB, Active: 8025092 kB, SwapTotal: 40894456 kB, SwapFree: 40861944 kB
INFO [2026-03-16 14:03:24] Memory: Total: 61649012 kB, Available: 52619960 kB, Active: 8025092 kB, SwapTotal: 40894456 kB, SwapFree: 40861944 kB
INFO [2026-03-16 14:03:24] Memory: Total: 61649012 kB, Available: 52619960 kB, Active: 8025380 kB, SwapTotal: 40894456 kB, SwapFree: 40861944 kB
INFO [2026-03-16 14:03:25] Memory: Total: 61649012 kB, Available: 52619960 kB, Active: 8025172 kB, SwapTotal: 40894456 kB, SwapFree: 40861944 kB
INFO [2026-03-16 14:03:25] Memory: Total: 61649012 kB, Available: 52619960 kB, Active: 8025172 kB, SwapTotal: 40894456 kB, SwapFree: 40861944 kB
INFO [2026-03-16 14:03:25] Memory: Total: 61649012 kB, Available: 53643272 kB, Active: 7005720 kB, SwapTotal: 40894456 kB, SwapFree: 40861944 kB
INFO [2026-03-16 14:03:25] Memory: Total: 61649012 kB, Available: 53643272 kB, Active: 7005720 kB, SwapTotal: 40894456 kB, SwapFree: 40861944 kB
INFO [2026-03-16 14:03:25] Memory: Total: 61649012 kB, Available: 53643272 kB, Active: 7005968 kB, SwapTotal: 40894456 kB, SwapFree: 40861944 kB
INFO [2026-03-16 14:03:26] Memory: Total: 61649012 kB, Available: 55219884 kB, Active: 5425020 kB, SwapTotal: 40894456 kB, SwapFree: 40861944 kB
INFO [2026-03-16 14:03:26] Memory: Total: 61649012 kB, Available: 55884804 kB, Active: 4762776 kB, SwapTotal: 40894456 kB, SwapFree: 40861944 kB
INFO [2026-03-16 14:03:26] Recombining results ...
