INFO [2026-03-16 14:09:20] Memory: Total: 61649012 kB, Available: 58899104 kB, Active: 1773560 kB, SwapTotal: 40894456 kB, SwapFree: 40861944 kB
INFO [2026-03-16 14:09:21] Processing missing values ...
INFO [2026-03-16 14:09:21] Figuring out comparisons to do ...
INFO [2026-03-16 14:09:21] Splitting up across compute ...
INFO [2026-03-16 14:09:21] Running correlations ...
INFO [2026-03-16 14:09:22] Memory: Total: 61649012 kB, Available: 57274164 kB, Active: 3343472 kB, SwapTotal: 40894456 kB, SwapFree: 40861944 kB
INFO [2026-03-16 14:09:22] Memory: Total: 61649012 kB, Available: 57185300 kB, Active: 3436136 kB, SwapTotal: 40894456 kB, SwapFree: 40861944 kB
INFO [2026-03-16 14:09:22] Memory: Total: 61649012 kB, Available: 57104660 kB, Active: 3519404 kB, SwapTotal: 40894456 kB, SwapFree: 40861944 kB
INFO [2026-03-16 14:09:22] Memory: Total: 61649012 kB, Available: 57040148 kB, Active: 3580640 kB, SwapTotal: 40894456 kB, SwapFree: 40861944 kB
INFO [2026-03-16 14:09:22] Memory: Total: 61649012 kB, Available: 57003724 kB, Active: 3635072 kB, SwapTotal: 40894456 kB, SwapFree: 40861944 kB
INFO [2026-03-16 14:09:22] Memory: Total: 61649012 kB, Available: 56987600 kB, Active: 3657752 kB, SwapTotal: 40894456 kB, SwapFree: 40861944 kB
INFO [2026-03-16 14:09:22] Memory: Total: 61649012 kB, Available: 56967256 kB, Active: 3677072 kB, SwapTotal: 40894456 kB, SwapFree: 40861944 kB
INFO [2026-03-16 14:09:22] Memory: Total: 61649012 kB, Available: 56951044 kB, Active: 3688612 kB, SwapTotal: 40894456 kB, SwapFree: 40861944 kB
INFO [2026-03-16 14:09:22] Memory: Total: 61649012 kB, Available: 56934924 kB, Active: 3701572 kB, SwapTotal: 40894456 kB, SwapFree: 40861944 kB
INFO [2026-03-16 14:09:23] Memory: Total: 61649012 kB, Available: 56926860 kB, Active: 3710644 kB, SwapTotal: 40894456 kB, SwapFree: 40861944 kB
INFO [2026-03-16 14:09:23] Memory: Total: 61649012 kB, Available: 56923020 kB, Active: 3714856 kB, SwapTotal: 40894456 kB, SwapFree: 40861944 kB
INFO [2026-03-16 14:09:23] Memory: Total: 61649012 kB, Available: 56914956 kB, Active: 3723280 kB, SwapTotal: 40894456 kB, SwapFree: 40861944 kB
INFO [2026-03-16 14:09:23] Memory: Total: 61649012 kB, Available: 56914956 kB, Active: 3724252 kB, SwapTotal: 40894456 kB, SwapFree: 40861944 kB
INFO [2026-03-16 14:09:23] Memory: Total: 61649012 kB, Available: 56914956 kB, Active: 3725224 kB, SwapTotal: 40894456 kB, SwapFree: 40861944 kB
INFO [2026-03-16 14:09:23] Memory: Total: 61649012 kB, Available: 56914956 kB, Active: 3725872 kB, SwapTotal: 40894456 kB, SwapFree: 40861944 kB
INFO [2026-03-16 14:09:23] Memory: Total: 61649012 kB, Available: 56914956 kB, Active: 3726844 kB, SwapTotal: 40894456 kB, SwapFree: 40861944 kB
INFO [2026-03-16 14:09:23] Memory: Total: 61649012 kB, Available: 56914956 kB, Active: 3727168 kB, SwapTotal: 40894456 kB, SwapFree: 40861944 kB
INFO [2026-03-16 14:09:23] Memory: Total: 61649012 kB, Available: 56914956 kB, Active: 3727816 kB, SwapTotal: 40894456 kB, SwapFree: 40861944 kB
INFO [2026-03-16 14:09:23] Memory: Total: 61649012 kB, Available: 56914956 kB, Active: 3728464 kB, SwapTotal: 40894456 kB, SwapFree: 40861944 kB
INFO [2026-03-16 14:09:23] Memory: Total: 61649012 kB, Available: 56914956 kB, Active: 3728788 kB, SwapTotal: 40894456 kB, SwapFree: 40861944 kB
INFO [2026-03-16 14:09:23] Memory: Total: 61649012 kB, Available: 56914956 kB, Active: 3729436 kB, SwapTotal: 40894456 kB, SwapFree: 40861944 kB
INFO [2026-03-16 14:09:23] Memory: Total: 61649012 kB, Available: 56914956 kB, Active: 3729760 kB, SwapTotal: 40894456 kB, SwapFree: 40861944 kB
INFO [2026-03-16 14:09:23] Memory: Total: 61649012 kB, Available: 56914956 kB, Active: 3730408 kB, SwapTotal: 40894456 kB, SwapFree: 40861944 kB
INFO [2026-03-16 14:09:23] Memory: Total: 61649012 kB, Available: 56914956 kB, Active: 3730732 kB, SwapTotal: 40894456 kB, SwapFree: 40861944 kB
INFO [2026-03-16 14:09:23] Memory: Total: 61649012 kB, Available: 56914956 kB, Active: 3731056 kB, SwapTotal: 40894456 kB, SwapFree: 40861944 kB
INFO [2026-03-16 14:09:23] Memory: Total: 61649012 kB, Available: 56914956 kB, Active: 3731056 kB, SwapTotal: 40894456 kB, SwapFree: 40861944 kB
INFO [2026-03-16 14:09:23] Memory: Total: 61649012 kB, Available: 56914612 kB, Active: 3731056 kB, SwapTotal: 40894456 kB, SwapFree: 40861944 kB
INFO [2026-03-16 14:09:23] Memory: Total: 61649012 kB, Available: 56912972 kB, Active: 3731104 kB, SwapTotal: 40894456 kB, SwapFree: 40861944 kB
INFO [2026-03-16 14:09:23] Memory: Total: 61649012 kB, Available: 56912740 kB, Active: 3731768 kB, SwapTotal: 40894456 kB, SwapFree: 40861944 kB
INFO [2026-03-16 14:09:24] Memory: Total: 61649012 kB, Available: 56911996 kB, Active: 3732092 kB, SwapTotal: 40894456 kB, SwapFree: 40861944 kB
INFO [2026-03-16 14:09:24] Memory: Total: 61649012 kB, Available: 56911996 kB, Active: 3732416 kB, SwapTotal: 40894456 kB, SwapFree: 40861944 kB
INFO [2026-03-16 14:09:24] Memory: Total: 61649012 kB, Available: 56911996 kB, Active: 3733064 kB, SwapTotal: 40894456 kB, SwapFree: 40861944 kB
INFO [2026-03-16 14:09:24] Memory: Total: 61649012 kB, Available: 56911996 kB, Active: 3733388 kB, SwapTotal: 40894456 kB, SwapFree: 40861944 kB
INFO [2026-03-16 14:09:24] Memory: Total: 61649012 kB, Available: 56911996 kB, Active: 3734036 kB, SwapTotal: 40894456 kB, SwapFree: 40861944 kB
INFO [2026-03-16 14:09:24] Memory: Total: 61649012 kB, Available: 56909692 kB, Active: 3734360 kB, SwapTotal: 40894456 kB, SwapFree: 40861944 kB
INFO [2026-03-16 14:09:24] Memory: Total: 61649012 kB, Available: 56909692 kB, Active: 3735980 kB, SwapTotal: 40894456 kB, SwapFree: 40861944 kB
INFO [2026-03-16 14:09:24] Memory: Total: 61649012 kB, Available: 56890152 kB, Active: 3755420 kB, SwapTotal: 40894456 kB, SwapFree: 40861944 kB
INFO [2026-03-16 14:09:24] Memory: Total: 61649012 kB, Available: 56874652 kB, Active: 3769676 kB, SwapTotal: 40894456 kB, SwapFree: 40861944 kB
INFO [2026-03-16 14:09:24] Memory: Total: 61649012 kB, Available: 56858176 kB, Active: 3792032 kB, SwapTotal: 40894456 kB, SwapFree: 40861944 kB
INFO [2026-03-16 14:09:24] Memory: Total: 61649012 kB, Available: 56850112 kB, Active: 3796892 kB, SwapTotal: 40894456 kB, SwapFree: 40861944 kB
INFO [2026-03-16 14:09:24] Memory: Total: 61649012 kB, Available: 56834408 kB, Active: 3809204 kB, SwapTotal: 40894456 kB, SwapFree: 40861944 kB
INFO [2026-03-16 14:09:24] Memory: Total: 61649012 kB, Available: 56812608 kB, Active: 3827348 kB, SwapTotal: 40894456 kB, SwapFree: 40861944 kB
INFO [2026-03-16 14:09:24] Memory: Total: 61649012 kB, Available: 56807632 kB, Active: 3842900 kB, SwapTotal: 40894456 kB, SwapFree: 40861944 kB
INFO [2026-03-16 14:09:24] Memory: Total: 61649012 kB, Available: 56771616 kB, Active: 3870116 kB, SwapTotal: 40894456 kB, SwapFree: 40861944 kB
INFO [2026-03-16 14:09:24] Memory: Total: 61649012 kB, Available: 56771616 kB, Active: 3878216 kB, SwapTotal: 40894456 kB, SwapFree: 40861944 kB
INFO [2026-03-16 14:09:24] Memory: Total: 61649012 kB, Available: 56763556 kB, Active: 3889232 kB, SwapTotal: 40894456 kB, SwapFree: 40861944 kB
INFO [2026-03-16 14:09:24] Memory: Total: 61649012 kB, Available: 56728252 kB, Active: 3920660 kB, SwapTotal: 40894456 kB, SwapFree: 40861944 kB
INFO [2026-03-16 14:09:24] Memory: Total: 61649012 kB, Available: 56727604 kB, Active: 3925500 kB, SwapTotal: 40894456 kB, SwapFree: 40861944 kB
INFO [2026-03-16 14:09:24] Memory: Total: 61649012 kB, Available: 56726764 kB, Active: 3928172 kB, SwapTotal: 40894456 kB, SwapFree: 40861944 kB
INFO [2026-03-16 14:09:24] Memory: Total: 61649012 kB, Available: 56726764 kB, Active: 3928496 kB, SwapTotal: 40894456 kB, SwapFree: 40861944 kB
INFO [2026-03-16 14:09:25] Memory: Total: 61649012 kB, Available: 56726764 kB, Active: 3929468 kB, SwapTotal: 40894456 kB, SwapFree: 40861944 kB
INFO [2026-03-16 14:09:25] Memory: Total: 61649012 kB, Available: 56726764 kB, Active: 3929928 kB, SwapTotal: 40894456 kB, SwapFree: 40861944 kB
INFO [2026-03-16 14:09:25] Memory: Total: 61649012 kB, Available: 56726764 kB, Active: 3930576 kB, SwapTotal: 40894456 kB, SwapFree: 40861944 kB
INFO [2026-03-16 14:09:25] Memory: Total: 61649012 kB, Available: 56726012 kB, Active: 3931224 kB, SwapTotal: 40894456 kB, SwapFree: 40861944 kB
INFO [2026-03-16 14:09:25] Memory: Total: 61649012 kB, Available: 56725244 kB, Active: 3931872 kB, SwapTotal: 40894456 kB, SwapFree: 40861944 kB
INFO [2026-03-16 14:09:25] Memory: Total: 61649012 kB, Available: 56725244 kB, Active: 3932520 kB, SwapTotal: 40894456 kB, SwapFree: 40861944 kB
INFO [2026-03-16 14:09:25] Memory: Total: 61649012 kB, Available: 56725244 kB, Active: 3932844 kB, SwapTotal: 40894456 kB, SwapFree: 40861944 kB
INFO [2026-03-16 14:09:25] Memory: Total: 61649012 kB, Available: 56725244 kB, Active: 3933492 kB, SwapTotal: 40894456 kB, SwapFree: 40861944 kB
INFO [2026-03-16 14:09:25] Memory: Total: 61649012 kB, Available: 56725244 kB, Active: 3934140 kB, SwapTotal: 40894456 kB, SwapFree: 40861944 kB
INFO [2026-03-16 14:09:25] Memory: Total: 61649012 kB, Available: 56724532 kB, Active: 3934788 kB, SwapTotal: 40894456 kB, SwapFree: 40861944 kB
INFO [2026-03-16 14:09:25] Memory: Total: 61649012 kB, Available: 56724532 kB, Active: 3934788 kB, SwapTotal: 40894456 kB, SwapFree: 40861944 kB
INFO [2026-03-16 14:09:25] Memory: Total: 61649012 kB, Available: 56724532 kB, Active: 3934788 kB, SwapTotal: 40894456 kB, SwapFree: 40861944 kB
INFO [2026-03-16 14:09:25] Memory: Total: 61649012 kB, Available: 56724148 kB, Active: 3935112 kB, SwapTotal: 40894456 kB, SwapFree: 40861944 kB
INFO [2026-03-16 14:09:25] Memory: Total: 61649012 kB, Available: 56724148 kB, Active: 3935436 kB, SwapTotal: 40894456 kB, SwapFree: 40861944 kB
INFO [2026-03-16 14:09:25] Memory: Total: 61649012 kB, Available: 56723764 kB, Active: 3935760 kB, SwapTotal: 40894456 kB, SwapFree: 40861944 kB
INFO [2026-03-16 14:09:25] Memory: Total: 61649012 kB, Available: 56722996 kB, Active: 3936408 kB, SwapTotal: 40894456 kB, SwapFree: 40861944 kB
INFO [2026-03-16 14:09:25] Memory: Total: 61649012 kB, Available: 56722996 kB, Active: 3936408 kB, SwapTotal: 40894456 kB, SwapFree: 40861944 kB
INFO [2026-03-16 14:09:25] Memory: Total: 61649012 kB, Available: 56722624 kB, Active: 3936408 kB, SwapTotal: 40894456 kB, SwapFree: 40861944 kB
INFO [2026-03-16 14:09:25] Memory: Total: 61649012 kB, Available: 56721732 kB, Active: 3934848 kB, SwapTotal: 40894456 kB, SwapFree: 40861944 kB
INFO [2026-03-16 14:09:25] Memory: Total: 61649012 kB, Available: 56721732 kB, Active: 3935496 kB, SwapTotal: 40894456 kB, SwapFree: 40861944 kB
INFO [2026-03-16 14:09:25] Memory: Total: 61649012 kB, Available: 56721732 kB, Active: 3935496 kB, SwapTotal: 40894456 kB, SwapFree: 40861944 kB
INFO [2026-03-16 14:09:26] Memory: Total: 61649012 kB, Available: 56721732 kB, Active: 3936076 kB, SwapTotal: 40894456 kB, SwapFree: 40861944 kB
INFO [2026-03-16 14:09:26] Memory: Total: 61649012 kB, Available: 56721732 kB, Active: 3936400 kB, SwapTotal: 40894456 kB, SwapFree: 40861944 kB
INFO [2026-03-16 14:09:26] Memory: Total: 61649012 kB, Available: 56721732 kB, Active: 3936400 kB, SwapTotal: 40894456 kB, SwapFree: 40861944 kB
INFO [2026-03-16 14:09:26] Memory: Total: 61649012 kB, Available: 56721732 kB, Active: 3937048 kB, SwapTotal: 40894456 kB, SwapFree: 40861944 kB
INFO [2026-03-16 14:09:26] Memory: Total: 61649012 kB, Available: 56721732 kB, Active: 3937372 kB, SwapTotal: 40894456 kB, SwapFree: 40861944 kB
INFO [2026-03-16 14:09:26] Memory: Total: 61649012 kB, Available: 56721732 kB, Active: 3937372 kB, SwapTotal: 40894456 kB, SwapFree: 40861944 kB
INFO [2026-03-16 14:09:26] Memory: Total: 61649012 kB, Available: 56721732 kB, Active: 3938020 kB, SwapTotal: 40894456 kB, SwapFree: 40861944 kB
INFO [2026-03-16 14:09:26] Memory: Total: 61649012 kB, Available: 56721732 kB, Active: 3938668 kB, SwapTotal: 40894456 kB, SwapFree: 40861944 kB
INFO [2026-03-16 14:09:26] Memory: Total: 61649012 kB, Available: 56721732 kB, Active: 3939404 kB, SwapTotal: 40894456 kB, SwapFree: 40861944 kB
INFO [2026-03-16 14:09:26] Memory: Total: 61649012 kB, Available: 56721732 kB, Active: 3939728 kB, SwapTotal: 40894456 kB, SwapFree: 40861944 kB
INFO [2026-03-16 14:09:26] Memory: Total: 61649012 kB, Available: 56721732 kB, Active: 3939728 kB, SwapTotal: 40894456 kB, SwapFree: 40861944 kB
INFO [2026-03-16 14:09:26] Memory: Total: 61649012 kB, Available: 56721732 kB, Active: 3940376 kB, SwapTotal: 40894456 kB, SwapFree: 40861944 kB
INFO [2026-03-16 14:09:26] Memory: Total: 61649012 kB, Available: 56721732 kB, Active: 3941024 kB, SwapTotal: 40894456 kB, SwapFree: 40861944 kB
INFO [2026-03-16 14:09:26] Memory: Total: 61649012 kB, Available: 56721732 kB, Active: 3941348 kB, SwapTotal: 40894456 kB, SwapFree: 40861944 kB
INFO [2026-03-16 14:09:26] Memory: Total: 61649012 kB, Available: 56721404 kB, Active: 3941672 kB, SwapTotal: 40894456 kB, SwapFree: 40861944 kB
INFO [2026-03-16 14:09:26] Memory: Total: 61649012 kB, Available: 56721404 kB, Active: 3941672 kB, SwapTotal: 40894456 kB, SwapFree: 40861944 kB
INFO [2026-03-16 14:09:26] Memory: Total: 61649012 kB, Available: 56721404 kB, Active: 3942228 kB, SwapTotal: 40894456 kB, SwapFree: 40861944 kB
INFO [2026-03-16 14:09:26] Memory: Total: 61649012 kB, Available: 56721152 kB, Active: 3942404 kB, SwapTotal: 40894456 kB, SwapFree: 40861944 kB
INFO [2026-03-16 14:09:26] Memory: Total: 61649012 kB, Available: 56720484 kB, Active: 3942128 kB, SwapTotal: 40894456 kB, SwapFree: 40861944 kB
INFO [2026-03-16 14:09:26] Memory: Total: 61649012 kB, Available: 56720484 kB, Active: 3942128 kB, SwapTotal: 40894456 kB, SwapFree: 40861944 kB
INFO [2026-03-16 14:09:27] Memory: Total: 61649012 kB, Available: 56720484 kB, Active: 3942776 kB, SwapTotal: 40894456 kB, SwapFree: 40861944 kB
INFO [2026-03-16 14:09:27] Memory: Total: 61649012 kB, Available: 56720484 kB, Active: 3943424 kB, SwapTotal: 40894456 kB, SwapFree: 40861944 kB
INFO [2026-03-16 14:09:27] Memory: Total: 61649012 kB, Available: 56720484 kB, Active: 3943748 kB, SwapTotal: 40894456 kB, SwapFree: 40861944 kB
INFO [2026-03-16 14:09:27] Memory: Total: 61649012 kB, Available: 56720484 kB, Active: 3944072 kB, SwapTotal: 40894456 kB, SwapFree: 40861944 kB
INFO [2026-03-16 14:09:27] Memory: Total: 61649012 kB, Available: 56720484 kB, Active: 3944720 kB, SwapTotal: 40894456 kB, SwapFree: 40861944 kB
INFO [2026-03-16 14:09:27] Memory: Total: 61649012 kB, Available: 56719760 kB, Active: 3944468 kB, SwapTotal: 40894456 kB, SwapFree: 40861944 kB
INFO [2026-03-16 14:09:27] Memory: Total: 61649012 kB, Available: 56719760 kB, Active: 3944792 kB, SwapTotal: 40894456 kB, SwapFree: 40861944 kB
INFO [2026-03-16 14:09:27] Memory: Total: 61649012 kB, Available: 56719760 kB, Active: 3945440 kB, SwapTotal: 40894456 kB, SwapFree: 40861944 kB
INFO [2026-03-16 14:09:27] Memory: Total: 61649012 kB, Available: 56718992 kB, Active: 3946088 kB, SwapTotal: 40894456 kB, SwapFree: 40861944 kB
INFO [2026-03-16 14:09:27] Memory: Total: 61649012 kB, Available: 56718992 kB, Active: 3946412 kB, SwapTotal: 40894456 kB, SwapFree: 40861944 kB
INFO [2026-03-16 14:09:27] Memory: Total: 61649012 kB, Available: 56718992 kB, Active: 3946736 kB, SwapTotal: 40894456 kB, SwapFree: 40861944 kB
INFO [2026-03-16 14:09:27] Memory: Total: 61649012 kB, Available: 56716688 kB, Active: 3947708 kB, SwapTotal: 40894456 kB, SwapFree: 40861944 kB
INFO [2026-03-16 14:09:27] Memory: Total: 61649012 kB, Available: 56716688 kB, Active: 3947708 kB, SwapTotal: 40894456 kB, SwapFree: 40861944 kB
INFO [2026-03-16 14:09:27] Memory: Total: 61649012 kB, Available: 56716688 kB, Active: 3948032 kB, SwapTotal: 40894456 kB, SwapFree: 40861944 kB
INFO [2026-03-16 14:09:27] Memory: Total: 61649012 kB, Available: 56716688 kB, Active: 3948356 kB, SwapTotal: 40894456 kB, SwapFree: 40861944 kB
INFO [2026-03-16 14:09:27] Memory: Total: 61649012 kB, Available: 56716688 kB, Active: 3949004 kB, SwapTotal: 40894456 kB, SwapFree: 40861944 kB
INFO [2026-03-16 14:09:27] Memory: Total: 61649012 kB, Available: 56716688 kB, Active: 3949328 kB, SwapTotal: 40894456 kB, SwapFree: 40861944 kB
INFO [2026-03-16 14:09:27] Memory: Total: 61649012 kB, Available: 56716436 kB, Active: 3947972 kB, SwapTotal: 40894456 kB, SwapFree: 40861944 kB
INFO [2026-03-16 14:09:27] Memory: Total: 61649012 kB, Available: 56716436 kB, Active: 3947972 kB, SwapTotal: 40894456 kB, SwapFree: 40861944 kB
INFO [2026-03-16 14:09:27] Memory: Total: 61649012 kB, Available: 56715732 kB, Active: 3948096 kB, SwapTotal: 40894456 kB, SwapFree: 40861944 kB
INFO [2026-03-16 14:09:27] Memory: Total: 61649012 kB, Available: 56715732 kB, Active: 3948420 kB, SwapTotal: 40894456 kB, SwapFree: 40861944 kB
INFO [2026-03-16 14:09:28] Memory: Total: 61649012 kB, Available: 56714964 kB, Active: 3949068 kB, SwapTotal: 40894456 kB, SwapFree: 40861944 kB
INFO [2026-03-16 14:09:28] Memory: Total: 61649012 kB, Available: 56714964 kB, Active: 3949068 kB, SwapTotal: 40894456 kB, SwapFree: 40861944 kB
INFO [2026-03-16 14:09:28] Memory: Total: 61649012 kB, Available: 56714964 kB, Active: 3949392 kB, SwapTotal: 40894456 kB, SwapFree: 40861944 kB
INFO [2026-03-16 14:09:28] Memory: Total: 61649012 kB, Available: 56714964 kB, Active: 3949716 kB, SwapTotal: 40894456 kB, SwapFree: 40861944 kB
INFO [2026-03-16 14:09:28] Memory: Total: 61649012 kB, Available: 56712660 kB, Active: 3950688 kB, SwapTotal: 40894456 kB, SwapFree: 40861944 kB
INFO [2026-03-16 14:09:28] Memory: Total: 61649012 kB, Available: 56712660 kB, Active: 3950688 kB, SwapTotal: 40894456 kB, SwapFree: 40861944 kB
INFO [2026-03-16 14:09:28] Memory: Total: 61649012 kB, Available: 56712660 kB, Active: 3951012 kB, SwapTotal: 40894456 kB, SwapFree: 40861944 kB
INFO [2026-03-16 14:09:28] Memory: Total: 61649012 kB, Available: 56712672 kB, Active: 3951472 kB, SwapTotal: 40894456 kB, SwapFree: 40861944 kB
INFO [2026-03-16 14:09:28] Memory: Total: 61649012 kB, Available: 56712672 kB, Active: 3951796 kB, SwapTotal: 40894456 kB, SwapFree: 40861944 kB
INFO [2026-03-16 14:09:28] Memory: Total: 61649012 kB, Available: 56712672 kB, Active: 3952120 kB, SwapTotal: 40894456 kB, SwapFree: 40861944 kB
INFO [2026-03-16 14:09:28] Memory: Total: 61649012 kB, Available: 56712672 kB, Active: 3952768 kB, SwapTotal: 40894456 kB, SwapFree: 40861944 kB
INFO [2026-03-16 14:09:28] Memory: Total: 61649012 kB, Available: 56712672 kB, Active: 3953092 kB, SwapTotal: 40894456 kB, SwapFree: 40861944 kB
INFO [2026-03-16 14:09:28] Memory: Total: 61649012 kB, Available: 56712672 kB, Active: 3953416 kB, SwapTotal: 40894456 kB, SwapFree: 40861944 kB
INFO [2026-03-16 14:09:28] Memory: Total: 61649012 kB, Available: 56712672 kB, Active: 3954064 kB, SwapTotal: 40894456 kB, SwapFree: 40861944 kB
INFO [2026-03-16 14:09:28] Memory: Total: 61649012 kB, Available: 56712672 kB, Active: 3954712 kB, SwapTotal: 40894456 kB, SwapFree: 40861944 kB
INFO [2026-03-16 14:09:28] Memory: Total: 61649012 kB, Available: 56712672 kB, Active: 3954712 kB, SwapTotal: 40894456 kB, SwapFree: 40861944 kB
INFO [2026-03-16 14:09:28] Memory: Total: 61649012 kB, Available: 56712672 kB, Active: 3954712 kB, SwapTotal: 40894456 kB, SwapFree: 40861944 kB
INFO [2026-03-16 14:09:28] Memory: Total: 61649012 kB, Available: 56711920 kB, Active: 3954760 kB, SwapTotal: 40894456 kB, SwapFree: 40861944 kB
INFO [2026-03-16 14:09:28] Memory: Total: 61649012 kB, Available: 56711920 kB, Active: 3954760 kB, SwapTotal: 40894456 kB, SwapFree: 40861944 kB
INFO [2026-03-16 14:09:29] Memory: Total: 61649012 kB, Available: 56711920 kB, Active: 3955084 kB, SwapTotal: 40894456 kB, SwapFree: 40861944 kB
INFO [2026-03-16 14:09:29] Memory: Total: 61649012 kB, Available: 56711920 kB, Active: 3955084 kB, SwapTotal: 40894456 kB, SwapFree: 40861944 kB
INFO [2026-03-16 14:09:29] Memory: Total: 61649012 kB, Available: 56711920 kB, Active: 3955408 kB, SwapTotal: 40894456 kB, SwapFree: 40861944 kB
INFO [2026-03-16 14:09:29] Memory: Total: 61649012 kB, Available: 56711192 kB, Active: 3956056 kB, SwapTotal: 40894456 kB, SwapFree: 40861944 kB
INFO [2026-03-16 14:09:29] Memory: Total: 61649012 kB, Available: 56711192 kB, Active: 3956056 kB, SwapTotal: 40894456 kB, SwapFree: 40861944 kB
INFO [2026-03-16 14:09:29] Memory: Total: 61649012 kB, Available: 56711192 kB, Active: 3956056 kB, SwapTotal: 40894456 kB, SwapFree: 40861944 kB
INFO [2026-03-16 14:09:29] Memory: Total: 61649012 kB, Available: 56711192 kB, Active: 3956380 kB, SwapTotal: 40894456 kB, SwapFree: 40861944 kB
INFO [2026-03-16 14:09:29] Memory: Total: 61649012 kB, Available: 56711192 kB, Active: 3956704 kB, SwapTotal: 40894456 kB, SwapFree: 40861944 kB
INFO [2026-03-16 14:09:29] Memory: Total: 61649012 kB, Available: 56711192 kB, Active: 3957028 kB, SwapTotal: 40894456 kB, SwapFree: 40861944 kB
INFO [2026-03-16 14:09:29] Memory: Total: 61649012 kB, Available: 56711192 kB, Active: 3957676 kB, SwapTotal: 40894456 kB, SwapFree: 40861944 kB
INFO [2026-03-16 14:09:29] Memory: Total: 61649012 kB, Available: 56711192 kB, Active: 3958000 kB, SwapTotal: 40894456 kB, SwapFree: 40861944 kB
INFO [2026-03-16 14:09:29] Memory: Total: 61649012 kB, Available: 56711192 kB, Active: 3958324 kB, SwapTotal: 40894456 kB, SwapFree: 40861944 kB
INFO [2026-03-16 14:09:29] Memory: Total: 61649012 kB, Available: 56711192 kB, Active: 3958648 kB, SwapTotal: 40894456 kB, SwapFree: 40861944 kB
INFO [2026-03-16 14:09:29] Memory: Total: 61649012 kB, Available: 56711192 kB, Active: 3958972 kB, SwapTotal: 40894456 kB, SwapFree: 40861944 kB
INFO [2026-03-16 14:09:29] Memory: Total: 61649012 kB, Available: 56710440 kB, Active: 3959296 kB, SwapTotal: 40894456 kB, SwapFree: 40861944 kB
INFO [2026-03-16 14:09:29] Memory: Total: 61649012 kB, Available: 56710440 kB, Active: 3959944 kB, SwapTotal: 40894456 kB, SwapFree: 40861944 kB
INFO [2026-03-16 14:09:29] Memory: Total: 61649012 kB, Available: 56710440 kB, Active: 3960268 kB, SwapTotal: 40894456 kB, SwapFree: 40861944 kB
INFO [2026-03-16 14:09:29] Memory: Total: 61649012 kB, Available: 56709732 kB, Active: 3960916 kB, SwapTotal: 40894456 kB, SwapFree: 40861944 kB
INFO [2026-03-16 14:09:29] Memory: Total: 61649012 kB, Available: 56709484 kB, Active: 3961204 kB, SwapTotal: 40894456 kB, SwapFree: 40861944 kB
INFO [2026-03-16 14:09:29] Memory: Total: 61649012 kB, Available: 56706524 kB, Active: 3960524 kB, SwapTotal: 40894456 kB, SwapFree: 40861944 kB
INFO [2026-03-16 14:09:29] Memory: Total: 61649012 kB, Available: 56706524 kB, Active: 3960524 kB, SwapTotal: 40894456 kB, SwapFree: 40861944 kB
INFO [2026-03-16 14:09:30] Memory: Total: 61649012 kB, Available: 56706524 kB, Active: 3961172 kB, SwapTotal: 40894456 kB, SwapFree: 40861944 kB
INFO [2026-03-16 14:09:30] Memory: Total: 61649012 kB, Available: 56706524 kB, Active: 3961496 kB, SwapTotal: 40894456 kB, SwapFree: 40861944 kB
INFO [2026-03-16 14:09:30] Memory: Total: 61649012 kB, Available: 56706524 kB, Active: 3961496 kB, SwapTotal: 40894456 kB, SwapFree: 40861944 kB
INFO [2026-03-16 14:09:30] Memory: Total: 61649012 kB, Available: 56531796 kB, Active: 4136432 kB, SwapTotal: 40894456 kB, SwapFree: 40861944 kB
INFO [2026-03-16 14:09:31] Memory: Total: 61649012 kB, Available: 47839116 kB, Active: 12776160 kB, SwapTotal: 40894456 kB, SwapFree: 40861944 kB
INFO [2026-03-16 14:09:31] Memory: Total: 61649012 kB, Available: 47831324 kB, Active: 12783940 kB, SwapTotal: 40894456 kB, SwapFree: 40861944 kB
INFO [2026-03-16 14:09:31] Memory: Total: 61649012 kB, Available: 47807140 kB, Active: 12811480 kB, SwapTotal: 40894456 kB, SwapFree: 40861944 kB
INFO [2026-03-16 14:09:32] Memory: Total: 61649012 kB, Available: 47791020 kB, Active: 12828004 kB, SwapTotal: 40894456 kB, SwapFree: 40861944 kB
INFO [2026-03-16 14:09:32] Memory: Total: 61649012 kB, Available: 47694132 kB, Active: 12918400 kB, SwapTotal: 40894456 kB, SwapFree: 40861944 kB
INFO [2026-03-16 14:09:32] Memory: Total: 61649012 kB, Available: 47686452 kB, Active: 12929092 kB, SwapTotal: 40894456 kB, SwapFree: 40861944 kB
INFO [2026-03-16 14:09:32] Memory: Total: 61649012 kB, Available: 47421504 kB, Active: 13192828 kB, SwapTotal: 40894456 kB, SwapFree: 40861944 kB
INFO [2026-03-16 14:09:32] Memory: Total: 61649012 kB, Available: 47389512 kB, Active: 13225876 kB, SwapTotal: 40894456 kB, SwapFree: 40861944 kB
INFO [2026-03-16 14:09:32] Memory: Total: 61649012 kB, Available: 47212824 kB, Active: 13410232 kB, SwapTotal: 40894456 kB, SwapFree: 40861944 kB
INFO [2026-03-16 14:09:32] Memory: Total: 61649012 kB, Available: 47133284 kB, Active: 13473736 kB, SwapTotal: 40894456 kB, SwapFree: 40861944 kB
INFO [2026-03-16 14:09:32] Memory: Total: 61649012 kB, Available: 47077220 kB, Active: 13527844 kB, SwapTotal: 40894456 kB, SwapFree: 40861944 kB
INFO [2026-03-16 14:09:32] Memory: Total: 61649012 kB, Available: 47061092 kB, Active: 13538536 kB, SwapTotal: 40894456 kB, SwapFree: 40861944 kB
INFO [2026-03-16 14:09:32] Memory: Total: 61649012 kB, Available: 47024132 kB, Active: 13593616 kB, SwapTotal: 40894456 kB, SwapFree: 40861944 kB
INFO [2026-03-16 14:09:32] Memory: Total: 61649012 kB, Available: 46980368 kB, Active: 13625368 kB, SwapTotal: 40894456 kB, SwapFree: 40861944 kB
INFO [2026-03-16 14:09:32] Memory: Total: 61649012 kB, Available: 46972304 kB, Active: 13637356 kB, SwapTotal: 40894456 kB, SwapFree: 40861944 kB
INFO [2026-03-16 14:09:32] Memory: Total: 61649012 kB, Available: 46924592 kB, Active: 13682068 kB, SwapTotal: 40894456 kB, SwapFree: 40861944 kB
INFO [2026-03-16 14:09:32] Memory: Total: 61649012 kB, Available: 46876484 kB, Active: 13738120 kB, SwapTotal: 40894456 kB, SwapFree: 40861944 kB
INFO [2026-03-16 14:09:32] Memory: Total: 61649012 kB, Available: 46844924 kB, Active: 13761772 kB, SwapTotal: 40894456 kB, SwapFree: 40861944 kB
INFO [2026-03-16 14:09:32] Memory: Total: 61649012 kB, Available: 46722600 kB, Active: 13885104 kB, SwapTotal: 40894456 kB, SwapFree: 40861944 kB
INFO [2026-03-16 14:09:32] Memory: Total: 61649012 kB, Available: 46714536 kB, Active: 13893528 kB, SwapTotal: 40894456 kB, SwapFree: 40861944 kB
INFO [2026-03-16 14:09:32] Memory: Total: 61649012 kB, Available: 46690164 kB, Active: 13921572 kB, SwapTotal: 40894456 kB, SwapFree: 40861944 kB
INFO [2026-03-16 14:09:33] Memory: Total: 61649012 kB, Available: 46681972 kB, Active: 13924812 kB, SwapTotal: 40894456 kB, SwapFree: 40861944 kB
INFO [2026-03-16 14:09:33] Memory: Total: 61649012 kB, Available: 46681972 kB, Active: 13925136 kB, SwapTotal: 40894456 kB, SwapFree: 40861944 kB
INFO [2026-03-16 14:09:33] Memory: Total: 61649012 kB, Available: 46681972 kB, Active: 13925460 kB, SwapTotal: 40894456 kB, SwapFree: 40861944 kB
INFO [2026-03-16 14:09:33] Memory: Total: 61649012 kB, Available: 46681972 kB, Active: 13925460 kB, SwapTotal: 40894456 kB, SwapFree: 40861944 kB
INFO [2026-03-16 14:09:33] Memory: Total: 61649012 kB, Available: 46681972 kB, Active: 13925460 kB, SwapTotal: 40894456 kB, SwapFree: 40861944 kB
INFO [2026-03-16 14:09:33] Memory: Total: 61649012 kB, Available: 46681972 kB, Active: 13925460 kB, SwapTotal: 40894456 kB, SwapFree: 40861944 kB
INFO [2026-03-16 14:09:33] Memory: Total: 61649012 kB, Available: 46681972 kB, Active: 13925784 kB, SwapTotal: 40894456 kB, SwapFree: 40861944 kB
INFO [2026-03-16 14:09:33] Memory: Total: 61649012 kB, Available: 46681972 kB, Active: 13925784 kB, SwapTotal: 40894456 kB, SwapFree: 40861944 kB
INFO [2026-03-16 14:09:33] Memory: Total: 61649012 kB, Available: 46681972 kB, Active: 13925784 kB, SwapTotal: 40894456 kB, SwapFree: 40861944 kB
INFO [2026-03-16 14:09:33] Memory: Total: 61649012 kB, Available: 46681972 kB, Active: 13925784 kB, SwapTotal: 40894456 kB, SwapFree: 40861944 kB
INFO [2026-03-16 14:09:33] Memory: Total: 61649012 kB, Available: 46681972 kB, Active: 13926108 kB, SwapTotal: 40894456 kB, SwapFree: 40861944 kB
INFO [2026-03-16 14:09:33] Memory: Total: 61649012 kB, Available: 46681972 kB, Active: 13926108 kB, SwapTotal: 40894456 kB, SwapFree: 40861944 kB
INFO [2026-03-16 14:09:33] Memory: Total: 61649012 kB, Available: 46681972 kB, Active: 13926108 kB, SwapTotal: 40894456 kB, SwapFree: 40861944 kB
INFO [2026-03-16 14:09:33] Memory: Total: 61649012 kB, Available: 46681972 kB, Active: 13926108 kB, SwapTotal: 40894456 kB, SwapFree: 40861944 kB
INFO [2026-03-16 14:09:33] Memory: Total: 61649012 kB, Available: 46681972 kB, Active: 13926108 kB, SwapTotal: 40894456 kB, SwapFree: 40861944 kB
INFO [2026-03-16 14:09:33] Memory: Total: 61649012 kB, Available: 46681972 kB, Active: 13926432 kB, SwapTotal: 40894456 kB, SwapFree: 40861944 kB
INFO [2026-03-16 14:09:33] Memory: Total: 61649012 kB, Available: 46681896 kB, Active: 13926492 kB, SwapTotal: 40894456 kB, SwapFree: 40861944 kB
INFO [2026-03-16 14:09:33] Memory: Total: 61649012 kB, Available: 46681896 kB, Active: 13926492 kB, SwapTotal: 40894456 kB, SwapFree: 40861944 kB
INFO [2026-03-16 14:09:33] Memory: Total: 61649012 kB, Available: 46682080 kB, Active: 13924612 kB, SwapTotal: 40894456 kB, SwapFree: 40861944 kB
INFO [2026-03-16 14:09:33] Memory: Total: 61649012 kB, Available: 46682080 kB, Active: 13924612 kB, SwapTotal: 40894456 kB, SwapFree: 40861944 kB
INFO [2026-03-16 14:09:33] Memory: Total: 61649012 kB, Available: 46682080 kB, Active: 13924612 kB, SwapTotal: 40894456 kB, SwapFree: 40861944 kB
INFO [2026-03-16 14:09:34] Memory: Total: 61649012 kB, Available: 46682080 kB, Active: 13924936 kB, SwapTotal: 40894456 kB, SwapFree: 40861944 kB
INFO [2026-03-16 14:09:34] Memory: Total: 61649012 kB, Available: 46682080 kB, Active: 13925260 kB, SwapTotal: 40894456 kB, SwapFree: 40861944 kB
INFO [2026-03-16 14:09:34] Memory: Total: 61649012 kB, Available: 46682080 kB, Active: 13925584 kB, SwapTotal: 40894456 kB, SwapFree: 40861944 kB
INFO [2026-03-16 14:09:34] Memory: Total: 61649012 kB, Available: 46682080 kB, Active: 13925908 kB, SwapTotal: 40894456 kB, SwapFree: 40861944 kB
INFO [2026-03-16 14:09:34] Memory: Total: 61649012 kB, Available: 46682080 kB, Active: 13926232 kB, SwapTotal: 40894456 kB, SwapFree: 40861944 kB
INFO [2026-03-16 14:09:34] Memory: Total: 61649012 kB, Available: 46682080 kB, Active: 13926272 kB, SwapTotal: 40894456 kB, SwapFree: 40861944 kB
INFO [2026-03-16 14:09:34] Memory: Total: 61649012 kB, Available: 46682080 kB, Active: 13926272 kB, SwapTotal: 40894456 kB, SwapFree: 40861944 kB
INFO [2026-03-16 14:09:34] Memory: Total: 61649012 kB, Available: 46682080 kB, Active: 13926272 kB, SwapTotal: 40894456 kB, SwapFree: 40861944 kB
INFO [2026-03-16 14:09:34] Memory: Total: 61649012 kB, Available: 46681828 kB, Active: 13926420 kB, SwapTotal: 40894456 kB, SwapFree: 40861944 kB
INFO [2026-03-16 14:09:34] Memory: Total: 61649012 kB, Available: 46681828 kB, Active: 13926420 kB, SwapTotal: 40894456 kB, SwapFree: 40861944 kB
INFO [2026-03-16 14:09:34] Memory: Total: 61649012 kB, Available: 46681828 kB, Active: 13926420 kB, SwapTotal: 40894456 kB, SwapFree: 40861944 kB
INFO [2026-03-16 14:09:34] Memory: Total: 61649012 kB, Available: 46681828 kB, Active: 13926420 kB, SwapTotal: 40894456 kB, SwapFree: 40861944 kB
INFO [2026-03-16 14:09:34] Memory: Total: 61649012 kB, Available: 46681828 kB, Active: 13926420 kB, SwapTotal: 40894456 kB, SwapFree: 40861944 kB
INFO [2026-03-16 14:09:34] Memory: Total: 61649012 kB, Available: 46681828 kB, Active: 13926420 kB, SwapTotal: 40894456 kB, SwapFree: 40861944 kB
INFO [2026-03-16 14:09:34] Memory: Total: 61649012 kB, Available: 46681828 kB, Active: 13926420 kB, SwapTotal: 40894456 kB, SwapFree: 40861944 kB
INFO [2026-03-16 14:09:34] Memory: Total: 61649012 kB, Available: 46681828 kB, Active: 13926420 kB, SwapTotal: 40894456 kB, SwapFree: 40861944 kB
INFO [2026-03-16 14:09:34] Memory: Total: 61649012 kB, Available: 46681828 kB, Active: 13926420 kB, SwapTotal: 40894456 kB, SwapFree: 40861944 kB
INFO [2026-03-16 14:09:34] Memory: Total: 61649012 kB, Available: 46681828 kB, Active: 13926744 kB, SwapTotal: 40894456 kB, SwapFree: 40861944 kB
INFO [2026-03-16 14:09:34] Memory: Total: 61649012 kB, Available: 46681832 kB, Active: 13925308 kB, SwapTotal: 40894456 kB, SwapFree: 40861944 kB
INFO [2026-03-16 14:09:34] Memory: Total: 61649012 kB, Available: 46681832 kB, Active: 13925308 kB, SwapTotal: 40894456 kB, SwapFree: 40861944 kB
INFO [2026-03-16 14:09:34] Memory: Total: 61649012 kB, Available: 46681832 kB, Active: 13925632 kB, SwapTotal: 40894456 kB, SwapFree: 40861944 kB
INFO [2026-03-16 14:09:35] Memory: Total: 61649012 kB, Available: 46681832 kB, Active: 13925632 kB, SwapTotal: 40894456 kB, SwapFree: 40861944 kB
INFO [2026-03-16 14:09:35] Memory: Total: 61649012 kB, Available: 46681832 kB, Active: 13925632 kB, SwapTotal: 40894456 kB, SwapFree: 40861944 kB
INFO [2026-03-16 14:09:35] Memory: Total: 61649012 kB, Available: 46681832 kB, Active: 13925632 kB, SwapTotal: 40894456 kB, SwapFree: 40861944 kB
INFO [2026-03-16 14:09:35] Memory: Total: 61649012 kB, Available: 46681832 kB, Active: 13925956 kB, SwapTotal: 40894456 kB, SwapFree: 40861944 kB
INFO [2026-03-16 14:09:35] Memory: Total: 61649012 kB, Available: 46681832 kB, Active: 13926280 kB, SwapTotal: 40894456 kB, SwapFree: 40861944 kB
INFO [2026-03-16 14:09:35] Memory: Total: 61649012 kB, Available: 46681832 kB, Active: 13926604 kB, SwapTotal: 40894456 kB, SwapFree: 40861944 kB
INFO [2026-03-16 14:09:35] Memory: Total: 61649012 kB, Available: 46681832 kB, Active: 13926928 kB, SwapTotal: 40894456 kB, SwapFree: 40861944 kB
INFO [2026-03-16 14:09:35] Memory: Total: 61649012 kB, Available: 46681832 kB, Active: 13927252 kB, SwapTotal: 40894456 kB, SwapFree: 40861944 kB
INFO [2026-03-16 14:09:35] Memory: Total: 61649012 kB, Available: 46681832 kB, Active: 13927048 kB, SwapTotal: 40894456 kB, SwapFree: 40861944 kB
INFO [2026-03-16 14:09:35] Memory: Total: 61649012 kB, Available: 46681832 kB, Active: 13927048 kB, SwapTotal: 40894456 kB, SwapFree: 40861944 kB
INFO [2026-03-16 14:09:35] Memory: Total: 61649012 kB, Available: 46681832 kB, Active: 13927048 kB, SwapTotal: 40894456 kB, SwapFree: 40861944 kB
INFO [2026-03-16 14:09:35] Memory: Total: 61649012 kB, Available: 46681832 kB, Active: 13927048 kB, SwapTotal: 40894456 kB, SwapFree: 40861944 kB
INFO [2026-03-16 14:09:35] Memory: Total: 61649012 kB, Available: 46681832 kB, Active: 13927048 kB, SwapTotal: 40894456 kB, SwapFree: 40861944 kB
INFO [2026-03-16 14:09:35] Memory: Total: 61649012 kB, Available: 46681832 kB, Active: 13927048 kB, SwapTotal: 40894456 kB, SwapFree: 40861944 kB
INFO [2026-03-16 14:09:35] Memory: Total: 61649012 kB, Available: 46681832 kB, Active: 13927372 kB, SwapTotal: 40894456 kB, SwapFree: 40861944 kB
INFO [2026-03-16 14:09:35] Memory: Total: 61649012 kB, Available: 46681832 kB, Active: 13927372 kB, SwapTotal: 40894456 kB, SwapFree: 40861944 kB
INFO [2026-03-16 14:09:35] Memory: Total: 61649012 kB, Available: 46681836 kB, Active: 13925720 kB, SwapTotal: 40894456 kB, SwapFree: 40861944 kB
INFO [2026-03-16 14:09:35] Memory: Total: 61649012 kB, Available: 46681836 kB, Active: 13925720 kB, SwapTotal: 40894456 kB, SwapFree: 40861944 kB
INFO [2026-03-16 14:09:36] Memory: Total: 61649012 kB, Available: 46681836 kB, Active: 13925720 kB, SwapTotal: 40894456 kB, SwapFree: 40861944 kB
INFO [2026-03-16 14:09:36] Memory: Total: 61649012 kB, Available: 46681836 kB, Active: 13925720 kB, SwapTotal: 40894456 kB, SwapFree: 40861944 kB
INFO [2026-03-16 14:09:36] Memory: Total: 61649012 kB, Available: 46681836 kB, Active: 13925720 kB, SwapTotal: 40894456 kB, SwapFree: 40861944 kB
INFO [2026-03-16 14:09:36] Memory: Total: 61649012 kB, Available: 46681836 kB, Active: 13925720 kB, SwapTotal: 40894456 kB, SwapFree: 40861944 kB
INFO [2026-03-16 14:09:36] Memory: Total: 61649012 kB, Available: 46681836 kB, Active: 13925720 kB, SwapTotal: 40894456 kB, SwapFree: 40861944 kB
INFO [2026-03-16 14:09:36] Memory: Total: 61649012 kB, Available: 46681836 kB, Active: 13926044 kB, SwapTotal: 40894456 kB, SwapFree: 40861944 kB
INFO [2026-03-16 14:09:36] Memory: Total: 61649012 kB, Available: 46681836 kB, Active: 13926368 kB, SwapTotal: 40894456 kB, SwapFree: 40861944 kB
INFO [2026-03-16 14:09:36] Memory: Total: 61649012 kB, Available: 46681836 kB, Active: 13926692 kB, SwapTotal: 40894456 kB, SwapFree: 40861944 kB
INFO [2026-03-16 14:09:36] Memory: Total: 61649012 kB, Available: 46681836 kB, Active: 13927016 kB, SwapTotal: 40894456 kB, SwapFree: 40861944 kB
INFO [2026-03-16 14:09:36] Memory: Total: 61649012 kB, Available: 46681836 kB, Active: 13927016 kB, SwapTotal: 40894456 kB, SwapFree: 40861944 kB
INFO [2026-03-16 14:09:36] Memory: Total: 61649012 kB, Available: 46681836 kB, Active: 13927100 kB, SwapTotal: 40894456 kB, SwapFree: 40861944 kB
INFO [2026-03-16 14:09:36] Memory: Total: 61649012 kB, Available: 46681836 kB, Active: 13927424 kB, SwapTotal: 40894456 kB, SwapFree: 40861944 kB
INFO [2026-03-16 14:09:36] Memory: Total: 61649012 kB, Available: 46681836 kB, Active: 13927748 kB, SwapTotal: 40894456 kB, SwapFree: 40861944 kB
INFO [2026-03-16 14:09:36] Memory: Total: 61649012 kB, Available: 46681836 kB, Active: 13927748 kB, SwapTotal: 40894456 kB, SwapFree: 40861944 kB
INFO [2026-03-16 14:09:36] Memory: Total: 61649012 kB, Available: 46681836 kB, Active: 13927748 kB, SwapTotal: 40894456 kB, SwapFree: 40861944 kB
INFO [2026-03-16 14:09:36] Memory: Total: 61649012 kB, Available: 46681836 kB, Active: 13927748 kB, SwapTotal: 40894456 kB, SwapFree: 40861944 kB
INFO [2026-03-16 14:09:36] Memory: Total: 61649012 kB, Available: 46681836 kB, Active: 13928072 kB, SwapTotal: 40894456 kB, SwapFree: 40861944 kB
INFO [2026-03-16 14:09:36] Memory: Total: 61649012 kB, Available: 46681836 kB, Active: 13928072 kB, SwapTotal: 40894456 kB, SwapFree: 40861944 kB
INFO [2026-03-16 14:09:36] Memory: Total: 61649012 kB, Available: 46681836 kB, Active: 13928072 kB, SwapTotal: 40894456 kB, SwapFree: 40861944 kB
INFO [2026-03-16 14:09:36] Memory: Total: 61649012 kB, Available: 46681836 kB, Active: 13928072 kB, SwapTotal: 40894456 kB, SwapFree: 40861944 kB
INFO [2026-03-16 14:09:36] Memory: Total: 61649012 kB, Available: 46681588 kB, Active: 13926652 kB, SwapTotal: 40894456 kB, SwapFree: 40861944 kB
INFO [2026-03-16 14:09:37] Memory: Total: 61649012 kB, Available: 46681588 kB, Active: 13926652 kB, SwapTotal: 40894456 kB, SwapFree: 40861944 kB
INFO [2026-03-16 14:09:37] Memory: Total: 61649012 kB, Available: 46681588 kB, Active: 13926652 kB, SwapTotal: 40894456 kB, SwapFree: 40861944 kB
INFO [2026-03-16 14:09:37] Memory: Total: 61649012 kB, Available: 46681588 kB, Active: 13926652 kB, SwapTotal: 40894456 kB, SwapFree: 40861944 kB
INFO [2026-03-16 14:09:37] Memory: Total: 61649012 kB, Available: 46681588 kB, Active: 13926652 kB, SwapTotal: 40894456 kB, SwapFree: 40861944 kB
INFO [2026-03-16 14:09:37] Memory: Total: 61649012 kB, Available: 46681588 kB, Active: 13926652 kB, SwapTotal: 40894456 kB, SwapFree: 40861944 kB
INFO [2026-03-16 14:09:37] Memory: Total: 61649012 kB, Available: 46681588 kB, Active: 13926976 kB, SwapTotal: 40894456 kB, SwapFree: 40861944 kB
INFO [2026-03-16 14:09:37] Memory: Total: 61649012 kB, Available: 46681588 kB, Active: 13927300 kB, SwapTotal: 40894456 kB, SwapFree: 40861944 kB
INFO [2026-03-16 14:09:37] Memory: Total: 61649012 kB, Available: 46681588 kB, Active: 13927624 kB, SwapTotal: 40894456 kB, SwapFree: 40861944 kB
INFO [2026-03-16 14:09:37] Memory: Total: 61649012 kB, Available: 46681588 kB, Active: 13927624 kB, SwapTotal: 40894456 kB, SwapFree: 40861944 kB
INFO [2026-03-16 14:09:37] Memory: Total: 61649012 kB, Available: 46681588 kB, Active: 13927624 kB, SwapTotal: 40894456 kB, SwapFree: 40861944 kB
INFO [2026-03-16 14:09:37] Memory: Total: 61649012 kB, Available: 46681588 kB, Active: 13927624 kB, SwapTotal: 40894456 kB, SwapFree: 40861944 kB
INFO [2026-03-16 14:09:37] Memory: Total: 61649012 kB, Available: 46681588 kB, Active: 13927948 kB, SwapTotal: 40894456 kB, SwapFree: 40861944 kB
INFO [2026-03-16 14:09:37] Memory: Total: 61649012 kB, Available: 46681588 kB, Active: 13927948 kB, SwapTotal: 40894456 kB, SwapFree: 40861944 kB
INFO [2026-03-16 14:09:37] Memory: Total: 61649012 kB, Available: 46681588 kB, Active: 13927948 kB, SwapTotal: 40894456 kB, SwapFree: 40861944 kB
INFO [2026-03-16 14:09:37] Memory: Total: 61649012 kB, Available: 46681588 kB, Active: 13927948 kB, SwapTotal: 40894456 kB, SwapFree: 40861944 kB
INFO [2026-03-16 14:09:37] Memory: Total: 61649012 kB, Available: 46681588 kB, Active: 13927948 kB, SwapTotal: 40894456 kB, SwapFree: 40861944 kB
INFO [2026-03-16 14:09:37] Memory: Total: 61649012 kB, Available: 46681588 kB, Active: 13927324 kB, SwapTotal: 40894456 kB, SwapFree: 40861944 kB
INFO [2026-03-16 14:09:37] Memory: Total: 61649012 kB, Available: 46681588 kB, Active: 13927324 kB, SwapTotal: 40894456 kB, SwapFree: 40861944 kB
INFO [2026-03-16 14:09:37] Memory: Total: 61649012 kB, Available: 46681588 kB, Active: 13926512 kB, SwapTotal: 40894456 kB, SwapFree: 40861944 kB
INFO [2026-03-16 14:09:37] Memory: Total: 61649012 kB, Available: 46681588 kB, Active: 13926512 kB, SwapTotal: 40894456 kB, SwapFree: 40861944 kB
INFO [2026-03-16 14:09:37] Memory: Total: 61649012 kB, Available: 46681588 kB, Active: 13926512 kB, SwapTotal: 40894456 kB, SwapFree: 40861944 kB
INFO [2026-03-16 14:09:38] Memory: Total: 61649012 kB, Available: 46681588 kB, Active: 13926512 kB, SwapTotal: 40894456 kB, SwapFree: 40861944 kBINFO [2026-03-16 14:09:38] Memory: Total: 61649012 kB, Available: 46681588 kB, Active: 13926512 kB, SwapTotal: 40894456 kB, SwapFree: 40861944 kB

INFO [2026-03-16 14:09:38] Memory: Total: 61649012 kB, Available: 46681588 kB, Active: 13926512 kB, SwapTotal: 40894456 kB, SwapFree: 40861944 kB
INFO [2026-03-16 14:09:38] Memory: Total: 61649012 kB, Available: 46681588 kB, Active: 13926512 kB, SwapTotal: 40894456 kB, SwapFree: 40861944 kB
INFO [2026-03-16 14:09:38] Memory: Total: 61649012 kB, Available: 46681588 kB, Active: 13926512 kB, SwapTotal: 40894456 kB, SwapFree: 40861944 kB
INFO [2026-03-16 14:09:38] Memory: Total: 61649012 kB, Available: 46681588 kB, Active: 13926512 kB, SwapTotal: 40894456 kB, SwapFree: 40861944 kB
INFO [2026-03-16 14:09:38] Memory: Total: 61649012 kB, Available: 46681588 kB, Active: 13926512 kB, SwapTotal: 40894456 kB, SwapFree: 40861944 kB
INFO [2026-03-16 14:09:38] Memory: Total: 61649012 kB, Available: 46681588 kB, Active: 13926512 kB, SwapTotal: 40894456 kB, SwapFree: 40861944 kB
INFO [2026-03-16 14:09:38] Memory: Total: 61649012 kB, Available: 46681588 kB, Active: 13926512 kB, SwapTotal: 40894456 kB, SwapFree: 40861944 kB
INFO [2026-03-16 14:09:38] Memory: Total: 61649012 kB, Available: 46681588 kB, Active: 13926512 kB, SwapTotal: 40894456 kB, SwapFree: 40861944 kB
INFO [2026-03-16 14:09:38] Memory: Total: 61649012 kB, Available: 46681588 kB, Active: 13926836 kB, SwapTotal: 40894456 kB, SwapFree: 40861944 kB
INFO [2026-03-16 14:09:38] Memory: Total: 61649012 kB, Available: 46681588 kB, Active: 13926836 kB, SwapTotal: 40894456 kB, SwapFree: 40861944 kB
INFO [2026-03-16 14:09:38] Memory: Total: 61649012 kB, Available: 46681588 kB, Active: 13926836 kB, SwapTotal: 40894456 kB, SwapFree: 40861944 kB
INFO [2026-03-16 14:09:38] Memory: Total: 61649012 kB, Available: 46681588 kB, Active: 13926836 kB, SwapTotal: 40894456 kB, SwapFree: 40861944 kB
INFO [2026-03-16 14:09:38] Memory: Total: 61649012 kB, Available: 46681588 kB, Active: 13926836 kB, SwapTotal: 40894456 kB, SwapFree: 40861944 kB
INFO [2026-03-16 14:09:38] Memory: Total: 61649012 kB, Available: 46681588 kB, Active: 13927160 kB, SwapTotal: 40894456 kB, SwapFree: 40861944 kB
INFO [2026-03-16 14:09:38] Memory: Total: 61649012 kB, Available: 46681592 kB, Active: 13926632 kB, SwapTotal: 40894456 kB, SwapFree: 40861944 kB
INFO [2026-03-16 14:09:38] Memory: Total: 61649012 kB, Available: 46681592 kB, Active: 13926632 kB, SwapTotal: 40894456 kB, SwapFree: 40861944 kB
INFO [2026-03-16 14:09:38] Memory: Total: 61649012 kB, Available: 46681592 kB, Active: 13926956 kB, SwapTotal: 40894456 kB, SwapFree: 40861944 kB
INFO [2026-03-16 14:09:39] Memory: Total: 61649012 kB, Available: 46681592 kB, Active: 13927280 kB, SwapTotal: 40894456 kB, SwapFree: 40861944 kB
INFO [2026-03-16 14:09:39] Memory: Total: 61649012 kB, Available: 46681592 kB, Active: 13926956 kB, SwapTotal: 40894456 kB, SwapFree: 40861944 kB
INFO [2026-03-16 14:09:39] Memory: Total: 61649012 kB, Available: 46681592 kB, Active: 13926956 kB, SwapTotal: 40894456 kB, SwapFree: 40861944 kB
INFO [2026-03-16 14:09:39] Memory: Total: 61649012 kB, Available: 46681592 kB, Active: 13926956 kB, SwapTotal: 40894456 kB, SwapFree: 40861944 kB
INFO [2026-03-16 14:09:39] Memory: Total: 61649012 kB, Available: 46681592 kB, Active: 13927280 kB, SwapTotal: 40894456 kB, SwapFree: 40861944 kB
INFO [2026-03-16 14:09:39] Memory: Total: 61649012 kB, Available: 46681592 kB, Active: 13927604 kB, SwapTotal: 40894456 kB, SwapFree: 40861944 kB
INFO [2026-03-16 14:09:39] Memory: Total: 61649012 kB, Available: 46681592 kB, Active: 13927604 kB, SwapTotal: 40894456 kB, SwapFree: 40861944 kB
INFO [2026-03-16 14:09:39] Memory: Total: 61649012 kB, Available: 46681592 kB, Active: 13927604 kB, SwapTotal: 40894456 kB, SwapFree: 40861944 kB
INFO [2026-03-16 14:09:39] Memory: Total: 61649012 kB, Available: 46681592 kB, Active: 13927604 kB, SwapTotal: 40894456 kB, SwapFree: 40861944 kB
INFO [2026-03-16 14:09:39] Memory: Total: 61649012 kB, Available: 46681592 kB, Active: 13927604 kB, SwapTotal: 40894456 kB, SwapFree: 40861944 kB
INFO [2026-03-16 14:09:39] Memory: Total: 61649012 kB, Available: 46681592 kB, Active: 13927604 kB, SwapTotal: 40894456 kB, SwapFree: 40861944 kB
INFO [2026-03-16 14:09:39] Memory: Total: 61649012 kB, Available: 46681592 kB, Active: 13927928 kB, SwapTotal: 40894456 kB, SwapFree: 40861944 kB
INFO [2026-03-16 14:09:39] Memory: Total: 61649012 kB, Available: 46681592 kB, Active: 13928576 kB, SwapTotal: 40894456 kB, SwapFree: 40861944 kB
INFO [2026-03-16 14:09:39] Memory: Total: 61649012 kB, Available: 46681592 kB, Active: 13928576 kB, SwapTotal: 40894456 kB, SwapFree: 40861944 kB
INFO [2026-03-16 14:09:39] Memory: Total: 61649012 kB, Available: 46681592 kB, Active: 13928576 kB, SwapTotal: 40894456 kB, SwapFree: 40861944 kB
INFO [2026-03-16 14:09:39] Memory: Total: 61649012 kB, Available: 46681592 kB, Active: 13928576 kB, SwapTotal: 40894456 kB, SwapFree: 40861944 kB
INFO [2026-03-16 14:09:39] Memory: Total: 61649012 kB, Available: 46681592 kB, Active: 13928576 kB, SwapTotal: 40894456 kB, SwapFree: 40861944 kB
INFO [2026-03-16 14:09:39] Memory: Total: 61649012 kB, Available: 46681592 kB, Active: 13928576 kB, SwapTotal: 40894456 kB, SwapFree: 40861944 kB
INFO [2026-03-16 14:09:39] Memory: Total: 61649012 kB, Available: 46681592 kB, Active: 13928576 kB, SwapTotal: 40894456 kB, SwapFree: 40861944 kB
INFO [2026-03-16 14:09:39] Memory: Total: 61649012 kB, Available: 46681596 kB, Active: 13927236 kB, SwapTotal: 40894456 kB, SwapFree: 40861944 kB
INFO [2026-03-16 14:09:40] Memory: Total: 61649012 kB, Available: 46681596 kB, Active: 13927236 kB, SwapTotal: 40894456 kB, SwapFree: 40861944 kB
INFO [2026-03-16 14:09:40] Memory: Total: 61649012 kB, Available: 46681596 kB, Active: 13927560 kB, SwapTotal: 40894456 kB, SwapFree: 40861944 kB
INFO [2026-03-16 14:09:40] Memory: Total: 61649012 kB, Available: 46681596 kB, Active: 13927884 kB, SwapTotal: 40894456 kB, SwapFree: 40861944 kB
INFO [2026-03-16 14:09:40] Memory: Total: 61649012 kB, Available: 46681596 kB, Active: 13927884 kB, SwapTotal: 40894456 kB, SwapFree: 40861944 kB
INFO [2026-03-16 14:09:40] Memory: Total: 61649012 kB, Available: 46681596 kB, Active: 13927884 kB, SwapTotal: 40894456 kB, SwapFree: 40861944 kB
INFO [2026-03-16 14:09:40] Memory: Total: 61649012 kB, Available: 46681596 kB, Active: 13927884 kB, SwapTotal: 40894456 kB, SwapFree: 40861944 kB
INFO [2026-03-16 14:09:40] Memory: Total: 61649012 kB, Available: 46681596 kB, Active: 13927884 kB, SwapTotal: 40894456 kB, SwapFree: 40861944 kB
INFO [2026-03-16 14:09:40] Memory: Total: 61649012 kB, Available: 46681596 kB, Active: 13927884 kB, SwapTotal: 40894456 kB, SwapFree: 40861944 kB
INFO [2026-03-16 14:09:40] Memory: Total: 61649012 kB, Available: 46681596 kB, Active: 13928208 kB, SwapTotal: 40894456 kB, SwapFree: 40861944 kB
INFO [2026-03-16 14:09:40] Memory: Total: 61649012 kB, Available: 46681596 kB, Active: 13928208 kB, SwapTotal: 40894456 kB, SwapFree: 40861944 kB
INFO [2026-03-16 14:09:40] Memory: Total: 61649012 kB, Available: 46681596 kB, Active: 13928208 kB, SwapTotal: 40894456 kB, SwapFree: 40861944 kB
INFO [2026-03-16 14:09:40] Memory: Total: 61649012 kB, Available: 46681596 kB, Active: 13928208 kB, SwapTotal: 40894456 kB, SwapFree: 40861944 kB
INFO [2026-03-16 14:09:40] Memory: Total: 61649012 kB, Available: 46681596 kB, Active: 13928208 kB, SwapTotal: 40894456 kB, SwapFree: 40861944 kB
INFO [2026-03-16 14:09:40] Memory: Total: 61649012 kB, Available: 46681596 kB, Active: 13928208 kB, SwapTotal: 40894456 kB, SwapFree: 40861944 kB
INFO [2026-03-16 14:09:40] Memory: Total: 61649012 kB, Available: 46681596 kB, Active: 13928208 kB, SwapTotal: 40894456 kB, SwapFree: 40861944 kB
INFO [2026-03-16 14:09:40] Memory: Total: 61649012 kB, Available: 46681596 kB, Active: 13928532 kB, SwapTotal: 40894456 kB, SwapFree: 40861944 kB
INFO [2026-03-16 14:09:40] Memory: Total: 61649012 kB, Available: 46681596 kB, Active: 13927936 kB, SwapTotal: 40894456 kB, SwapFree: 40861944 kB
INFO [2026-03-16 14:09:40] Memory: Total: 61649012 kB, Available: 46681596 kB, Active: 13927936 kB, SwapTotal: 40894456 kB, SwapFree: 40861944 kB
INFO [2026-03-16 14:09:40] Memory: Total: 61649012 kB, Available: 46681596 kB, Active: 13927936 kB, SwapTotal: 40894456 kB, SwapFree: 40861944 kB
INFO [2026-03-16 14:09:40] Memory: Total: 61649012 kB, Available: 46681600 kB, Active: 13927528 kB, SwapTotal: 40894456 kB, SwapFree: 40861944 kB
INFO [2026-03-16 14:09:40] Memory: Total: 61649012 kB, Available: 46681600 kB, Active: 13927528 kB, SwapTotal: 40894456 kB, SwapFree: 40861944 kB
INFO [2026-03-16 14:09:40] Memory: Total: 61649012 kB, Available: 46681600 kB, Active: 13927528 kB, SwapTotal: 40894456 kB, SwapFree: 40861944 kB
INFO [2026-03-16 14:09:41] Memory: Total: 61649012 kB, Available: 46681600 kB, Active: 13927528 kB, SwapTotal: 40894456 kB, SwapFree: 40861944 kB
INFO [2026-03-16 14:09:41] Memory: Total: 61649012 kB, Available: 46681600 kB, Active: 13927528 kB, SwapTotal: 40894456 kB, SwapFree: 40861944 kB
INFO [2026-03-16 14:09:41] Memory: Total: 61649012 kB, Available: 46681600 kB, Active: 13927852 kB, SwapTotal: 40894456 kB, SwapFree: 40861944 kB
INFO [2026-03-16 14:09:41] Memory: Total: 61649012 kB, Available: 46681600 kB, Active: 13927852 kB, SwapTotal: 40894456 kB, SwapFree: 40861944 kB
INFO [2026-03-16 14:09:41] Memory: Total: 61649012 kB, Available: 46681600 kB, Active: 13927852 kB, SwapTotal: 40894456 kB, SwapFree: 40861944 kB
INFO [2026-03-16 14:09:41] Memory: Total: 61649012 kB, Available: 46681600 kB, Active: 13927852 kB, SwapTotal: 40894456 kB, SwapFree: 40861944 kB
INFO [2026-03-16 14:09:41] Memory: Total: 61649012 kB, Available: 46681600 kB, Active: 13927852 kB, SwapTotal: 40894456 kB, SwapFree: 40861944 kB
INFO [2026-03-16 14:09:41] Memory: Total: 61649012 kB, Available: 46681600 kB, Active: 13927852 kB, SwapTotal: 40894456 kB, SwapFree: 40861944 kB
INFO [2026-03-16 14:09:41] Memory: Total: 61649012 kB, Available: 46681600 kB, Active: 13927852 kB, SwapTotal: 40894456 kB, SwapFree: 40861944 kB
INFO [2026-03-16 14:09:41] Memory: Total: 61649012 kB, Available: 46681600 kB, Active: 13927852 kB, SwapTotal: 40894456 kB, SwapFree: 40861944 kB
INFO [2026-03-16 14:09:41] Memory: Total: 61649012 kB, Available: 46681600 kB, Active: 13927852 kB, SwapTotal: 40894456 kB, SwapFree: 40861944 kB
INFO [2026-03-16 14:09:41] Memory: Total: 61649012 kB, Available: 46681600 kB, Active: 13927852 kB, SwapTotal: 40894456 kB, SwapFree: 40861944 kB
INFO [2026-03-16 14:09:41] Memory: Total: 61649012 kB, Available: 46681600 kB, Active: 13928176 kB, SwapTotal: 40894456 kB, SwapFree: 40861944 kB
INFO [2026-03-16 14:09:41] Memory: Total: 61649012 kB, Available: 46681600 kB, Active: 13928500 kB, SwapTotal: 40894456 kB, SwapFree: 40861944 kB
INFO [2026-03-16 14:09:41] Memory: Total: 61649012 kB, Available: 46681600 kB, Active: 13928500 kB, SwapTotal: 40894456 kB, SwapFree: 40861944 kB
INFO [2026-03-16 14:09:41] Memory: Total: 61649012 kB, Available: 46681600 kB, Active: 13927904 kB, SwapTotal: 40894456 kB, SwapFree: 40861944 kB
INFO [2026-03-16 14:09:41] Memory: Total: 61649012 kB, Available: 46681600 kB, Active: 13927904 kB, SwapTotal: 40894456 kB, SwapFree: 40861944 kB
INFO [2026-03-16 14:09:41] Memory: Total: 61649012 kB, Available: 46681600 kB, Active: 13927904 kB, SwapTotal: 40894456 kB, SwapFree: 40861944 kB
INFO [2026-03-16 14:09:42] Memory: Total: 61649012 kB, Available: 46681600 kB, Active: 13927904 kB, SwapTotal: 40894456 kB, SwapFree: 40861944 kB
INFO [2026-03-16 14:09:42] Memory: Total: 61649012 kB, Available: 46681600 kB, Active: 13927904 kB, SwapTotal: 40894456 kB, SwapFree: 40861944 kB
INFO [2026-03-16 14:09:42] Memory: Total: 61649012 kB, Available: 46681600 kB, Active: 13927904 kB, SwapTotal: 40894456 kB, SwapFree: 40861944 kB
INFO [2026-03-16 14:09:42] Memory: Total: 61649012 kB, Available: 46681600 kB, Active: 13928228 kB, SwapTotal: 40894456 kB, SwapFree: 40861944 kB
INFO [2026-03-16 14:09:42] Memory: Total: 61649012 kB, Available: 46681600 kB, Active: 13928228 kB, SwapTotal: 40894456 kB, SwapFree: 40861944 kB
INFO [2026-03-16 14:09:42] Memory: Total: 61649012 kB, Available: 46681600 kB, Active: 13928228 kB, SwapTotal: 40894456 kB, SwapFree: 40861944 kB
INFO [2026-03-16 14:09:42] Memory: Total: 61649012 kB, Available: 46681600 kB, Active: 13928228 kB, SwapTotal: 40894456 kB, SwapFree: 40861944 kB
INFO [2026-03-16 14:09:42] Memory: Total: 61649012 kB, Available: 46681600 kB, Active: 13928228 kB, SwapTotal: 40894456 kB, SwapFree: 40861944 kB
INFO [2026-03-16 14:09:42] Memory: Total: 61649012 kB, Available: 46681600 kB, Active: 13928228 kB, SwapTotal: 40894456 kB, SwapFree: 40861944 kB
INFO [2026-03-16 14:09:42] Memory: Total: 61649012 kB, Available: 46681600 kB, Active: 13928228 kB, SwapTotal: 40894456 kB, SwapFree: 40861944 kB
INFO [2026-03-16 14:09:42] Memory: Total: 61649012 kB, Available: 46681600 kB, Active: 13928552 kB, SwapTotal: 40894456 kB, SwapFree: 40861944 kB
INFO [2026-03-16 14:09:42] Memory: Total: 61649012 kB, Available: 46681600 kB, Active: 13928552 kB, SwapTotal: 40894456 kB, SwapFree: 40861944 kB
INFO [2026-03-16 14:09:42] Memory: Total: 61649012 kB, Available: 46681600 kB, Active: 13929200 kB, SwapTotal: 40894456 kB, SwapFree: 40861944 kB
INFO [2026-03-16 14:09:42] Memory: Total: 61649012 kB, Available: 46681600 kB, Active: 13928876 kB, SwapTotal: 40894456 kB, SwapFree: 40861944 kB
INFO [2026-03-16 14:09:42] Memory: Total: 61649012 kB, Available: 46681600 kB, Active: 13928876 kB, SwapTotal: 40894456 kB, SwapFree: 40861944 kB
INFO [2026-03-16 14:09:42] Memory: Total: 61649012 kB, Available: 46681600 kB, Active: 13928876 kB, SwapTotal: 40894456 kB, SwapFree: 40861944 kB
INFO [2026-03-16 14:09:42] Memory: Total: 61649012 kB, Available: 46681600 kB, Active: 13928876 kB, SwapTotal: 40894456 kB, SwapFree: 40861944 kB
INFO [2026-03-16 14:09:42] Memory: Total: 61649012 kB, Available: 46681600 kB, Active: 13928876 kB, SwapTotal: 40894456 kB, SwapFree: 40861944 kB
INFO [2026-03-16 14:09:42] Memory: Total: 61649012 kB, Available: 46681600 kB, Active: 13928888 kB, SwapTotal: 40894456 kB, SwapFree: 40861944 kB
INFO [2026-03-16 14:09:42] Memory: Total: 61649012 kB, Available: 46681608 kB, Active: 13928392 kB, SwapTotal: 40894456 kB, SwapFree: 40861944 kB
INFO [2026-03-16 14:09:42] Memory: Total: 61649012 kB, Available: 46681608 kB, Active: 13928392 kB, SwapTotal: 40894456 kB, SwapFree: 40861944 kB
INFO [2026-03-16 14:09:43] Memory: Total: 61649012 kB, Available: 46681608 kB, Active: 13928392 kB, SwapTotal: 40894456 kB, SwapFree: 40861944 kB
INFO [2026-03-16 14:09:43] Memory: Total: 61649012 kB, Available: 46681608 kB, Active: 13928392 kB, SwapTotal: 40894456 kB, SwapFree: 40861944 kB
INFO [2026-03-16 14:09:43] Memory: Total: 61649012 kB, Available: 46681608 kB, Active: 13928716 kB, SwapTotal: 40894456 kB, SwapFree: 40861944 kB
INFO [2026-03-16 14:09:43] Memory: Total: 61649012 kB, Available: 46681608 kB, Active: 13928716 kB, SwapTotal: 40894456 kB, SwapFree: 40861944 kB
INFO [2026-03-16 14:09:43] Memory: Total: 61649012 kB, Available: 46681608 kB, Active: 13928716 kB, SwapTotal: 40894456 kB, SwapFree: 40861944 kB
INFO [2026-03-16 14:09:43] Memory: Total: 61649012 kB, Available: 46681608 kB, Active: 13928716 kB, SwapTotal: 40894456 kB, SwapFree: 40861944 kB
INFO [2026-03-16 14:09:43] Memory: Total: 61649012 kB, Available: 46681608 kB, Active: 13928720 kB, SwapTotal: 40894456 kB, SwapFree: 40861944 kB
INFO [2026-03-16 14:09:43] Memory: Total: 61649012 kB, Available: 46681608 kB, Active: 13928720 kB, SwapTotal: 40894456 kB, SwapFree: 40861944 kB
INFO [2026-03-16 14:09:43] Memory: Total: 61649012 kB, Available: 46681608 kB, Active: 13928720 kB, SwapTotal: 40894456 kB, SwapFree: 40861944 kB
INFO [2026-03-16 14:09:43] Memory: Total: 61649012 kB, Available: 46681608 kB, Active: 13929044 kB, SwapTotal: 40894456 kB, SwapFree: 40861944 kB
INFO [2026-03-16 14:09:43] Memory: Total: 61649012 kB, Available: 46681608 kB, Active: 13929044 kB, SwapTotal: 40894456 kB, SwapFree: 40861944 kB
INFO [2026-03-16 14:09:43] Memory: Total: 61649012 kB, Available: 46681608 kB, Active: 13929044 kB, SwapTotal: 40894456 kB, SwapFree: 40861944 kB
INFO [2026-03-16 14:09:43] Memory: Total: 61649012 kB, Available: 46681608 kB, Active: 13929044 kB, SwapTotal: 40894456 kB, SwapFree: 40861944 kB
INFO [2026-03-16 14:09:43] Memory: Total: 61649012 kB, Available: 46681608 kB, Active: 13929368 kB, SwapTotal: 40894456 kB, SwapFree: 40861944 kB
INFO [2026-03-16 14:09:43] Memory: Total: 61649012 kB, Available: 46681608 kB, Active: 13929368 kB, SwapTotal: 40894456 kB, SwapFree: 40861944 kB
INFO [2026-03-16 14:09:43] Memory: Total: 61649012 kB, Available: 46681608 kB, Active: 13929368 kB, SwapTotal: 40894456 kB, SwapFree: 40861944 kB
INFO [2026-03-16 14:09:43] Memory: Total: 61649012 kB, Available: 46681608 kB, Active: 13929368 kB, SwapTotal: 40894456 kB, SwapFree: 40861944 kB
INFO [2026-03-16 14:09:43] Memory: Total: 61649012 kB, Available: 46681612 kB, Active: 13928152 kB, SwapTotal: 40894456 kB, SwapFree: 40861944 kB
INFO [2026-03-16 14:09:43] Memory: Total: 61649012 kB, Available: 46681616 kB, Active: 13928148 kB, SwapTotal: 40894456 kB, SwapFree: 40861944 kB
INFO [2026-03-16 14:09:43] Memory: Total: 61649012 kB, Available: 46681616 kB, Active: 13928148 kB, SwapTotal: 40894456 kB, SwapFree: 40861944 kB
INFO [2026-03-16 14:09:43] Memory: Total: 61649012 kB, Available: 46681616 kB, Active: 13928472 kB, SwapTotal: 40894456 kB, SwapFree: 40861944 kB
INFO [2026-03-16 14:09:44] Memory: Total: 61649012 kB, Available: 46681616 kB, Active: 13928472 kB, SwapTotal: 40894456 kB, SwapFree: 40861944 kB
INFO [2026-03-16 14:09:44] Memory: Total: 61649012 kB, Available: 46681616 kB, Active: 13928472 kB, SwapTotal: 40894456 kB, SwapFree: 40861944 kB
INFO [2026-03-16 14:09:44] Memory: Total: 61649012 kB, Available: 46681616 kB, Active: 13928472 kB, SwapTotal: 40894456 kB, SwapFree: 40861944 kB
INFO [2026-03-16 14:09:44] Memory: Total: 61649012 kB, Available: 46681616 kB, Active: 13928472 kB, SwapTotal: 40894456 kB, SwapFree: 40861944 kB
INFO [2026-03-16 14:09:44] Memory: Total: 61649012 kB, Available: 46681616 kB, Active: 13928472 kB, SwapTotal: 40894456 kB, SwapFree: 40861944 kB
INFO [2026-03-16 14:09:44] Memory: Total: 61649012 kB, Available: 46681616 kB, Active: 13928472 kB, SwapTotal: 40894456 kB, SwapFree: 40861944 kB
INFO [2026-03-16 14:09:44] Memory: Total: 61649012 kB, Available: 46681616 kB, Active: 13928472 kB, SwapTotal: 40894456 kB, SwapFree: 40861944 kB
INFO [2026-03-16 14:09:44] Memory: Total: 61649012 kB, Available: 46681616 kB, Active: 13928472 kB, SwapTotal: 40894456 kB, SwapFree: 40861944 kB
INFO [2026-03-16 14:09:44] Memory: Total: 61649012 kB, Available: 46681616 kB, Active: 13928472 kB, SwapTotal: 40894456 kB, SwapFree: 40861944 kB
INFO [2026-03-16 14:09:44] Memory: Total: 61649012 kB, Available: 46681616 kB, Active: 13928472 kB, SwapTotal: 40894456 kB, SwapFree: 40861944 kB
INFO [2026-03-16 14:09:44] Memory: Total: 61649012 kB, Available: 46681616 kB, Active: 13928472 kB, SwapTotal: 40894456 kB, SwapFree: 40861944 kB
INFO [2026-03-16 14:09:44] Memory: Total: 61649012 kB, Available: 46681616 kB, Active: 13928472 kB, SwapTotal: 40894456 kB, SwapFree: 40861944 kB
INFO [2026-03-16 14:09:44] Memory: Total: 61649012 kB, Available: 46681616 kB, Active: 13928472 kB, SwapTotal: 40894456 kB, SwapFree: 40861944 kB
INFO [2026-03-16 14:09:44] Memory: Total: 61649012 kB, Available: 46681616 kB, Active: 13928472 kB, SwapTotal: 40894456 kB, SwapFree: 40861944 kB
INFO [2026-03-16 14:09:44] Memory: Total: 61649012 kB, Available: 46681616 kB, Active: 13928796 kB, SwapTotal: 40894456 kB, SwapFree: 40861944 kB
INFO [2026-03-16 14:09:44] Memory: Total: 61649012 kB, Available: 46681616 kB, Active: 13928796 kB, SwapTotal: 40894456 kB, SwapFree: 40861944 kB
INFO [2026-03-16 14:09:44] Memory: Total: 61649012 kB, Available: 46681616 kB, Active: 13928316 kB, SwapTotal: 40894456 kB, SwapFree: 40861944 kB
INFO [2026-03-16 14:09:45] Memory: Total: 61649012 kB, Available: 46681616 kB, Active: 13928640 kB, SwapTotal: 40894456 kB, SwapFree: 40861944 kB
INFO [2026-03-16 14:09:45] Memory: Total: 61649012 kB, Available: 46681616 kB, Active: 13928640 kB, SwapTotal: 40894456 kB, SwapFree: 40861944 kB
INFO [2026-03-16 14:09:45] Memory: Total: 61649012 kB, Available: 46681616 kB, Active: 13928640 kB, SwapTotal: 40894456 kB, SwapFree: 40861944 kB
INFO [2026-03-16 14:09:45] Memory: Total: 61649012 kB, Available: 46681616 kB, Active: 13928640 kB, SwapTotal: 40894456 kB, SwapFree: 40861944 kB
INFO [2026-03-16 14:09:45] Memory: Total: 61649012 kB, Available: 46681616 kB, Active: 13928640 kB, SwapTotal: 40894456 kB, SwapFree: 40861944 kB
INFO [2026-03-16 14:09:45] Memory: Total: 61649012 kB, Available: 46681616 kB, Active: 13928640 kB, SwapTotal: 40894456 kB, SwapFree: 40861944 kB
INFO [2026-03-16 14:09:45] Memory: Total: 61649012 kB, Available: 46681616 kB, Active: 13928640 kB, SwapTotal: 40894456 kB, SwapFree: 40861944 kB
INFO [2026-03-16 14:09:45] Memory: Total: 61649012 kB, Available: 46681616 kB, Active: 13928640 kB, SwapTotal: 40894456 kB, SwapFree: 40861944 kB
INFO [2026-03-16 14:09:45] Memory: Total: 61649012 kB, Available: 46681616 kB, Active: 13928964 kB, SwapTotal: 40894456 kB, SwapFree: 40861944 kB
INFO [2026-03-16 14:09:45] Memory: Total: 61649012 kB, Available: 46681616 kB, Active: 13929288 kB, SwapTotal: 40894456 kB, SwapFree: 40861944 kB
INFO [2026-03-16 14:09:45] Memory: Total: 61649012 kB, Available: 46681616 kB, Active: 13929288 kB, SwapTotal: 40894456 kB, SwapFree: 40861944 kB
INFO [2026-03-16 14:09:45] Memory: Total: 61649012 kB, Available: 46681616 kB, Active: 13929288 kB, SwapTotal: 40894456 kB, SwapFree: 40861944 kB
INFO [2026-03-16 14:09:45] Memory: Total: 61649012 kB, Available: 46681616 kB, Active: 13929288 kB, SwapTotal: 40894456 kB, SwapFree: 40861944 kB
INFO [2026-03-16 14:09:45] Memory: Total: 61649012 kB, Available: 46681616 kB, Active: 13929612 kB, SwapTotal: 40894456 kB, SwapFree: 40861944 kB
INFO [2026-03-16 14:09:45] Memory: Total: 61649012 kB, Available: 46681616 kB, Active: 13929612 kB, SwapTotal: 40894456 kB, SwapFree: 40861944 kB
INFO [2026-03-16 14:09:45] Memory: Total: 61649012 kB, Available: 46681616 kB, Active: 13929612 kB, SwapTotal: 40894456 kB, SwapFree: 40861944 kB
INFO [2026-03-16 14:09:45] Memory: Total: 61649012 kB, Available: 46681616 kB, Active: 13929612 kB, SwapTotal: 40894456 kB, SwapFree: 40861944 kB
INFO [2026-03-16 14:09:45] Memory: Total: 61649012 kB, Available: 46681616 kB, Active: 13929936 kB, SwapTotal: 40894456 kB, SwapFree: 40861944 kB
INFO [2026-03-16 14:09:45] Memory: Total: 61649012 kB, Available: 46681616 kB, Active: 13929936 kB, SwapTotal: 40894456 kB, SwapFree: 40861944 kB
INFO [2026-03-16 14:09:45] Memory: Total: 61649012 kB, Available: 46681608 kB, Active: 13929636 kB, SwapTotal: 40894456 kB, SwapFree: 40861944 kB
INFO [2026-03-16 14:09:45] Memory: Total: 61649012 kB, Available: 46681612 kB, Active: 13928496 kB, SwapTotal: 40894456 kB, SwapFree: 40861944 kB
INFO [2026-03-16 14:09:45] Memory: Total: 61649012 kB, Available: 46681612 kB, Active: 13928496 kB, SwapTotal: 40894456 kB, SwapFree: 40861944 kB
INFO [2026-03-16 14:09:46] Memory: Total: 61649012 kB, Available: 46681612 kB, Active: 13928496 kB, SwapTotal: 40894456 kB, SwapFree: 40861944 kB
INFO [2026-03-16 14:09:46] Memory: Total: 61649012 kB, Available: 46681612 kB, Active: 13928496 kB, SwapTotal: 40894456 kB, SwapFree: 40861944 kB
INFO [2026-03-16 14:09:46] Memory: Total: 61649012 kB, Available: 46681612 kB, Active: 13928496 kB, SwapTotal: 40894456 kB, SwapFree: 40861944 kB
INFO [2026-03-16 14:09:46] Memory: Total: 61649012 kB, Available: 46681612 kB, Active: 13928820 kB, SwapTotal: 40894456 kB, SwapFree: 40861944 kB
INFO [2026-03-16 14:09:46] Memory: Total: 61649012 kB, Available: 46681612 kB, Active: 13928820 kB, SwapTotal: 40894456 kB, SwapFree: 40861944 kB
INFO [2026-03-16 14:09:46] Memory: Total: 61649012 kB, Available: 46681612 kB, Active: 13928820 kB, SwapTotal: 40894456 kB, SwapFree: 40861944 kB
INFO [2026-03-16 14:09:46] Memory: Total: 61649012 kB, Available: 46681612 kB, Active: 13928820 kB, SwapTotal: 40894456 kB, SwapFree: 40861944 kB
INFO [2026-03-16 14:09:46] Memory: Total: 61649012 kB, Available: 46681612 kB, Active: 13929144 kB, SwapTotal: 40894456 kB, SwapFree: 40861944 kB
INFO [2026-03-16 14:09:46] Memory: Total: 61649012 kB, Available: 46681612 kB, Active: 13929144 kB, SwapTotal: 40894456 kB, SwapFree: 40861944 kB
INFO [2026-03-16 14:09:46] Memory: Total: 61649012 kB, Available: 46681612 kB, Active: 13929144 kB, SwapTotal: 40894456 kB, SwapFree: 40861944 kB
INFO [2026-03-16 14:09:46] Memory: Total: 61649012 kB, Available: 46681612 kB, Active: 13929468 kB, SwapTotal: 40894456 kB, SwapFree: 40861944 kB
INFO [2026-03-16 14:09:46] Memory: Total: 61649012 kB, Available: 46681612 kB, Active: 13929792 kB, SwapTotal: 40894456 kB, SwapFree: 40861944 kB
INFO [2026-03-16 14:09:46] Memory: Total: 61649012 kB, Available: 46681612 kB, Active: 13929792 kB, SwapTotal: 40894456 kB, SwapFree: 40861944 kB
INFO [2026-03-16 14:09:46] Memory: Total: 61649012 kB, Available: 46681612 kB, Active: 13929792 kB, SwapTotal: 40894456 kB, SwapFree: 40861944 kB
INFO [2026-03-16 14:09:46] Memory: Total: 61649012 kB, Available: 46681612 kB, Active: 13929792 kB, SwapTotal: 40894456 kB, SwapFree: 40861944 kB
INFO [2026-03-16 14:09:46] Memory: Total: 61649012 kB, Available: 46681612 kB, Active: 13929792 kB, SwapTotal: 40894456 kB, SwapFree: 40861944 kB
INFO [2026-03-16 14:09:46] Memory: Total: 61649012 kB, Available: 46681612 kB, Active: 13930116 kB, SwapTotal: 40894456 kB, SwapFree: 40861944 kB
INFO [2026-03-16 14:09:46] Memory: Total: 61649012 kB, Available: 46681612 kB, Active: 13930116 kB, SwapTotal: 40894456 kB, SwapFree: 40861944 kB
INFO [2026-03-16 14:09:46] Memory: Total: 61649012 kB, Available: 46681552 kB, Active: 13928692 kB, SwapTotal: 40894456 kB, SwapFree: 40861944 kB
INFO [2026-03-16 14:09:46] Memory: Total: 61649012 kB, Available: 46681552 kB, Active: 13928692 kB, SwapTotal: 40894456 kB, SwapFree: 40861944 kB
INFO [2026-03-16 14:09:46] Memory: Total: 61649012 kB, Available: 46681552 kB, Active: 13928692 kB, SwapTotal: 40894456 kB, SwapFree: 40861944 kB
INFO [2026-03-16 14:09:47] Memory: Total: 61649012 kB, Available: 46681552 kB, Active: 13928692 kB, SwapTotal: 40894456 kB, SwapFree: 40861944 kB
INFO [2026-03-16 14:09:47] Memory: Total: 61649012 kB, Available: 46681552 kB, Active: 13929016 kB, SwapTotal: 40894456 kB, SwapFree: 40861944 kB
INFO [2026-03-16 14:09:47] Memory: Total: 61649012 kB, Available: 46681552 kB, Active: 13929016 kB, SwapTotal: 40894456 kB, SwapFree: 40861944 kB
INFO [2026-03-16 14:09:47] Memory: Total: 61649012 kB, Available: 46681552 kB, Active: 13929016 kB, SwapTotal: 40894456 kB, SwapFree: 40861944 kB
INFO [2026-03-16 14:09:47] Memory: Total: 61649012 kB, Available: 46681552 kB, Active: 13929016 kB, SwapTotal: 40894456 kB, SwapFree: 40861944 kB
INFO [2026-03-16 14:09:47] Memory: Total: 61649012 kB, Available: 46681552 kB, Active: 13929016 kB, SwapTotal: 40894456 kB, SwapFree: 40861944 kB
INFO [2026-03-16 14:09:47] Memory: Total: 61649012 kB, Available: 46681552 kB, Active: 13929016 kB, SwapTotal: 40894456 kB, SwapFree: 40861944 kB
INFO [2026-03-16 14:09:47] Memory: Total: 61649012 kB, Available: 46681552 kB, Active: 13929340 kB, SwapTotal: 40894456 kB, SwapFree: 40861944 kB
INFO [2026-03-16 14:09:47] Memory: Total: 61649012 kB, Available: 46681552 kB, Active: 13929340 kB, SwapTotal: 40894456 kB, SwapFree: 40861944 kB
INFO [2026-03-16 14:09:47] Memory: Total: 61649012 kB, Available: 46681552 kB, Active: 13929340 kB, SwapTotal: 40894456 kB, SwapFree: 40861944 kB
INFO [2026-03-16 14:09:47] Memory: Total: 61649012 kB, Available: 46681552 kB, Active: 13929664 kB, SwapTotal: 40894456 kB, SwapFree: 40861944 kB
INFO [2026-03-16 14:09:47] Memory: Total: 61649012 kB, Available: 46681552 kB, Active: 13929664 kB, SwapTotal: 40894456 kB, SwapFree: 40861944 kB
INFO [2026-03-16 14:09:47] Memory: Total: 61649012 kB, Available: 46681552 kB, Active: 13929664 kB, SwapTotal: 40894456 kB, SwapFree: 40861944 kB
INFO [2026-03-16 14:09:47] Memory: Total: 61649012 kB, Available: 46681552 kB, Active: 13929664 kB, SwapTotal: 40894456 kB, SwapFree: 40861944 kB
INFO [2026-03-16 14:09:47] Memory: Total: 61649012 kB, Available: 46681552 kB, Active: 13929664 kB, SwapTotal: 40894456 kB, SwapFree: 40861944 kB
INFO [2026-03-16 14:09:47] Memory: Total: 61649012 kB, Available: 46681552 kB, Active: 13929664 kB, SwapTotal: 40894456 kB, SwapFree: 40861944 kB
INFO [2026-03-16 14:09:47] Memory: Total: 61649012 kB, Available: 46681552 kB, Active: 13929664 kB, SwapTotal: 40894456 kB, SwapFree: 40861944 kB
INFO [2026-03-16 14:09:47] Memory: Total: 61649012 kB, Available: 46681312 kB, Active: 13928812 kB, SwapTotal: 40894456 kB, SwapFree: 40861944 kB
INFO [2026-03-16 14:09:47] Memory: Total: 61649012 kB, Available: 46681312 kB, Active: 13928812 kB, SwapTotal: 40894456 kB, SwapFree: 40861944 kB
INFO [2026-03-16 14:09:48] Memory: Total: 61649012 kB, Available: 46681312 kB, Active: 13928812 kB, SwapTotal: 40894456 kB, SwapFree: 40861944 kB
INFO [2026-03-16 14:09:48] Memory: Total: 61649012 kB, Available: 46681312 kB, Active: 13928812 kB, SwapTotal: 40894456 kB, SwapFree: 40861944 kB
INFO [2026-03-16 14:09:48] Memory: Total: 61649012 kB, Available: 46681312 kB, Active: 13928812 kB, SwapTotal: 40894456 kB, SwapFree: 40861944 kB
INFO [2026-03-16 14:09:48] Memory: Total: 61649012 kB, Available: 46681312 kB, Active: 13928812 kB, SwapTotal: 40894456 kB, SwapFree: 40861944 kB
INFO [2026-03-16 14:09:48] Memory: Total: 61649012 kB, Available: 46681312 kB, Active: 13928812 kB, SwapTotal: 40894456 kB, SwapFree: 40861944 kB
INFO [2026-03-16 14:09:48] Memory: Total: 61649012 kB, Available: 46681312 kB, Active: 13928812 kB, SwapTotal: 40894456 kB, SwapFree: 40861944 kB
INFO [2026-03-16 14:09:48] Memory: Total: 61649012 kB, Available: 46681312 kB, Active: 13929136 kB, SwapTotal: 40894456 kB, SwapFree: 40861944 kB
INFO [2026-03-16 14:09:48] Memory: Total: 61649012 kB, Available: 46681312 kB, Active: 13929136 kB, SwapTotal: 40894456 kB, SwapFree: 40861944 kB
INFO [2026-03-16 14:09:48] Memory: Total: 61649012 kB, Available: 46681312 kB, Active: 13929136 kB, SwapTotal: 40894456 kB, SwapFree: 40861944 kB
INFO [2026-03-16 14:09:48] Memory: Total: 61649012 kB, Available: 46681312 kB, Active: 13929136 kB, SwapTotal: 40894456 kB, SwapFree: 40861944 kB
INFO [2026-03-16 14:09:48] Memory: Total: 61649012 kB, Available: 46681312 kB, Active: 13929136 kB, SwapTotal: 40894456 kB, SwapFree: 40861944 kB
INFO [2026-03-16 14:09:48] Memory: Total: 61649012 kB, Available: 46681312 kB, Active: 13929136 kB, SwapTotal: 40894456 kB, SwapFree: 40861944 kB
INFO [2026-03-16 14:09:48] Memory: Total: 61649012 kB, Available: 46681312 kB, Active: 13929136 kB, SwapTotal: 40894456 kB, SwapFree: 40861944 kB
INFO [2026-03-16 14:09:48] Memory: Total: 61649012 kB, Available: 46681312 kB, Active: 13929136 kB, SwapTotal: 40894456 kB, SwapFree: 40861944 kB
INFO [2026-03-16 14:09:48] Memory: Total: 61649012 kB, Available: 46681312 kB, Active: 13929460 kB, SwapTotal: 40894456 kB, SwapFree: 40861944 kB
INFO [2026-03-16 14:09:48] Memory: Total: 61649012 kB, Available: 46681312 kB, Active: 13929460 kB, SwapTotal: 40894456 kB, SwapFree: 40861944 kB
INFO [2026-03-16 14:09:48] Memory: Total: 61649012 kB, Available: 46681312 kB, Active: 13929460 kB, SwapTotal: 40894456 kB, SwapFree: 40861944 kB
INFO [2026-03-16 14:09:48] Memory: Total: 61649012 kB, Available: 46681312 kB, Active: 13929784 kB, SwapTotal: 40894456 kB, SwapFree: 40861944 kB
INFO [2026-03-16 14:09:48] Memory: Total: 61649012 kB, Available: 46681308 kB, Active: 13929328 kB, SwapTotal: 40894456 kB, SwapFree: 40861944 kB
INFO [2026-03-16 14:09:48] Memory: Total: 61649012 kB, Available: 46681308 kB, Active: 13929328 kB, SwapTotal: 40894456 kB, SwapFree: 40861944 kB
INFO [2026-03-16 14:09:49] Memory: Total: 61649012 kB, Available: 46681308 kB, Active: 13929328 kB, SwapTotal: 40894456 kB, SwapFree: 40861944 kB
INFO [2026-03-16 14:09:49] Memory: Total: 61649012 kB, Available: 46681308 kB, Active: 13929328 kB, SwapTotal: 40894456 kB, SwapFree: 40861944 kB
INFO [2026-03-16 14:09:49] Memory: Total: 61649012 kB, Available: 46681308 kB, Active: 13929328 kB, SwapTotal: 40894456 kB, SwapFree: 40861944 kB
INFO [2026-03-16 14:09:49] Memory: Total: 61649012 kB, Available: 46681308 kB, Active: 13929328 kB, SwapTotal: 40894456 kB, SwapFree: 40861944 kB
INFO [2026-03-16 14:09:49] Memory: Total: 61649012 kB, Available: 46681308 kB, Active: 13929328 kB, SwapTotal: 40894456 kB, SwapFree: 40861944 kB
INFO [2026-03-16 14:09:49] Memory: Total: 61649012 kB, Available: 46681308 kB, Active: 13929328 kB, SwapTotal: 40894456 kB, SwapFree: 40861944 kB
INFO [2026-03-16 14:09:49] Memory: Total: 61649012 kB, Available: 46681308 kB, Active: 13929328 kB, SwapTotal: 40894456 kB, SwapFree: 40861944 kB
INFO [2026-03-16 14:09:49] Memory: Total: 61649012 kB, Available: 46681308 kB, Active: 13929328 kB, SwapTotal: 40894456 kB, SwapFree: 40861944 kB
INFO [2026-03-16 14:09:49] Memory: Total: 61649012 kB, Available: 46681308 kB, Active: 13929328 kB, SwapTotal: 40894456 kB, SwapFree: 40861944 kB
INFO [2026-03-16 14:09:49] Memory: Total: 61649012 kB, Available: 46681308 kB, Active: 13929688 kB, SwapTotal: 40894456 kB, SwapFree: 40861944 kB
INFO [2026-03-16 14:09:49] Memory: Total: 61649012 kB, Available: 46681308 kB, Active: 13929688 kB, SwapTotal: 40894456 kB, SwapFree: 40861944 kB
INFO [2026-03-16 14:09:49] Memory: Total: 61649012 kB, Available: 46681308 kB, Active: 13929688 kB, SwapTotal: 40894456 kB, SwapFree: 40861944 kB
INFO [2026-03-16 14:09:49] Memory: Total: 61649012 kB, Available: 46681308 kB, Active: 13929688 kB, SwapTotal: 40894456 kB, SwapFree: 40861944 kB
INFO [2026-03-16 14:09:49] Memory: Total: 61649012 kB, Available: 46681308 kB, Active: 13929688 kB, SwapTotal: 40894456 kB, SwapFree: 40861944 kB
INFO [2026-03-16 14:09:49] Memory: Total: 61649012 kB, Available: 46681308 kB, Active: 13929688 kB, SwapTotal: 40894456 kB, SwapFree: 40861944 kB
INFO [2026-03-16 14:09:49] Memory: Total: 61649012 kB, Available: 46681308 kB, Active: 13928716 kB, SwapTotal: 40894456 kB, SwapFree: 40861944 kB
INFO [2026-03-16 14:09:49] Memory: Total: 61649012 kB, Available: 46681308 kB, Active: 13928716 kB, SwapTotal: 40894456 kB, SwapFree: 40861944 kB
INFO [2026-03-16 14:09:49] Memory: Total: 61649012 kB, Available: 46681308 kB, Active: 13928716 kB, SwapTotal: 40894456 kB, SwapFree: 40861944 kB
INFO [2026-03-16 14:09:49] Memory: Total: 61649012 kB, Available: 46681308 kB, Active: 13928548 kB, SwapTotal: 40894456 kB, SwapFree: 40861944 kB
INFO [2026-03-16 14:09:49] Memory: Total: 61649012 kB, Available: 46681308 kB, Active: 13928548 kB, SwapTotal: 40894456 kB, SwapFree: 40861944 kB
INFO [2026-03-16 14:09:49] Memory: Total: 61649012 kB, Available: 46681308 kB, Active: 13928548 kB, SwapTotal: 40894456 kB, SwapFree: 40861944 kB
INFO [2026-03-16 14:09:50] Memory: Total: 61649012 kB, Available: 46681308 kB, Active: 13928548 kB, SwapTotal: 40894456 kB, SwapFree: 40861944 kB
INFO [2026-03-16 14:09:50] Memory: Total: 61649012 kB, Available: 46681300 kB, Active: 13928544 kB, SwapTotal: 40894456 kB, SwapFree: 40861944 kB
INFO [2026-03-16 14:09:50] Memory: Total: 61649012 kB, Available: 46681300 kB, Active: 13928868 kB, SwapTotal: 40894456 kB, SwapFree: 40861944 kB
INFO [2026-03-16 14:09:50] Memory: Total: 61649012 kB, Available: 46681300 kB, Active: 13928868 kB, SwapTotal: 40894456 kB, SwapFree: 40861944 kB
INFO [2026-03-16 14:09:50] Memory: Total: 61649012 kB, Available: 46681300 kB, Active: 13928868 kB, SwapTotal: 40894456 kB, SwapFree: 40861944 kB
INFO [2026-03-16 14:09:50] Memory: Total: 61649012 kB, Available: 46681300 kB, Active: 13928868 kB, SwapTotal: 40894456 kB, SwapFree: 40861944 kB
INFO [2026-03-16 14:09:50] Memory: Total: 61649012 kB, Available: 46681300 kB, Active: 13929192 kB, SwapTotal: 40894456 kB, SwapFree: 40861944 kB
INFO [2026-03-16 14:09:50] Memory: Total: 61649012 kB, Available: 46681300 kB, Active: 13929192 kB, SwapTotal: 40894456 kB, SwapFree: 40861944 kB
INFO [2026-03-16 14:09:50] Memory: Total: 61649012 kB, Available: 46681300 kB, Active: 13929192 kB, SwapTotal: 40894456 kB, SwapFree: 40861944 kB
INFO [2026-03-16 14:09:50] Memory: Total: 61649012 kB, Available: 46681300 kB, Active: 13929192 kB, SwapTotal: 40894456 kB, SwapFree: 40861944 kB
INFO [2026-03-16 14:09:50] Memory: Total: 61649012 kB, Available: 46681300 kB, Active: 13929192 kB, SwapTotal: 40894456 kB, SwapFree: 40861944 kB
INFO [2026-03-16 14:09:50] Memory: Total: 61649012 kB, Available: 46681300 kB, Active: 13929192 kB, SwapTotal: 40894456 kB, SwapFree: 40861944 kB
INFO [2026-03-16 14:09:50] Memory: Total: 61649012 kB, Available: 46681300 kB, Active: 13929192 kB, SwapTotal: 40894456 kB, SwapFree: 40861944 kB
INFO [2026-03-16 14:09:50] Memory: Total: 61649012 kB, Available: 46681300 kB, Active: 13929192 kB, SwapTotal: 40894456 kB, SwapFree: 40861944 kB
INFO [2026-03-16 14:09:50] Memory: Total: 61649012 kB, Available: 46681300 kB, Active: 13929192 kB, SwapTotal: 40894456 kB, SwapFree: 40861944 kB
INFO [2026-03-16 14:09:50] Memory: Total: 61649012 kB, Available: 46681076 kB, Active: 13929192 kB, SwapTotal: 40894456 kB, SwapFree: 40861944 kB
INFO [2026-03-16 14:09:50] Memory: Total: 61649012 kB, Available: 46681072 kB, Active: 13929192 kB, SwapTotal: 40894456 kB, SwapFree: 40861944 kB
INFO [2026-03-16 14:09:50] Memory: Total: 61649012 kB, Available: 46681076 kB, Active: 13928448 kB, SwapTotal: 40894456 kB, SwapFree: 40861944 kB
INFO [2026-03-16 14:09:51] Memory: Total: 61649012 kB, Available: 46681076 kB, Active: 13928448 kB, SwapTotal: 40894456 kB, SwapFree: 40861944 kB
INFO [2026-03-16 14:09:51] Memory: Total: 61649012 kB, Available: 46681076 kB, Active: 13928772 kB, SwapTotal: 40894456 kB, SwapFree: 40861944 kB
INFO [2026-03-16 14:09:51] Memory: Total: 61649012 kB, Available: 46681076 kB, Active: 13928772 kB, SwapTotal: 40894456 kB, SwapFree: 40861944 kB
INFO [2026-03-16 14:09:51] Memory: Total: 61649012 kB, Available: 46681076 kB, Active: 13928772 kB, SwapTotal: 40894456 kB, SwapFree: 40861944 kB
INFO [2026-03-16 14:09:51] Memory: Total: 61649012 kB, Available: 46681076 kB, Active: 13928772 kB, SwapTotal: 40894456 kB, SwapFree: 40861944 kB
INFO [2026-03-16 14:09:51] Memory: Total: 61649012 kB, Available: 46681076 kB, Active: 13928772 kB, SwapTotal: 40894456 kB, SwapFree: 40861944 kB
INFO [2026-03-16 14:09:51] Memory: Total: 61649012 kB, Available: 46681076 kB, Active: 13928772 kB, SwapTotal: 40894456 kB, SwapFree: 40861944 kB
INFO [2026-03-16 14:09:51] Memory: Total: 61649012 kB, Available: 46681076 kB, Active: 13929096 kB, SwapTotal: 40894456 kB, SwapFree: 40861944 kB
INFO [2026-03-16 14:09:51] Memory: Total: 61649012 kB, Available: 46681076 kB, Active: 13929420 kB, SwapTotal: 40894456 kB, SwapFree: 40861944 kB
INFO [2026-03-16 14:09:51] Memory: Total: 61649012 kB, Available: 46681076 kB, Active: 13929744 kB, SwapTotal: 40894456 kB, SwapFree: 40861944 kB
INFO [2026-03-16 14:09:51] Memory: Total: 61649012 kB, Available: 46681076 kB, Active: 13929744 kB, SwapTotal: 40894456 kB, SwapFree: 40861944 kB
INFO [2026-03-16 14:09:51] Memory: Total: 61649012 kB, Available: 46681076 kB, Active: 13929744 kB, SwapTotal: 40894456 kB, SwapFree: 40861944 kB
INFO [2026-03-16 14:09:51] Memory: Total: 61649012 kB, Available: 46681076 kB, Active: 13929744 kB, SwapTotal: 40894456 kB, SwapFree: 40861944 kB
INFO [2026-03-16 14:09:51] Memory: Total: 61649012 kB, Available: 46681076 kB, Active: 13929744 kB, SwapTotal: 40894456 kB, SwapFree: 40861944 kB
INFO [2026-03-16 14:09:51] Memory: Total: 61649012 kB, Available: 46681076 kB, Active: 13929744 kB, SwapTotal: 40894456 kB, SwapFree: 40861944 kB
INFO [2026-03-16 14:09:51] Memory: Total: 61649012 kB, Available: 46681076 kB, Active: 13929744 kB, SwapTotal: 40894456 kB, SwapFree: 40861944 kB
INFO [2026-03-16 14:09:51] Memory: Total: 61649012 kB, Available: 46681076 kB, Active: 13930068 kB, SwapTotal: 40894456 kB, SwapFree: 40861944 kB
INFO [2026-03-16 14:09:51] Memory: Total: 61649012 kB, Available: 46681076 kB, Active: 13930068 kB, SwapTotal: 40894456 kB, SwapFree: 40861944 kB
INFO [2026-03-16 14:09:51] Memory: Total: 61649012 kB, Available: 46681076 kB, Active: 13930068 kB, SwapTotal: 40894456 kB, SwapFree: 40861944 kB
INFO [2026-03-16 14:09:51] Memory: Total: 61649012 kB, Available: 46681076 kB, Active: 13929112 kB, SwapTotal: 40894456 kB, SwapFree: 40861944 kB
INFO [2026-03-16 14:09:51] Memory: Total: 61649012 kB, Available: 46681076 kB, Active: 13929112 kB, SwapTotal: 40894456 kB, SwapFree: 40861944 kB
INFO [2026-03-16 14:09:52] Memory: Total: 61649012 kB, Available: 46681076 kB, Active: 13929112 kB, SwapTotal: 40894456 kB, SwapFree: 40861944 kB
INFO [2026-03-16 14:09:52] Memory: Total: 61649012 kB, Available: 46681076 kB, Active: 13929436 kB, SwapTotal: 40894456 kB, SwapFree: 40861944 kB
INFO [2026-03-16 14:09:52] Memory: Total: 61649012 kB, Available: 46681076 kB, Active: 13929436 kB, SwapTotal: 40894456 kB, SwapFree: 40861944 kB
INFO [2026-03-16 14:09:52] Memory: Total: 61649012 kB, Available: 46681076 kB, Active: 13929436 kB, SwapTotal: 40894456 kB, SwapFree: 40861944 kB
INFO [2026-03-16 14:09:52] Memory: Total: 61649012 kB, Available: 46681076 kB, Active: 13929436 kB, SwapTotal: 40894456 kB, SwapFree: 40861944 kB
INFO [2026-03-16 14:09:52] Memory: Total: 61649012 kB, Available: 46681076 kB, Active: 13929436 kB, SwapTotal: 40894456 kB, SwapFree: 40861944 kB
INFO [2026-03-16 14:09:52] Memory: Total: 61649012 kB, Available: 46681076 kB, Active: 13929760 kB, SwapTotal: 40894456 kB, SwapFree: 40861944 kB
INFO [2026-03-16 14:09:52] Memory: Total: 61649012 kB, Available: 46681076 kB, Active: 13929760 kB, SwapTotal: 40894456 kB, SwapFree: 40861944 kB
INFO [2026-03-16 14:09:52] Memory: Total: 61649012 kB, Available: 46681076 kB, Active: 13929760 kB, SwapTotal: 40894456 kB, SwapFree: 40861944 kB
INFO [2026-03-16 14:09:52] Memory: Total: 61649012 kB, Available: 46681076 kB, Active: 13929760 kB, SwapTotal: 40894456 kB, SwapFree: 40861944 kB
INFO [2026-03-16 14:09:52] Memory: Total: 61649012 kB, Available: 46681076 kB, Active: 13930084 kB, SwapTotal: 40894456 kB, SwapFree: 40861944 kB
INFO [2026-03-16 14:09:52] Memory: Total: 61649012 kB, Available: 46681076 kB, Active: 13930732 kB, SwapTotal: 40894456 kB, SwapFree: 40861944 kB
INFO [2026-03-16 14:09:52] Memory: Total: 61649012 kB, Available: 46681076 kB, Active: 13930732 kB, SwapTotal: 40894456 kB, SwapFree: 40861944 kB
INFO [2026-03-16 14:09:52] Memory: Total: 61649012 kB, Available: 46681076 kB, Active: 13930732 kB, SwapTotal: 40894456 kB, SwapFree: 40861944 kB
INFO [2026-03-16 14:09:52] Memory: Total: 61649012 kB, Available: 46681076 kB, Active: 13930732 kB, SwapTotal: 40894456 kB, SwapFree: 40861944 kB
INFO [2026-03-16 14:09:52] Memory: Total: 61649012 kB, Available: 46681076 kB, Active: 13930732 kB, SwapTotal: 40894456 kB, SwapFree: 40861944 kB
INFO [2026-03-16 14:09:52] Memory: Total: 61649012 kB, Available: 46681076 kB, Active: 13930732 kB, SwapTotal: 40894456 kB, SwapFree: 40861944 kB
INFO [2026-03-16 14:09:52] Memory: Total: 61649012 kB, Available: 46681076 kB, Active: 13930732 kB, SwapTotal: 40894456 kB, SwapFree: 40861944 kB
INFO [2026-03-16 14:09:52] Memory: Total: 61649012 kB, Available: 46681076 kB, Active: 13930572 kB, SwapTotal: 40894456 kB, SwapFree: 40861944 kB
INFO [2026-03-16 14:09:52] Memory: Total: 61649012 kB, Available: 46681076 kB, Active: 13930572 kB, SwapTotal: 40894456 kB, SwapFree: 40861944 kB
INFO [2026-03-16 14:09:52] Memory: Total: 61649012 kB, Available: 46681076 kB, Active: 13930572 kB, SwapTotal: 40894456 kB, SwapFree: 40861944 kB
INFO [2026-03-16 14:09:53] Memory: Total: 61649012 kB, Available: 46681076 kB, Active: 13930896 kB, SwapTotal: 40894456 kB, SwapFree: 40861944 kB
INFO [2026-03-16 14:09:53] Memory: Total: 61649012 kB, Available: 46681076 kB, Active: 13931220 kB, SwapTotal: 40894456 kB, SwapFree: 40861944 kB
INFO [2026-03-16 14:09:53] Memory: Total: 61649012 kB, Available: 46681076 kB, Active: 13931544 kB, SwapTotal: 40894456 kB, SwapFree: 40861944 kB
INFO [2026-03-16 14:09:53] Memory: Total: 61649012 kB, Available: 46681076 kB, Active: 13931544 kB, SwapTotal: 40894456 kB, SwapFree: 40861944 kB
INFO [2026-03-16 14:09:53] Memory: Total: 61649012 kB, Available: 46681076 kB, Active: 13931544 kB, SwapTotal: 40894456 kB, SwapFree: 40861944 kB
INFO [2026-03-16 14:09:53] Memory: Total: 61649012 kB, Available: 46681076 kB, Active: 13931544 kB, SwapTotal: 40894456 kB, SwapFree: 40861944 kB
INFO [2026-03-16 14:09:53] Memory: Total: 61649012 kB, Available: 46681076 kB, Active: 13931544 kB, SwapTotal: 40894456 kB, SwapFree: 40861944 kB
INFO [2026-03-16 14:09:53] Memory: Total: 61649012 kB, Available: 46681076 kB, Active: 13931868 kB, SwapTotal: 40894456 kB, SwapFree: 40861944 kB
INFO [2026-03-16 14:09:53] Memory: Total: 61649012 kB, Available: 46681076 kB, Active: 13931868 kB, SwapTotal: 40894456 kB, SwapFree: 40861944 kB
INFO [2026-03-16 14:09:53] Memory: Total: 61649012 kB, Available: 46681076 kB, Active: 13931868 kB, SwapTotal: 40894456 kB, SwapFree: 40861944 kB
INFO [2026-03-16 14:09:53] Memory: Total: 61649012 kB, Available: 46681076 kB, Active: 13931868 kB, SwapTotal: 40894456 kB, SwapFree: 40861944 kB
INFO [2026-03-16 14:09:53] Memory: Total: 61649012 kB, Available: 46681076 kB, Active: 13931868 kB, SwapTotal: 40894456 kB, SwapFree: 40861944 kB
INFO [2026-03-16 14:09:53] Memory: Total: 61649012 kB, Available: 46681076 kB, Active: 13932192 kB, SwapTotal: 40894456 kB, SwapFree: 40861944 kB
INFO [2026-03-16 14:09:53] Memory: Total: 61649012 kB, Available: 46681076 kB, Active: 13932840 kB, SwapTotal: 40894456 kB, SwapFree: 40861944 kB
INFO [2026-03-16 14:09:53] Memory: Total: 61649012 kB, Available: 46681076 kB, Active: 13932840 kB, SwapTotal: 40894456 kB, SwapFree: 40861944 kB
INFO [2026-03-16 14:09:53] Memory: Total: 61649012 kB, Available: 46681076 kB, Active: 13933168 kB, SwapTotal: 40894456 kB, SwapFree: 40861944 kB
INFO [2026-03-16 14:09:53] Memory: Total: 61649012 kB, Available: 46681076 kB, Active: 13932544 kB, SwapTotal: 40894456 kB, SwapFree: 40861944 kB
INFO [2026-03-16 14:09:53] Memory: Total: 61649012 kB, Available: 46681076 kB, Active: 13932868 kB, SwapTotal: 40894456 kB, SwapFree: 40861944 kB
INFO [2026-03-16 14:09:53] Memory: Total: 61649012 kB, Available: 46681076 kB, Active: 13932868 kB, SwapTotal: 40894456 kB, SwapFree: 40861944 kB
INFO [2026-03-16 14:09:54] Memory: Total: 61649012 kB, Available: 46681076 kB, Active: 13932868 kB, SwapTotal: 40894456 kB, SwapFree: 40861944 kB
INFO [2026-03-16 14:09:54] Memory: Total: 61649012 kB, Available: 46681076 kB, Active: 13932868 kB, SwapTotal: 40894456 kB, SwapFree: 40861944 kB
INFO [2026-03-16 14:09:54] Memory: Total: 61649012 kB, Available: 46681076 kB, Active: 13933192 kB, SwapTotal: 40894456 kB, SwapFree: 40861944 kB
INFO [2026-03-16 14:09:54] Memory: Total: 61649012 kB, Available: 46681076 kB, Active: 13933192 kB, SwapTotal: 40894456 kB, SwapFree: 40861944 kB
INFO [2026-03-16 14:09:54] Memory: Total: 61649012 kB, Available: 46681076 kB, Active: 13933196 kB, SwapTotal: 40894456 kB, SwapFree: 40861944 kB
INFO [2026-03-16 14:09:54] Memory: Total: 61649012 kB, Available: 46681076 kB, Active: 13933196 kB, SwapTotal: 40894456 kB, SwapFree: 40861944 kB
INFO [2026-03-16 14:09:54] Memory: Total: 61649012 kB, Available: 46681076 kB, Active: 13933520 kB, SwapTotal: 40894456 kB, SwapFree: 40861944 kB
INFO [2026-03-16 14:09:54] Memory: Total: 61649012 kB, Available: 46681076 kB, Active: 13933520 kB, SwapTotal: 40894456 kB, SwapFree: 40861944 kB
INFO [2026-03-16 14:09:54] Memory: Total: 61649012 kB, Available: 46681076 kB, Active: 13933844 kB, SwapTotal: 40894456 kB, SwapFree: 40861944 kB
INFO [2026-03-16 14:09:54] Memory: Total: 61649012 kB, Available: 46681076 kB, Active: 13933844 kB, SwapTotal: 40894456 kB, SwapFree: 40861944 kB
INFO [2026-03-16 14:09:54] Memory: Total: 61649012 kB, Available: 46681076 kB, Active: 13933844 kB, SwapTotal: 40894456 kB, SwapFree: 40861944 kB
INFO [2026-03-16 14:09:54] Memory: Total: 61649012 kB, Available: 46681076 kB, Active: 13934168 kB, SwapTotal: 40894456 kB, SwapFree: 40861944 kB
INFO [2026-03-16 14:09:54] Memory: Total: 61649012 kB, Available: 46681076 kB, Active: 13934168 kB, SwapTotal: 40894456 kB, SwapFree: 40861944 kB
INFO [2026-03-16 14:09:54] Memory: Total: 61649012 kB, Available: 46681076 kB, Active: 13934168 kB, SwapTotal: 40894456 kB, SwapFree: 40861944 kB
INFO [2026-03-16 14:09:54] Memory: Total: 61649012 kB, Available: 46681076 kB, Active: 13934168 kB, SwapTotal: 40894456 kB, SwapFree: 40861944 kB
INFO [2026-03-16 14:09:54] Memory: Total: 61649012 kB, Available: 46681076 kB, Active: 13933984 kB, SwapTotal: 40894456 kB, SwapFree: 40861944 kB
INFO [2026-03-16 14:09:54] Memory: Total: 61649012 kB, Available: 46681076 kB, Active: 13933984 kB, SwapTotal: 40894456 kB, SwapFree: 40861944 kB
INFO [2026-03-16 14:09:54] Memory: Total: 61649012 kB, Available: 46681076 kB, Active: 13933984 kB, SwapTotal: 40894456 kB, SwapFree: 40861944 kB
INFO [2026-03-16 14:09:55] Memory: Total: 61649012 kB, Available: 46681076 kB, Active: 13934084 kB, SwapTotal: 40894456 kB, SwapFree: 40861944 kB
INFO [2026-03-16 14:09:55] Memory: Total: 61649012 kB, Available: 46681076 kB, Active: 13934084 kB, SwapTotal: 40894456 kB, SwapFree: 40861944 kB
INFO [2026-03-16 14:09:55] Memory: Total: 61649012 kB, Available: 46681076 kB, Active: 13934408 kB, SwapTotal: 40894456 kB, SwapFree: 40861944 kB
INFO [2026-03-16 14:09:55] Memory: Total: 61649012 kB, Available: 46681076 kB, Active: 13934408 kB, SwapTotal: 40894456 kB, SwapFree: 40861944 kB
INFO [2026-03-16 14:09:55] Memory: Total: 61649012 kB, Available: 46681076 kB, Active: 13934408 kB, SwapTotal: 40894456 kB, SwapFree: 40861944 kB
INFO [2026-03-16 14:09:55] Memory: Total: 61649012 kB, Available: 46681076 kB, Active: 13935056 kB, SwapTotal: 40894456 kB, SwapFree: 40861944 kB
INFO [2026-03-16 14:09:55] Memory: Total: 61649012 kB, Available: 46681076 kB, Active: 13935056 kB, SwapTotal: 40894456 kB, SwapFree: 40861944 kB
INFO [2026-03-16 14:09:55] Memory: Total: 61649012 kB, Available: 46681076 kB, Active: 13935056 kB, SwapTotal: 40894456 kB, SwapFree: 40861944 kB
INFO [2026-03-16 14:09:55] Memory: Total: 61649012 kB, Available: 46681076 kB, Active: 13935056 kB, SwapTotal: 40894456 kB, SwapFree: 40861944 kB
INFO [2026-03-16 14:09:55] Memory: Total: 61649012 kB, Available: 46681076 kB, Active: 13935056 kB, SwapTotal: 40894456 kB, SwapFree: 40861944 kB
INFO [2026-03-16 14:09:55] Memory: Total: 61649012 kB, Available: 46681076 kB, Active: 13935056 kB, SwapTotal: 40894456 kB, SwapFree: 40861944 kB
INFO [2026-03-16 14:09:55] Memory: Total: 61649012 kB, Available: 46681076 kB, Active: 13935056 kB, SwapTotal: 40894456 kB, SwapFree: 40861944 kB
INFO [2026-03-16 14:09:55] Memory: Total: 61649012 kB, Available: 46681076 kB, Active: 13935380 kB, SwapTotal: 40894456 kB, SwapFree: 40861944 kB
INFO [2026-03-16 14:09:55] Memory: Total: 61649012 kB, Available: 46681076 kB, Active: 13935380 kB, SwapTotal: 40894456 kB, SwapFree: 40861944 kB
INFO [2026-03-16 14:09:55] Memory: Total: 61649012 kB, Available: 46681076 kB, Active: 13935380 kB, SwapTotal: 40894456 kB, SwapFree: 40861944 kB
INFO [2026-03-16 14:09:55] Memory: Total: 61649012 kB, Available: 46681076 kB, Active: 13935380 kB, SwapTotal: 40894456 kB, SwapFree: 40861944 kB
INFO [2026-03-16 14:09:55] Memory: Total: 61649012 kB, Available: 46681076 kB, Active: 13936028 kB, SwapTotal: 40894456 kB, SwapFree: 40861944 kB
INFO [2026-03-16 14:09:55] Memory: Total: 61649012 kB, Available: 46681076 kB, Active: 13936028 kB, SwapTotal: 40894456 kB, SwapFree: 40861944 kB
INFO [2026-03-16 14:09:55] Memory: Total: 61649012 kB, Available: 46681076 kB, Active: 13936028 kB, SwapTotal: 40894456 kB, SwapFree: 40861944 kB
INFO [2026-03-16 14:09:55] Memory: Total: 61649012 kB, Available: 46681076 kB, Active: 13936028 kB, SwapTotal: 40894456 kB, SwapFree: 40861944 kB
INFO [2026-03-16 14:09:55] Memory: Total: 61649012 kB, Available: 46681088 kB, Active: 13935888 kB, SwapTotal: 40894456 kB, SwapFree: 40861944 kB
INFO [2026-03-16 14:09:55] Memory: Total: 61649012 kB, Available: 46681088 kB, Active: 13935888 kB, SwapTotal: 40894456 kB, SwapFree: 40861944 kB
INFO [2026-03-16 14:09:55] Memory: Total: 61649012 kB, Available: 46681088 kB, Active: 13935888 kB, SwapTotal: 40894456 kB, SwapFree: 40861944 kB
INFO [2026-03-16 14:09:56] Memory: Total: 61649012 kB, Available: 46681088 kB, Active: 13935888 kB, SwapTotal: 40894456 kB, SwapFree: 40861944 kB
INFO [2026-03-16 14:09:56] Memory: Total: 61649012 kB, Available: 46681088 kB, Active: 13936212 kB, SwapTotal: 40894456 kB, SwapFree: 40861944 kB
INFO [2026-03-16 14:09:56] Memory: Total: 61649012 kB, Available: 46681088 kB, Active: 13936536 kB, SwapTotal: 40894456 kB, SwapFree: 40861944 kB
INFO [2026-03-16 14:09:56] Memory: Total: 61649012 kB, Available: 46681088 kB, Active: 13936860 kB, SwapTotal: 40894456 kB, SwapFree: 40861944 kB
INFO [2026-03-16 14:09:56] Memory: Total: 61649012 kB, Available: 46681088 kB, Active: 13936860 kB, SwapTotal: 40894456 kB, SwapFree: 40861944 kB
INFO [2026-03-16 14:09:56] Memory: Total: 61649012 kB, Available: 46681088 kB, Active: 13937184 kB, SwapTotal: 40894456 kB, SwapFree: 40861944 kB
INFO [2026-03-16 14:09:56] Memory: Total: 61649012 kB, Available: 46681088 kB, Active: 13937184 kB, SwapTotal: 40894456 kB, SwapFree: 40861944 kB
INFO [2026-03-16 14:09:56] Memory: Total: 61649012 kB, Available: 46681088 kB, Active: 13937184 kB, SwapTotal: 40894456 kB, SwapFree: 40861944 kB
INFO [2026-03-16 14:09:56] Memory: Total: 61649012 kB, Available: 46681088 kB, Active: 13937184 kB, SwapTotal: 40894456 kB, SwapFree: 40861944 kB
INFO [2026-03-16 14:09:56] Memory: Total: 61649012 kB, Available: 46681088 kB, Active: 13937184 kB, SwapTotal: 40894456 kB, SwapFree: 40861944 kB
INFO [2026-03-16 14:09:56] Memory: Total: 61649012 kB, Available: 46681088 kB, Active: 13937184 kB, SwapTotal: 40894456 kB, SwapFree: 40861944 kB
INFO [2026-03-16 14:09:56] Memory: Total: 61649012 kB, Available: 46681088 kB, Active: 13937184 kB, SwapTotal: 40894456 kB, SwapFree: 40861944 kB
INFO [2026-03-16 14:09:56] Memory: Total: 61649012 kB, Available: 46681092 kB, Active: 13937460 kB, SwapTotal: 40894456 kB, SwapFree: 40861944 kB
INFO [2026-03-16 14:09:56] Memory: Total: 61649012 kB, Available: 46681092 kB, Active: 13937784 kB, SwapTotal: 40894456 kB, SwapFree: 40861944 kB
INFO [2026-03-16 14:09:56] Memory: Total: 61649012 kB, Available: 46681092 kB, Active: 13937780 kB, SwapTotal: 40894456 kB, SwapFree: 40861944 kB
INFO [2026-03-16 14:09:56] Memory: Total: 61649012 kB, Available: 46681092 kB, Active: 13938104 kB, SwapTotal: 40894456 kB, SwapFree: 40861944 kB
INFO [2026-03-16 14:09:56] Memory: Total: 61649012 kB, Available: 46681092 kB, Active: 13938104 kB, SwapTotal: 40894456 kB, SwapFree: 40861944 kB
INFO [2026-03-16 14:09:56] Memory: Total: 61649012 kB, Available: 46681088 kB, Active: 13938156 kB, SwapTotal: 40894456 kB, SwapFree: 40861944 kB
INFO [2026-03-16 14:09:57] Memory: Total: 61649012 kB, Available: 46681088 kB, Active: 13938156 kB, SwapTotal: 40894456 kB, SwapFree: 40861944 kB
INFO [2026-03-16 14:09:57] Memory: Total: 61649012 kB, Available: 46681088 kB, Active: 13938156 kB, SwapTotal: 40894456 kB, SwapFree: 40861944 kB
INFO [2026-03-16 14:09:57] Memory: Total: 61649012 kB, Available: 46681088 kB, Active: 13938156 kB, SwapTotal: 40894456 kB, SwapFree: 40861944 kB
INFO [2026-03-16 14:09:57] Memory: Total: 61649012 kB, Available: 46681088 kB, Active: 13938480 kB, SwapTotal: 40894456 kB, SwapFree: 40861944 kB
INFO [2026-03-16 14:09:57] Memory: Total: 61649012 kB, Available: 46681088 kB, Active: 13938480 kB, SwapTotal: 40894456 kB, SwapFree: 40861944 kB
INFO [2026-03-16 14:09:57] Memory: Total: 61649012 kB, Available: 46681088 kB, Active: 13938804 kB, SwapTotal: 40894456 kB, SwapFree: 40861944 kB
INFO [2026-03-16 14:09:57] Memory: Total: 61649012 kB, Available: 46681088 kB, Active: 13938804 kB, SwapTotal: 40894456 kB, SwapFree: 40861944 kB
INFO [2026-03-16 14:09:57] Memory: Total: 61649012 kB, Available: 46681088 kB, Active: 13938804 kB, SwapTotal: 40894456 kB, SwapFree: 40861944 kB
INFO [2026-03-16 14:09:57] Memory: Total: 61649012 kB, Available: 46681088 kB, Active: 13938804 kB, SwapTotal: 40894456 kB, SwapFree: 40861944 kB
INFO [2026-03-16 14:09:57] Memory: Total: 61649012 kB, Available: 46681088 kB, Active: 13939128 kB, SwapTotal: 40894456 kB, SwapFree: 40861944 kB
INFO [2026-03-16 14:09:57] Memory: Total: 61649012 kB, Available: 46681088 kB, Active: 13939128 kB, SwapTotal: 40894456 kB, SwapFree: 40861944 kB
INFO [2026-03-16 14:09:57] Memory: Total: 61649012 kB, Available: 46681088 kB, Active: 13939128 kB, SwapTotal: 40894456 kB, SwapFree: 40861944 kB
INFO [2026-03-16 14:09:57] Memory: Total: 61649012 kB, Available: 46681088 kB, Active: 13939128 kB, SwapTotal: 40894456 kB, SwapFree: 40861944 kB
INFO [2026-03-16 14:09:57] Memory: Total: 61649012 kB, Available: 46681088 kB, Active: 13939128 kB, SwapTotal: 40894456 kB, SwapFree: 40861944 kB
INFO [2026-03-16 14:09:57] Memory: Total: 61649012 kB, Available: 46681088 kB, Active: 13939128 kB, SwapTotal: 40894456 kB, SwapFree: 40861944 kB
INFO [2026-03-16 14:09:57] Memory: Total: 61649012 kB, Available: 46681088 kB, Active: 13939128 kB, SwapTotal: 40894456 kB, SwapFree: 40861944 kB
INFO [2026-03-16 14:09:57] Memory: Total: 61649012 kB, Available: 46681088 kB, Active: 13939452 kB, SwapTotal: 40894456 kB, SwapFree: 40861944 kB
INFO [2026-03-16 14:09:57] Memory: Total: 61649012 kB, Available: 46681088 kB, Active: 13939452 kB, SwapTotal: 40894456 kB, SwapFree: 40861944 kB
INFO [2026-03-16 14:09:57] Memory: Total: 61649012 kB, Available: 46681088 kB, Active: 13939452 kB, SwapTotal: 40894456 kB, SwapFree: 40861944 kB
INFO [2026-03-16 14:09:57] Memory: Total: 61649012 kB, Available: 46681088 kB, Active: 13938924 kB, SwapTotal: 40894456 kB, SwapFree: 40861944 kB
INFO [2026-03-16 14:09:58] Memory: Total: 61649012 kB, Available: 46681088 kB, Active: 13938924 kB, SwapTotal: 40894456 kB, SwapFree: 40861944 kB
INFO [2026-03-16 14:09:58] Memory: Total: 61649012 kB, Available: 46681088 kB, Active: 13938924 kB, SwapTotal: 40894456 kB, SwapFree: 40861944 kB
INFO [2026-03-16 14:09:58] Memory: Total: 61649012 kB, Available: 46681088 kB, Active: 13938924 kB, SwapTotal: 40894456 kB, SwapFree: 40861944 kB
INFO [2026-03-16 14:09:58] Memory: Total: 61649012 kB, Available: 46681088 kB, Active: 13938924 kB, SwapTotal: 40894456 kB, SwapFree: 40861944 kB
INFO [2026-03-16 14:09:58] Memory: Total: 61649012 kB, Available: 46681088 kB, Active: 13938924 kB, SwapTotal: 40894456 kB, SwapFree: 40861944 kB
INFO [2026-03-16 14:09:58] Memory: Total: 61649012 kB, Available: 46681088 kB, Active: 13938924 kB, SwapTotal: 40894456 kB, SwapFree: 40861944 kB
INFO [2026-03-16 14:09:58] Memory: Total: 61649012 kB, Available: 46681088 kB, Active: 13939248 kB, SwapTotal: 40894456 kB, SwapFree: 40861944 kB
INFO [2026-03-16 14:09:58] Memory: Total: 61649012 kB, Available: 46681088 kB, Active: 13939248 kB, SwapTotal: 40894456 kB, SwapFree: 40861944 kB
INFO [2026-03-16 14:09:58] Memory: Total: 61649012 kB, Available: 46681088 kB, Active: 13939572 kB, SwapTotal: 40894456 kB, SwapFree: 40861944 kB
INFO [2026-03-16 14:09:58] Memory: Total: 61649012 kB, Available: 46681088 kB, Active: 13939572 kB, SwapTotal: 40894456 kB, SwapFree: 40861944 kB
INFO [2026-03-16 14:09:58] Memory: Total: 61649012 kB, Available: 46681088 kB, Active: 13939572 kB, SwapTotal: 40894456 kB, SwapFree: 40861944 kB
INFO [2026-03-16 14:09:58] Memory: Total: 61649012 kB, Available: 46681088 kB, Active: 13939572 kB, SwapTotal: 40894456 kB, SwapFree: 40861944 kB
INFO [2026-03-16 14:09:58] Memory: Total: 61649012 kB, Available: 46681088 kB, Active: 13939572 kB, SwapTotal: 40894456 kB, SwapFree: 40861944 kB
INFO [2026-03-16 14:09:58] Memory: Total: 61649012 kB, Available: 46681088 kB, Active: 13939572 kB, SwapTotal: 40894456 kB, SwapFree: 40861944 kB
INFO [2026-03-16 14:09:58] Memory: Total: 61649012 kB, Available: 46681088 kB, Active: 13939572 kB, SwapTotal: 40894456 kB, SwapFree: 40861944 kB
INFO [2026-03-16 14:09:58] Memory: Total: 61649012 kB, Available: 46681088 kB, Active: 13939572 kB, SwapTotal: 40894456 kB, SwapFree: 40861944 kB
INFO [2026-03-16 14:09:58] Memory: Total: 61649012 kB, Available: 46681088 kB, Active: 13939572 kB, SwapTotal: 40894456 kB, SwapFree: 40861944 kB
INFO [2026-03-16 14:09:58] Memory: Total: 61649012 kB, Available: 46681088 kB, Active: 13939572 kB, SwapTotal: 40894456 kB, SwapFree: 40861944 kB
INFO [2026-03-16 14:09:58] Memory: Total: 61649012 kB, Available: 46681088 kB, Active: 13939572 kB, SwapTotal: 40894456 kB, SwapFree: 40861944 kB
INFO [2026-03-16 14:09:58] Memory: Total: 61649012 kB, Available: 46681088 kB, Active: 13938988 kB, SwapTotal: 40894456 kB, SwapFree: 40861944 kB
INFO [2026-03-16 14:09:58] Memory: Total: 61649012 kB, Available: 46681088 kB, Active: 13938988 kB, SwapTotal: 40894456 kB, SwapFree: 40861944 kB
INFO [2026-03-16 14:09:58] Memory: Total: 61649012 kB, Available: 46681088 kB, Active: 13939312 kB, SwapTotal: 40894456 kB, SwapFree: 40861944 kB
INFO [2026-03-16 14:09:58] Memory: Total: 61649012 kB, Available: 46681088 kB, Active: 13939312 kB, SwapTotal: 40894456 kB, SwapFree: 40861944 kB
INFO [2026-03-16 14:09:59] Memory: Total: 61649012 kB, Available: 46681088 kB, Active: 13939312 kB, SwapTotal: 40894456 kB, SwapFree: 40861944 kB
INFO [2026-03-16 14:09:59] Memory: Total: 61649012 kB, Available: 46681088 kB, Active: 13939312 kB, SwapTotal: 40894456 kB, SwapFree: 40861944 kB
INFO [2026-03-16 14:09:59] Memory: Total: 61649012 kB, Available: 46681088 kB, Active: 13939312 kB, SwapTotal: 40894456 kB, SwapFree: 40861944 kB
INFO [2026-03-16 14:09:59] Memory: Total: 61649012 kB, Available: 46681088 kB, Active: 13939636 kB, SwapTotal: 40894456 kB, SwapFree: 40861944 kB
INFO [2026-03-16 14:09:59] Memory: Total: 61649012 kB, Available: 46681088 kB, Active: 13939636 kB, SwapTotal: 40894456 kB, SwapFree: 40861944 kB
INFO [2026-03-16 14:09:59] Memory: Total: 61649012 kB, Available: 46681088 kB, Active: 13939636 kB, SwapTotal: 40894456 kB, SwapFree: 40861944 kB
INFO [2026-03-16 14:09:59] Memory: Total: 61649012 kB, Available: 46681088 kB, Active: 13939636 kB, SwapTotal: 40894456 kB, SwapFree: 40861944 kB
INFO [2026-03-16 14:09:59] Memory: Total: 61649012 kB, Available: 46681088 kB, Active: 13939960 kB, SwapTotal: 40894456 kB, SwapFree: 40861944 kB
INFO [2026-03-16 14:09:59] Memory: Total: 61649012 kB, Available: 46681088 kB, Active: 13939960 kB, SwapTotal: 40894456 kB, SwapFree: 40861944 kB
INFO [2026-03-16 14:09:59] Memory: Total: 61649012 kB, Available: 46681088 kB, Active: 13939960 kB, SwapTotal: 40894456 kB, SwapFree: 40861944 kB
INFO [2026-03-16 14:09:59] Memory: Total: 61649012 kB, Available: 46681088 kB, Active: 13939960 kB, SwapTotal: 40894456 kB, SwapFree: 40861944 kB
INFO [2026-03-16 14:09:59] Memory: Total: 61649012 kB, Available: 46681088 kB, Active: 13939960 kB, SwapTotal: 40894456 kB, SwapFree: 40861944 kB
INFO [2026-03-16 14:09:59] Memory: Total: 61649012 kB, Available: 46681088 kB, Active: 13940284 kB, SwapTotal: 40894456 kB, SwapFree: 40861944 kB
INFO [2026-03-16 14:09:59] Memory: Total: 61649012 kB, Available: 46681088 kB, Active: 13940284 kB, SwapTotal: 40894456 kB, SwapFree: 40861944 kB
INFO [2026-03-16 14:09:59] Memory: Total: 61649012 kB, Available: 46681084 kB, Active: 13939656 kB, SwapTotal: 40894456 kB, SwapFree: 40861944 kB
INFO [2026-03-16 14:09:59] Memory: Total: 61649012 kB, Available: 46681084 kB, Active: 13939656 kB, SwapTotal: 40894456 kB, SwapFree: 40861944 kB
INFO [2026-03-16 14:09:59] Memory: Total: 61649012 kB, Available: 46681088 kB, Active: 13939472 kB, SwapTotal: 40894456 kB, SwapFree: 40861944 kB
INFO [2026-03-16 14:10:00] Memory: Total: 61649012 kB, Available: 46681088 kB, Active: 13939472 kB, SwapTotal: 40894456 kB, SwapFree: 40861944 kB
INFO [2026-03-16 14:10:00] Memory: Total: 61649012 kB, Available: 46681088 kB, Active: 13939472 kB, SwapTotal: 40894456 kB, SwapFree: 40861944 kB
INFO [2026-03-16 14:10:00] Memory: Total: 61649012 kB, Available: 46681088 kB, Active: 13939472 kB, SwapTotal: 40894456 kB, SwapFree: 40861944 kB
INFO [2026-03-16 14:10:00] Memory: Total: 61649012 kB, Available: 46681088 kB, Active: 13939472 kB, SwapTotal: 40894456 kB, SwapFree: 40861944 kB
INFO [2026-03-16 14:10:00] Memory: Total: 61649012 kB, Available: 46681088 kB, Active: 13939472 kB, SwapTotal: 40894456 kB, SwapFree: 40861944 kB
INFO [2026-03-16 14:10:00] Memory: Total: 61649012 kB, Available: 46681088 kB, Active: 13939472 kB, SwapTotal: 40894456 kB, SwapFree: 40861944 kB
INFO [2026-03-16 14:10:00] Memory: Total: 61649012 kB, Available: 46681088 kB, Active: 13939472 kB, SwapTotal: 40894456 kB, SwapFree: 40861944 kB
INFO [2026-03-16 14:10:00] Memory: Total: 61649012 kB, Available: 46681088 kB, Active: 13939472 kB, SwapTotal: 40894456 kB, SwapFree: 40861944 kB
INFO [2026-03-16 14:10:00] Memory: Total: 61649012 kB, Available: 46681088 kB, Active: 13939472 kB, SwapTotal: 40894456 kB, SwapFree: 40861944 kB
INFO [2026-03-16 14:10:00] Memory: Total: 61649012 kB, Available: 46681088 kB, Active: 13939472 kB, SwapTotal: 40894456 kB, SwapFree: 40861944 kB
INFO [2026-03-16 14:10:00] Memory: Total: 61649012 kB, Available: 46681088 kB, Active: 13939472 kB, SwapTotal: 40894456 kB, SwapFree: 40861944 kB
INFO [2026-03-16 14:10:00] Memory: Total: 61649012 kB, Available: 46681088 kB, Active: 13939472 kB, SwapTotal: 40894456 kB, SwapFree: 40861944 kB
INFO [2026-03-16 14:10:00] Memory: Total: 61649012 kB, Available: 46681088 kB, Active: 13939472 kB, SwapTotal: 40894456 kB, SwapFree: 40861944 kB
INFO [2026-03-16 14:10:00] Memory: Total: 61649012 kB, Available: 46681088 kB, Active: 13939472 kB, SwapTotal: 40894456 kB, SwapFree: 40861944 kB
INFO [2026-03-16 14:10:00] Memory: Total: 61649012 kB, Available: 46681088 kB, Active: 13939796 kB, SwapTotal: 40894456 kB, SwapFree: 40861944 kB
INFO [2026-03-16 14:10:00] Memory: Total: 61649012 kB, Available: 46681088 kB, Active: 13939472 kB, SwapTotal: 40894456 kB, SwapFree: 40861944 kB
INFO [2026-03-16 14:10:00] Memory: Total: 61649012 kB, Available: 46681088 kB, Active: 13939472 kB, SwapTotal: 40894456 kB, SwapFree: 40861944 kB
INFO [2026-03-16 14:10:00] Memory: Total: 61649012 kB, Available: 46681088 kB, Active: 13939196 kB, SwapTotal: 40894456 kB, SwapFree: 40861944 kB
INFO [2026-03-16 14:10:00] Memory: Total: 61649012 kB, Available: 46681088 kB, Active: 13939196 kB, SwapTotal: 40894456 kB, SwapFree: 40861944 kB
INFO [2026-03-16 14:10:00] Memory: Total: 61649012 kB, Available: 46683272 kB, Active: 13939436 kB, SwapTotal: 40894456 kB, SwapFree: 40861944 kB
INFO [2026-03-16 14:10:01] Memory: Total: 61649012 kB, Available: 46683272 kB, Active: 13939436 kB, SwapTotal: 40894456 kB, SwapFree: 40861944 kB
INFO [2026-03-16 14:10:01] Memory: Total: 61649012 kB, Available: 46683272 kB, Active: 13939436 kB, SwapTotal: 40894456 kB, SwapFree: 40861944 kB
INFO [2026-03-16 14:10:01] Memory: Total: 61649012 kB, Available: 46683272 kB, Active: 13939760 kB, SwapTotal: 40894456 kB, SwapFree: 40861944 kB
INFO [2026-03-16 14:10:01] Memory: Total: 61649012 kB, Available: 46683272 kB, Active: 13939760 kB, SwapTotal: 40894456 kB, SwapFree: 40861944 kB
INFO [2026-03-16 14:10:01] Memory: Total: 61649012 kB, Available: 46683596 kB, Active: 13939760 kB, SwapTotal: 40894456 kB, SwapFree: 40861944 kB
INFO [2026-03-16 14:10:01] Memory: Total: 61649012 kB, Available: 46683596 kB, Active: 13939760 kB, SwapTotal: 40894456 kB, SwapFree: 40861944 kB
INFO [2026-03-16 14:10:01] Memory: Total: 61649012 kB, Available: 46683596 kB, Active: 13939760 kB, SwapTotal: 40894456 kB, SwapFree: 40861944 kB
INFO [2026-03-16 14:10:01] Memory: Total: 61649012 kB, Available: 46683596 kB, Active: 13939760 kB, SwapTotal: 40894456 kB, SwapFree: 40861944 kB
INFO [2026-03-16 14:10:01] Memory: Total: 61649012 kB, Available: 46683596 kB, Active: 13939760 kB, SwapTotal: 40894456 kB, SwapFree: 40861944 kB
INFO [2026-03-16 14:10:01] Memory: Total: 61649012 kB, Available: 46683596 kB, Active: 13939760 kB, SwapTotal: 40894456 kB, SwapFree: 40861944 kB
INFO [2026-03-16 14:10:01] Memory: Total: 61649012 kB, Available: 46683596 kB, Active: 13939760 kB, SwapTotal: 40894456 kB, SwapFree: 40861944 kB
INFO [2026-03-16 14:10:01] Memory: Total: 61649012 kB, Available: 46683596 kB, Active: 13939760 kB, SwapTotal: 40894456 kB, SwapFree: 40861944 kB
INFO [2026-03-16 14:10:01] Memory: Total: 61649012 kB, Available: 46683596 kB, Active: 13939760 kB, SwapTotal: 40894456 kB, SwapFree: 40861944 kB
INFO [2026-03-16 14:10:01] Memory: Total: 61649012 kB, Available: 46683596 kB, Active: 13939760 kB, SwapTotal: 40894456 kB, SwapFree: 40861944 kB
INFO [2026-03-16 14:10:01] Memory: Total: 61649012 kB, Available: 46683596 kB, Active: 13939760 kB, SwapTotal: 40894456 kB, SwapFree: 40861944 kB
INFO [2026-03-16 14:10:01] Memory: Total: 61649012 kB, Available: 46683596 kB, Active: 13940084 kB, SwapTotal: 40894456 kB, SwapFree: 40861944 kB
INFO [2026-03-16 14:10:01] Memory: Total: 61649012 kB, Available: 46683596 kB, Active: 13940084 kB, SwapTotal: 40894456 kB, SwapFree: 40861944 kB
INFO [2026-03-16 14:10:01] Memory: Total: 61649012 kB, Available: 46683596 kB, Active: 13940084 kB, SwapTotal: 40894456 kB, SwapFree: 40861944 kB
INFO [2026-03-16 14:10:01] Memory: Total: 61649012 kB, Available: 46683764 kB, Active: 13940404 kB, SwapTotal: 40894456 kB, SwapFree: 40861944 kB
INFO [2026-03-16 14:10:01] Memory: Total: 61649012 kB, Available: 46683764 kB, Active: 13939760 kB, SwapTotal: 40894456 kB, SwapFree: 40861944 kB
INFO [2026-03-16 14:10:01] Memory: Total: 61649012 kB, Available: 46683764 kB, Active: 13939760 kB, SwapTotal: 40894456 kB, SwapFree: 40861944 kB
INFO [2026-03-16 14:10:01] Memory: Total: 61649012 kB, Available: 46683764 kB, Active: 13939760 kB, SwapTotal: 40894456 kB, SwapFree: 40861944 kB
INFO [2026-03-16 14:10:01] Memory: Total: 61649012 kB, Available: 46683764 kB, Active: 13939760 kB, SwapTotal: 40894456 kB, SwapFree: 40861944 kB
INFO [2026-03-16 14:10:02] Memory: Total: 61649012 kB, Available: 46683764 kB, Active: 13939760 kB, SwapTotal: 40894456 kB, SwapFree: 40861944 kB
INFO [2026-03-16 14:10:02] Memory: Total: 61649012 kB, Available: 46683764 kB, Active: 13939760 kB, SwapTotal: 40894456 kB, SwapFree: 40861944 kB
INFO [2026-03-16 14:10:02] Memory: Total: 61649012 kB, Available: 46683764 kB, Active: 13939760 kB, SwapTotal: 40894456 kB, SwapFree: 40861944 kB
INFO [2026-03-16 14:10:02] Memory: Total: 61649012 kB, Available: 46683764 kB, Active: 13939760 kB, SwapTotal: 40894456 kB, SwapFree: 40861944 kB
INFO [2026-03-16 14:10:02] Memory: Total: 61649012 kB, Available: 46683764 kB, Active: 13940084 kB, SwapTotal: 40894456 kB, SwapFree: 40861944 kB
INFO [2026-03-16 14:10:02] Memory: Total: 61649012 kB, Available: 46683764 kB, Active: 13940084 kB, SwapTotal: 40894456 kB, SwapFree: 40861944 kB
INFO [2026-03-16 14:10:02] Memory: Total: 61649012 kB, Available: 46683764 kB, Active: 13940084 kB, SwapTotal: 40894456 kB, SwapFree: 40861944 kB
INFO [2026-03-16 14:10:02] Memory: Total: 61649012 kB, Available: 46683764 kB, Active: 13940408 kB, SwapTotal: 40894456 kB, SwapFree: 40861944 kB
INFO [2026-03-16 14:10:02] Memory: Total: 61649012 kB, Available: 46683764 kB, Active: 13940408 kB, SwapTotal: 40894456 kB, SwapFree: 40861944 kB
INFO [2026-03-16 14:10:02] Memory: Total: 61649012 kB, Available: 46683764 kB, Active: 13940408 kB, SwapTotal: 40894456 kB, SwapFree: 40861944 kB
INFO [2026-03-16 14:10:02] Memory: Total: 61649012 kB, Available: 46683764 kB, Active: 13940408 kB, SwapTotal: 40894456 kB, SwapFree: 40861944 kB
INFO [2026-03-16 14:10:02] Memory: Total: 61649012 kB, Available: 46683764 kB, Active: 13940408 kB, SwapTotal: 40894456 kB, SwapFree: 40861944 kB
INFO [2026-03-16 14:10:02] Memory: Total: 61649012 kB, Available: 46684088 kB, Active: 13940408 kB, SwapTotal: 40894456 kB, SwapFree: 40861944 kB
INFO [2026-03-16 14:10:02] Memory: Total: 61649012 kB, Available: 46684088 kB, Active: 13940408 kB, SwapTotal: 40894456 kB, SwapFree: 40861944 kB
INFO [2026-03-16 14:10:02] Memory: Total: 61649012 kB, Available: 46684308 kB, Active: 13940116 kB, SwapTotal: 40894456 kB, SwapFree: 40861944 kB
INFO [2026-03-16 14:10:02] Memory: Total: 61649012 kB, Available: 46684308 kB, Active: 13940116 kB, SwapTotal: 40894456 kB, SwapFree: 40861944 kB
INFO [2026-03-16 14:10:02] Memory: Total: 61649012 kB, Available: 46684308 kB, Active: 13940156 kB, SwapTotal: 40894456 kB, SwapFree: 40861944 kB
INFO [2026-03-16 14:10:02] Memory: Total: 61649012 kB, Available: 46684308 kB, Active: 13940156 kB, SwapTotal: 40894456 kB, SwapFree: 40861944 kB
INFO [2026-03-16 14:10:03] Memory: Total: 61649012 kB, Available: 46684308 kB, Active: 13940156 kB, SwapTotal: 40894456 kB, SwapFree: 40861944 kB
INFO [2026-03-16 14:10:03] Memory: Total: 61649012 kB, Available: 46684308 kB, Active: 13940480 kB, SwapTotal: 40894456 kB, SwapFree: 40861944 kB
INFO [2026-03-16 14:10:03] Memory: Total: 61649012 kB, Available: 46684308 kB, Active: 13940480 kB, SwapTotal: 40894456 kB, SwapFree: 40861944 kB
INFO [2026-03-16 14:10:03] Memory: Total: 61649012 kB, Available: 46684308 kB, Active: 13940480 kB, SwapTotal: 40894456 kB, SwapFree: 40861944 kB
INFO [2026-03-16 14:10:03] Memory: Total: 61649012 kB, Available: 46684308 kB, Active: 13940480 kB, SwapTotal: 40894456 kB, SwapFree: 40861944 kB
INFO [2026-03-16 14:10:03] Memory: Total: 61649012 kB, Available: 46684308 kB, Active: 13940480 kB, SwapTotal: 40894456 kB, SwapFree: 40861944 kB
INFO [2026-03-16 14:10:03] Memory: Total: 61649012 kB, Available: 46684308 kB, Active: 13941052 kB, SwapTotal: 40894456 kB, SwapFree: 40861944 kB
INFO [2026-03-16 14:10:03] Memory: Total: 61649012 kB, Available: 46684060 kB, Active: 13940804 kB, SwapTotal: 40894456 kB, SwapFree: 40861944 kB
INFO [2026-03-16 14:10:03] Memory: Total: 61649012 kB, Available: 46763444 kB, Active: 13863460 kB, SwapTotal: 40894456 kB, SwapFree: 40861944 kB
INFO [2026-03-16 14:10:03] Memory: Total: 61649012 kB, Available: 47323972 kB, Active: 13302712 kB, SwapTotal: 40894456 kB, SwapFree: 40861944 kB
INFO [2026-03-16 14:10:03] Memory: Total: 61649012 kB, Available: 49317364 kB, Active: 11311688 kB, SwapTotal: 40894456 kB, SwapFree: 40861944 kB
INFO [2026-03-16 14:10:03] Memory: Total: 61649012 kB, Available: 49904452 kB, Active: 10732052 kB, SwapTotal: 40894456 kB, SwapFree: 40861944 kB
INFO [2026-03-16 14:10:03] Memory: Total: 61649012 kB, Available: 52040368 kB, Active: 8606128 kB, SwapTotal: 40894456 kB, SwapFree: 40861944 kB
INFO [2026-03-16 14:10:03] Recombining results ...
