INFO [2026-03-16 13:49:24] Memory: Total: 61649012 kB, Available: 58845200 kB, Active: 1802640 kB, SwapTotal: 40894456 kB, SwapFree: 40861944 kB
INFO [2026-03-16 13:49:24] Processing missing values ...
INFO [2026-03-16 13:49:25] Figuring out comparisons to do ...
INFO [2026-03-16 13:49:25] Splitting up across compute ...
INFO [2026-03-16 13:49:25] Running correlations ...
INFO [2026-03-16 13:49:26] Memory: Total: 61649012 kB, Available: 58752960 kB, Active: 1850728 kB, SwapTotal: 40894456 kB, SwapFree: 40861944 kB
INFO [2026-03-16 13:49:26] Memory: Total: 61649012 kB, Available: 58753464 kB, Active: 1850860 kB, SwapTotal: 40894456 kB, SwapFree: 40861944 kB
INFO [2026-03-16 13:49:27] Memory: Total: 61649012 kB, Available: 58754372 kB, Active: 1850816 kB, SwapTotal: 40894456 kB, SwapFree: 40861944 kB
INFO [2026-03-16 13:49:27] Memory: Total: 61649012 kB, Available: 58754372 kB, Active: 1850816 kB, SwapTotal: 40894456 kB, SwapFree: 40861944 kB
INFO [2026-03-16 13:49:27] Memory: Total: 61649012 kB, Available: 58754132 kB, Active: 1852220 kB, SwapTotal: 40894456 kB, SwapFree: 40861944 kB
INFO [2026-03-16 13:49:28] Memory: Total: 61649012 kB, Available: 58754636 kB, Active: 1851972 kB, SwapTotal: 40894456 kB, SwapFree: 40861944 kB
INFO [2026-03-16 13:49:28] Memory: Total: 61649012 kB, Available: 58754384 kB, Active: 1851960 kB, SwapTotal: 40894456 kB, SwapFree: 40861944 kB
INFO [2026-03-16 13:49:29] Memory: Total: 61649012 kB, Available: 58754384 kB, Active: 1852276 kB, SwapTotal: 40894456 kB, SwapFree: 40861944 kB
INFO [2026-03-16 13:49:29] Memory: Total: 61649012 kB, Available: 58754752 kB, Active: 1851992 kB, SwapTotal: 40894456 kB, SwapFree: 40861944 kB
INFO [2026-03-16 13:49:29] Memory: Total: 61649012 kB, Available: 58754752 kB, Active: 1851992 kB, SwapTotal: 40894456 kB, SwapFree: 40861944 kB
INFO [2026-03-16 13:49:30] Memory: Total: 61649012 kB, Available: 58755036 kB, Active: 1851996 kB, SwapTotal: 40894456 kB, SwapFree: 40861944 kB
INFO [2026-03-16 13:49:30] Memory: Total: 61649012 kB, Available: 58755036 kB, Active: 1851992 kB, SwapTotal: 40894456 kB, SwapFree: 40861944 kB
INFO [2026-03-16 13:49:30] Memory: Total: 61649012 kB, Available: 58755036 kB, Active: 1851996 kB, SwapTotal: 40894456 kB, SwapFree: 40861944 kB
INFO [2026-03-16 13:49:31] Memory: Total: 61649012 kB, Available: 58755036 kB, Active: 1851996 kB, SwapTotal: 40894456 kB, SwapFree: 40861944 kB
INFO [2026-03-16 13:49:31] Memory: Total: 61649012 kB, Available: 58755036 kB, Active: 1852320 kB, SwapTotal: 40894456 kB, SwapFree: 40861944 kB
INFO [2026-03-16 13:49:32] Memory: Total: 61649012 kB, Available: 58755036 kB, Active: 1852112 kB, SwapTotal: 40894456 kB, SwapFree: 40861944 kB
INFO [2026-03-16 13:49:32] Memory: Total: 61649012 kB, Available: 58755036 kB, Active: 1852392 kB, SwapTotal: 40894456 kB, SwapFree: 40861944 kB
INFO [2026-03-16 13:49:32] Memory: Total: 61649012 kB, Available: 58755540 kB, Active: 1852104 kB, SwapTotal: 40894456 kB, SwapFree: 40861944 kB
INFO [2026-03-16 13:49:33] Memory: Total: 61649012 kB, Available: 58755288 kB, Active: 1852152 kB, SwapTotal: 40894456 kB, SwapFree: 40861944 kB
INFO [2026-03-16 13:49:33] Memory: Total: 61649012 kB, Available: 58755288 kB, Active: 1852152 kB, SwapTotal: 40894456 kB, SwapFree: 40861944 kB
INFO [2026-03-16 13:49:33] Memory: Total: 61649012 kB, Available: 58755288 kB, Active: 1852440 kB, SwapTotal: 40894456 kB, SwapFree: 40861944 kB
INFO [2026-03-16 13:49:34] Memory: Total: 61649012 kB, Available: 58755540 kB, Active: 1852152 kB, SwapTotal: 40894456 kB, SwapFree: 40861944 kB
INFO [2026-03-16 13:49:34] Memory: Total: 61649012 kB, Available: 58755540 kB, Active: 1852152 kB, SwapTotal: 40894456 kB, SwapFree: 40861944 kB
INFO [2026-03-16 13:49:35] Memory: Total: 61649012 kB, Available: 58755540 kB, Active: 1852152 kB, SwapTotal: 40894456 kB, SwapFree: 40861944 kB
INFO [2026-03-16 13:49:35] Memory: Total: 61649012 kB, Available: 58755864 kB, Active: 1852440 kB, SwapTotal: 40894456 kB, SwapFree: 40861944 kB
INFO [2026-03-16 13:49:36] Memory: Total: 61649012 kB, Available: 58691872 kB, Active: 1916304 kB, SwapTotal: 40894456 kB, SwapFree: 40861944 kB
INFO [2026-03-16 13:49:36] Memory: Total: 61649012 kB, Available: 58691872 kB, Active: 1916304 kB, SwapTotal: 40894456 kB, SwapFree: 40861944 kB
INFO [2026-03-16 13:49:37] Memory: Total: 61649012 kB, Available: 58691616 kB, Active: 1916492 kB, SwapTotal: 40894456 kB, SwapFree: 40861944 kB
INFO [2026-03-16 13:49:37] Memory: Total: 61649012 kB, Available: 58691616 kB, Active: 1916492 kB, SwapTotal: 40894456 kB, SwapFree: 40861944 kB
INFO [2026-03-16 13:49:37] Memory: Total: 61649012 kB, Available: 58691616 kB, Active: 1916492 kB, SwapTotal: 40894456 kB, SwapFree: 40861944 kB
INFO [2026-03-16 13:49:38] Memory: Total: 61649012 kB, Available: 58691948 kB, Active: 1916780 kB, SwapTotal: 40894456 kB, SwapFree: 40861944 kB
INFO [2026-03-16 13:49:38] Memory: Total: 61649012 kB, Available: 58692196 kB, Active: 1916508 kB, SwapTotal: 40894456 kB, SwapFree: 40861944 kB
INFO [2026-03-16 13:49:38] Memory: Total: 61649012 kB, Available: 58692196 kB, Active: 1916796 kB, SwapTotal: 40894456 kB, SwapFree: 40861944 kB
INFO [2026-03-16 13:49:39] Memory: Total: 61649012 kB, Available: 58692468 kB, Active: 1916508 kB, SwapTotal: 40894456 kB, SwapFree: 40861944 kB
INFO [2026-03-16 13:49:39] Memory: Total: 61649012 kB, Available: 58692468 kB, Active: 1916508 kB, SwapTotal: 40894456 kB, SwapFree: 40861944 kB
INFO [2026-03-16 13:49:40] Memory: Total: 61649012 kB, Available: 58692732 kB, Active: 1916512 kB, SwapTotal: 40894456 kB, SwapFree: 40861944 kB
INFO [2026-03-16 13:49:40] Memory: Total: 61649012 kB, Available: 58692732 kB, Active: 1916508 kB, SwapTotal: 40894456 kB, SwapFree: 40861944 kB
INFO [2026-03-16 13:49:40] Memory: Total: 61649012 kB, Available: 58692732 kB, Active: 1916516 kB, SwapTotal: 40894456 kB, SwapFree: 40861944 kB
INFO [2026-03-16 13:49:41] Memory: Total: 61649012 kB, Available: 58692480 kB, Active: 1916528 kB, SwapTotal: 40894456 kB, SwapFree: 40861944 kB
INFO [2026-03-16 13:49:41] Memory: Total: 61649012 kB, Available: 58692480 kB, Active: 1916516 kB, SwapTotal: 40894456 kB, SwapFree: 40861944 kB
INFO [2026-03-16 13:49:41] Memory: Total: 61649012 kB, Available: 58692480 kB, Active: 1916572 kB, SwapTotal: 40894456 kB, SwapFree: 40861944 kB
INFO [2026-03-16 13:49:42] Memory: Total: 61649012 kB, Available: 58692480 kB, Active: 1916516 kB, SwapTotal: 40894456 kB, SwapFree: 40861944 kB
INFO [2026-03-16 13:49:42] Memory: Total: 61649012 kB, Available: 58692480 kB, Active: 1916516 kB, SwapTotal: 40894456 kB, SwapFree: 40861944 kB
INFO [2026-03-16 13:49:43] Memory: Total: 61649012 kB, Available: 58694616 kB, Active: 1916516 kB, SwapTotal: 40894456 kB, SwapFree: 40861944 kB
INFO [2026-03-16 13:49:43] Memory: Total: 61649012 kB, Available: 58694616 kB, Active: 1916516 kB, SwapTotal: 40894456 kB, SwapFree: 40861944 kB
INFO [2026-03-16 13:49:43] Memory: Total: 61649012 kB, Available: 58694616 kB, Active: 1916516 kB, SwapTotal: 40894456 kB, SwapFree: 40861944 kB
INFO [2026-03-16 13:49:44] Memory: Total: 61649012 kB, Available: 58694616 kB, Active: 1916832 kB, SwapTotal: 40894456 kB, SwapFree: 40861944 kB
INFO [2026-03-16 13:49:44] Memory: Total: 61649012 kB, Available: 58694616 kB, Active: 1916552 kB, SwapTotal: 40894456 kB, SwapFree: 40861944 kB
INFO [2026-03-16 13:49:44] Memory: Total: 61649012 kB, Available: 58694616 kB, Active: 1916552 kB, SwapTotal: 40894456 kB, SwapFree: 40861944 kB
INFO [2026-03-16 13:49:45] Memory: Total: 61649012 kB, Available: 58701316 kB, Active: 1916552 kB, SwapTotal: 40894456 kB, SwapFree: 40861944 kB
INFO [2026-03-16 13:49:45] Memory: Total: 61649012 kB, Available: 58701316 kB, Active: 1916552 kB, SwapTotal: 40894456 kB, SwapFree: 40861944 kB
INFO [2026-03-16 13:49:45] Memory: Total: 61649012 kB, Available: 58701316 kB, Active: 1916832 kB, SwapTotal: 40894456 kB, SwapFree: 40861944 kB
INFO [2026-03-16 13:49:46] Memory: Total: 61649012 kB, Available: 58707452 kB, Active: 1916560 kB, SwapTotal: 40894456 kB, SwapFree: 40861944 kB
INFO [2026-03-16 13:49:46] Memory: Total: 61649012 kB, Available: 58707452 kB, Active: 1916560 kB, SwapTotal: 40894456 kB, SwapFree: 40861944 kB
INFO [2026-03-16 13:49:47] Memory: Total: 61649012 kB, Available: 58712584 kB, Active: 1916560 kB, SwapTotal: 40894456 kB, SwapFree: 40861944 kB
INFO [2026-03-16 13:49:47] Memory: Total: 61649012 kB, Available: 58712584 kB, Active: 1916560 kB, SwapTotal: 40894456 kB, SwapFree: 40861944 kB
INFO [2026-03-16 13:49:47] Memory: Total: 61649012 kB, Available: 58712584 kB, Active: 1916560 kB, SwapTotal: 40894456 kB, SwapFree: 40861944 kB
INFO [2026-03-16 13:49:48] Memory: Total: 61649012 kB, Available: 58712332 kB, Active: 1916560 kB, SwapTotal: 40894456 kB, SwapFree: 40861944 kB
INFO [2026-03-16 13:49:48] Memory: Total: 61649012 kB, Available: 58712332 kB, Active: 1916560 kB, SwapTotal: 40894456 kB, SwapFree: 40861944 kB
INFO [2026-03-16 13:49:48] Memory: Total: 61649012 kB, Available: 58712332 kB, Active: 1916844 kB, SwapTotal: 40894456 kB, SwapFree: 40861944 kB
INFO [2026-03-16 13:49:49] Memory: Total: 61649012 kB, Available: 58716820 kB, Active: 1916560 kB, SwapTotal: 40894456 kB, SwapFree: 40861944 kB
INFO [2026-03-16 13:49:49] Memory: Total: 61649012 kB, Available: 58716820 kB, Active: 1916560 kB, SwapTotal: 40894456 kB, SwapFree: 40861944 kB
INFO [2026-03-16 13:49:50] Memory: Total: 61649012 kB, Available: 58717436 kB, Active: 1916560 kB, SwapTotal: 40894456 kB, SwapFree: 40861944 kB
INFO [2026-03-16 13:49:50] Memory: Total: 61649012 kB, Available: 58717436 kB, Active: 1916560 kB, SwapTotal: 40894456 kB, SwapFree: 40861944 kB
INFO [2026-03-16 13:49:50] Memory: Total: 61649012 kB, Available: 58717436 kB, Active: 1916560 kB, SwapTotal: 40894456 kB, SwapFree: 40861944 kB
INFO [2026-03-16 13:49:51] Memory: Total: 61649012 kB, Available: 58721364 kB, Active: 1916560 kB, SwapTotal: 40894456 kB, SwapFree: 40861944 kB
INFO [2026-03-16 13:49:51] Memory: Total: 61649012 kB, Available: 58721364 kB, Active: 1916560 kB, SwapTotal: 40894456 kB, SwapFree: 40861944 kB
INFO [2026-03-16 13:49:51] Memory: Total: 61649012 kB, Available: 58721364 kB, Active: 1916844 kB, SwapTotal: 40894456 kB, SwapFree: 40861944 kB
INFO [2026-03-16 13:49:52] Memory: Total: 61649012 kB, Available: 58721616 kB, Active: 1916568 kB, SwapTotal: 40894456 kB, SwapFree: 40861944 kB
INFO [2026-03-16 13:49:52] Memory: Total: 61649012 kB, Available: 58721616 kB, Active: 1916568 kB, SwapTotal: 40894456 kB, SwapFree: 40861944 kB
INFO [2026-03-16 13:49:52] Memory: Total: 61649012 kB, Available: 58721616 kB, Active: 1916708 kB, SwapTotal: 40894456 kB, SwapFree: 40861944 kB
INFO [2026-03-16 13:49:53] Memory: Total: 61649012 kB, Available: 58725052 kB, Active: 1916568 kB, SwapTotal: 40894456 kB, SwapFree: 40861944 kB
INFO [2026-03-16 13:49:53] Memory: Total: 61649012 kB, Available: 58725052 kB, Active: 1916576 kB, SwapTotal: 40894456 kB, SwapFree: 40861944 kB
INFO [2026-03-16 13:49:54] Memory: Total: 61649012 kB, Available: 58725628 kB, Active: 1915968 kB, SwapTotal: 40894456 kB, SwapFree: 40861944 kB
INFO [2026-03-16 13:49:54] Memory: Total: 61649012 kB, Available: 58725640 kB, Active: 1915680 kB, SwapTotal: 40894456 kB, SwapFree: 40861944 kB
INFO [2026-03-16 13:49:54] Memory: Total: 61649012 kB, Available: 58725640 kB, Active: 1915680 kB, SwapTotal: 40894456 kB, SwapFree: 40861944 kB
INFO [2026-03-16 13:49:55] Memory: Total: 61649012 kB, Available: 58728648 kB, Active: 1915680 kB, SwapTotal: 40894456 kB, SwapFree: 40861944 kB
INFO [2026-03-16 13:49:55] Memory: Total: 61649012 kB, Available: 58728648 kB, Active: 1915680 kB, SwapTotal: 40894456 kB, SwapFree: 40861944 kB
INFO [2026-03-16 13:49:55] Memory: Total: 61649012 kB, Available: 58728396 kB, Active: 1915976 kB, SwapTotal: 40894456 kB, SwapFree: 40861944 kB
INFO [2026-03-16 13:49:56] Memory: Total: 61649012 kB, Available: 58728396 kB, Active: 1915688 kB, SwapTotal: 40894456 kB, SwapFree: 40861944 kB
INFO [2026-03-16 13:49:56] Memory: Total: 61649012 kB, Available: 58728396 kB, Active: 1915688 kB, SwapTotal: 40894456 kB, SwapFree: 40861944 kB
INFO [2026-03-16 13:49:57] Memory: Total: 61649012 kB, Available: 58731240 kB, Active: 1915976 kB, SwapTotal: 40894456 kB, SwapFree: 40861944 kB
INFO [2026-03-16 13:49:57] Memory: Total: 61649012 kB, Available: 58731260 kB, Active: 1915688 kB, SwapTotal: 40894456 kB, SwapFree: 40861944 kB
INFO [2026-03-16 13:49:57] Memory: Total: 61649012 kB, Available: 58731260 kB, Active: 1915688 kB, SwapTotal: 40894456 kB, SwapFree: 40861944 kB
INFO [2026-03-16 13:49:58] Memory: Total: 61649012 kB, Available: 58733396 kB, Active: 1915976 kB, SwapTotal: 40894456 kB, SwapFree: 40861944 kB
INFO [2026-03-16 13:49:58] Memory: Total: 61649012 kB, Available: 58733652 kB, Active: 1915688 kB, SwapTotal: 40894456 kB, SwapFree: 40861944 kB
INFO [2026-03-16 13:49:58] Memory: Total: 61649012 kB, Available: 58733652 kB, Active: 1915688 kB, SwapTotal: 40894456 kB, SwapFree: 40861944 kB
INFO [2026-03-16 13:49:59] Memory: Total: 61649012 kB, Available: 58735368 kB, Active: 1915688 kB, SwapTotal: 40894456 kB, SwapFree: 40861944 kB
INFO [2026-03-16 13:49:59] Memory: Total: 61649012 kB, Available: 58735368 kB, Active: 1915688 kB, SwapTotal: 40894456 kB, SwapFree: 40861944 kB
INFO [2026-03-16 13:49:59] Memory: Total: 61649012 kB, Available: 58736824 kB, Active: 1916012 kB, SwapTotal: 40894456 kB, SwapFree: 40861944 kB
INFO [2026-03-16 13:50:00] Memory: Total: 61649012 kB, Available: 58736824 kB, Active: 1915728 kB, SwapTotal: 40894456 kB, SwapFree: 40861944 kB
INFO [2026-03-16 13:50:00] Memory: Total: 61649012 kB, Available: 58736572 kB, Active: 1915728 kB, SwapTotal: 40894456 kB, SwapFree: 40861944 kB
INFO [2026-03-16 13:50:01] Memory: Total: 61649012 kB, Available: 58736480 kB, Active: 1916016 kB, SwapTotal: 40894456 kB, SwapFree: 40861944 kB
INFO [2026-03-16 13:50:01] Memory: Total: 61649012 kB, Available: 58738088 kB, Active: 1915728 kB, SwapTotal: 40894456 kB, SwapFree: 40861944 kB
INFO [2026-03-16 13:50:01] Memory: Total: 61649012 kB, Available: 58738088 kB, Active: 1915728 kB, SwapTotal: 40894456 kB, SwapFree: 40861944 kB
INFO [2026-03-16 13:50:02] Memory: Total: 61649012 kB, Available: 58738088 kB, Active: 1915884 kB, SwapTotal: 40894456 kB, SwapFree: 40861944 kB
INFO [2026-03-16 13:50:02] Memory: Total: 61649012 kB, Available: 58738088 kB, Active: 1915884 kB, SwapTotal: 40894456 kB, SwapFree: 40861944 kB
INFO [2026-03-16 13:50:02] Memory: Total: 61649012 kB, Available: 58738088 kB, Active: 1915884 kB, SwapTotal: 40894456 kB, SwapFree: 40861944 kB
INFO [2026-03-16 13:50:03] Memory: Total: 61649012 kB, Available: 58738088 kB, Active: 1915884 kB, SwapTotal: 40894456 kB, SwapFree: 40861944 kB
INFO [2026-03-16 13:50:03] Memory: Total: 61649012 kB, Available: 58739384 kB, Active: 1915884 kB, SwapTotal: 40894456 kB, SwapFree: 40861944 kB
INFO [2026-03-16 13:50:04] Memory: Total: 61649012 kB, Available: 58739384 kB, Active: 1916168 kB, SwapTotal: 40894456 kB, SwapFree: 40861944 kB
INFO [2026-03-16 13:50:04] Memory: Total: 61649012 kB, Available: 58739384 kB, Active: 1915884 kB, SwapTotal: 40894456 kB, SwapFree: 40861944 kB
INFO [2026-03-16 13:50:04] Memory: Total: 61649012 kB, Available: 58739384 kB, Active: 1915884 kB, SwapTotal: 40894456 kB, SwapFree: 40861944 kB
INFO [2026-03-16 13:50:05] Memory: Total: 61649012 kB, Available: 58739384 kB, Active: 1915884 kB, SwapTotal: 40894456 kB, SwapFree: 40861944 kB
INFO [2026-03-16 13:50:05] Memory: Total: 61649012 kB, Available: 58739384 kB, Active: 1915884 kB, SwapTotal: 40894456 kB, SwapFree: 40861944 kB
INFO [2026-03-16 13:50:05] Memory: Total: 61649012 kB, Available: 58739384 kB, Active: 1915884 kB, SwapTotal: 40894456 kB, SwapFree: 40861944 kB
INFO [2026-03-16 13:50:06] Memory: Total: 61649012 kB, Available: 58739384 kB, Active: 1915884 kB, SwapTotal: 40894456 kB, SwapFree: 40861944 kB
INFO [2026-03-16 13:50:06] Memory: Total: 61649012 kB, Available: 58739384 kB, Active: 1915884 kB, SwapTotal: 40894456 kB, SwapFree: 40861944 kB
INFO [2026-03-16 13:50:07] Memory: Total: 61649012 kB, Available: 58739456 kB, Active: 1916172 kB, SwapTotal: 40894456 kB, SwapFree: 40861944 kB
INFO [2026-03-16 13:50:07] Memory: Total: 61649012 kB, Available: 58739720 kB, Active: 1915896 kB, SwapTotal: 40894456 kB, SwapFree: 40861944 kB
INFO [2026-03-16 13:50:07] Memory: Total: 61649012 kB, Available: 58739720 kB, Active: 1915896 kB, SwapTotal: 40894456 kB, SwapFree: 40861944 kB
INFO [2026-03-16 13:50:08] Memory: Total: 61649012 kB, Available: 58739724 kB, Active: 1916136 kB, SwapTotal: 40894456 kB, SwapFree: 40861944 kB
INFO [2026-03-16 13:50:08] Memory: Total: 61649012 kB, Available: 58739724 kB, Active: 1915976 kB, SwapTotal: 40894456 kB, SwapFree: 40861944 kB
INFO [2026-03-16 13:50:08] Memory: Total: 61649012 kB, Available: 58739724 kB, Active: 1915976 kB, SwapTotal: 40894456 kB, SwapFree: 40861944 kB
INFO [2026-03-16 13:50:09] Memory: Total: 61649012 kB, Available: 58739724 kB, Active: 1915976 kB, SwapTotal: 40894456 kB, SwapFree: 40861944 kB
INFO [2026-03-16 13:50:09] Memory: Total: 61649012 kB, Available: 58739724 kB, Active: 1915976 kB, SwapTotal: 40894456 kB, SwapFree: 40861944 kB
INFO [2026-03-16 13:50:09] Memory: Total: 61649012 kB, Available: 58739724 kB, Active: 1916024 kB, SwapTotal: 40894456 kB, SwapFree: 40861944 kB
INFO [2026-03-16 13:50:10] Memory: Total: 61649012 kB, Available: 58739724 kB, Active: 1915976 kB, SwapTotal: 40894456 kB, SwapFree: 40861944 kB
INFO [2026-03-16 13:50:10] Memory: Total: 61649012 kB, Available: 58739724 kB, Active: 1915956 kB, SwapTotal: 40894456 kB, SwapFree: 40861944 kB
INFO [2026-03-16 13:50:11] Memory: Total: 61649012 kB, Available: 58739724 kB, Active: 1915956 kB, SwapTotal: 40894456 kB, SwapFree: 40861944 kB
INFO [2026-03-16 13:50:11] Memory: Total: 61649012 kB, Available: 58739724 kB, Active: 1915956 kB, SwapTotal: 40894456 kB, SwapFree: 40861944 kB
INFO [2026-03-16 13:50:11] Memory: Total: 61649012 kB, Available: 58739724 kB, Active: 1915956 kB, SwapTotal: 40894456 kB, SwapFree: 40861944 kB
INFO [2026-03-16 13:50:12] Memory: Total: 61649012 kB, Available: 58739724 kB, Active: 1916244 kB, SwapTotal: 40894456 kB, SwapFree: 40861944 kB
INFO [2026-03-16 13:50:12] Memory: Total: 61649012 kB, Available: 58739724 kB, Active: 1915956 kB, SwapTotal: 40894456 kB, SwapFree: 40861944 kB
INFO [2026-03-16 13:50:12] Memory: Total: 61649012 kB, Available: 58739472 kB, Active: 1915956 kB, SwapTotal: 40894456 kB, SwapFree: 40861944 kB
INFO [2026-03-16 13:50:13] Memory: Total: 61649012 kB, Available: 58739472 kB, Active: 1915956 kB, SwapTotal: 40894456 kB, SwapFree: 40861944 kB
INFO [2026-03-16 13:50:13] Memory: Total: 61649012 kB, Available: 58739472 kB, Active: 1915956 kB, SwapTotal: 40894456 kB, SwapFree: 40861944 kB
INFO [2026-03-16 13:50:14] Memory: Total: 61649012 kB, Available: 58739220 kB, Active: 1916240 kB, SwapTotal: 40894456 kB, SwapFree: 40861944 kB
INFO [2026-03-16 13:50:14] Memory: Total: 61649012 kB, Available: 58739220 kB, Active: 1915956 kB, SwapTotal: 40894456 kB, SwapFree: 40861944 kB
INFO [2026-03-16 13:50:15] Memory: Total: 61649012 kB, Available: 58738968 kB, Active: 1916012 kB, SwapTotal: 40894456 kB, SwapFree: 40861944 kB
INFO [2026-03-16 13:50:15] Memory: Total: 61649012 kB, Available: 58739232 kB, Active: 1915960 kB, SwapTotal: 40894456 kB, SwapFree: 40861944 kB
INFO [2026-03-16 13:50:16] Memory: Total: 61649012 kB, Available: 58739232 kB, Active: 1915960 kB, SwapTotal: 40894456 kB, SwapFree: 40861944 kB
INFO [2026-03-16 13:50:16] Memory: Total: 61649012 kB, Available: 58739232 kB, Active: 1915960 kB, SwapTotal: 40894456 kB, SwapFree: 40861944 kB
INFO [2026-03-16 13:50:16] Memory: Total: 61649012 kB, Available: 58739232 kB, Active: 1915960 kB, SwapTotal: 40894456 kB, SwapFree: 40861944 kB
INFO [2026-03-16 13:50:17] Memory: Total: 61649012 kB, Available: 58739232 kB, Active: 1916252 kB, SwapTotal: 40894456 kB, SwapFree: 40861944 kB
INFO [2026-03-16 13:50:17] Memory: Total: 61649012 kB, Available: 58739548 kB, Active: 1915964 kB, SwapTotal: 40894456 kB, SwapFree: 40861944 kB
INFO [2026-03-16 13:50:17] Memory: Total: 61649012 kB, Available: 58739296 kB, Active: 1915960 kB, SwapTotal: 40894456 kB, SwapFree: 40861944 kB
INFO [2026-03-16 13:50:18] Memory: Total: 61649012 kB, Available: 58739296 kB, Active: 1915960 kB, SwapTotal: 40894456 kB, SwapFree: 40861944 kB
INFO [2026-03-16 13:50:18] Memory: Total: 61649012 kB, Available: 58739296 kB, Active: 1915960 kB, SwapTotal: 40894456 kB, SwapFree: 40861944 kB
INFO [2026-03-16 13:50:19] Memory: Total: 61649012 kB, Available: 58739296 kB, Active: 1916020 kB, SwapTotal: 40894456 kB, SwapFree: 40861944 kB
INFO [2026-03-16 13:50:19] Memory: Total: 61649012 kB, Available: 58739048 kB, Active: 1915960 kB, SwapTotal: 40894456 kB, SwapFree: 40861944 kB
INFO [2026-03-16 13:50:19] Memory: Total: 61649012 kB, Available: 58739048 kB, Active: 1915960 kB, SwapTotal: 40894456 kB, SwapFree: 40861944 kB
INFO [2026-03-16 13:50:20] Memory: Total: 61649012 kB, Available: 58739016 kB, Active: 1916004 kB, SwapTotal: 40894456 kB, SwapFree: 40861944 kB
INFO [2026-03-16 13:50:20] Memory: Total: 61649012 kB, Available: 58739016 kB, Active: 1915960 kB, SwapTotal: 40894456 kB, SwapFree: 40861944 kB
INFO [2026-03-16 13:50:20] Memory: Total: 61649012 kB, Available: 58739016 kB, Active: 1915960 kB, SwapTotal: 40894456 kB, SwapFree: 40861944 kB
INFO [2026-03-16 13:50:21] Memory: Total: 61649012 kB, Available: 58738992 kB, Active: 1915960 kB, SwapTotal: 40894456 kB, SwapFree: 40861944 kB
INFO [2026-03-16 13:50:21] Memory: Total: 61649012 kB, Available: 58738992 kB, Active: 1915960 kB, SwapTotal: 40894456 kB, SwapFree: 40861944 kB
INFO [2026-03-16 13:50:22] Memory: Total: 61649012 kB, Available: 58738956 kB, Active: 1916244 kB, SwapTotal: 40894456 kB, SwapFree: 40861944 kB
INFO [2026-03-16 13:50:22] Memory: Total: 61649012 kB, Available: 58739256 kB, Active: 1915960 kB, SwapTotal: 40894456 kB, SwapFree: 40861944 kB
INFO [2026-03-16 13:50:22] Memory: Total: 61649012 kB, Available: 58739256 kB, Active: 1915960 kB, SwapTotal: 40894456 kB, SwapFree: 40861944 kB
INFO [2026-03-16 13:50:23] Memory: Total: 61649012 kB, Available: 58738976 kB, Active: 1916244 kB, SwapTotal: 40894456 kB, SwapFree: 40861944 kB
INFO [2026-03-16 13:50:23] Memory: Total: 61649012 kB, Available: 58738976 kB, Active: 1915960 kB, SwapTotal: 40894456 kB, SwapFree: 40861944 kB
INFO [2026-03-16 13:50:23] Memory: Total: 61649012 kB, Available: 58738724 kB, Active: 1915960 kB, SwapTotal: 40894456 kB, SwapFree: 40861944 kB
INFO [2026-03-16 13:50:24] Memory: Total: 61649012 kB, Available: 58738692 kB, Active: 1915960 kB, SwapTotal: 40894456 kB, SwapFree: 40861944 kB
INFO [2026-03-16 13:50:24] Memory: Total: 61649012 kB, Available: 58738692 kB, Active: 1915960 kB, SwapTotal: 40894456 kB, SwapFree: 40861944 kB
INFO [2026-03-16 13:50:24] Memory: Total: 61649012 kB, Available: 58738652 kB, Active: 1916240 kB, SwapTotal: 40894456 kB, SwapFree: 40861944 kB
INFO [2026-03-16 13:50:25] Memory: Total: 61649012 kB, Available: 58739132 kB, Active: 1915960 kB, SwapTotal: 40894456 kB, SwapFree: 40861944 kB
INFO [2026-03-16 13:50:25] Memory: Total: 61649012 kB, Available: 58739132 kB, Active: 1915960 kB, SwapTotal: 40894456 kB, SwapFree: 40861944 kB
INFO [2026-03-16 13:50:26] Memory: Total: 61649012 kB, Available: 58739132 kB, Active: 1915972 kB, SwapTotal: 40894456 kB, SwapFree: 40861944 kB
INFO [2026-03-16 13:50:26] Memory: Total: 61649012 kB, Available: 58739132 kB, Active: 1915960 kB, SwapTotal: 40894456 kB, SwapFree: 40861944 kB
INFO [2026-03-16 13:50:26] Memory: Total: 61649012 kB, Available: 58739132 kB, Active: 1915960 kB, SwapTotal: 40894456 kB, SwapFree: 40861944 kB
INFO [2026-03-16 13:50:27] Memory: Total: 61649012 kB, Available: 58739132 kB, Active: 1916244 kB, SwapTotal: 40894456 kB, SwapFree: 40861944 kB
INFO [2026-03-16 13:50:27] Memory: Total: 61649012 kB, Available: 58739132 kB, Active: 1915960 kB, SwapTotal: 40894456 kB, SwapFree: 40861944 kB
INFO [2026-03-16 13:50:27] Memory: Total: 61649012 kB, Available: 58738628 kB, Active: 1915960 kB, SwapTotal: 40894456 kB, SwapFree: 40861944 kB
INFO [2026-03-16 13:50:28] Memory: Total: 61649012 kB, Available: 58738628 kB, Active: 1915960 kB, SwapTotal: 40894456 kB, SwapFree: 40861944 kB
INFO [2026-03-16 13:50:28] Memory: Total: 61649012 kB, Available: 58738628 kB, Active: 1915960 kB, SwapTotal: 40894456 kB, SwapFree: 40861944 kB
INFO [2026-03-16 13:50:29] Memory: Total: 61649012 kB, Available: 58738628 kB, Active: 1915964 kB, SwapTotal: 40894456 kB, SwapFree: 40861944 kB
INFO [2026-03-16 13:50:29] Memory: Total: 61649012 kB, Available: 58738628 kB, Active: 1915960 kB, SwapTotal: 40894456 kB, SwapFree: 40861944 kB
INFO [2026-03-16 13:50:29] Memory: Total: 61649012 kB, Available: 58738628 kB, Active: 1915960 kB, SwapTotal: 40894456 kB, SwapFree: 40861944 kB
INFO [2026-03-16 13:50:30] Memory: Total: 61649012 kB, Available: 58738632 kB, Active: 1916248 kB, SwapTotal: 40894456 kB, SwapFree: 40861944 kB
INFO [2026-03-16 13:50:30] Memory: Total: 61649012 kB, Available: 58738884 kB, Active: 1915960 kB, SwapTotal: 40894456 kB, SwapFree: 40861944 kB
INFO [2026-03-16 13:50:30] Memory: Total: 61649012 kB, Available: 58738632 kB, Active: 1915960 kB, SwapTotal: 40894456 kB, SwapFree: 40861944 kB
INFO [2026-03-16 13:50:31] Memory: Total: 61649012 kB, Available: 58738380 kB, Active: 1915960 kB, SwapTotal: 40894456 kB, SwapFree: 40861944 kB
INFO [2026-03-16 13:50:31] Memory: Total: 61649012 kB, Available: 58738380 kB, Active: 1915960 kB, SwapTotal: 40894456 kB, SwapFree: 40861944 kB
INFO [2026-03-16 13:50:31] Memory: Total: 61649012 kB, Available: 58738956 kB, Active: 1915964 kB, SwapTotal: 40894456 kB, SwapFree: 40861944 kB
INFO [2026-03-16 13:50:32] Memory: Total: 61649012 kB, Available: 58738628 kB, Active: 1915960 kB, SwapTotal: 40894456 kB, SwapFree: 40861944 kB
INFO [2026-03-16 13:50:32] Memory: Total: 61649012 kB, Available: 58738452 kB, Active: 1915960 kB, SwapTotal: 40894456 kB, SwapFree: 40861944 kB
INFO [2026-03-16 13:50:33] Memory: Total: 61649012 kB, Available: 58738776 kB, Active: 1916248 kB, SwapTotal: 40894456 kB, SwapFree: 40861944 kB
INFO [2026-03-16 13:50:33] Memory: Total: 61649012 kB, Available: 58738140 kB, Active: 1915960 kB, SwapTotal: 40894456 kB, SwapFree: 40861944 kB
INFO [2026-03-16 13:50:33] Memory: Total: 61649012 kB, Available: 58738036 kB, Active: 1915960 kB, SwapTotal: 40894456 kB, SwapFree: 40861944 kB
INFO [2026-03-16 13:50:34] Memory: Total: 61649012 kB, Available: 58738036 kB, Active: 1915960 kB, SwapTotal: 40894456 kB, SwapFree: 40861944 kB
INFO [2026-03-16 13:50:34] Memory: Total: 61649012 kB, Available: 58738036 kB, Active: 1915960 kB, SwapTotal: 40894456 kB, SwapFree: 40861944 kB
INFO [2026-03-16 13:50:34] Memory: Total: 61649012 kB, Available: 58747112 kB, Active: 1915960 kB, SwapTotal: 40894456 kB, SwapFree: 40861944 kB
INFO [2026-03-16 13:50:35] Memory: Total: 61649012 kB, Available: 58747112 kB, Active: 1915960 kB, SwapTotal: 40894456 kB, SwapFree: 40861944 kB
INFO [2026-03-16 13:50:35] Memory: Total: 61649012 kB, Available: 58747112 kB, Active: 1915960 kB, SwapTotal: 40894456 kB, SwapFree: 40861944 kB
INFO [2026-03-16 13:50:36] Memory: Total: 61649012 kB, Available: 58747436 kB, Active: 1916248 kB, SwapTotal: 40894456 kB, SwapFree: 40861944 kB
INFO [2026-03-16 13:50:36] Memory: Total: 61649012 kB, Available: 58747436 kB, Active: 1915960 kB, SwapTotal: 40894456 kB, SwapFree: 40861944 kB
INFO [2026-03-16 13:50:36] Memory: Total: 61649012 kB, Available: 58747436 kB, Active: 1915960 kB, SwapTotal: 40894456 kB, SwapFree: 40861944 kB
INFO [2026-03-16 13:50:37] Memory: Total: 61649012 kB, Available: 58747436 kB, Active: 1916248 kB, SwapTotal: 40894456 kB, SwapFree: 40861944 kB
INFO [2026-03-16 13:50:37] Memory: Total: 61649012 kB, Available: 58747704 kB, Active: 1915960 kB, SwapTotal: 40894456 kB, SwapFree: 40861944 kB
INFO [2026-03-16 13:50:37] Memory: Total: 61649012 kB, Available: 58747212 kB, Active: 1915960 kB, SwapTotal: 40894456 kB, SwapFree: 40861944 kB
INFO [2026-03-16 13:50:38] Memory: Total: 61649012 kB, Available: 58747212 kB, Active: 1915960 kB, SwapTotal: 40894456 kB, SwapFree: 40861944 kB
INFO [2026-03-16 13:50:38] Memory: Total: 61649012 kB, Available: 58747212 kB, Active: 1915960 kB, SwapTotal: 40894456 kB, SwapFree: 40861944 kB
INFO [2026-03-16 13:50:38] Memory: Total: 61649012 kB, Available: 58747212 kB, Active: 1915960 kB, SwapTotal: 40894456 kB, SwapFree: 40861944 kB
INFO [2026-03-16 13:50:39] Memory: Total: 61649012 kB, Available: 58748120 kB, Active: 1915960 kB, SwapTotal: 40894456 kB, SwapFree: 40861944 kB
INFO [2026-03-16 13:50:39] Memory: Total: 61649012 kB, Available: 58748120 kB, Active: 1915960 kB, SwapTotal: 40894456 kB, SwapFree: 40861944 kB
INFO [2026-03-16 13:50:40] Memory: Total: 61649012 kB, Available: 58747872 kB, Active: 1915960 kB, SwapTotal: 40894456 kB, SwapFree: 40861944 kB
INFO [2026-03-16 13:50:40] Memory: Total: 61649012 kB, Available: 58747872 kB, Active: 1915960 kB, SwapTotal: 40894456 kB, SwapFree: 40861944 kB
INFO [2026-03-16 13:50:40] Memory: Total: 61649012 kB, Available: 58747872 kB, Active: 1915960 kB, SwapTotal: 40894456 kB, SwapFree: 40861944 kB
INFO [2026-03-16 13:50:41] Memory: Total: 61649012 kB, Available: 58747872 kB, Active: 1916248 kB, SwapTotal: 40894456 kB, SwapFree: 40861944 kB
INFO [2026-03-16 13:50:41] Memory: Total: 61649012 kB, Available: 58748124 kB, Active: 1915960 kB, SwapTotal: 40894456 kB, SwapFree: 40861944 kB
INFO [2026-03-16 13:50:41] Memory: Total: 61649012 kB, Available: 58747872 kB, Active: 1915960 kB, SwapTotal: 40894456 kB, SwapFree: 40861944 kB
INFO [2026-03-16 13:50:42] Memory: Total: 61649012 kB, Available: 58747872 kB, Active: 1915960 kB, SwapTotal: 40894456 kB, SwapFree: 40861944 kB
INFO [2026-03-16 13:50:42] Memory: Total: 61649012 kB, Available: 58747872 kB, Active: 1915960 kB, SwapTotal: 40894456 kB, SwapFree: 40861944 kB
INFO [2026-03-16 13:50:43] Memory: Total: 61649012 kB, Available: 58747116 kB, Active: 1915968 kB, SwapTotal: 40894456 kB, SwapFree: 40861944 kB
INFO [2026-03-16 13:50:43] Memory: Total: 61649012 kB, Available: 58746612 kB, Active: 1916244 kB, SwapTotal: 40894456 kB, SwapFree: 40861944 kB
INFO [2026-03-16 13:50:43] Memory: Total: 61649012 kB, Available: 58746892 kB, Active: 1915960 kB, SwapTotal: 40894456 kB, SwapFree: 40861944 kB
INFO [2026-03-16 13:50:44] Memory: Total: 61649012 kB, Available: 58746640 kB, Active: 1915960 kB, SwapTotal: 40894456 kB, SwapFree: 40861944 kB
INFO [2026-03-16 13:50:44] Memory: Total: 61649012 kB, Available: 58746640 kB, Active: 1915960 kB, SwapTotal: 40894456 kB, SwapFree: 40861944 kB
INFO [2026-03-16 13:50:44] Memory: Total: 61649012 kB, Available: 58746640 kB, Active: 1915960 kB, SwapTotal: 40894456 kB, SwapFree: 40861944 kB
INFO [2026-03-16 13:50:45] Memory: Total: 61649012 kB, Available: 58746640 kB, Active: 1915960 kB, SwapTotal: 40894456 kB, SwapFree: 40861944 kB
INFO [2026-03-16 13:50:45] Memory: Total: 61649012 kB, Available: 58746640 kB, Active: 1915960 kB, SwapTotal: 40894456 kB, SwapFree: 40861944 kB
INFO [2026-03-16 13:50:46] Memory: Total: 61649012 kB, Available: 58746640 kB, Active: 1916244 kB, SwapTotal: 40894456 kB, SwapFree: 40861944 kB
INFO [2026-03-16 13:50:46] Memory: Total: 61649012 kB, Available: 58747144 kB, Active: 1915960 kB, SwapTotal: 40894456 kB, SwapFree: 40861944 kB
INFO [2026-03-16 13:50:46] Memory: Total: 61649012 kB, Available: 58746892 kB, Active: 1915960 kB, SwapTotal: 40894456 kB, SwapFree: 40861944 kB
INFO [2026-03-16 13:50:47] Memory: Total: 61649012 kB, Available: 58746640 kB, Active: 1916248 kB, SwapTotal: 40894456 kB, SwapFree: 40861944 kB
INFO [2026-03-16 13:50:47] Memory: Total: 61649012 kB, Available: 58746604 kB, Active: 1915964 kB, SwapTotal: 40894456 kB, SwapFree: 40861944 kB
INFO [2026-03-16 13:50:47] Memory: Total: 61649012 kB, Available: 58746428 kB, Active: 1915964 kB, SwapTotal: 40894456 kB, SwapFree: 40861944 kB
INFO [2026-03-16 13:50:48] Memory: Total: 61649012 kB, Available: 58746428 kB, Active: 1916112 kB, SwapTotal: 40894456 kB, SwapFree: 40861944 kB
INFO [2026-03-16 13:50:48] Memory: Total: 61649012 kB, Available: 58745924 kB, Active: 1916048 kB, SwapTotal: 40894456 kB, SwapFree: 40861944 kB
INFO [2026-03-16 13:50:48] Memory: Total: 61649012 kB, Available: 58745924 kB, Active: 1916060 kB, SwapTotal: 40894456 kB, SwapFree: 40861944 kB
INFO [2026-03-16 13:50:49] Memory: Total: 61649012 kB, Available: 58745924 kB, Active: 1916048 kB, SwapTotal: 40894456 kB, SwapFree: 40861944 kB
INFO [2026-03-16 13:50:49] Memory: Total: 61649012 kB, Available: 58745924 kB, Active: 1916048 kB, SwapTotal: 40894456 kB, SwapFree: 40861944 kB
INFO [2026-03-16 13:50:50] Memory: Total: 61649012 kB, Available: 58745672 kB, Active: 1916048 kB, SwapTotal: 40894456 kB, SwapFree: 40861944 kB
INFO [2026-03-16 13:50:50] Memory: Total: 61649012 kB, Available: 58745672 kB, Active: 1916048 kB, SwapTotal: 40894456 kB, SwapFree: 40861944 kB
INFO [2026-03-16 13:50:50] Memory: Total: 61649012 kB, Available: 58745672 kB, Active: 1916048 kB, SwapTotal: 40894456 kB, SwapFree: 40861944 kB
INFO [2026-03-16 13:50:51] Memory: Total: 61649012 kB, Available: 58745676 kB, Active: 1916336 kB, SwapTotal: 40894456 kB, SwapFree: 40861944 kB
INFO [2026-03-16 13:50:51] Memory: Total: 61649012 kB, Available: 58745676 kB, Active: 1916048 kB, SwapTotal: 40894456 kB, SwapFree: 40861944 kB
INFO [2026-03-16 13:50:51] Memory: Total: 61649012 kB, Available: 58745424 kB, Active: 1916048 kB, SwapTotal: 40894456 kB, SwapFree: 40861944 kB
INFO [2026-03-16 13:50:52] Memory: Total: 61649012 kB, Available: 58745424 kB, Active: 1916360 kB, SwapTotal: 40894456 kB, SwapFree: 40861944 kB
INFO [2026-03-16 13:50:52] Memory: Total: 61649012 kB, Available: 58745436 kB, Active: 1916072 kB, SwapTotal: 40894456 kB, SwapFree: 40861944 kB
INFO [2026-03-16 13:50:53] Memory: Total: 61649012 kB, Available: 58745692 kB, Active: 1916148 kB, SwapTotal: 40894456 kB, SwapFree: 40861944 kB
INFO [2026-03-16 13:50:53] Memory: Total: 61649012 kB, Available: 58745692 kB, Active: 1916152 kB, SwapTotal: 40894456 kB, SwapFree: 40861944 kB
INFO [2026-03-16 13:50:53] Memory: Total: 61649012 kB, Available: 58745700 kB, Active: 1916152 kB, SwapTotal: 40894456 kB, SwapFree: 40861944 kB
INFO [2026-03-16 13:50:54] Memory: Total: 61649012 kB, Available: 58745700 kB, Active: 1916468 kB, SwapTotal: 40894456 kB, SwapFree: 40861944 kB
INFO [2026-03-16 13:50:55] Memory: Total: 61649012 kB, Available: 58745700 kB, Active: 1916468 kB, SwapTotal: 40894456 kB, SwapFree: 40861944 kB
INFO [2026-03-16 13:50:55] Memory: Total: 61649012 kB, Available: 58745700 kB, Active: 1916468 kB, SwapTotal: 40894456 kB, SwapFree: 40861944 kB
INFO [2026-03-16 13:50:55] Memory: Total: 61649012 kB, Available: 58745700 kB, Active: 1916792 kB, SwapTotal: 40894456 kB, SwapFree: 40861944 kB
INFO [2026-03-16 13:50:56] Memory: Total: 61649012 kB, Available: 58745700 kB, Active: 1916800 kB, SwapTotal: 40894456 kB, SwapFree: 40861944 kB
INFO [2026-03-16 13:50:56] Memory: Total: 61649012 kB, Available: 58746228 kB, Active: 1916516 kB, SwapTotal: 40894456 kB, SwapFree: 40861944 kB
INFO [2026-03-16 13:50:56] Memory: Total: 61649012 kB, Available: 58746228 kB, Active: 1916516 kB, SwapTotal: 40894456 kB, SwapFree: 40861944 kB
INFO [2026-03-16 13:50:57] Memory: Total: 61649012 kB, Available: 58746228 kB, Active: 1916516 kB, SwapTotal: 40894456 kB, SwapFree: 40861944 kB
INFO [2026-03-16 13:50:57] Memory: Total: 61649012 kB, Available: 58746228 kB, Active: 1916516 kB, SwapTotal: 40894456 kB, SwapFree: 40861944 kB
INFO [2026-03-16 13:50:58] Memory: Total: 61649012 kB, Available: 58746228 kB, Active: 1916800 kB, SwapTotal: 40894456 kB, SwapFree: 40861944 kB
INFO [2026-03-16 13:50:58] Memory: Total: 61649012 kB, Available: 58746480 kB, Active: 1916516 kB, SwapTotal: 40894456 kB, SwapFree: 40861944 kB
INFO [2026-03-16 13:50:58] Memory: Total: 61649012 kB, Available: 58746480 kB, Active: 1916516 kB, SwapTotal: 40894456 kB, SwapFree: 40861944 kB
INFO [2026-03-16 13:50:59] Memory: Total: 61649012 kB, Available: 58746804 kB, Active: 1916800 kB, SwapTotal: 40894456 kB, SwapFree: 40861944 kB
INFO [2026-03-16 13:50:59] Memory: Total: 61649012 kB, Available: 58746788 kB, Active: 1916568 kB, SwapTotal: 40894456 kB, SwapFree: 40861944 kB
INFO [2026-03-16 13:50:59] Memory: Total: 61649012 kB, Available: 58746788 kB, Active: 1916516 kB, SwapTotal: 40894456 kB, SwapFree: 40861944 kB
INFO [2026-03-16 13:51:00] Memory: Total: 61649012 kB, Available: 58746788 kB, Active: 1916516 kB, SwapTotal: 40894456 kB, SwapFree: 40861944 kB
INFO [2026-03-16 13:51:00] Memory: Total: 61649012 kB, Available: 58746788 kB, Active: 1916516 kB, SwapTotal: 40894456 kB, SwapFree: 40861944 kB
INFO [2026-03-16 13:51:00] Memory: Total: 61649012 kB, Available: 58746788 kB, Active: 1916804 kB, SwapTotal: 40894456 kB, SwapFree: 40861944 kB
INFO [2026-03-16 13:51:01] Memory: Total: 61649012 kB, Available: 58747040 kB, Active: 1916516 kB, SwapTotal: 40894456 kB, SwapFree: 40861944 kB
INFO [2026-03-16 13:51:01] Memory: Total: 61649012 kB, Available: 58747112 kB, Active: 1916804 kB, SwapTotal: 40894456 kB, SwapFree: 40861944 kB
INFO [2026-03-16 13:51:02] Memory: Total: 61649012 kB, Available: 58747128 kB, Active: 1916584 kB, SwapTotal: 40894456 kB, SwapFree: 40861944 kB
INFO [2026-03-16 13:51:02] Memory: Total: 61649012 kB, Available: 58747452 kB, Active: 1916824 kB, SwapTotal: 40894456 kB, SwapFree: 40861944 kB
INFO [2026-03-16 13:51:02] Memory: Total: 61649012 kB, Available: 58747696 kB, Active: 1916536 kB, SwapTotal: 40894456 kB, SwapFree: 40861944 kB
INFO [2026-03-16 13:51:03] Memory: Total: 61649012 kB, Available: 58747696 kB, Active: 1916536 kB, SwapTotal: 40894456 kB, SwapFree: 40861944 kB
INFO [2026-03-16 13:51:03] Memory: Total: 61649012 kB, Available: 58747696 kB, Active: 1916536 kB, SwapTotal: 40894456 kB, SwapFree: 40861944 kB
INFO [2026-03-16 13:51:03] Memory: Total: 61649012 kB, Available: 58747696 kB, Active: 1916548 kB, SwapTotal: 40894456 kB, SwapFree: 40861944 kB
INFO [2026-03-16 13:51:04] Memory: Total: 61649012 kB, Available: 58747696 kB, Active: 1916536 kB, SwapTotal: 40894456 kB, SwapFree: 40861944 kB
INFO [2026-03-16 13:51:04] Memory: Total: 61649012 kB, Available: 58747696 kB, Active: 1916536 kB, SwapTotal: 40894456 kB, SwapFree: 40861944 kB
INFO [2026-03-16 13:51:05] Memory: Total: 61649012 kB, Available: 58747696 kB, Active: 1916592 kB, SwapTotal: 40894456 kB, SwapFree: 40861944 kB
INFO [2026-03-16 13:51:05] Memory: Total: 61649012 kB, Available: 58747696 kB, Active: 1916536 kB, SwapTotal: 40894456 kB, SwapFree: 40861944 kB
INFO [2026-03-16 13:51:05] Memory: Total: 61649012 kB, Available: 58747696 kB, Active: 1916536 kB, SwapTotal: 40894456 kB, SwapFree: 40861944 kB
INFO [2026-03-16 13:51:06] Memory: Total: 61649012 kB, Available: 58748344 kB, Active: 1916824 kB, SwapTotal: 40894456 kB, SwapFree: 40861944 kB
INFO [2026-03-16 13:51:06] Memory: Total: 61649012 kB, Available: 58748096 kB, Active: 1916536 kB, SwapTotal: 40894456 kB, SwapFree: 40861944 kB
INFO [2026-03-16 13:51:06] Memory: Total: 61649012 kB, Available: 58748096 kB, Active: 1916536 kB, SwapTotal: 40894456 kB, SwapFree: 40861944 kB
INFO [2026-03-16 13:51:07] Memory: Total: 61649012 kB, Available: 58748096 kB, Active: 1916536 kB, SwapTotal: 40894456 kB, SwapFree: 40861944 kB
INFO [2026-03-16 13:51:07] Memory: Total: 61649012 kB, Available: 58748096 kB, Active: 1916536 kB, SwapTotal: 40894456 kB, SwapFree: 40861944 kB
INFO [2026-03-16 13:51:07] Memory: Total: 61649012 kB, Available: 58748096 kB, Active: 1916824 kB, SwapTotal: 40894456 kB, SwapFree: 40861944 kB
INFO [2026-03-16 13:51:08] Memory: Total: 61649012 kB, Available: 58748096 kB, Active: 1916700 kB, SwapTotal: 40894456 kB, SwapFree: 40861944 kB
INFO [2026-03-16 13:51:08] Memory: Total: 61649012 kB, Available: 58748096 kB, Active: 1916536 kB, SwapTotal: 40894456 kB, SwapFree: 40861944 kB
INFO [2026-03-16 13:51:09] Memory: Total: 61649012 kB, Available: 58748096 kB, Active: 1916536 kB, SwapTotal: 40894456 kB, SwapFree: 40861944 kB
INFO [2026-03-16 13:51:09] Memory: Total: 61649012 kB, Available: 58748096 kB, Active: 1916536 kB, SwapTotal: 40894456 kB, SwapFree: 40861944 kB
INFO [2026-03-16 13:51:09] Memory: Total: 61649012 kB, Available: 58748108 kB, Active: 1916536 kB, SwapTotal: 40894456 kB, SwapFree: 40861944 kB
INFO [2026-03-16 13:51:10] Memory: Total: 61649012 kB, Available: 58748108 kB, Active: 1916536 kB, SwapTotal: 40894456 kB, SwapFree: 40861944 kB
INFO [2026-03-16 13:51:10] Memory: Total: 61649012 kB, Available: 58748108 kB, Active: 1916536 kB, SwapTotal: 40894456 kB, SwapFree: 40861944 kB
INFO [2026-03-16 13:51:10] Memory: Total: 61649012 kB, Available: 58748432 kB, Active: 1916824 kB, SwapTotal: 40894456 kB, SwapFree: 40861944 kB
INFO [2026-03-16 13:51:11] Memory: Total: 61649012 kB, Available: 58748688 kB, Active: 1916348 kB, SwapTotal: 40894456 kB, SwapFree: 40861944 kB
INFO [2026-03-16 13:51:11] Memory: Total: 61649012 kB, Available: 58748688 kB, Active: 1916348 kB, SwapTotal: 40894456 kB, SwapFree: 40861944 kB
INFO [2026-03-16 13:51:12] Memory: Total: 61649012 kB, Available: 58748692 kB, Active: 1916496 kB, SwapTotal: 40894456 kB, SwapFree: 40861944 kB
INFO [2026-03-16 13:51:12] Memory: Total: 61649012 kB, Available: 58748692 kB, Active: 1916528 kB, SwapTotal: 40894456 kB, SwapFree: 40861944 kB
INFO [2026-03-16 13:51:12] Memory: Total: 61649012 kB, Available: 58748692 kB, Active: 1916484 kB, SwapTotal: 40894456 kB, SwapFree: 40861944 kB
INFO [2026-03-16 13:51:13] Memory: Total: 61649012 kB, Available: 58748440 kB, Active: 1916484 kB, SwapTotal: 40894456 kB, SwapFree: 40861944 kB
INFO [2026-03-16 13:51:13] Memory: Total: 61649012 kB, Available: 58748440 kB, Active: 1916484 kB, SwapTotal: 40894456 kB, SwapFree: 40861944 kB
INFO [2026-03-16 13:51:13] Memory: Total: 61649012 kB, Available: 58749192 kB, Active: 1916376 kB, SwapTotal: 40894456 kB, SwapFree: 40861944 kB
INFO [2026-03-16 13:51:14] Memory: Total: 61649012 kB, Available: 58749192 kB, Active: 1916332 kB, SwapTotal: 40894456 kB, SwapFree: 40861944 kB
INFO [2026-03-16 13:51:14] Memory: Total: 61649012 kB, Available: 58749192 kB, Active: 1916620 kB, SwapTotal: 40894456 kB, SwapFree: 40861944 kB
INFO [2026-03-16 13:51:14] Memory: Total: 61649012 kB, Available: 58749192 kB, Active: 1916616 kB, SwapTotal: 40894456 kB, SwapFree: 40861944 kB
INFO [2026-03-16 13:51:15] Memory: Total: 61649012 kB, Available: 58749192 kB, Active: 1916492 kB, SwapTotal: 40894456 kB, SwapFree: 40861944 kB
INFO [2026-03-16 13:51:15] Memory: Total: 61649012 kB, Available: 58749192 kB, Active: 1916492 kB, SwapTotal: 40894456 kB, SwapFree: 40861944 kB
INFO [2026-03-16 13:51:16] Memory: Total: 61649012 kB, Available: 58749192 kB, Active: 1916548 kB, SwapTotal: 40894456 kB, SwapFree: 40861944 kB
INFO [2026-03-16 13:51:16] Memory: Total: 61649012 kB, Available: 58749192 kB, Active: 1916492 kB, SwapTotal: 40894456 kB, SwapFree: 40861944 kB
INFO [2026-03-16 13:51:16] Memory: Total: 61649012 kB, Available: 58749192 kB, Active: 1916492 kB, SwapTotal: 40894456 kB, SwapFree: 40861944 kB
INFO [2026-03-16 13:51:17] Memory: Total: 61649012 kB, Available: 58749192 kB, Active: 1916492 kB, SwapTotal: 40894456 kB, SwapFree: 40861944 kB
INFO [2026-03-16 13:51:17] Memory: Total: 61649012 kB, Available: 58749192 kB, Active: 1916492 kB, SwapTotal: 40894456 kB, SwapFree: 40861944 kB
INFO [2026-03-16 13:51:17] Memory: Total: 61649012 kB, Available: 58749192 kB, Active: 1916544 kB, SwapTotal: 40894456 kB, SwapFree: 40861944 kB
INFO [2026-03-16 13:51:18] Memory: Total: 61649012 kB, Available: 58749192 kB, Active: 1916492 kB, SwapTotal: 40894456 kB, SwapFree: 40861944 kB
INFO [2026-03-16 13:51:18] Memory: Total: 61649012 kB, Available: 58749192 kB, Active: 1916492 kB, SwapTotal: 40894456 kB, SwapFree: 40861944 kB
INFO [2026-03-16 13:51:19] Memory: Total: 61649012 kB, Available: 58749192 kB, Active: 1916552 kB, SwapTotal: 40894456 kB, SwapFree: 40861944 kB
INFO [2026-03-16 13:51:19] Memory: Total: 61649012 kB, Available: 58749192 kB, Active: 1916492 kB, SwapTotal: 40894456 kB, SwapFree: 40861944 kB
INFO [2026-03-16 13:51:19] Memory: Total: 61649012 kB, Available: 58749192 kB, Active: 1916492 kB, SwapTotal: 40894456 kB, SwapFree: 40861944 kB
INFO [2026-03-16 13:51:20] Memory: Total: 61649012 kB, Available: 58749192 kB, Active: 1916776 kB, SwapTotal: 40894456 kB, SwapFree: 40861944 kB
INFO [2026-03-16 13:51:20] Memory: Total: 61649012 kB, Available: 58749192 kB, Active: 1916492 kB, SwapTotal: 40894456 kB, SwapFree: 40861944 kB
INFO [2026-03-16 13:51:20] Memory: Total: 61649012 kB, Available: 58748940 kB, Active: 1916492 kB, SwapTotal: 40894456 kB, SwapFree: 40861944 kB
INFO [2026-03-16 13:51:21] Memory: Total: 61649012 kB, Available: 58748940 kB, Active: 1916492 kB, SwapTotal: 40894456 kB, SwapFree: 40861944 kB
INFO [2026-03-16 13:51:21] Memory: Total: 61649012 kB, Available: 58748940 kB, Active: 1916492 kB, SwapTotal: 40894456 kB, SwapFree: 40861944 kB
INFO [2026-03-16 13:51:22] Memory: Total: 61649012 kB, Available: 58748940 kB, Active: 1916492 kB, SwapTotal: 40894456 kB, SwapFree: 40861944 kB
INFO [2026-03-16 13:51:22] Memory: Total: 61649012 kB, Available: 58749264 kB, Active: 1916776 kB, SwapTotal: 40894456 kB, SwapFree: 40861944 kB
INFO [2026-03-16 13:51:22] Memory: Total: 61649012 kB, Available: 58749304 kB, Active: 1916492 kB, SwapTotal: 40894456 kB, SwapFree: 40861944 kB
INFO [2026-03-16 13:51:23] Memory: Total: 61649012 kB, Available: 58749056 kB, Active: 1916492 kB, SwapTotal: 40894456 kB, SwapFree: 40861944 kB
INFO [2026-03-16 13:51:23] Memory: Total: 61649012 kB, Available: 58749056 kB, Active: 1916492 kB, SwapTotal: 40894456 kB, SwapFree: 40861944 kB
INFO [2026-03-16 13:51:23] Memory: Total: 61649012 kB, Available: 58749056 kB, Active: 1916492 kB, SwapTotal: 40894456 kB, SwapFree: 40861944 kB
INFO [2026-03-16 13:51:24] Memory: Total: 61649012 kB, Available: 58749056 kB, Active: 1916780 kB, SwapTotal: 40894456 kB, SwapFree: 40861944 kB
INFO [2026-03-16 13:51:24] Memory: Total: 61649012 kB, Available: 58749308 kB, Active: 1916492 kB, SwapTotal: 40894456 kB, SwapFree: 40861944 kB
INFO [2026-03-16 13:51:24] Memory: Total: 61649012 kB, Available: 58749308 kB, Active: 1916492 kB, SwapTotal: 40894456 kB, SwapFree: 40861944 kB
INFO [2026-03-16 13:51:25] Memory: Total: 61649012 kB, Available: 58749308 kB, Active: 1916492 kB, SwapTotal: 40894456 kB, SwapFree: 40861944 kB
INFO [2026-03-16 13:51:25] Memory: Total: 61649012 kB, Available: 58749308 kB, Active: 1916492 kB, SwapTotal: 40894456 kB, SwapFree: 40861944 kB
INFO [2026-03-16 13:51:26] Memory: Total: 61649012 kB, Available: 58749308 kB, Active: 1916776 kB, SwapTotal: 40894456 kB, SwapFree: 40861944 kB
INFO [2026-03-16 13:51:26] Memory: Total: 61649012 kB, Available: 58749308 kB, Active: 1916492 kB, SwapTotal: 40894456 kB, SwapFree: 40861944 kB
INFO [2026-03-16 13:51:26] Memory: Total: 61649012 kB, Available: 58749308 kB, Active: 1916492 kB, SwapTotal: 40894456 kB, SwapFree: 40861944 kB
INFO [2026-03-16 13:51:27] Memory: Total: 61649012 kB, Available: 58749308 kB, Active: 1916544 kB, SwapTotal: 40894456 kB, SwapFree: 40861944 kB
INFO [2026-03-16 13:51:27] Memory: Total: 61649012 kB, Available: 58749308 kB, Active: 1916492 kB, SwapTotal: 40894456 kB, SwapFree: 40861944 kB
INFO [2026-03-16 13:51:27] Memory: Total: 61649012 kB, Available: 58749308 kB, Active: 1916492 kB, SwapTotal: 40894456 kB, SwapFree: 40861944 kB
INFO [2026-03-16 13:51:28] Memory: Total: 61649012 kB, Available: 58749308 kB, Active: 1916492 kB, SwapTotal: 40894456 kB, SwapFree: 40861944 kB
INFO [2026-03-16 13:51:28] Memory: Total: 61649012 kB, Available: 58749308 kB, Active: 1916492 kB, SwapTotal: 40894456 kB, SwapFree: 40861944 kB
INFO [2026-03-16 13:51:29] Memory: Total: 61649012 kB, Available: 58749956 kB, Active: 1916776 kB, SwapTotal: 40894456 kB, SwapFree: 40861944 kB
INFO [2026-03-16 13:51:29] Memory: Total: 61649012 kB, Available: 58750124 kB, Active: 1916492 kB, SwapTotal: 40894456 kB, SwapFree: 40861944 kB
INFO [2026-03-16 13:51:29] Memory: Total: 61649012 kB, Available: 58750376 kB, Active: 1916492 kB, SwapTotal: 40894456 kB, SwapFree: 40861944 kB
INFO [2026-03-16 13:51:30] Memory: Total: 61649012 kB, Available: 58750376 kB, Active: 1916552 kB, SwapTotal: 40894456 kB, SwapFree: 40861944 kB
INFO [2026-03-16 13:51:30] Memory: Total: 61649012 kB, Available: 58750376 kB, Active: 1916492 kB, SwapTotal: 40894456 kB, SwapFree: 40861944 kB
INFO [2026-03-16 13:51:30] Memory: Total: 61649012 kB, Available: 58750376 kB, Active: 1916492 kB, SwapTotal: 40894456 kB, SwapFree: 40861944 kB
INFO [2026-03-16 13:51:31] Memory: Total: 61649012 kB, Available: 58750376 kB, Active: 1916492 kB, SwapTotal: 40894456 kB, SwapFree: 40861944 kB
INFO [2026-03-16 13:51:31] Memory: Total: 61649012 kB, Available: 58750376 kB, Active: 1916492 kB, SwapTotal: 40894456 kB, SwapFree: 40861944 kB
INFO [2026-03-16 13:51:31] Memory: Total: 61649012 kB, Available: 58750376 kB, Active: 1916492 kB, SwapTotal: 40894456 kB, SwapFree: 40861944 kB
INFO [2026-03-16 13:51:32] Memory: Total: 61649012 kB, Available: 58750380 kB, Active: 1916492 kB, SwapTotal: 40894456 kB, SwapFree: 40861944 kB
INFO [2026-03-16 13:51:32] Memory: Total: 61649012 kB, Available: 58750132 kB, Active: 1916492 kB, SwapTotal: 40894456 kB, SwapFree: 40861944 kB
INFO [2026-03-16 13:51:33] Memory: Total: 61649012 kB, Available: 58750132 kB, Active: 1916492 kB, SwapTotal: 40894456 kB, SwapFree: 40861944 kB
INFO [2026-03-16 13:51:34] Memory: Total: 61649012 kB, Available: 58750176 kB, Active: 1916904 kB, SwapTotal: 40894456 kB, SwapFree: 40861944 kB
INFO [2026-03-16 13:51:34] Memory: Total: 61649012 kB, Available: 58750480 kB, Active: 1916616 kB, SwapTotal: 40894456 kB, SwapFree: 40861944 kB
INFO [2026-03-16 13:51:34] Memory: Total: 61649012 kB, Available: 58750480 kB, Active: 1916616 kB, SwapTotal: 40894456 kB, SwapFree: 40861944 kB
INFO [2026-03-16 13:51:35] Memory: Total: 61649012 kB, Available: 58750480 kB, Active: 1916904 kB, SwapTotal: 40894456 kB, SwapFree: 40861944 kB
INFO [2026-03-16 13:51:35] Memory: Total: 61649012 kB, Available: 58750480 kB, Active: 1916616 kB, SwapTotal: 40894456 kB, SwapFree: 40861944 kB
INFO [2026-03-16 13:51:35] Memory: Total: 61649012 kB, Available: 58750480 kB, Active: 1916616 kB, SwapTotal: 40894456 kB, SwapFree: 40861944 kB
INFO [2026-03-16 13:51:36] Memory: Total: 61649012 kB, Available: 58750732 kB, Active: 1916616 kB, SwapTotal: 40894456 kB, SwapFree: 40861944 kB
INFO [2026-03-16 13:51:36] Memory: Total: 61649012 kB, Available: 58750732 kB, Active: 1916616 kB, SwapTotal: 40894456 kB, SwapFree: 40861944 kB
INFO [2026-03-16 13:51:36] Memory: Total: 61649012 kB, Available: 58750732 kB, Active: 1916904 kB, SwapTotal: 40894456 kB, SwapFree: 40861944 kB
INFO [2026-03-16 13:51:37] Memory: Total: 61649012 kB, Available: 58751032 kB, Active: 1916616 kB, SwapTotal: 40894456 kB, SwapFree: 40861944 kB
INFO [2026-03-16 13:51:37] Memory: Total: 61649012 kB, Available: 58750780 kB, Active: 1916616 kB, SwapTotal: 40894456 kB, SwapFree: 40861944 kB
INFO [2026-03-16 13:51:38] Memory: Total: 61649012 kB, Available: 58750780 kB, Active: 1916616 kB, SwapTotal: 40894456 kB, SwapFree: 40861944 kB
INFO [2026-03-16 13:51:38] Memory: Total: 61649012 kB, Available: 58750780 kB, Active: 1916616 kB, SwapTotal: 40894456 kB, SwapFree: 40861944 kB
INFO [2026-03-16 13:51:38] Memory: Total: 61649012 kB, Available: 58750780 kB, Active: 1916616 kB, SwapTotal: 40894456 kB, SwapFree: 40861944 kB
INFO [2026-03-16 13:51:39] Memory: Total: 61649012 kB, Available: 58750528 kB, Active: 1916628 kB, SwapTotal: 40894456 kB, SwapFree: 40861944 kB
INFO [2026-03-16 13:51:39] Memory: Total: 61649012 kB, Available: 58750528 kB, Active: 1916616 kB, SwapTotal: 40894456 kB, SwapFree: 40861944 kB
INFO [2026-03-16 13:51:39] Memory: Total: 61649012 kB, Available: 58750528 kB, Active: 1916616 kB, SwapTotal: 40894456 kB, SwapFree: 40861944 kB
INFO [2026-03-16 13:51:40] Memory: Total: 61649012 kB, Available: 58750528 kB, Active: 1916616 kB, SwapTotal: 40894456 kB, SwapFree: 40861944 kB
INFO [2026-03-16 13:51:40] Memory: Total: 61649012 kB, Available: 58750528 kB, Active: 1916616 kB, SwapTotal: 40894456 kB, SwapFree: 40861944 kB
INFO [2026-03-16 13:51:41] Memory: Total: 61649012 kB, Available: 58750528 kB, Active: 1916664 kB, SwapTotal: 40894456 kB, SwapFree: 40861944 kB
INFO [2026-03-16 13:51:41] Memory: Total: 61649012 kB, Available: 58750528 kB, Active: 1916616 kB, SwapTotal: 40894456 kB, SwapFree: 40861944 kB
INFO [2026-03-16 13:51:41] Memory: Total: 61649012 kB, Available: 58750528 kB, Active: 1916616 kB, SwapTotal: 40894456 kB, SwapFree: 40861944 kB
INFO [2026-03-16 13:51:42] Memory: Total: 61649012 kB, Available: 58750528 kB, Active: 1916616 kB, SwapTotal: 40894456 kB, SwapFree: 40861944 kB
INFO [2026-03-16 13:51:42] Memory: Total: 61649012 kB, Available: 58750528 kB, Active: 1916896 kB, SwapTotal: 40894456 kB, SwapFree: 40861944 kB
INFO [2026-03-16 13:51:42] Memory: Total: 61649012 kB, Available: 58750528 kB, Active: 1916616 kB, SwapTotal: 40894456 kB, SwapFree: 40861944 kB
INFO [2026-03-16 13:51:43] Memory: Total: 61649012 kB, Available: 58750528 kB, Active: 1916616 kB, SwapTotal: 40894456 kB, SwapFree: 40861944 kB
INFO [2026-03-16 13:51:43] Memory: Total: 61649012 kB, Available: 58750528 kB, Active: 1916616 kB, SwapTotal: 40894456 kB, SwapFree: 40861944 kB
INFO [2026-03-16 13:51:43] Memory: Total: 61649012 kB, Available: 58750532 kB, Active: 1916904 kB, SwapTotal: 40894456 kB, SwapFree: 40861944 kB
INFO [2026-03-16 13:51:44] Memory: Total: 61649012 kB, Available: 58750784 kB, Active: 1916616 kB, SwapTotal: 40894456 kB, SwapFree: 40861944 kB
INFO [2026-03-16 13:51:44] Memory: Total: 61649012 kB, Available: 58750784 kB, Active: 1916616 kB, SwapTotal: 40894456 kB, SwapFree: 40861944 kB
INFO [2026-03-16 13:51:45] Memory: Total: 61649012 kB, Available: 58751108 kB, Active: 1916904 kB, SwapTotal: 40894456 kB, SwapFree: 40861944 kB
INFO [2026-03-16 13:51:45] Memory: Total: 61649012 kB, Available: 58751352 kB, Active: 1916616 kB, SwapTotal: 40894456 kB, SwapFree: 40861944 kB
INFO [2026-03-16 13:51:45] Memory: Total: 61649012 kB, Available: 58751352 kB, Active: 1916616 kB, SwapTotal: 40894456 kB, SwapFree: 40861944 kB
INFO [2026-03-16 13:51:46] Memory: Total: 61649012 kB, Available: 58751352 kB, Active: 1916620 kB, SwapTotal: 40894456 kB, SwapFree: 40861944 kB
INFO [2026-03-16 13:51:46] Memory: Total: 61649012 kB, Available: 58751352 kB, Active: 1916616 kB, SwapTotal: 40894456 kB, SwapFree: 40861944 kB
INFO [2026-03-16 13:51:46] Memory: Total: 61649012 kB, Available: 58751352 kB, Active: 1916616 kB, SwapTotal: 40894456 kB, SwapFree: 40861944 kB
INFO [2026-03-16 13:51:47] Memory: Total: 61649012 kB, Available: 58751352 kB, Active: 1916616 kB, SwapTotal: 40894456 kB, SwapFree: 40861944 kB
INFO [2026-03-16 13:51:47] Memory: Total: 61649012 kB, Available: 58751352 kB, Active: 1916616 kB, SwapTotal: 40894456 kB, SwapFree: 40861944 kB
INFO [2026-03-16 13:51:48] Memory: Total: 61649012 kB, Available: 58751352 kB, Active: 1916616 kB, SwapTotal: 40894456 kB, SwapFree: 40861944 kB
INFO [2026-03-16 13:51:48] Memory: Total: 61649012 kB, Available: 58751352 kB, Active: 1916616 kB, SwapTotal: 40894456 kB, SwapFree: 40861944 kB
INFO [2026-03-16 13:51:48] Memory: Total: 61649012 kB, Available: 58751352 kB, Active: 1916616 kB, SwapTotal: 40894456 kB, SwapFree: 40861944 kB
INFO [2026-03-16 13:51:49] Memory: Total: 61649012 kB, Available: 58751352 kB, Active: 1916676 kB, SwapTotal: 40894456 kB, SwapFree: 40861944 kB
INFO [2026-03-16 13:51:49] Memory: Total: 61649012 kB, Available: 58751352 kB, Active: 1916616 kB, SwapTotal: 40894456 kB, SwapFree: 40861944 kB
INFO [2026-03-16 13:51:49] Memory: Total: 61649012 kB, Available: 58751352 kB, Active: 1916616 kB, SwapTotal: 40894456 kB, SwapFree: 40861944 kB
INFO [2026-03-16 13:51:50] Memory: Total: 61649012 kB, Available: 58751100 kB, Active: 1916616 kB, SwapTotal: 40894456 kB, SwapFree: 40861944 kB
INFO [2026-03-16 13:51:50] Memory: Total: 61649012 kB, Available: 58751100 kB, Active: 1916616 kB, SwapTotal: 40894456 kB, SwapFree: 40861944 kB
INFO [2026-03-16 13:51:50] Memory: Total: 61649012 kB, Available: 58751100 kB, Active: 1916904 kB, SwapTotal: 40894456 kB, SwapFree: 40861944 kB
INFO [2026-03-16 13:51:51] Memory: Total: 61649012 kB, Available: 58751352 kB, Active: 1916616 kB, SwapTotal: 40894456 kB, SwapFree: 40861944 kB
INFO [2026-03-16 13:51:51] Memory: Total: 61649012 kB, Available: 58751352 kB, Active: 1916616 kB, SwapTotal: 40894456 kB, SwapFree: 40861944 kB
INFO [2026-03-16 13:51:52] Memory: Total: 61649012 kB, Available: 58751352 kB, Active: 1916616 kB, SwapTotal: 40894456 kB, SwapFree: 40861944 kB
INFO [2026-03-16 13:51:52] Memory: Total: 61649012 kB, Available: 58751352 kB, Active: 1916616 kB, SwapTotal: 40894456 kB, SwapFree: 40861944 kB
INFO [2026-03-16 13:51:52] Memory: Total: 61649012 kB, Available: 58751352 kB, Active: 1916616 kB, SwapTotal: 40894456 kB, SwapFree: 40861944 kB
INFO [2026-03-16 13:51:53] Memory: Total: 61649012 kB, Available: 58751352 kB, Active: 1916616 kB, SwapTotal: 40894456 kB, SwapFree: 40861944 kB
INFO [2026-03-16 13:51:53] Memory: Total: 61649012 kB, Available: 58751352 kB, Active: 1916616 kB, SwapTotal: 40894456 kB, SwapFree: 40861944 kB
INFO [2026-03-16 13:51:53] Memory: Total: 61649012 kB, Available: 58751356 kB, Active: 1916616 kB, SwapTotal: 40894456 kB, SwapFree: 40861944 kB
INFO [2026-03-16 13:51:54] Memory: Total: 61649012 kB, Available: 58751356 kB, Active: 1916616 kB, SwapTotal: 40894456 kB, SwapFree: 40861944 kB
INFO [2026-03-16 13:51:54] Memory: Total: 61649012 kB, Available: 58751356 kB, Active: 1916616 kB, SwapTotal: 40894456 kB, SwapFree: 40861944 kB
INFO [2026-03-16 13:51:55] Memory: Total: 61649012 kB, Available: 58751356 kB, Active: 1916676 kB, SwapTotal: 40894456 kB, SwapFree: 40861944 kB
INFO [2026-03-16 13:51:55] Memory: Total: 61649012 kB, Available: 58751356 kB, Active: 1916616 kB, SwapTotal: 40894456 kB, SwapFree: 40861944 kB
INFO [2026-03-16 13:51:55] Memory: Total: 61649012 kB, Available: 58751116 kB, Active: 1916616 kB, SwapTotal: 40894456 kB, SwapFree: 40861944 kB
INFO [2026-03-16 13:51:56] Memory: Total: 61649012 kB, Available: 58751116 kB, Active: 1916616 kB, SwapTotal: 40894456 kB, SwapFree: 40861944 kB
INFO [2026-03-16 13:51:56] Memory: Total: 61649012 kB, Available: 58751336 kB, Active: 1916616 kB, SwapTotal: 40894456 kB, SwapFree: 40861944 kB
INFO [2026-03-16 13:51:56] Memory: Total: 61649012 kB, Available: 58751660 kB, Active: 1917028 kB, SwapTotal: 40894456 kB, SwapFree: 40861944 kB
INFO [2026-03-16 13:51:57] Memory: Total: 61649012 kB, Available: 58751884 kB, Active: 1916740 kB, SwapTotal: 40894456 kB, SwapFree: 40861944 kB
INFO [2026-03-16 13:51:57] Memory: Total: 61649012 kB, Available: 58751884 kB, Active: 1916740 kB, SwapTotal: 40894456 kB, SwapFree: 40861944 kB
INFO [2026-03-16 13:51:57] Memory: Total: 61649012 kB, Available: 58751632 kB, Active: 1916740 kB, SwapTotal: 40894456 kB, SwapFree: 40861944 kB
INFO [2026-03-16 13:51:58] Memory: Total: 61649012 kB, Available: 58751632 kB, Active: 1916740 kB, SwapTotal: 40894456 kB, SwapFree: 40861944 kB
INFO [2026-03-16 13:51:58] Memory: Total: 61649012 kB, Available: 58751384 kB, Active: 1916740 kB, SwapTotal: 40894456 kB, SwapFree: 40861944 kB
INFO [2026-03-16 13:51:59] Memory: Total: 61649012 kB, Available: 58751384 kB, Active: 1917024 kB, SwapTotal: 40894456 kB, SwapFree: 40861944 kB
INFO [2026-03-16 13:51:59] Memory: Total: 61649012 kB, Available: 58752108 kB, Active: 1916740 kB, SwapTotal: 40894456 kB, SwapFree: 40861944 kB
INFO [2026-03-16 13:51:59] Memory: Total: 61649012 kB, Available: 58752108 kB, Active: 1916740 kB, SwapTotal: 40894456 kB, SwapFree: 40861944 kB
INFO [2026-03-16 13:52:00] Memory: Total: 61649012 kB, Available: 58752108 kB, Active: 1916740 kB, SwapTotal: 40894456 kB, SwapFree: 40861944 kB
INFO [2026-03-16 13:52:00] Memory: Total: 61649012 kB, Available: 58752108 kB, Active: 1916740 kB, SwapTotal: 40894456 kB, SwapFree: 40861944 kB
INFO [2026-03-16 13:52:00] Memory: Total: 61649012 kB, Available: 58751868 kB, Active: 1916796 kB, SwapTotal: 40894456 kB, SwapFree: 40861944 kB
INFO [2026-03-16 13:52:01] Memory: Total: 61649012 kB, Available: 58751868 kB, Active: 1916740 kB, SwapTotal: 40894456 kB, SwapFree: 40861944 kB
INFO [2026-03-16 13:52:01] Memory: Total: 61649012 kB, Available: 58751868 kB, Active: 1916740 kB, SwapTotal: 40894456 kB, SwapFree: 40861944 kB
INFO [2026-03-16 13:52:02] Memory: Total: 61649012 kB, Available: 58751868 kB, Active: 1916752 kB, SwapTotal: 40894456 kB, SwapFree: 40861944 kB
INFO [2026-03-16 13:52:02] Memory: Total: 61649012 kB, Available: 58752120 kB, Active: 1916740 kB, SwapTotal: 40894456 kB, SwapFree: 40861944 kB
INFO [2026-03-16 13:52:02] Memory: Total: 61649012 kB, Available: 58752120 kB, Active: 1916740 kB, SwapTotal: 40894456 kB, SwapFree: 40861944 kB
INFO [2026-03-16 13:52:03] Memory: Total: 61649012 kB, Available: 58752120 kB, Active: 1916740 kB, SwapTotal: 40894456 kB, SwapFree: 40861944 kB
INFO [2026-03-16 13:52:03] Memory: Total: 61649012 kB, Available: 58752120 kB, Active: 1916740 kB, SwapTotal: 40894456 kB, SwapFree: 40861944 kB
INFO [2026-03-16 13:52:03] Memory: Total: 61649012 kB, Available: 58752120 kB, Active: 1916740 kB, SwapTotal: 40894456 kB, SwapFree: 40861944 kB
INFO [2026-03-16 13:52:04] Memory: Total: 61649012 kB, Available: 58752120 kB, Active: 1916740 kB, SwapTotal: 40894456 kB, SwapFree: 40861944 kB
INFO [2026-03-16 13:52:04] Memory: Total: 61649012 kB, Available: 58752120 kB, Active: 1916740 kB, SwapTotal: 40894456 kB, SwapFree: 40861944 kB
INFO [2026-03-16 13:52:04] Memory: Total: 61649012 kB, Available: 58751872 kB, Active: 1916788 kB, SwapTotal: 40894456 kB, SwapFree: 40861944 kB
INFO [2026-03-16 13:52:05] Memory: Total: 61649012 kB, Available: 58751872 kB, Active: 1916740 kB, SwapTotal: 40894456 kB, SwapFree: 40861944 kB
INFO [2026-03-16 13:52:05] Memory: Total: 61649012 kB, Available: 58751872 kB, Active: 1916740 kB, SwapTotal: 40894456 kB, SwapFree: 40861944 kB
INFO [2026-03-16 13:52:06] Memory: Total: 61649012 kB, Available: 58751872 kB, Active: 1917028 kB, SwapTotal: 40894456 kB, SwapFree: 40861944 kB
INFO [2026-03-16 13:52:06] Memory: Total: 61649012 kB, Available: 58752124 kB, Active: 1916740 kB, SwapTotal: 40894456 kB, SwapFree: 40861944 kB
INFO [2026-03-16 13:52:06] Memory: Total: 61649012 kB, Available: 58752124 kB, Active: 1916740 kB, SwapTotal: 40894456 kB, SwapFree: 40861944 kB
INFO [2026-03-16 13:52:07] Memory: Total: 61649012 kB, Available: 58752124 kB, Active: 1916740 kB, SwapTotal: 40894456 kB, SwapFree: 40861944 kB
INFO [2026-03-16 13:52:07] Memory: Total: 61649012 kB, Available: 58752124 kB, Active: 1916740 kB, SwapTotal: 40894456 kB, SwapFree: 40861944 kB
INFO [2026-03-16 13:52:07] Memory: Total: 61649012 kB, Available: 58752448 kB, Active: 1917024 kB, SwapTotal: 40894456 kB, SwapFree: 40861944 kB
INFO [2026-03-16 13:52:08] Memory: Total: 61649012 kB, Available: 58752760 kB, Active: 1916740 kB, SwapTotal: 40894456 kB, SwapFree: 40861944 kB
INFO [2026-03-16 13:52:08] Memory: Total: 61649012 kB, Available: 58752760 kB, Active: 1916740 kB, SwapTotal: 40894456 kB, SwapFree: 40861944 kB
INFO [2026-03-16 13:52:09] Memory: Total: 61649012 kB, Available: 58753084 kB, Active: 1917028 kB, SwapTotal: 40894456 kB, SwapFree: 40861944 kB
INFO [2026-03-16 13:52:09] Memory: Total: 61649012 kB, Available: 58753124 kB, Active: 1916740 kB, SwapTotal: 40894456 kB, SwapFree: 40861944 kB
INFO [2026-03-16 13:52:09] Memory: Total: 61649012 kB, Available: 58753124 kB, Active: 1916740 kB, SwapTotal: 40894456 kB, SwapFree: 40861944 kB
INFO [2026-03-16 13:52:10] Memory: Total: 61649012 kB, Available: 58753124 kB, Active: 1917028 kB, SwapTotal: 40894456 kB, SwapFree: 40861944 kB
INFO [2026-03-16 13:52:10] Memory: Total: 61649012 kB, Available: 58753124 kB, Active: 1916740 kB, SwapTotal: 40894456 kB, SwapFree: 40861944 kB
INFO [2026-03-16 13:52:10] Memory: Total: 61649012 kB, Available: 58753124 kB, Active: 1916800 kB, SwapTotal: 40894456 kB, SwapFree: 40861944 kB
INFO [2026-03-16 13:52:11] Memory: Total: 61649012 kB, Available: 58753124 kB, Active: 1916740 kB, SwapTotal: 40894456 kB, SwapFree: 40861944 kB
INFO [2026-03-16 13:52:11] Memory: Total: 61649012 kB, Available: 58753124 kB, Active: 1916800 kB, SwapTotal: 40894456 kB, SwapFree: 40861944 kB
INFO [2026-03-16 13:52:11] Memory: Total: 61649012 kB, Available: 58753124 kB, Active: 1917020 kB, SwapTotal: 40894456 kB, SwapFree: 40861944 kB
INFO [2026-03-16 13:52:12] Memory: Total: 61649012 kB, Available: 58753124 kB, Active: 1916756 kB, SwapTotal: 40894456 kB, SwapFree: 40861944 kB
INFO [2026-03-16 13:52:13] Memory: Total: 61649012 kB, Available: 58752872 kB, Active: 1916744 kB, SwapTotal: 40894456 kB, SwapFree: 40861944 kB
INFO [2026-03-16 13:52:13] Memory: Total: 61649012 kB, Available: 58752872 kB, Active: 1916744 kB, SwapTotal: 40894456 kB, SwapFree: 40861944 kB
INFO [2026-03-16 13:52:14] Memory: Total: 61649012 kB, Available: 58752872 kB, Active: 1916752 kB, SwapTotal: 40894456 kB, SwapFree: 40861944 kB
INFO [2026-03-16 13:52:14] Memory: Total: 61649012 kB, Available: 58752872 kB, Active: 1916744 kB, SwapTotal: 40894456 kB, SwapFree: 40861944 kB
INFO [2026-03-16 13:52:14] Memory: Total: 61649012 kB, Available: 58752872 kB, Active: 1916744 kB, SwapTotal: 40894456 kB, SwapFree: 40861944 kB
INFO [2026-03-16 13:52:15] Memory: Total: 61649012 kB, Available: 58753196 kB, Active: 1917028 kB, SwapTotal: 40894456 kB, SwapFree: 40861944 kB
INFO [2026-03-16 13:52:15] Memory: Total: 61649012 kB, Available: 58752944 kB, Active: 1916744 kB, SwapTotal: 40894456 kB, SwapFree: 40861944 kB
INFO [2026-03-16 13:52:15] Memory: Total: 61649012 kB, Available: 58752884 kB, Active: 1916744 kB, SwapTotal: 40894456 kB, SwapFree: 40861944 kB
INFO [2026-03-16 13:52:16] Memory: Total: 61649012 kB, Available: 58752884 kB, Active: 1916744 kB, SwapTotal: 40894456 kB, SwapFree: 40861944 kB
INFO [2026-03-16 13:52:16] Memory: Total: 61649012 kB, Available: 58752884 kB, Active: 1916744 kB, SwapTotal: 40894456 kB, SwapFree: 40861944 kB
INFO [2026-03-16 13:52:16] Memory: Total: 61649012 kB, Available: 58753140 kB, Active: 1917032 kB, SwapTotal: 40894456 kB, SwapFree: 40861944 kB
INFO [2026-03-16 13:52:17] Memory: Total: 61649012 kB, Available: 58753140 kB, Active: 1916744 kB, SwapTotal: 40894456 kB, SwapFree: 40861944 kB
INFO [2026-03-16 13:52:17] Memory: Total: 61649012 kB, Available: 58753140 kB, Active: 1916744 kB, SwapTotal: 40894456 kB, SwapFree: 40861944 kB
INFO [2026-03-16 13:52:18] Memory: Total: 61649012 kB, Available: 58753140 kB, Active: 1916744 kB, SwapTotal: 40894456 kB, SwapFree: 40861944 kB
INFO [2026-03-16 13:52:18] Memory: Total: 61649012 kB, Available: 58753140 kB, Active: 1916744 kB, SwapTotal: 40894456 kB, SwapFree: 40861944 kB
INFO [2026-03-16 13:52:18] Memory: Total: 61649012 kB, Available: 58753140 kB, Active: 1916744 kB, SwapTotal: 40894456 kB, SwapFree: 40861944 kB
INFO [2026-03-16 13:52:19] Memory: Total: 61649012 kB, Available: 58753140 kB, Active: 1916744 kB, SwapTotal: 40894456 kB, SwapFree: 40861944 kB
INFO [2026-03-16 13:52:19] Memory: Total: 61649012 kB, Available: 58753140 kB, Active: 1916744 kB, SwapTotal: 40894456 kB, SwapFree: 40861944 kB
INFO [2026-03-16 13:52:19] Memory: Total: 61649012 kB, Available: 58753140 kB, Active: 1917032 kB, SwapTotal: 40894456 kB, SwapFree: 40861944 kB
INFO [2026-03-16 13:52:20] Memory: Total: 61649012 kB, Available: 58753140 kB, Active: 1916744 kB, SwapTotal: 40894456 kB, SwapFree: 40861944 kB
INFO [2026-03-16 13:52:20] Memory: Total: 61649012 kB, Available: 58753140 kB, Active: 1916744 kB, SwapTotal: 40894456 kB, SwapFree: 40861944 kB
INFO [2026-03-16 13:52:21] Memory: Total: 61649012 kB, Available: 58752896 kB, Active: 1916748 kB, SwapTotal: 40894456 kB, SwapFree: 40861944 kB
INFO [2026-03-16 13:52:21] Memory: Total: 61649012 kB, Available: 58752896 kB, Active: 1916744 kB, SwapTotal: 40894456 kB, SwapFree: 40861944 kB
INFO [2026-03-16 13:52:21] Memory: Total: 61649012 kB, Available: 58752644 kB, Active: 1916744 kB, SwapTotal: 40894456 kB, SwapFree: 40861944 kB
INFO [2026-03-16 13:52:22] Memory: Total: 61649012 kB, Available: 58752644 kB, Active: 1916744 kB, SwapTotal: 40894456 kB, SwapFree: 40861944 kB
INFO [2026-03-16 13:52:22] Memory: Total: 61649012 kB, Available: 58752968 kB, Active: 1917032 kB, SwapTotal: 40894456 kB, SwapFree: 40861944 kB
INFO [2026-03-16 13:52:22] Memory: Total: 61649012 kB, Available: 58752636 kB, Active: 1916744 kB, SwapTotal: 40894456 kB, SwapFree: 40861944 kB
INFO [2026-03-16 13:52:23] Memory: Total: 61649012 kB, Available: 58752532 kB, Active: 1916744 kB, SwapTotal: 40894456 kB, SwapFree: 40861944 kB
INFO [2026-03-16 13:52:23] Memory: Total: 61649012 kB, Available: 58752532 kB, Active: 1916744 kB, SwapTotal: 40894456 kB, SwapFree: 40861944 kB
INFO [2026-03-16 13:52:23] Memory: Total: 61649012 kB, Available: 58752856 kB, Active: 1917028 kB, SwapTotal: 40894456 kB, SwapFree: 40861944 kB
INFO [2026-03-16 13:52:24] Memory: Total: 61649012 kB, Available: 58752656 kB, Active: 1916744 kB, SwapTotal: 40894456 kB, SwapFree: 40861944 kB
INFO [2026-03-16 13:52:24] Memory: Total: 61649012 kB, Available: 58752404 kB, Active: 1916744 kB, SwapTotal: 40894456 kB, SwapFree: 40861944 kB
INFO [2026-03-16 13:52:25] Memory: Total: 61649012 kB, Available: 58753052 kB, Active: 1917028 kB, SwapTotal: 40894456 kB, SwapFree: 40861944 kB
INFO [2026-03-16 13:52:25] Memory: Total: 61649012 kB, Available: 58753056 kB, Active: 1916744 kB, SwapTotal: 40894456 kB, SwapFree: 40861944 kB
INFO [2026-03-16 13:52:25] Memory: Total: 61649012 kB, Available: 58752804 kB, Active: 1916744 kB, SwapTotal: 40894456 kB, SwapFree: 40861944 kB
INFO [2026-03-16 13:52:26] Memory: Total: 61649012 kB, Available: 58752804 kB, Active: 1916744 kB, SwapTotal: 40894456 kB, SwapFree: 40861944 kB
INFO [2026-03-16 13:52:26] Memory: Total: 61649012 kB, Available: 58752804 kB, Active: 1916744 kB, SwapTotal: 40894456 kB, SwapFree: 40861944 kB
INFO [2026-03-16 13:52:26] Memory: Total: 61649012 kB, Available: 58752804 kB, Active: 1917028 kB, SwapTotal: 40894456 kB, SwapFree: 40861944 kB
INFO [2026-03-16 13:52:27] Memory: Total: 61649012 kB, Available: 58752804 kB, Active: 1916744 kB, SwapTotal: 40894456 kB, SwapFree: 40861944 kB
INFO [2026-03-16 13:52:27] Memory: Total: 61649012 kB, Available: 58752552 kB, Active: 1916744 kB, SwapTotal: 40894456 kB, SwapFree: 40861944 kB
INFO [2026-03-16 13:52:28] Memory: Total: 61649012 kB, Available: 58752876 kB, Active: 1917028 kB, SwapTotal: 40894456 kB, SwapFree: 40861944 kB
INFO [2026-03-16 13:52:28] Memory: Total: 61649012 kB, Available: 58752580 kB, Active: 1916744 kB, SwapTotal: 40894456 kB, SwapFree: 40861944 kB
INFO [2026-03-16 13:52:28] Memory: Total: 61649012 kB, Available: 58752400 kB, Active: 1916744 kB, SwapTotal: 40894456 kB, SwapFree: 40861944 kB
INFO [2026-03-16 13:52:29] Memory: Total: 61649012 kB, Available: 58752400 kB, Active: 1916744 kB, SwapTotal: 40894456 kB, SwapFree: 40861944 kB
INFO [2026-03-16 13:52:29] Memory: Total: 61649012 kB, Available: 58752400 kB, Active: 1917032 kB, SwapTotal: 40894456 kB, SwapFree: 40861944 kB
INFO [2026-03-16 13:52:29] Memory: Total: 61649012 kB, Available: 58752724 kB, Active: 1917032 kB, SwapTotal: 40894456 kB, SwapFree: 40861944 kB
INFO [2026-03-16 13:52:30] Memory: Total: 61649012 kB, Available: 58752736 kB, Active: 1916744 kB, SwapTotal: 40894456 kB, SwapFree: 40861944 kB
INFO [2026-03-16 13:52:30] Memory: Total: 61649012 kB, Available: 58752484 kB, Active: 1916744 kB, SwapTotal: 40894456 kB, SwapFree: 40861944 kB
INFO [2026-03-16 13:52:31] Memory: Total: 61649012 kB, Available: 58752232 kB, Active: 1917028 kB, SwapTotal: 40894456 kB, SwapFree: 40861944 kB
INFO [2026-03-16 13:52:31] Memory: Total: 61649012 kB, Available: 58752164 kB, Active: 1916744 kB, SwapTotal: 40894456 kB, SwapFree: 40861944 kB
INFO [2026-03-16 13:52:31] Memory: Total: 61649012 kB, Available: 58751984 kB, Active: 1916744 kB, SwapTotal: 40894456 kB, SwapFree: 40861944 kB
INFO [2026-03-16 13:52:32] Memory: Total: 61649012 kB, Available: 58752308 kB, Active: 1917032 kB, SwapTotal: 40894456 kB, SwapFree: 40861944 kB
INFO [2026-03-16 13:52:32] Memory: Total: 61649012 kB, Available: 58752564 kB, Active: 1917032 kB, SwapTotal: 40894456 kB, SwapFree: 40861944 kB
INFO [2026-03-16 13:52:32] Memory: Total: 61649012 kB, Available: 58752564 kB, Active: 1916744 kB, SwapTotal: 40894456 kB, SwapFree: 40861944 kB
INFO [2026-03-16 13:52:33] Memory: Total: 61649012 kB, Available: 58752312 kB, Active: 1916744 kB, SwapTotal: 40894456 kB, SwapFree: 40861944 kB
INFO [2026-03-16 13:52:33] Memory: Total: 61649012 kB, Available: 58752312 kB, Active: 1916744 kB, SwapTotal: 40894456 kB, SwapFree: 40861944 kB
INFO [2026-03-16 13:52:33] Memory: Total: 61649012 kB, Available: 58752312 kB, Active: 1917028 kB, SwapTotal: 40894456 kB, SwapFree: 40861944 kB
INFO [2026-03-16 13:52:34] Memory: Total: 61649012 kB, Available: 58752564 kB, Active: 1916744 kB, SwapTotal: 40894456 kB, SwapFree: 40861944 kB
INFO [2026-03-16 13:52:34] Memory: Total: 61649012 kB, Available: 58752312 kB, Active: 1916744 kB, SwapTotal: 40894456 kB, SwapFree: 40861944 kB
INFO [2026-03-16 13:52:35] Memory: Total: 61649012 kB, Available: 58752312 kB, Active: 1916744 kB, SwapTotal: 40894456 kB, SwapFree: 40861944 kB
INFO [2026-03-16 13:52:35] Memory: Total: 61649012 kB, Available: 58752312 kB, Active: 1916744 kB, SwapTotal: 40894456 kB, SwapFree: 40861944 kB
INFO [2026-03-16 13:52:35] Memory: Total: 61649012 kB, Available: 58752312 kB, Active: 1916744 kB, SwapTotal: 40894456 kB, SwapFree: 40861944 kB
INFO [2026-03-16 13:52:36] Memory: Total: 61649012 kB, Available: 58752640 kB, Active: 1917032 kB, SwapTotal: 40894456 kB, SwapFree: 40861944 kB
INFO [2026-03-16 13:52:36] Memory: Total: 61649012 kB, Available: 58751996 kB, Active: 1916744 kB, SwapTotal: 40894456 kB, SwapFree: 40861944 kB
INFO [2026-03-16 13:52:36] Memory: Total: 61649012 kB, Available: 58751888 kB, Active: 1916744 kB, SwapTotal: 40894456 kB, SwapFree: 40861944 kB
INFO [2026-03-16 13:52:37] Memory: Total: 61649012 kB, Available: 58751888 kB, Active: 1916744 kB, SwapTotal: 40894456 kB, SwapFree: 40861944 kB
INFO [2026-03-16 13:52:37] Memory: Total: 61649012 kB, Available: 58751888 kB, Active: 1916744 kB, SwapTotal: 40894456 kB, SwapFree: 40861944 kB
INFO [2026-03-16 13:52:38] Memory: Total: 61649012 kB, Available: 58752212 kB, Active: 1917032 kB, SwapTotal: 40894456 kB, SwapFree: 40861944 kB
INFO [2026-03-16 13:52:38] Memory: Total: 61649012 kB, Available: 58752168 kB, Active: 1916744 kB, SwapTotal: 40894456 kB, SwapFree: 40861944 kB
INFO [2026-03-16 13:52:38] Memory: Total: 61649012 kB, Available: 58752168 kB, Active: 1916744 kB, SwapTotal: 40894456 kB, SwapFree: 40861944 kB
INFO [2026-03-16 13:52:39] Memory: Total: 61649012 kB, Available: 58751916 kB, Active: 1916744 kB, SwapTotal: 40894456 kB, SwapFree: 40861944 kB
INFO [2026-03-16 13:52:39] Memory: Total: 61649012 kB, Available: 58752032 kB, Active: 1916744 kB, SwapTotal: 40894456 kB, SwapFree: 40861944 kB
INFO [2026-03-16 13:52:39] Memory: Total: 61649012 kB, Available: 58752036 kB, Active: 1916800 kB, SwapTotal: 40894456 kB, SwapFree: 40861944 kB
INFO [2026-03-16 13:52:40] Memory: Total: 61649012 kB, Available: 58752036 kB, Active: 1916744 kB, SwapTotal: 40894456 kB, SwapFree: 40861944 kB
INFO [2026-03-16 13:52:40] Memory: Total: 61649012 kB, Available: 58752036 kB, Active: 1916744 kB, SwapTotal: 40894456 kB, SwapFree: 40861944 kB
INFO [2026-03-16 13:52:40] Memory: Total: 61649012 kB, Available: 58752036 kB, Active: 1917028 kB, SwapTotal: 40894456 kB, SwapFree: 40861944 kB
INFO [2026-03-16 13:52:41] Memory: Total: 61649012 kB, Available: 58752660 kB, Active: 1916744 kB, SwapTotal: 40894456 kB, SwapFree: 40861944 kB
INFO [2026-03-16 13:52:41] Memory: Total: 61649012 kB, Available: 58752408 kB, Active: 1916744 kB, SwapTotal: 40894456 kB, SwapFree: 40861944 kB
INFO [2026-03-16 13:52:42] Memory: Total: 61649012 kB, Available: 58752716 kB, Active: 1917028 kB, SwapTotal: 40894456 kB, SwapFree: 40861944 kB
INFO [2026-03-16 13:52:42] Memory: Total: 61649012 kB, Available: 58752752 kB, Active: 1917036 kB, SwapTotal: 40894456 kB, SwapFree: 40861944 kB
INFO [2026-03-16 13:52:42] Memory: Total: 61649012 kB, Available: 58753004 kB, Active: 1916748 kB, SwapTotal: 40894456 kB, SwapFree: 40861944 kB
INFO [2026-03-16 13:52:43] Memory: Total: 61649012 kB, Available: 58752500 kB, Active: 1916748 kB, SwapTotal: 40894456 kB, SwapFree: 40861944 kB
INFO [2026-03-16 13:52:43] Memory: Total: 61649012 kB, Available: 58752500 kB, Active: 1916748 kB, SwapTotal: 40894456 kB, SwapFree: 40861944 kB
INFO [2026-03-16 13:52:43] Memory: Total: 61649012 kB, Available: 58752500 kB, Active: 1917036 kB, SwapTotal: 40894456 kB, SwapFree: 40861944 kB
INFO [2026-03-16 13:52:44] Memory: Total: 61649012 kB, Available: 58752476 kB, Active: 1916748 kB, SwapTotal: 40894456 kB, SwapFree: 40861944 kB
INFO [2026-03-16 13:52:44] Memory: Total: 61649012 kB, Available: 58752296 kB, Active: 1916748 kB, SwapTotal: 40894456 kB, SwapFree: 40861944 kB
INFO [2026-03-16 13:52:45] Memory: Total: 61649012 kB, Available: 58752296 kB, Active: 1917032 kB, SwapTotal: 40894456 kB, SwapFree: 40861944 kB
INFO [2026-03-16 13:52:45] Memory: Total: 61649012 kB, Available: 58752296 kB, Active: 1916748 kB, SwapTotal: 40894456 kB, SwapFree: 40861944 kB
INFO [2026-03-16 13:52:45] Memory: Total: 61649012 kB, Available: 58752044 kB, Active: 1916748 kB, SwapTotal: 40894456 kB, SwapFree: 40861944 kB
INFO [2026-03-16 13:52:46] Memory: Total: 61649012 kB, Available: 58751792 kB, Active: 1917032 kB, SwapTotal: 40894456 kB, SwapFree: 40861944 kB
INFO [2026-03-16 13:52:46] Memory: Total: 61649012 kB, Available: 58751720 kB, Active: 1916748 kB, SwapTotal: 40894456 kB, SwapFree: 40861944 kB
INFO [2026-03-16 13:52:46] Memory: Total: 61649012 kB, Available: 58751540 kB, Active: 1916748 kB, SwapTotal: 40894456 kB, SwapFree: 40861944 kB
INFO [2026-03-16 13:52:47] Memory: Total: 61649012 kB, Available: 58751780 kB, Active: 1916748 kB, SwapTotal: 40894456 kB, SwapFree: 40861944 kB
INFO [2026-03-16 13:52:47] Memory: Total: 61649012 kB, Available: 58751780 kB, Active: 1916748 kB, SwapTotal: 40894456 kB, SwapFree: 40861944 kB
INFO [2026-03-16 13:52:47] Memory: Total: 61649012 kB, Available: 58751780 kB, Active: 1916800 kB, SwapTotal: 40894456 kB, SwapFree: 40861944 kB
INFO [2026-03-16 13:52:48] Memory: Total: 61649012 kB, Available: 58751780 kB, Active: 1916748 kB, SwapTotal: 40894456 kB, SwapFree: 40861944 kB
INFO [2026-03-16 13:52:48] Memory: Total: 61649012 kB, Available: 58751780 kB, Active: 1916748 kB, SwapTotal: 40894456 kB, SwapFree: 40861944 kB
INFO [2026-03-16 13:52:49] Memory: Total: 61649012 kB, Available: 58752104 kB, Active: 1917036 kB, SwapTotal: 40894456 kB, SwapFree: 40861944 kB
INFO [2026-03-16 13:52:49] Memory: Total: 61649012 kB, Available: 58752340 kB, Active: 1916748 kB, SwapTotal: 40894456 kB, SwapFree: 40861944 kB
INFO [2026-03-16 13:52:49] Memory: Total: 61649012 kB, Available: 58752088 kB, Active: 1916748 kB, SwapTotal: 40894456 kB, SwapFree: 40861944 kB
INFO [2026-03-16 13:52:50] Memory: Total: 61649012 kB, Available: 58752088 kB, Active: 1916748 kB, SwapTotal: 40894456 kB, SwapFree: 40861944 kB
INFO [2026-03-16 13:52:50] Memory: Total: 61649012 kB, Available: 58752088 kB, Active: 1916748 kB, SwapTotal: 40894456 kB, SwapFree: 40861944 kB
INFO [2026-03-16 13:52:50] Memory: Total: 61649012 kB, Available: 58752088 kB, Active: 1917036 kB, SwapTotal: 40894456 kB, SwapFree: 40861944 kB
INFO [2026-03-16 13:52:51] Memory: Total: 61649012 kB, Available: 58752340 kB, Active: 1916748 kB, SwapTotal: 40894456 kB, SwapFree: 40861944 kB
INFO [2026-03-16 13:52:51] Memory: Total: 61649012 kB, Available: 58752088 kB, Active: 1916748 kB, SwapTotal: 40894456 kB, SwapFree: 40861944 kB
INFO [2026-03-16 13:52:52] Memory: Total: 61649012 kB, Available: 58752088 kB, Active: 1917032 kB, SwapTotal: 40894456 kB, SwapFree: 40861944 kB
INFO [2026-03-16 13:52:52] Memory: Total: 61649012 kB, Available: 58752104 kB, Active: 1916748 kB, SwapTotal: 40894456 kB, SwapFree: 40861944 kB
INFO [2026-03-16 13:52:53] Memory: Total: 61649012 kB, Available: 58751852 kB, Active: 1916748 kB, SwapTotal: 40894456 kB, SwapFree: 40861944 kB
INFO [2026-03-16 13:52:53] Memory: Total: 61649012 kB, Available: 58751852 kB, Active: 1916744 kB, SwapTotal: 40894456 kB, SwapFree: 40861944 kB
INFO [2026-03-16 13:52:54] Memory: Total: 61649012 kB, Available: 58751924 kB, Active: 1917028 kB, SwapTotal: 40894456 kB, SwapFree: 40861944 kB
INFO [2026-03-16 13:52:54] Memory: Total: 61649012 kB, Available: 58752236 kB, Active: 1916744 kB, SwapTotal: 40894456 kB, SwapFree: 40861944 kB
INFO [2026-03-16 13:52:54] Memory: Total: 61649012 kB, Available: 58751984 kB, Active: 1916744 kB, SwapTotal: 40894456 kB, SwapFree: 40861944 kB
INFO [2026-03-16 13:52:55] Memory: Total: 61649012 kB, Available: 58752308 kB, Active: 1917032 kB, SwapTotal: 40894456 kB, SwapFree: 40861944 kB
INFO [2026-03-16 13:52:55] Memory: Total: 61649012 kB, Available: 58752824 kB, Active: 1916744 kB, SwapTotal: 40894456 kB, SwapFree: 40861944 kB
INFO [2026-03-16 13:52:55] Memory: Total: 61649012 kB, Available: 58752172 kB, Active: 1916744 kB, SwapTotal: 40894456 kB, SwapFree: 40861944 kB
INFO [2026-03-16 13:52:56] Memory: Total: 61649012 kB, Available: 58752068 kB, Active: 1916744 kB, SwapTotal: 40894456 kB, SwapFree: 40861944 kB
INFO [2026-03-16 13:52:56] Memory: Total: 61649012 kB, Available: 58752068 kB, Active: 1916744 kB, SwapTotal: 40894456 kB, SwapFree: 40861944 kB
INFO [2026-03-16 13:52:57] Memory: Total: 61649012 kB, Available: 58752140 kB, Active: 1917032 kB, SwapTotal: 40894456 kB, SwapFree: 40861944 kB
INFO [2026-03-16 13:52:57] Memory: Total: 61649012 kB, Available: 58751948 kB, Active: 1916908 kB, SwapTotal: 40894456 kB, SwapFree: 40861944 kB
INFO [2026-03-16 13:52:57] Memory: Total: 61649012 kB, Available: 58751948 kB, Active: 1916744 kB, SwapTotal: 40894456 kB, SwapFree: 40861944 kB
INFO [2026-03-16 13:52:58] Memory: Total: 61649012 kB, Available: 58751948 kB, Active: 1916744 kB, SwapTotal: 40894456 kB, SwapFree: 40861944 kB
INFO [2026-03-16 13:52:58] Memory: Total: 61649012 kB, Available: 58751948 kB, Active: 1916744 kB, SwapTotal: 40894456 kB, SwapFree: 40861944 kB
INFO [2026-03-16 13:52:58] Memory: Total: 61649012 kB, Available: 58752272 kB, Active: 1917028 kB, SwapTotal: 40894456 kB, SwapFree: 40861944 kB
INFO [2026-03-16 13:52:59] Memory: Total: 61649012 kB, Available: 58752332 kB, Active: 1916744 kB, SwapTotal: 40894456 kB, SwapFree: 40861944 kB
INFO [2026-03-16 13:52:59] Memory: Total: 61649012 kB, Available: 58752080 kB, Active: 1916744 kB, SwapTotal: 40894456 kB, SwapFree: 40861944 kB
INFO [2026-03-16 13:52:59] Memory: Total: 61649012 kB, Available: 58752404 kB, Active: 1917028 kB, SwapTotal: 40894456 kB, SwapFree: 40861944 kB
INFO [2026-03-16 13:53:00] Memory: Total: 61649012 kB, Available: 58752196 kB, Active: 1916744 kB, SwapTotal: 40894456 kB, SwapFree: 40861944 kB
INFO [2026-03-16 13:53:00] Memory: Total: 61649012 kB, Available: 58751944 kB, Active: 1916744 kB, SwapTotal: 40894456 kB, SwapFree: 40861944 kB
INFO [2026-03-16 13:53:01] Memory: Total: 61649012 kB, Available: 58752268 kB, Active: 1917032 kB, SwapTotal: 40894456 kB, SwapFree: 40861944 kB
INFO [2026-03-16 13:53:01] Memory: Total: 61649012 kB, Available: 58752496 kB, Active: 1916744 kB, SwapTotal: 40894456 kB, SwapFree: 40861944 kB
INFO [2026-03-16 13:53:01] Memory: Total: 61649012 kB, Available: 58752244 kB, Active: 1916744 kB, SwapTotal: 40894456 kB, SwapFree: 40861944 kB
INFO [2026-03-16 13:53:02] Memory: Total: 61649012 kB, Available: 58751992 kB, Active: 1916744 kB, SwapTotal: 40894456 kB, SwapFree: 40861944 kB
INFO [2026-03-16 13:53:02] Memory: Total: 61649012 kB, Available: 58751992 kB, Active: 1916744 kB, SwapTotal: 40894456 kB, SwapFree: 40861944 kB
INFO [2026-03-16 13:53:02] Memory: Total: 61649012 kB, Available: 58751992 kB, Active: 1916800 kB, SwapTotal: 40894456 kB, SwapFree: 40861944 kB
INFO [2026-03-16 13:53:03] Memory: Total: 61649012 kB, Available: 58752316 kB, Active: 1917024 kB, SwapTotal: 40894456 kB, SwapFree: 40861944 kB
INFO [2026-03-16 13:53:03] Memory: Total: 61649012 kB, Available: 58752316 kB, Active: 1916744 kB, SwapTotal: 40894456 kB, SwapFree: 40861944 kB
INFO [2026-03-16 13:53:04] Memory: Total: 61649012 kB, Available: 58752064 kB, Active: 1916744 kB, SwapTotal: 40894456 kB, SwapFree: 40861944 kB
INFO [2026-03-16 13:53:04] Memory: Total: 61649012 kB, Available: 58752064 kB, Active: 1916768 kB, SwapTotal: 40894456 kB, SwapFree: 40861944 kB
INFO [2026-03-16 13:53:04] Memory: Total: 61649012 kB, Available: 58752064 kB, Active: 1916768 kB, SwapTotal: 40894456 kB, SwapFree: 40861944 kB
INFO [2026-03-16 13:53:05] Memory: Total: 61649012 kB, Available: 58751812 kB, Active: 1917056 kB, SwapTotal: 40894456 kB, SwapFree: 40861944 kB
INFO [2026-03-16 13:53:05] Memory: Total: 61649012 kB, Available: 58751812 kB, Active: 1916768 kB, SwapTotal: 40894456 kB, SwapFree: 40861944 kB
INFO [2026-03-16 13:53:05] Memory: Total: 61649012 kB, Available: 58751560 kB, Active: 1917052 kB, SwapTotal: 40894456 kB, SwapFree: 40861944 kB
INFO [2026-03-16 13:53:06] Memory: Total: 61649012 kB, Available: 58751560 kB, Active: 1916768 kB, SwapTotal: 40894456 kB, SwapFree: 40861944 kB
INFO [2026-03-16 13:53:06] Memory: Total: 61649012 kB, Available: 58751560 kB, Active: 1916768 kB, SwapTotal: 40894456 kB, SwapFree: 40861944 kB
INFO [2026-03-16 13:53:07] Memory: Total: 61649012 kB, Available: 58751560 kB, Active: 1917052 kB, SwapTotal: 40894456 kB, SwapFree: 40861944 kB
INFO [2026-03-16 13:53:07] Memory: Total: 61649012 kB, Available: 58751056 kB, Active: 1917056 kB, SwapTotal: 40894456 kB, SwapFree: 40861944 kB
INFO [2026-03-16 13:53:07] Memory: Total: 61649012 kB, Available: 58751056 kB, Active: 1916768 kB, SwapTotal: 40894456 kB, SwapFree: 40861944 kB
INFO [2026-03-16 13:53:08] Memory: Total: 61649012 kB, Available: 58750556 kB, Active: 1917056 kB, SwapTotal: 40894456 kB, SwapFree: 40861944 kB
INFO [2026-03-16 13:53:08] Memory: Total: 61649012 kB, Available: 58750556 kB, Active: 1916768 kB, SwapTotal: 40894456 kB, SwapFree: 40861944 kB
INFO [2026-03-16 13:53:08] Memory: Total: 61649012 kB, Available: 58750304 kB, Active: 1916768 kB, SwapTotal: 40894456 kB, SwapFree: 40861944 kB
INFO [2026-03-16 13:53:09] Memory: Total: 61649012 kB, Available: 58750300 kB, Active: 1916896 kB, SwapTotal: 40894456 kB, SwapFree: 40861944 kB
INFO [2026-03-16 13:53:09] Memory: Total: 61649012 kB, Available: 58750592 kB, Active: 1916608 kB, SwapTotal: 40894456 kB, SwapFree: 40861944 kB
INFO [2026-03-16 13:53:09] Memory: Total: 61649012 kB, Available: 58750592 kB, Active: 1916768 kB, SwapTotal: 40894456 kB, SwapFree: 40861944 kB
INFO [2026-03-16 13:53:10] Memory: Total: 61649012 kB, Available: 58750592 kB, Active: 1916768 kB, SwapTotal: 40894456 kB, SwapFree: 40861944 kB
INFO [2026-03-16 13:53:10] Memory: Total: 61649012 kB, Available: 58750592 kB, Active: 1917052 kB, SwapTotal: 40894456 kB, SwapFree: 40861944 kB
INFO [2026-03-16 13:53:11] Memory: Total: 61649012 kB, Available: 58750592 kB, Active: 1916816 kB, SwapTotal: 40894456 kB, SwapFree: 40861944 kB
INFO [2026-03-16 13:53:11] Memory: Total: 61649012 kB, Available: 58750592 kB, Active: 1916768 kB, SwapTotal: 40894456 kB, SwapFree: 40861944 kB
INFO [2026-03-16 13:53:11] Memory: Total: 61649012 kB, Available: 58750592 kB, Active: 1916768 kB, SwapTotal: 40894456 kB, SwapFree: 40861944 kB
INFO [2026-03-16 13:53:12] Memory: Total: 61649012 kB, Available: 58750592 kB, Active: 1916780 kB, SwapTotal: 40894456 kB, SwapFree: 40861944 kB
INFO [2026-03-16 13:53:12] Memory: Total: 61649012 kB, Available: 58750592 kB, Active: 1916768 kB, SwapTotal: 40894456 kB, SwapFree: 40861944 kB
INFO [2026-03-16 13:53:12] Memory: Total: 61649012 kB, Available: 58750592 kB, Active: 1916768 kB, SwapTotal: 40894456 kB, SwapFree: 40861944 kB
INFO [2026-03-16 13:53:13] Memory: Total: 61649012 kB, Available: 58750664 kB, Active: 1917052 kB, SwapTotal: 40894456 kB, SwapFree: 40861944 kB
INFO [2026-03-16 13:53:13] Memory: Total: 61649012 kB, Available: 58750720 kB, Active: 1916768 kB, SwapTotal: 40894456 kB, SwapFree: 40861944 kB
INFO [2026-03-16 13:53:14] Memory: Total: 61649012 kB, Available: 58750720 kB, Active: 1916768 kB, SwapTotal: 40894456 kB, SwapFree: 40861944 kB
INFO [2026-03-16 13:53:14] Memory: Total: 61649012 kB, Available: 58750720 kB, Active: 1916768 kB, SwapTotal: 40894456 kB, SwapFree: 40861944 kB
INFO [2026-03-16 13:53:14] Memory: Total: 61649012 kB, Available: 58750720 kB, Active: 1916768 kB, SwapTotal: 40894456 kB, SwapFree: 40861944 kB
INFO [2026-03-16 13:53:15] Memory: Total: 61649012 kB, Available: 58750720 kB, Active: 1917056 kB, SwapTotal: 40894456 kB, SwapFree: 40861944 kB
INFO [2026-03-16 13:53:15] Memory: Total: 61649012 kB, Available: 58750720 kB, Active: 1916768 kB, SwapTotal: 40894456 kB, SwapFree: 40861944 kB
INFO [2026-03-16 13:53:15] Memory: Total: 61649012 kB, Available: 58750720 kB, Active: 1916768 kB, SwapTotal: 40894456 kB, SwapFree: 40861944 kB
INFO [2026-03-16 13:53:16] Memory: Total: 61649012 kB, Available: 58750468 kB, Active: 1916768 kB, SwapTotal: 40894456 kB, SwapFree: 40861944 kB
INFO [2026-03-16 13:53:16] Memory: Total: 61649012 kB, Available: 58750468 kB, Active: 1916768 kB, SwapTotal: 40894456 kB, SwapFree: 40861944 kB
INFO [2026-03-16 13:53:16] Memory: Total: 61649012 kB, Available: 58750468 kB, Active: 1917056 kB, SwapTotal: 40894456 kB, SwapFree: 40861944 kB
INFO [2026-03-16 13:53:17] Memory: Total: 61649012 kB, Available: 58750720 kB, Active: 1916768 kB, SwapTotal: 40894456 kB, SwapFree: 40861944 kB
INFO [2026-03-16 13:53:17] Memory: Total: 61649012 kB, Available: 58750720 kB, Active: 1916768 kB, SwapTotal: 40894456 kB, SwapFree: 40861944 kB
INFO [2026-03-16 13:53:18] Memory: Total: 61649012 kB, Available: 58750720 kB, Active: 1916768 kB, SwapTotal: 40894456 kB, SwapFree: 40861944 kB
INFO [2026-03-16 13:53:18] Memory: Total: 61649012 kB, Available: 58750720 kB, Active: 1916768 kB, SwapTotal: 40894456 kB, SwapFree: 40861944 kB
INFO [2026-03-16 13:53:18] Memory: Total: 61649012 kB, Available: 58750720 kB, Active: 1916768 kB, SwapTotal: 40894456 kB, SwapFree: 40861944 kB
INFO [2026-03-16 13:53:19] Memory: Total: 61649012 kB, Available: 58750972 kB, Active: 1916772 kB, SwapTotal: 40894456 kB, SwapFree: 40861944 kB
INFO [2026-03-16 13:53:19] Memory: Total: 61649012 kB, Available: 58751224 kB, Active: 1917056 kB, SwapTotal: 40894456 kB, SwapFree: 40861944 kB
INFO [2026-03-16 13:53:19] Memory: Total: 61649012 kB, Available: 58751548 kB, Active: 1917056 kB, SwapTotal: 40894456 kB, SwapFree: 40861944 kB
INFO [2026-03-16 13:53:20] Memory: Total: 61649012 kB, Available: 58751520 kB, Active: 1916768 kB, SwapTotal: 40894456 kB, SwapFree: 40861944 kB
INFO [2026-03-16 13:53:20] Memory: Total: 61649012 kB, Available: 58751520 kB, Active: 1916768 kB, SwapTotal: 40894456 kB, SwapFree: 40861944 kB
INFO [2026-03-16 13:53:21] Memory: Total: 61649012 kB, Available: 58751520 kB, Active: 1916776 kB, SwapTotal: 40894456 kB, SwapFree: 40861944 kB
INFO [2026-03-16 13:53:21] Memory: Total: 61649012 kB, Available: 58751520 kB, Active: 1916768 kB, SwapTotal: 40894456 kB, SwapFree: 40861944 kB
INFO [2026-03-16 13:53:21] Memory: Total: 61649012 kB, Available: 58751520 kB, Active: 1916768 kB, SwapTotal: 40894456 kB, SwapFree: 40861944 kB
INFO [2026-03-16 13:53:22] Memory: Total: 61649012 kB, Available: 58751520 kB, Active: 1916768 kB, SwapTotal: 40894456 kB, SwapFree: 40861944 kB
INFO [2026-03-16 13:53:22] Memory: Total: 61649012 kB, Available: 58751520 kB, Active: 1916768 kB, SwapTotal: 40894456 kB, SwapFree: 40861944 kB
INFO [2026-03-16 13:53:22] Memory: Total: 61649012 kB, Available: 58751520 kB, Active: 1916780 kB, SwapTotal: 40894456 kB, SwapFree: 40861944 kB
INFO [2026-03-16 13:53:23] Memory: Total: 61649012 kB, Available: 58751520 kB, Active: 1916768 kB, SwapTotal: 40894456 kB, SwapFree: 40861944 kB
INFO [2026-03-16 13:53:23] Memory: Total: 61649012 kB, Available: 58751268 kB, Active: 1916768 kB, SwapTotal: 40894456 kB, SwapFree: 40861944 kB
INFO [2026-03-16 13:53:23] Memory: Total: 61649012 kB, Available: 58751268 kB, Active: 1917056 kB, SwapTotal: 40894456 kB, SwapFree: 40861944 kB
INFO [2026-03-16 13:53:24] Memory: Total: 61649012 kB, Available: 58751924 kB, Active: 1916768 kB, SwapTotal: 40894456 kB, SwapFree: 40861944 kB
INFO [2026-03-16 13:53:24] Memory: Total: 61649012 kB, Available: 58751924 kB, Active: 1916768 kB, SwapTotal: 40894456 kB, SwapFree: 40861944 kB
INFO [2026-03-16 13:53:25] Memory: Total: 61649012 kB, Available: 58751924 kB, Active: 1917052 kB, SwapTotal: 40894456 kB, SwapFree: 40861944 kB
INFO [2026-03-16 13:53:25] Memory: Total: 61649012 kB, Available: 58752208 kB, Active: 1916768 kB, SwapTotal: 40894456 kB, SwapFree: 40861944 kB
INFO [2026-03-16 13:53:25] Memory: Total: 61649012 kB, Available: 58752208 kB, Active: 1916768 kB, SwapTotal: 40894456 kB, SwapFree: 40861944 kB
INFO [2026-03-16 13:53:26] Memory: Total: 61649012 kB, Available: 58752208 kB, Active: 1916768 kB, SwapTotal: 40894456 kB, SwapFree: 40861944 kB
INFO [2026-03-16 13:53:26] Memory: Total: 61649012 kB, Available: 58752208 kB, Active: 1916768 kB, SwapTotal: 40894456 kB, SwapFree: 40861944 kB
INFO [2026-03-16 13:53:26] Memory: Total: 61649012 kB, Available: 58751956 kB, Active: 1916768 kB, SwapTotal: 40894456 kB, SwapFree: 40861944 kB
INFO [2026-03-16 13:53:27] Memory: Total: 61649012 kB, Available: 58751704 kB, Active: 1916768 kB, SwapTotal: 40894456 kB, SwapFree: 40861944 kB
INFO [2026-03-16 13:53:27] Memory: Total: 61649012 kB, Available: 58751704 kB, Active: 1916768 kB, SwapTotal: 40894456 kB, SwapFree: 40861944 kB
INFO [2026-03-16 13:53:28] Memory: Total: 61649012 kB, Available: 58751704 kB, Active: 1916776 kB, SwapTotal: 40894456 kB, SwapFree: 40861944 kB
INFO [2026-03-16 13:53:28] Memory: Total: 61649012 kB, Available: 58751704 kB, Active: 1916768 kB, SwapTotal: 40894456 kB, SwapFree: 40861944 kB
INFO [2026-03-16 13:53:28] Memory: Total: 61649012 kB, Available: 58751704 kB, Active: 1916768 kB, SwapTotal: 40894456 kB, SwapFree: 40861944 kB
INFO [2026-03-16 13:53:29] Memory: Total: 61649012 kB, Available: 58751708 kB, Active: 1917052 kB, SwapTotal: 40894456 kB, SwapFree: 40861944 kB
INFO [2026-03-16 13:53:29] Memory: Total: 61649012 kB, Available: 58751708 kB, Active: 1916768 kB, SwapTotal: 40894456 kB, SwapFree: 40861944 kB
INFO [2026-03-16 13:53:29] Memory: Total: 61649012 kB, Available: 58751708 kB, Active: 1916768 kB, SwapTotal: 40894456 kB, SwapFree: 40861944 kB
INFO [2026-03-16 13:53:30] Memory: Total: 61649012 kB, Available: 58751452 kB, Active: 1916768 kB, SwapTotal: 40894456 kB, SwapFree: 40861944 kB
INFO [2026-03-16 13:53:30] Memory: Total: 61649012 kB, Available: 58751452 kB, Active: 1916768 kB, SwapTotal: 40894456 kB, SwapFree: 40861944 kB
INFO [2026-03-16 13:53:30] Memory: Total: 61649012 kB, Available: 58751452 kB, Active: 1916776 kB, SwapTotal: 40894456 kB, SwapFree: 40861944 kB
INFO [2026-03-16 13:53:31] Memory: Total: 61649012 kB, Available: 58751452 kB, Active: 1916768 kB, SwapTotal: 40894456 kB, SwapFree: 40861944 kB
INFO [2026-03-16 13:53:32] Memory: Total: 61649012 kB, Available: 58751452 kB, Active: 1916768 kB, SwapTotal: 40894456 kB, SwapFree: 40861944 kB
INFO [2026-03-16 13:53:32] Memory: Total: 61649012 kB, Available: 58751452 kB, Active: 1916768 kB, SwapTotal: 40894456 kB, SwapFree: 40861944 kB
INFO [2026-03-16 13:53:33] Memory: Total: 61649012 kB, Available: 58751452 kB, Active: 1917044 kB, SwapTotal: 40894456 kB, SwapFree: 40861944 kB
INFO [2026-03-16 13:53:33] Memory: Total: 61649012 kB, Available: 58751452 kB, Active: 1916768 kB, SwapTotal: 40894456 kB, SwapFree: 40861944 kB
INFO [2026-03-16 13:53:33] Memory: Total: 61649012 kB, Available: 58751452 kB, Active: 1916768 kB, SwapTotal: 40894456 kB, SwapFree: 40861944 kB
INFO [2026-03-16 13:53:34] Memory: Total: 61649012 kB, Available: 58751452 kB, Active: 1917056 kB, SwapTotal: 40894456 kB, SwapFree: 40861944 kB
INFO [2026-03-16 13:53:34] Memory: Total: 61649012 kB, Available: 58751452 kB, Active: 1916768 kB, SwapTotal: 40894456 kB, SwapFree: 40861944 kB
INFO [2026-03-16 13:53:34] Memory: Total: 61649012 kB, Available: 58751200 kB, Active: 1916768 kB, SwapTotal: 40894456 kB, SwapFree: 40861944 kB
INFO [2026-03-16 13:53:35] Memory: Total: 61649012 kB, Available: 58750696 kB, Active: 1916768 kB, SwapTotal: 40894456 kB, SwapFree: 40861944 kB
INFO [2026-03-16 13:53:35] Memory: Total: 61649012 kB, Available: 58750696 kB, Active: 1916768 kB, SwapTotal: 40894456 kB, SwapFree: 40861944 kB
INFO [2026-03-16 13:53:35] Memory: Total: 61649012 kB, Available: 58750696 kB, Active: 1916812 kB, SwapTotal: 40894456 kB, SwapFree: 40861944 kB
INFO [2026-03-16 13:53:36] Memory: Total: 61649012 kB, Available: 58750696 kB, Active: 1916768 kB, SwapTotal: 40894456 kB, SwapFree: 40861944 kB
INFO [2026-03-16 13:53:36] Memory: Total: 61649012 kB, Available: 58750696 kB, Active: 1916768 kB, SwapTotal: 40894456 kB, SwapFree: 40861944 kB
INFO [2026-03-16 13:53:37] Memory: Total: 61649012 kB, Available: 58750696 kB, Active: 1916768 kB, SwapTotal: 40894456 kB, SwapFree: 40861944 kB
INFO [2026-03-16 13:53:37] Memory: Total: 61649012 kB, Available: 58750696 kB, Active: 1916768 kB, SwapTotal: 40894456 kB, SwapFree: 40861944 kB
INFO [2026-03-16 13:53:37] Memory: Total: 61649012 kB, Available: 58750696 kB, Active: 1916768 kB, SwapTotal: 40894456 kB, SwapFree: 40861944 kB
INFO [2026-03-16 13:53:38] Memory: Total: 61649012 kB, Available: 58750696 kB, Active: 1917056 kB, SwapTotal: 40894456 kB, SwapFree: 40861944 kB
INFO [2026-03-16 13:53:38] Memory: Total: 61649012 kB, Available: 58750696 kB, Active: 1916768 kB, SwapTotal: 40894456 kB, SwapFree: 40861944 kB
INFO [2026-03-16 13:53:38] Memory: Total: 61649012 kB, Available: 58750696 kB, Active: 1917056 kB, SwapTotal: 40894456 kB, SwapFree: 40861944 kB
INFO [2026-03-16 13:53:39] Memory: Total: 61649012 kB, Available: 58750696 kB, Active: 1916768 kB, SwapTotal: 40894456 kB, SwapFree: 40861944 kB
INFO [2026-03-16 13:53:39] Memory: Total: 61649012 kB, Available: 58750444 kB, Active: 1916768 kB, SwapTotal: 40894456 kB, SwapFree: 40861944 kB
INFO [2026-03-16 13:53:40] Memory: Total: 61649012 kB, Available: 58750448 kB, Active: 1916780 kB, SwapTotal: 40894456 kB, SwapFree: 40861944 kB
INFO [2026-03-16 13:53:40] Memory: Total: 61649012 kB, Available: 58750448 kB, Active: 1916768 kB, SwapTotal: 40894456 kB, SwapFree: 40861944 kB
INFO [2026-03-16 13:53:40] Memory: Total: 61649012 kB, Available: 58750124 kB, Active: 1916768 kB, SwapTotal: 40894456 kB, SwapFree: 40861944 kB
INFO [2026-03-16 13:53:41] Memory: Total: 61649012 kB, Available: 58749940 kB, Active: 1916768 kB, SwapTotal: 40894456 kB, SwapFree: 40861944 kB
INFO [2026-03-16 13:53:41] Memory: Total: 61649012 kB, Available: 58749940 kB, Active: 1916768 kB, SwapTotal: 40894456 kB, SwapFree: 40861944 kB
INFO [2026-03-16 13:53:41] Memory: Total: 61649012 kB, Available: 58749940 kB, Active: 1917052 kB, SwapTotal: 40894456 kB, SwapFree: 40861944 kB
INFO [2026-03-16 13:53:42] Memory: Total: 61649012 kB, Available: 58749940 kB, Active: 1916768 kB, SwapTotal: 40894456 kB, SwapFree: 40861944 kB
INFO [2026-03-16 13:53:42] Memory: Total: 61649012 kB, Available: 58749688 kB, Active: 1916768 kB, SwapTotal: 40894456 kB, SwapFree: 40861944 kB
INFO [2026-03-16 13:53:43] Memory: Total: 61649012 kB, Available: 58749436 kB, Active: 1917048 kB, SwapTotal: 40894456 kB, SwapFree: 40861944 kB
INFO [2026-03-16 13:53:43] Memory: Total: 61649012 kB, Available: 58749688 kB, Active: 1916768 kB, SwapTotal: 40894456 kB, SwapFree: 40861944 kB
INFO [2026-03-16 13:53:43] Memory: Total: 61649012 kB, Available: 58749688 kB, Active: 1916768 kB, SwapTotal: 40894456 kB, SwapFree: 40861944 kB
INFO [2026-03-16 13:53:44] Memory: Total: 61649012 kB, Available: 58749688 kB, Active: 1916852 kB, SwapTotal: 40894456 kB, SwapFree: 40861944 kB
INFO [2026-03-16 13:53:44] Memory: Total: 61649012 kB, Available: 58749364 kB, Active: 1916768 kB, SwapTotal: 40894456 kB, SwapFree: 40861944 kB
INFO [2026-03-16 13:53:44] Memory: Total: 61649012 kB, Available: 58749184 kB, Active: 1916768 kB, SwapTotal: 40894456 kB, SwapFree: 40861944 kB
INFO [2026-03-16 13:53:45] Memory: Total: 61649012 kB, Available: 58749184 kB, Active: 1916768 kB, SwapTotal: 40894456 kB, SwapFree: 40861944 kB
INFO [2026-03-16 13:53:45] Memory: Total: 61649012 kB, Available: 58749184 kB, Active: 1916768 kB, SwapTotal: 40894456 kB, SwapFree: 40861944 kB
INFO [2026-03-16 13:53:45] Memory: Total: 61649012 kB, Available: 58749184 kB, Active: 1916780 kB, SwapTotal: 40894456 kB, SwapFree: 40861944 kB
INFO [2026-03-16 13:53:46] Memory: Total: 61649012 kB, Available: 58749184 kB, Active: 1916780 kB, SwapTotal: 40894456 kB, SwapFree: 40861944 kB
INFO [2026-03-16 13:53:46] Memory: Total: 61649012 kB, Available: 58749184 kB, Active: 1916768 kB, SwapTotal: 40894456 kB, SwapFree: 40861944 kB
INFO [2026-03-16 13:53:47] Memory: Total: 61649012 kB, Available: 58749508 kB, Active: 1917056 kB, SwapTotal: 40894456 kB, SwapFree: 40861944 kB
INFO [2026-03-16 13:53:47] Memory: Total: 61649012 kB, Available: 58749444 kB, Active: 1916768 kB, SwapTotal: 40894456 kB, SwapFree: 40861944 kB
INFO [2026-03-16 13:53:47] Memory: Total: 61649012 kB, Available: 58749264 kB, Active: 1916768 kB, SwapTotal: 40894456 kB, SwapFree: 40861944 kB
INFO [2026-03-16 13:53:48] Memory: Total: 61649012 kB, Available: 58749264 kB, Active: 1917056 kB, SwapTotal: 40894456 kB, SwapFree: 40861944 kB
INFO [2026-03-16 13:53:48] Memory: Total: 61649012 kB, Available: 58749264 kB, Active: 1916768 kB, SwapTotal: 40894456 kB, SwapFree: 40861944 kB
INFO [2026-03-16 13:53:48] Memory: Total: 61649012 kB, Available: 58749012 kB, Active: 1916768 kB, SwapTotal: 40894456 kB, SwapFree: 40861944 kB
INFO [2026-03-16 13:53:49] Memory: Total: 61649012 kB, Available: 58749012 kB, Active: 1916768 kB, SwapTotal: 40894456 kB, SwapFree: 40861944 kB
INFO [2026-03-16 13:53:49] Memory: Total: 61649012 kB, Available: 58749012 kB, Active: 1916768 kB, SwapTotal: 40894456 kB, SwapFree: 40861944 kB
INFO [2026-03-16 13:53:50] Memory: Total: 61649012 kB, Available: 58749012 kB, Active: 1917052 kB, SwapTotal: 40894456 kB, SwapFree: 40861944 kB
INFO [2026-03-16 13:53:50] Memory: Total: 61649012 kB, Available: 58749012 kB, Active: 1916768 kB, SwapTotal: 40894456 kB, SwapFree: 40861944 kB
INFO [2026-03-16 13:53:50] Memory: Total: 61649012 kB, Available: 58749012 kB, Active: 1916768 kB, SwapTotal: 40894456 kB, SwapFree: 40861944 kB
INFO [2026-03-16 13:53:51] Memory: Total: 61649012 kB, Available: 58748760 kB, Active: 1916768 kB, SwapTotal: 40894456 kB, SwapFree: 40861944 kB
INFO [2026-03-16 13:53:51] Memory: Total: 61649012 kB, Available: 58748760 kB, Active: 1916768 kB, SwapTotal: 40894456 kB, SwapFree: 40861944 kB
INFO [2026-03-16 13:53:51] Memory: Total: 61649012 kB, Available: 58748508 kB, Active: 1916768 kB, SwapTotal: 40894456 kB, SwapFree: 40861944 kB
INFO [2026-03-16 13:53:52] Memory: Total: 61649012 kB, Available: 58748508 kB, Active: 1917056 kB, SwapTotal: 40894456 kB, SwapFree: 40861944 kB
INFO [2026-03-16 13:53:52] Memory: Total: 61649012 kB, Available: 58748508 kB, Active: 1916768 kB, SwapTotal: 40894456 kB, SwapFree: 40861944 kB
INFO [2026-03-16 13:53:52] Memory: Total: 61649012 kB, Available: 58748256 kB, Active: 1916768 kB, SwapTotal: 40894456 kB, SwapFree: 40861944 kB
INFO [2026-03-16 13:53:53] Memory: Total: 61649012 kB, Available: 58748256 kB, Active: 1916768 kB, SwapTotal: 40894456 kB, SwapFree: 40861944 kB
INFO [2026-03-16 13:53:53] Memory: Total: 61649012 kB, Available: 58748256 kB, Active: 1916768 kB, SwapTotal: 40894456 kB, SwapFree: 40861944 kB
INFO [2026-03-16 13:53:54] Memory: Total: 61649012 kB, Available: 58748256 kB, Active: 1916768 kB, SwapTotal: 40894456 kB, SwapFree: 40861944 kB
INFO [2026-03-16 13:53:54] Memory: Total: 61649012 kB, Available: 58748256 kB, Active: 1916768 kB, SwapTotal: 40894456 kB, SwapFree: 40861944 kB
INFO [2026-03-16 13:53:54] Memory: Total: 61649012 kB, Available: 58748256 kB, Active: 1916768 kB, SwapTotal: 40894456 kB, SwapFree: 40861944 kB
INFO [2026-03-16 13:53:55] Memory: Total: 61649012 kB, Available: 58748256 kB, Active: 1917052 kB, SwapTotal: 40894456 kB, SwapFree: 40861944 kB
INFO [2026-03-16 13:53:55] Memory: Total: 61649012 kB, Available: 58748256 kB, Active: 1916768 kB, SwapTotal: 40894456 kB, SwapFree: 40861944 kB
INFO [2026-03-16 13:53:55] Memory: Total: 61649012 kB, Available: 58748004 kB, Active: 1916768 kB, SwapTotal: 40894456 kB, SwapFree: 40861944 kB
INFO [2026-03-16 13:53:56] Memory: Total: 61649012 kB, Available: 58748004 kB, Active: 1916768 kB, SwapTotal: 40894456 kB, SwapFree: 40861944 kB
INFO [2026-03-16 13:53:56] Memory: Total: 61649012 kB, Available: 58748004 kB, Active: 1916768 kB, SwapTotal: 40894456 kB, SwapFree: 40861944 kB
INFO [2026-03-16 13:53:57] Memory: Total: 61649012 kB, Available: 58748004 kB, Active: 1916768 kB, SwapTotal: 40894456 kB, SwapFree: 40861944 kB
INFO [2026-03-16 13:53:57] Memory: Total: 61649012 kB, Available: 58748004 kB, Active: 1916768 kB, SwapTotal: 40894456 kB, SwapFree: 40861944 kB
INFO [2026-03-16 13:53:57] Memory: Total: 61649012 kB, Available: 58748004 kB, Active: 1916768 kB, SwapTotal: 40894456 kB, SwapFree: 40861944 kB
INFO [2026-03-16 13:53:58] Memory: Total: 61649012 kB, Available: 58748004 kB, Active: 1916768 kB, SwapTotal: 40894456 kB, SwapFree: 40861944 kB
INFO [2026-03-16 13:53:58] Memory: Total: 61649012 kB, Available: 58748004 kB, Active: 1917056 kB, SwapTotal: 40894456 kB, SwapFree: 40861944 kB
INFO [2026-03-16 13:53:58] Memory: Total: 61649012 kB, Available: 58747752 kB, Active: 1916768 kB, SwapTotal: 40894456 kB, SwapFree: 40861944 kB
INFO [2026-03-16 13:53:59] Memory: Total: 61649012 kB, Available: 58747500 kB, Active: 1916768 kB, SwapTotal: 40894456 kB, SwapFree: 40861944 kB
INFO [2026-03-16 13:53:59] Memory: Total: 61649012 kB, Available: 58747500 kB, Active: 1916768 kB, SwapTotal: 40894456 kB, SwapFree: 40861944 kB
INFO [2026-03-16 13:54:00] Memory: Total: 61649012 kB, Available: 58747500 kB, Active: 1916768 kB, SwapTotal: 40894456 kB, SwapFree: 40861944 kB
INFO [2026-03-16 13:54:00] Memory: Total: 61649012 kB, Available: 58747500 kB, Active: 1916768 kB, SwapTotal: 40894456 kB, SwapFree: 40861944 kB
INFO [2026-03-16 13:54:00] Memory: Total: 61649012 kB, Available: 58747500 kB, Active: 1916768 kB, SwapTotal: 40894456 kB, SwapFree: 40861944 kB
INFO [2026-03-16 13:54:01] Memory: Total: 61649012 kB, Available: 58747500 kB, Active: 1916768 kB, SwapTotal: 40894456 kB, SwapFree: 40861944 kB
INFO [2026-03-16 13:54:01] Memory: Total: 61649012 kB, Available: 58747248 kB, Active: 1916768 kB, SwapTotal: 40894456 kB, SwapFree: 40861944 kB
INFO [2026-03-16 13:54:01] Memory: Total: 61649012 kB, Available: 58747248 kB, Active: 1916768 kB, SwapTotal: 40894456 kB, SwapFree: 40861944 kB
INFO [2026-03-16 13:54:02] Memory: Total: 61649012 kB, Available: 58747000 kB, Active: 1916768 kB, SwapTotal: 40894456 kB, SwapFree: 40861944 kB
INFO [2026-03-16 13:54:02] Memory: Total: 61649012 kB, Available: 58747000 kB, Active: 1916768 kB, SwapTotal: 40894456 kB, SwapFree: 40861944 kB
INFO [2026-03-16 13:54:02] Memory: Total: 61649012 kB, Available: 58747000 kB, Active: 1916768 kB, SwapTotal: 40894456 kB, SwapFree: 40861944 kB
INFO [2026-03-16 13:54:03] Memory: Total: 61649012 kB, Available: 58747000 kB, Active: 1916768 kB, SwapTotal: 40894456 kB, SwapFree: 40861944 kB
INFO [2026-03-16 13:54:03] Memory: Total: 61649012 kB, Available: 58747000 kB, Active: 1916768 kB, SwapTotal: 40894456 kB, SwapFree: 40861944 kB
INFO [2026-03-16 13:54:04] Memory: Total: 61649012 kB, Available: 58747000 kB, Active: 1916768 kB, SwapTotal: 40894456 kB, SwapFree: 40861944 kB
INFO [2026-03-16 13:54:04] Memory: Total: 61649012 kB, Available: 58747000 kB, Active: 1916768 kB, SwapTotal: 40894456 kB, SwapFree: 40861944 kB
INFO [2026-03-16 13:54:04] Memory: Total: 61649012 kB, Available: 58747000 kB, Active: 1916768 kB, SwapTotal: 40894456 kB, SwapFree: 40861944 kB
INFO [2026-03-16 13:54:05] Memory: Total: 61649012 kB, Available: 58747000 kB, Active: 1916768 kB, SwapTotal: 40894456 kB, SwapFree: 40861944 kB
INFO [2026-03-16 13:54:05] Memory: Total: 61649012 kB, Available: 58747000 kB, Active: 1916768 kB, SwapTotal: 40894456 kB, SwapFree: 40861944 kB
INFO [2026-03-16 13:54:05] Memory: Total: 61649012 kB, Available: 58746748 kB, Active: 1917056 kB, SwapTotal: 40894456 kB, SwapFree: 40861944 kB
INFO [2026-03-16 13:54:06] Memory: Total: 61649012 kB, Available: 58746748 kB, Active: 1916828 kB, SwapTotal: 40894456 kB, SwapFree: 40861944 kB
INFO [2026-03-16 13:54:06] Memory: Total: 61649012 kB, Available: 58746748 kB, Active: 1916768 kB, SwapTotal: 40894456 kB, SwapFree: 40861944 kB
INFO [2026-03-16 13:54:07] Memory: Total: 61649012 kB, Available: 58746748 kB, Active: 1916768 kB, SwapTotal: 40894456 kB, SwapFree: 40861944 kB
INFO [2026-03-16 13:54:07] Memory: Total: 61649012 kB, Available: 58746748 kB, Active: 1916768 kB, SwapTotal: 40894456 kB, SwapFree: 40861944 kB
INFO [2026-03-16 13:54:07] Memory: Total: 61649012 kB, Available: 58746496 kB, Active: 1916768 kB, SwapTotal: 40894456 kB, SwapFree: 40861944 kB
INFO [2026-03-16 13:54:08] Memory: Total: 61649012 kB, Available: 58746496 kB, Active: 1916780 kB, SwapTotal: 40894456 kB, SwapFree: 40861944 kB
INFO [2026-03-16 13:54:08] Memory: Total: 61649012 kB, Available: 58746496 kB, Active: 1916768 kB, SwapTotal: 40894456 kB, SwapFree: 40861944 kB
INFO [2026-03-16 13:54:08] Memory: Total: 61649012 kB, Available: 58746496 kB, Active: 1916768 kB, SwapTotal: 40894456 kB, SwapFree: 40861944 kB
INFO [2026-03-16 13:54:09] Memory: Total: 61649012 kB, Available: 58746496 kB, Active: 1916768 kB, SwapTotal: 40894456 kB, SwapFree: 40861944 kB
INFO [2026-03-16 13:54:09] Memory: Total: 61649012 kB, Available: 58746496 kB, Active: 1916768 kB, SwapTotal: 40894456 kB, SwapFree: 40861944 kB
INFO [2026-03-16 13:54:09] Memory: Total: 61649012 kB, Available: 58746496 kB, Active: 1916768 kB, SwapTotal: 40894456 kB, SwapFree: 40861944 kB
INFO [2026-03-16 13:54:10] Memory: Total: 61649012 kB, Available: 58746496 kB, Active: 1916768 kB, SwapTotal: 40894456 kB, SwapFree: 40861944 kB
INFO [2026-03-16 13:54:10] Memory: Total: 61649012 kB, Available: 58746496 kB, Active: 1916768 kB, SwapTotal: 40894456 kB, SwapFree: 40861944 kB
INFO [2026-03-16 13:54:11] Memory: Total: 61649012 kB, Available: 58746496 kB, Active: 1917056 kB, SwapTotal: 40894456 kB, SwapFree: 40861944 kB
INFO [2026-03-16 13:54:12] Memory: Total: 61649012 kB, Available: 58746248 kB, Active: 1917056 kB, SwapTotal: 40894456 kB, SwapFree: 40861944 kB
INFO [2026-03-16 13:54:12] Memory: Total: 61649012 kB, Available: 58746192 kB, Active: 1916768 kB, SwapTotal: 40894456 kB, SwapFree: 40861944 kB
INFO [2026-03-16 13:54:12] Memory: Total: 61649012 kB, Available: 58746016 kB, Active: 1916768 kB, SwapTotal: 40894456 kB, SwapFree: 40861944 kB
INFO [2026-03-16 13:54:13] Memory: Total: 61649012 kB, Available: 58746012 kB, Active: 1916824 kB, SwapTotal: 40894456 kB, SwapFree: 40861944 kB
INFO [2026-03-16 13:54:13] Memory: Total: 61649012 kB, Available: 58746012 kB, Active: 1916768 kB, SwapTotal: 40894456 kB, SwapFree: 40861944 kB
INFO [2026-03-16 13:54:13] Memory: Total: 61649012 kB, Available: 58745760 kB, Active: 1916768 kB, SwapTotal: 40894456 kB, SwapFree: 40861944 kB
INFO [2026-03-16 13:54:14] Memory: Total: 61649012 kB, Available: 58745760 kB, Active: 1916768 kB, SwapTotal: 40894456 kB, SwapFree: 40861944 kB
INFO [2026-03-16 13:54:14] Memory: Total: 61649012 kB, Available: 58745760 kB, Active: 1916768 kB, SwapTotal: 40894456 kB, SwapFree: 40861944 kB
INFO [2026-03-16 13:54:15] Memory: Total: 61649012 kB, Available: 58745760 kB, Active: 1916828 kB, SwapTotal: 40894456 kB, SwapFree: 40861944 kB
INFO [2026-03-16 13:54:15] Memory: Total: 61649012 kB, Available: 58745760 kB, Active: 1916768 kB, SwapTotal: 40894456 kB, SwapFree: 40861944 kB
INFO [2026-03-16 13:54:15] Memory: Total: 61649012 kB, Available: 58745760 kB, Active: 1916768 kB, SwapTotal: 40894456 kB, SwapFree: 40861944 kB
INFO [2026-03-16 13:54:16] Memory: Total: 61649012 kB, Available: 58745760 kB, Active: 1917056 kB, SwapTotal: 40894456 kB, SwapFree: 40861944 kB
INFO [2026-03-16 13:54:16] Memory: Total: 61649012 kB, Available: 58745760 kB, Active: 1916768 kB, SwapTotal: 40894456 kB, SwapFree: 40861944 kB
INFO [2026-03-16 13:54:16] Memory: Total: 61649012 kB, Available: 58745508 kB, Active: 1916768 kB, SwapTotal: 40894456 kB, SwapFree: 40861944 kB
INFO [2026-03-16 13:54:17] Memory: Total: 61649012 kB, Available: 58745508 kB, Active: 1916768 kB, SwapTotal: 40894456 kB, SwapFree: 40861944 kB
INFO [2026-03-16 13:54:17] Memory: Total: 61649012 kB, Available: 58745508 kB, Active: 1916768 kB, SwapTotal: 40894456 kB, SwapFree: 40861944 kB
INFO [2026-03-16 13:54:17] Memory: Total: 61649012 kB, Available: 58745508 kB, Active: 1917056 kB, SwapTotal: 40894456 kB, SwapFree: 40861944 kB
INFO [2026-03-16 13:54:18] Memory: Total: 61649012 kB, Available: 58745508 kB, Active: 1916768 kB, SwapTotal: 40894456 kB, SwapFree: 40861944 kB
INFO [2026-03-16 13:54:18] Memory: Total: 61649012 kB, Available: 58745508 kB, Active: 1916768 kB, SwapTotal: 40894456 kB, SwapFree: 40861944 kB
INFO [2026-03-16 13:54:19] Memory: Total: 61649012 kB, Available: 58745256 kB, Active: 1917056 kB, SwapTotal: 40894456 kB, SwapFree: 40861944 kB
INFO [2026-03-16 13:54:19] Memory: Total: 61649012 kB, Available: 58745256 kB, Active: 1916768 kB, SwapTotal: 40894456 kB, SwapFree: 40861944 kB
INFO [2026-03-16 13:54:19] Memory: Total: 61649012 kB, Available: 58745004 kB, Active: 1916768 kB, SwapTotal: 40894456 kB, SwapFree: 40861944 kB
INFO [2026-03-16 13:54:20] Memory: Total: 61649012 kB, Available: 58745004 kB, Active: 1917056 kB, SwapTotal: 40894456 kB, SwapFree: 40861944 kB
INFO [2026-03-16 13:54:20] Memory: Total: 61649012 kB, Available: 58745004 kB, Active: 1916768 kB, SwapTotal: 40894456 kB, SwapFree: 40861944 kB
INFO [2026-03-16 13:54:20] Memory: Total: 61649012 kB, Available: 58744752 kB, Active: 1916768 kB, SwapTotal: 40894456 kB, SwapFree: 40861944 kB
INFO [2026-03-16 13:54:21] Memory: Total: 61649012 kB, Available: 58744752 kB, Active: 1916768 kB, SwapTotal: 40894456 kB, SwapFree: 40861944 kB
INFO [2026-03-16 13:54:21] Memory: Total: 61649012 kB, Available: 58744752 kB, Active: 1916768 kB, SwapTotal: 40894456 kB, SwapFree: 40861944 kB
INFO [2026-03-16 13:54:22] Memory: Total: 61649012 kB, Available: 58744500 kB, Active: 1916780 kB, SwapTotal: 40894456 kB, SwapFree: 40861944 kB
INFO [2026-03-16 13:54:22] Memory: Total: 61649012 kB, Available: 58744500 kB, Active: 1916768 kB, SwapTotal: 40894456 kB, SwapFree: 40861944 kB
INFO [2026-03-16 13:54:22] Memory: Total: 61649012 kB, Available: 58744500 kB, Active: 1916768 kB, SwapTotal: 40894456 kB, SwapFree: 40861944 kB
INFO [2026-03-16 13:54:23] Memory: Total: 61649012 kB, Available: 58744500 kB, Active: 1916772 kB, SwapTotal: 40894456 kB, SwapFree: 40861944 kB
INFO [2026-03-16 13:54:23] Memory: Total: 61649012 kB, Available: 58744500 kB, Active: 1916768 kB, SwapTotal: 40894456 kB, SwapFree: 40861944 kB
INFO [2026-03-16 13:54:23] Memory: Total: 61649012 kB, Available: 58744500 kB, Active: 1916768 kB, SwapTotal: 40894456 kB, SwapFree: 40861944 kB
INFO [2026-03-16 13:54:24] Memory: Total: 61649012 kB, Available: 58744500 kB, Active: 1916768 kB, SwapTotal: 40894456 kB, SwapFree: 40861944 kB
INFO [2026-03-16 13:54:24] Memory: Total: 61649012 kB, Available: 58744248 kB, Active: 1916768 kB, SwapTotal: 40894456 kB, SwapFree: 40861944 kB
INFO [2026-03-16 13:54:24] Memory: Total: 61649012 kB, Available: 58744248 kB, Active: 1916772 kB, SwapTotal: 40894456 kB, SwapFree: 40861944 kB
INFO [2026-03-16 13:54:25] Memory: Total: 61649012 kB, Available: 58743916 kB, Active: 1916768 kB, SwapTotal: 40894456 kB, SwapFree: 40861944 kB
INFO [2026-03-16 13:54:25] Recombining results ...
