INFO [2026-03-16 14:04:56] Memory: Total: 61649012 kB, Available: 58843484 kB, Active: 1835844 kB, SwapTotal: 40894456 kB, SwapFree: 40861944 kB
INFO [2026-03-16 14:04:56] Processing missing values ...
INFO [2026-03-16 14:04:56] Figuring out comparisons to do ...
INFO [2026-03-16 14:04:56] Splitting up across compute ...
INFO [2026-03-16 14:04:56] Running correlations ...
INFO [2026-03-16 14:04:57] Memory: Total: 61649012 kB, Available: 57704828 kB, Active: 2927236 kB, SwapTotal: 40894456 kB, SwapFree: 40861944 kB
INFO [2026-03-16 14:04:57] Memory: Total: 61649012 kB, Available: 57680892 kB, Active: 2957816 kB, SwapTotal: 40894456 kB, SwapFree: 40861944 kB
INFO [2026-03-16 14:04:57] Memory: Total: 61649012 kB, Available: 57655952 kB, Active: 2983952 kB, SwapTotal: 40894456 kB, SwapFree: 40861944 kB
INFO [2026-03-16 14:04:57] Memory: Total: 61649012 kB, Available: 57599136 kB, Active: 3043352 kB, SwapTotal: 40894456 kB, SwapFree: 40861944 kB
INFO [2026-03-16 14:04:57] Memory: Total: 61649012 kB, Available: 57591044 kB, Active: 3052688 kB, SwapTotal: 40894456 kB, SwapFree: 40861944 kB
INFO [2026-03-16 14:04:58] Memory: Total: 61649012 kB, Available: 57591044 kB, Active: 3054036 kB, SwapTotal: 40894456 kB, SwapFree: 40861944 kB
INFO [2026-03-16 14:04:58] Memory: Total: 61649012 kB, Available: 57591044 kB, Active: 3054808 kB, SwapTotal: 40894456 kB, SwapFree: 40861944 kB
INFO [2026-03-16 14:04:58] Memory: Total: 61649012 kB, Available: 57591044 kB, Active: 3054932 kB, SwapTotal: 40894456 kB, SwapFree: 40861944 kB
INFO [2026-03-16 14:04:58] Memory: Total: 61649012 kB, Available: 57591044 kB, Active: 3056228 kB, SwapTotal: 40894456 kB, SwapFree: 40861944 kB
INFO [2026-03-16 14:04:58] Memory: Total: 61649012 kB, Available: 57591044 kB, Active: 3056236 kB, SwapTotal: 40894456 kB, SwapFree: 40861944 kB
INFO [2026-03-16 14:04:58] Memory: Total: 61649012 kB, Available: 57591044 kB, Active: 3057332 kB, SwapTotal: 40894456 kB, SwapFree: 40861944 kB
INFO [2026-03-16 14:04:58] Memory: Total: 61649012 kB, Available: 57591044 kB, Active: 3058228 kB, SwapTotal: 40894456 kB, SwapFree: 40861944 kB
INFO [2026-03-16 14:04:58] Memory: Total: 61649012 kB, Available: 57591044 kB, Active: 3058764 kB, SwapTotal: 40894456 kB, SwapFree: 40861944 kB
INFO [2026-03-16 14:04:58] Memory: Total: 61649012 kB, Available: 57591044 kB, Active: 3058764 kB, SwapTotal: 40894456 kB, SwapFree: 40861944 kB
INFO [2026-03-16 14:04:58] Memory: Total: 61649012 kB, Available: 57591044 kB, Active: 3058764 kB, SwapTotal: 40894456 kB, SwapFree: 40861944 kB
INFO [2026-03-16 14:04:58] Memory: Total: 61649012 kB, Available: 57590820 kB, Active: 3059336 kB, SwapTotal: 40894456 kB, SwapFree: 40861944 kB
INFO [2026-03-16 14:04:58] Memory: Total: 61649012 kB, Available: 57590820 kB, Active: 3059784 kB, SwapTotal: 40894456 kB, SwapFree: 40861944 kB
INFO [2026-03-16 14:04:58] Memory: Total: 61649012 kB, Available: 57590820 kB, Active: 3060232 kB, SwapTotal: 40894456 kB, SwapFree: 40861944 kB
INFO [2026-03-16 14:04:58] Memory: Total: 61649012 kB, Available: 57590820 kB, Active: 3059996 kB, SwapTotal: 40894456 kB, SwapFree: 40861944 kB
INFO [2026-03-16 14:04:58] Memory: Total: 61649012 kB, Available: 57590820 kB, Active: 3060444 kB, SwapTotal: 40894456 kB, SwapFree: 40861944 kB
INFO [2026-03-16 14:04:58] Memory: Total: 61649012 kB, Available: 57590108 kB, Active: 3062556 kB, SwapTotal: 40894456 kB, SwapFree: 40861944 kB
INFO [2026-03-16 14:04:58] Memory: Total: 61649012 kB, Available: 57589868 kB, Active: 3062680 kB, SwapTotal: 40894456 kB, SwapFree: 40861944 kB
INFO [2026-03-16 14:04:59] Memory: Total: 61649012 kB, Available: 57589868 kB, Active: 3062680 kB, SwapTotal: 40894456 kB, SwapFree: 40861944 kB
INFO [2026-03-16 14:04:59] Memory: Total: 61649012 kB, Available: 57589868 kB, Active: 3063376 kB, SwapTotal: 40894456 kB, SwapFree: 40861944 kB
INFO [2026-03-16 14:04:59] Memory: Total: 61649012 kB, Available: 57589868 kB, Active: 3063700 kB, SwapTotal: 40894456 kB, SwapFree: 40861944 kB
INFO [2026-03-16 14:04:59] Memory: Total: 61649012 kB, Available: 57589616 kB, Active: 3063764 kB, SwapTotal: 40894456 kB, SwapFree: 40861944 kB
INFO [2026-03-16 14:04:59] Memory: Total: 61649012 kB, Available: 57589616 kB, Active: 3064212 kB, SwapTotal: 40894456 kB, SwapFree: 40861944 kB
INFO [2026-03-16 14:04:59] Memory: Total: 61649012 kB, Available: 57589112 kB, Active: 3064336 kB, SwapTotal: 40894456 kB, SwapFree: 40861944 kB
INFO [2026-03-16 14:04:59] Memory: Total: 61649012 kB, Available: 57589112 kB, Active: 3064660 kB, SwapTotal: 40894456 kB, SwapFree: 40861944 kB
INFO [2026-03-16 14:04:59] Memory: Total: 61649012 kB, Available: 57589112 kB, Active: 3064460 kB, SwapTotal: 40894456 kB, SwapFree: 40861944 kB
INFO [2026-03-16 14:04:59] Memory: Total: 61649012 kB, Available: 57587376 kB, Active: 3069768 kB, SwapTotal: 40894456 kB, SwapFree: 40861944 kB
INFO [2026-03-16 14:04:59] Memory: Total: 61649012 kB, Available: 57553736 kB, Active: 3107400 kB, SwapTotal: 40894456 kB, SwapFree: 40861944 kB
INFO [2026-03-16 14:04:59] Memory: Total: 61649012 kB, Available: 57525096 kB, Active: 3132072 kB, SwapTotal: 40894456 kB, SwapFree: 40861944 kB
INFO [2026-03-16 14:04:59] Memory: Total: 61649012 kB, Available: 57524088 kB, Active: 3132444 kB, SwapTotal: 40894456 kB, SwapFree: 40861944 kB
INFO [2026-03-16 14:04:59] Memory: Total: 61649012 kB, Available: 57524088 kB, Active: 3132448 kB, SwapTotal: 40894456 kB, SwapFree: 40861944 kB
INFO [2026-03-16 14:04:59] Memory: Total: 61649012 kB, Available: 57524088 kB, Active: 3132448 kB, SwapTotal: 40894456 kB, SwapFree: 40861944 kB
INFO [2026-03-16 14:04:59] Memory: Total: 61649012 kB, Available: 57524088 kB, Active: 3132576 kB, SwapTotal: 40894456 kB, SwapFree: 40861944 kB
INFO [2026-03-16 14:04:59] Memory: Total: 61649012 kB, Available: 57524088 kB, Active: 3133348 kB, SwapTotal: 40894456 kB, SwapFree: 40861944 kB
INFO [2026-03-16 14:04:59] Memory: Total: 61649012 kB, Available: 57523596 kB, Active: 3134392 kB, SwapTotal: 40894456 kB, SwapFree: 40861944 kB
INFO [2026-03-16 14:04:59] Memory: Total: 61649012 kB, Available: 57523596 kB, Active: 3134516 kB, SwapTotal: 40894456 kB, SwapFree: 40861944 kB
INFO [2026-03-16 14:05:00] Memory: Total: 61649012 kB, Available: 57523344 kB, Active: 3135464 kB, SwapTotal: 40894456 kB, SwapFree: 40861944 kB
INFO [2026-03-16 14:05:00] Memory: Total: 61649012 kB, Available: 57523092 kB, Active: 3135352 kB, SwapTotal: 40894456 kB, SwapFree: 40861944 kB
INFO [2026-03-16 14:05:00] Memory: Total: 61649012 kB, Available: 57523092 kB, Active: 3135476 kB, SwapTotal: 40894456 kB, SwapFree: 40861944 kB
INFO [2026-03-16 14:05:00] Memory: Total: 61649012 kB, Available: 57523092 kB, Active: 3135476 kB, SwapTotal: 40894456 kB, SwapFree: 40861944 kB
INFO [2026-03-16 14:05:00] Memory: Total: 61649012 kB, Available: 57523092 kB, Active: 3136052 kB, SwapTotal: 40894456 kB, SwapFree: 40861944 kB
INFO [2026-03-16 14:05:00] Memory: Total: 61649012 kB, Available: 57515376 kB, Active: 3143024 kB, SwapTotal: 40894456 kB, SwapFree: 40861944 kB
INFO [2026-03-16 14:05:00] Memory: Total: 61649012 kB, Available: 57498944 kB, Active: 3152544 kB, SwapTotal: 40894456 kB, SwapFree: 40861944 kB
INFO [2026-03-16 14:05:00] Memory: Total: 61649012 kB, Available: 57498944 kB, Active: 3152668 kB, SwapTotal: 40894456 kB, SwapFree: 40861944 kB
INFO [2026-03-16 14:05:00] Memory: Total: 61649012 kB, Available: 57483104 kB, Active: 3170412 kB, SwapTotal: 40894456 kB, SwapFree: 40861944 kB
INFO [2026-03-16 14:05:00] Memory: Total: 61649012 kB, Available: 57463412 kB, Active: 3184468 kB, SwapTotal: 40894456 kB, SwapFree: 40861944 kB
INFO [2026-03-16 14:05:00] Memory: Total: 61649012 kB, Available: 57451444 kB, Active: 3198848 kB, SwapTotal: 40894456 kB, SwapFree: 40861944 kB
INFO [2026-03-16 14:05:00] Memory: Total: 61649012 kB, Available: 57443348 kB, Active: 3203956 kB, SwapTotal: 40894456 kB, SwapFree: 40861944 kB
INFO [2026-03-16 14:05:00] Memory: Total: 61649012 kB, Available: 57443348 kB, Active: 3204640 kB, SwapTotal: 40894456 kB, SwapFree: 40861944 kB
INFO [2026-03-16 14:05:00] Memory: Total: 61649012 kB, Available: 57442716 kB, Active: 3206624 kB, SwapTotal: 40894456 kB, SwapFree: 40861944 kB
INFO [2026-03-16 14:05:00] Memory: Total: 61649012 kB, Available: 57442716 kB, Active: 3206624 kB, SwapTotal: 40894456 kB, SwapFree: 40861944 kB
INFO [2026-03-16 14:05:00] Memory: Total: 61649012 kB, Available: 57442716 kB, Active: 3206464 kB, SwapTotal: 40894456 kB, SwapFree: 40861944 kB
INFO [2026-03-16 14:05:01] Memory: Total: 61649012 kB, Available: 57442716 kB, Active: 3206588 kB, SwapTotal: 40894456 kB, SwapFree: 40861944 kB
INFO [2026-03-16 14:05:01] Memory: Total: 61649012 kB, Available: 57442716 kB, Active: 3206588 kB, SwapTotal: 40894456 kB, SwapFree: 40861944 kB
INFO [2026-03-16 14:05:01] Memory: Total: 61649012 kB, Available: 57442716 kB, Active: 3206712 kB, SwapTotal: 40894456 kB, SwapFree: 40861944 kB
INFO [2026-03-16 14:05:01] Memory: Total: 61649012 kB, Available: 57442116 kB, Active: 3207284 kB, SwapTotal: 40894456 kB, SwapFree: 40861944 kB
INFO [2026-03-16 14:05:01] Memory: Total: 61649012 kB, Available: 57441708 kB, Active: 3207748 kB, SwapTotal: 40894456 kB, SwapFree: 40861944 kB
INFO [2026-03-16 14:05:01] Memory: Total: 61649012 kB, Available: 57441204 kB, Active: 3207748 kB, SwapTotal: 40894456 kB, SwapFree: 40861944 kB
INFO [2026-03-16 14:05:01] Memory: Total: 61649012 kB, Available: 57441204 kB, Active: 3208072 kB, SwapTotal: 40894456 kB, SwapFree: 40861944 kB
INFO [2026-03-16 14:05:01] Memory: Total: 61649012 kB, Available: 57441204 kB, Active: 3207880 kB, SwapTotal: 40894456 kB, SwapFree: 40861944 kB
INFO [2026-03-16 14:05:01] Memory: Total: 61649012 kB, Available: 57441204 kB, Active: 3208128 kB, SwapTotal: 40894456 kB, SwapFree: 40861944 kB
INFO [2026-03-16 14:05:01] Memory: Total: 61649012 kB, Available: 57440868 kB, Active: 3208576 kB, SwapTotal: 40894456 kB, SwapFree: 40861944 kB
INFO [2026-03-16 14:05:01] Memory: Total: 61649012 kB, Available: 57440700 kB, Active: 3208436 kB, SwapTotal: 40894456 kB, SwapFree: 40861944 kB
INFO [2026-03-16 14:05:01] Memory: Total: 61649012 kB, Available: 57440700 kB, Active: 3208560 kB, SwapTotal: 40894456 kB, SwapFree: 40861944 kB
INFO [2026-03-16 14:05:01] Memory: Total: 61649012 kB, Available: 57440448 kB, Active: 3208932 kB, SwapTotal: 40894456 kB, SwapFree: 40861944 kB
INFO [2026-03-16 14:05:01] Memory: Total: 61649012 kB, Available: 57440448 kB, Active: 3209056 kB, SwapTotal: 40894456 kB, SwapFree: 40861944 kB
INFO [2026-03-16 14:05:01] Memory: Total: 61649012 kB, Available: 57439944 kB, Active: 3209056 kB, SwapTotal: 40894456 kB, SwapFree: 40861944 kB
INFO [2026-03-16 14:05:01] Memory: Total: 61649012 kB, Available: 57439948 kB, Active: 3211076 kB, SwapTotal: 40894456 kB, SwapFree: 40861944 kB
INFO [2026-03-16 14:05:01] Memory: Total: 61649012 kB, Available: 57439696 kB, Active: 3211080 kB, SwapTotal: 40894456 kB, SwapFree: 40861944 kB
INFO [2026-03-16 14:05:02] Memory: Total: 61649012 kB, Available: 57439444 kB, Active: 3211452 kB, SwapTotal: 40894456 kB, SwapFree: 40861944 kB
INFO [2026-03-16 14:05:02] Memory: Total: 61649012 kB, Available: 57438940 kB, Active: 3211700 kB, SwapTotal: 40894456 kB, SwapFree: 40861944 kB
INFO [2026-03-16 14:05:02] Memory: Total: 61649012 kB, Available: 57438940 kB, Active: 3211700 kB, SwapTotal: 40894456 kB, SwapFree: 40861944 kB
INFO [2026-03-16 14:05:02] Memory: Total: 61649012 kB, Available: 57438940 kB, Active: 3211824 kB, SwapTotal: 40894456 kB, SwapFree: 40861944 kB
INFO [2026-03-16 14:05:02] Memory: Total: 61649012 kB, Available: 57438940 kB, Active: 3211824 kB, SwapTotal: 40894456 kB, SwapFree: 40861944 kB
INFO [2026-03-16 14:05:02] Memory: Total: 61649012 kB, Available: 57438940 kB, Active: 3211948 kB, SwapTotal: 40894456 kB, SwapFree: 40861944 kB
INFO [2026-03-16 14:05:02] Memory: Total: 61649012 kB, Available: 57437932 kB, Active: 3212524 kB, SwapTotal: 40894456 kB, SwapFree: 40861944 kB
INFO [2026-03-16 14:05:02] Memory: Total: 61649012 kB, Available: 57437932 kB, Active: 3212800 kB, SwapTotal: 40894456 kB, SwapFree: 40861944 kB
INFO [2026-03-16 14:05:02] Memory: Total: 61649012 kB, Available: 57437932 kB, Active: 3212924 kB, SwapTotal: 40894456 kB, SwapFree: 40861944 kB
INFO [2026-03-16 14:05:02] Memory: Total: 61649012 kB, Available: 57437932 kB, Active: 3213052 kB, SwapTotal: 40894456 kB, SwapFree: 40861944 kB
INFO [2026-03-16 14:05:02] Memory: Total: 61649012 kB, Available: 57437932 kB, Active: 3213176 kB, SwapTotal: 40894456 kB, SwapFree: 40861944 kB
INFO [2026-03-16 14:05:02] Memory: Total: 61649012 kB, Available: 57437932 kB, Active: 3213176 kB, SwapTotal: 40894456 kB, SwapFree: 40861944 kB
INFO [2026-03-16 14:05:02] Memory: Total: 61649012 kB, Available: 57437176 kB, Active: 3214072 kB, SwapTotal: 40894456 kB, SwapFree: 40861944 kB
INFO [2026-03-16 14:05:02] Memory: Total: 61649012 kB, Available: 57437176 kB, Active: 3214520 kB, SwapTotal: 40894456 kB, SwapFree: 40861944 kB
INFO [2026-03-16 14:05:02] Memory: Total: 61649012 kB, Available: 57437176 kB, Active: 3214520 kB, SwapTotal: 40894456 kB, SwapFree: 40861944 kB
INFO [2026-03-16 14:05:02] Memory: Total: 61649012 kB, Available: 57436928 kB, Active: 3216356 kB, SwapTotal: 40894456 kB, SwapFree: 40861944 kB
INFO [2026-03-16 14:05:03] Memory: Total: 61649012 kB, Available: 57436676 kB, Active: 3216404 kB, SwapTotal: 40894456 kB, SwapFree: 40861944 kB
INFO [2026-03-16 14:05:03] Memory: Total: 61649012 kB, Available: 57436424 kB, Active: 3216292 kB, SwapTotal: 40894456 kB, SwapFree: 40861944 kB
INFO [2026-03-16 14:05:03] Memory: Total: 61649012 kB, Available: 57436424 kB, Active: 3216416 kB, SwapTotal: 40894456 kB, SwapFree: 40861944 kB
INFO [2026-03-16 14:05:03] Memory: Total: 61649012 kB, Available: 57436424 kB, Active: 3216664 kB, SwapTotal: 40894456 kB, SwapFree: 40861944 kB
INFO [2026-03-16 14:05:03] Memory: Total: 61649012 kB, Available: 57436424 kB, Active: 3216788 kB, SwapTotal: 40894456 kB, SwapFree: 40861944 kB
INFO [2026-03-16 14:05:03] Memory: Total: 61649012 kB, Available: 57436424 kB, Active: 3217112 kB, SwapTotal: 40894456 kB, SwapFree: 40861944 kB
INFO [2026-03-16 14:05:03] Memory: Total: 61649012 kB, Available: 57436424 kB, Active: 3217052 kB, SwapTotal: 40894456 kB, SwapFree: 40861944 kB
INFO [2026-03-16 14:05:03] Memory: Total: 61649012 kB, Available: 57436424 kB, Active: 3217500 kB, SwapTotal: 40894456 kB, SwapFree: 40861944 kB
INFO [2026-03-16 14:05:03] Memory: Total: 61649012 kB, Available: 57436424 kB, Active: 3217300 kB, SwapTotal: 40894456 kB, SwapFree: 40861944 kB
INFO [2026-03-16 14:05:03] Memory: Total: 61649012 kB, Available: 57436424 kB, Active: 3217424 kB, SwapTotal: 40894456 kB, SwapFree: 40861944 kB
INFO [2026-03-16 14:05:03] Memory: Total: 61649012 kB, Available: 57436424 kB, Active: 3217872 kB, SwapTotal: 40894456 kB, SwapFree: 40861944 kB
INFO [2026-03-16 14:05:03] Memory: Total: 61649012 kB, Available: 57436172 kB, Active: 3217752 kB, SwapTotal: 40894456 kB, SwapFree: 40861944 kB
INFO [2026-03-16 14:05:03] Memory: Total: 61649012 kB, Available: 57436172 kB, Active: 3217876 kB, SwapTotal: 40894456 kB, SwapFree: 40861944 kB
INFO [2026-03-16 14:05:03] Memory: Total: 61649012 kB, Available: 57436172 kB, Active: 3218248 kB, SwapTotal: 40894456 kB, SwapFree: 40861944 kB
INFO [2026-03-16 14:05:03] Memory: Total: 61649012 kB, Available: 57436172 kB, Active: 3218696 kB, SwapTotal: 40894456 kB, SwapFree: 40861944 kB
INFO [2026-03-16 14:05:03] Memory: Total: 61649012 kB, Available: 57435920 kB, Active: 3219312 kB, SwapTotal: 40894456 kB, SwapFree: 40861944 kB
INFO [2026-03-16 14:05:03] Memory: Total: 61649012 kB, Available: 57435920 kB, Active: 3219400 kB, SwapTotal: 40894456 kB, SwapFree: 40861944 kB
INFO [2026-03-16 14:05:03] Memory: Total: 61649012 kB, Available: 57435920 kB, Active: 3220248 kB, SwapTotal: 40894456 kB, SwapFree: 40861944 kB
INFO [2026-03-16 14:05:04] Memory: Total: 61649012 kB, Available: 57435920 kB, Active: 3220372 kB, SwapTotal: 40894456 kB, SwapFree: 40861944 kB
INFO [2026-03-16 14:05:04] Memory: Total: 61649012 kB, Available: 57435920 kB, Active: 3220744 kB, SwapTotal: 40894456 kB, SwapFree: 40861944 kB
INFO [2026-03-16 14:05:04] Memory: Total: 61649012 kB, Available: 57435920 kB, Active: 3221440 kB, SwapTotal: 40894456 kB, SwapFree: 40861944 kB
INFO [2026-03-16 14:05:04] Memory: Total: 61649012 kB, Available: 57435920 kB, Active: 3221440 kB, SwapTotal: 40894456 kB, SwapFree: 40861944 kB
INFO [2026-03-16 14:05:04] Memory: Total: 61649012 kB, Available: 57435668 kB, Active: 3221124 kB, SwapTotal: 40894456 kB, SwapFree: 40861944 kB
INFO [2026-03-16 14:05:04] Memory: Total: 61649012 kB, Available: 57435416 kB, Active: 3221620 kB, SwapTotal: 40894456 kB, SwapFree: 40861944 kB
INFO [2026-03-16 14:05:04] Memory: Total: 61649012 kB, Available: 57435416 kB, Active: 3221620 kB, SwapTotal: 40894456 kB, SwapFree: 40861944 kB
INFO [2026-03-16 14:05:04] Memory: Total: 61649012 kB, Available: 57435164 kB, Active: 3221868 kB, SwapTotal: 40894456 kB, SwapFree: 40861944 kB
INFO [2026-03-16 14:05:04] Memory: Total: 61649012 kB, Available: 57435164 kB, Active: 3221992 kB, SwapTotal: 40894456 kB, SwapFree: 40861944 kB
INFO [2026-03-16 14:05:04] Memory: Total: 61649012 kB, Available: 57434408 kB, Active: 3222936 kB, SwapTotal: 40894456 kB, SwapFree: 40861944 kB
INFO [2026-03-16 14:05:04] Memory: Total: 61649012 kB, Available: 57434156 kB, Active: 3222676 kB, SwapTotal: 40894456 kB, SwapFree: 40861944 kB
INFO [2026-03-16 14:05:04] Memory: Total: 61649012 kB, Available: 57434156 kB, Active: 3222800 kB, SwapTotal: 40894456 kB, SwapFree: 40861944 kB
INFO [2026-03-16 14:05:04] Memory: Total: 61649012 kB, Available: 57433904 kB, Active: 3223048 kB, SwapTotal: 40894456 kB, SwapFree: 40861944 kB
INFO [2026-03-16 14:05:04] Memory: Total: 61649012 kB, Available: 57433904 kB, Active: 3223172 kB, SwapTotal: 40894456 kB, SwapFree: 40861944 kB
INFO [2026-03-16 14:05:04] Memory: Total: 61649012 kB, Available: 57433400 kB, Active: 3223296 kB, SwapTotal: 40894456 kB, SwapFree: 40861944 kB
INFO [2026-03-16 14:05:04] Memory: Total: 61649012 kB, Available: 57433404 kB, Active: 3224908 kB, SwapTotal: 40894456 kB, SwapFree: 40861944 kB
INFO [2026-03-16 14:05:05] Memory: Total: 61649012 kB, Available: 57433152 kB, Active: 3225604 kB, SwapTotal: 40894456 kB, SwapFree: 40861944 kB
INFO [2026-03-16 14:05:05] Memory: Total: 61649012 kB, Available: 57433152 kB, Active: 3225604 kB, SwapTotal: 40894456 kB, SwapFree: 40861944 kB
INFO [2026-03-16 14:05:05] Memory: Total: 61649012 kB, Available: 57433152 kB, Active: 3225604 kB, SwapTotal: 40894456 kB, SwapFree: 40861944 kB
INFO [2026-03-16 14:05:05] Memory: Total: 61649012 kB, Available: 57432396 kB, Active: 3226108 kB, SwapTotal: 40894456 kB, SwapFree: 40861944 kB
INFO [2026-03-16 14:05:05] Memory: Total: 61649012 kB, Available: 57432396 kB, Active: 3226352 kB, SwapTotal: 40894456 kB, SwapFree: 40861944 kB
INFO [2026-03-16 14:05:05] Memory: Total: 61649012 kB, Available: 57432396 kB, Active: 3226476 kB, SwapTotal: 40894456 kB, SwapFree: 40861944 kB
INFO [2026-03-16 14:05:05] Memory: Total: 61649012 kB, Available: 57431640 kB, Active: 3226564 kB, SwapTotal: 40894456 kB, SwapFree: 40861944 kB
INFO [2026-03-16 14:05:05] Memory: Total: 61649012 kB, Available: 57431640 kB, Active: 3226812 kB, SwapTotal: 40894456 kB, SwapFree: 40861944 kB
INFO [2026-03-16 14:05:05] Memory: Total: 61649012 kB, Available: 57431640 kB, Active: 3226936 kB, SwapTotal: 40894456 kB, SwapFree: 40861944 kB
INFO [2026-03-16 14:05:05] Memory: Total: 61649012 kB, Available: 57430632 kB, Active: 3227184 kB, SwapTotal: 40894456 kB, SwapFree: 40861944 kB
INFO [2026-03-16 14:05:05] Memory: Total: 61649012 kB, Available: 57430632 kB, Active: 3227756 kB, SwapTotal: 40894456 kB, SwapFree: 40861944 kB
INFO [2026-03-16 14:05:05] Memory: Total: 61649012 kB, Available: 57430632 kB, Active: 3227472 kB, SwapTotal: 40894456 kB, SwapFree: 40861944 kB
INFO [2026-03-16 14:05:05] Memory: Total: 61649012 kB, Available: 57430632 kB, Active: 3227596 kB, SwapTotal: 40894456 kB, SwapFree: 40861944 kB
INFO [2026-03-16 14:05:05] Memory: Total: 61649012 kB, Available: 57429876 kB, Active: 3228352 kB, SwapTotal: 40894456 kB, SwapFree: 40861944 kB
INFO [2026-03-16 14:05:05] Memory: Total: 61649012 kB, Available: 57429876 kB, Active: 3228352 kB, SwapTotal: 40894456 kB, SwapFree: 40861944 kB
INFO [2026-03-16 14:05:05] Memory: Total: 61649012 kB, Available: 57429876 kB, Active: 3228464 kB, SwapTotal: 40894456 kB, SwapFree: 40861944 kB
INFO [2026-03-16 14:05:05] Memory: Total: 61649012 kB, Available: 57429628 kB, Active: 3230008 kB, SwapTotal: 40894456 kB, SwapFree: 40861944 kB
INFO [2026-03-16 14:05:06] Memory: Total: 61649012 kB, Available: 57428620 kB, Active: 3230580 kB, SwapTotal: 40894456 kB, SwapFree: 40861944 kB
INFO [2026-03-16 14:05:06] Memory: Total: 61649012 kB, Available: 57428620 kB, Active: 3230548 kB, SwapTotal: 40894456 kB, SwapFree: 40861944 kB
INFO [2026-03-16 14:05:06] Memory: Total: 61649012 kB, Available: 57428620 kB, Active: 3230872 kB, SwapTotal: 40894456 kB, SwapFree: 40861944 kB
INFO [2026-03-16 14:05:06] Memory: Total: 61649012 kB, Available: 57428624 kB, Active: 3230992 kB, SwapTotal: 40894456 kB, SwapFree: 40861944 kB
INFO [2026-03-16 14:05:06] Memory: Total: 61649012 kB, Available: 57428372 kB, Active: 3231240 kB, SwapTotal: 40894456 kB, SwapFree: 40861944 kB
INFO [2026-03-16 14:05:06] Memory: Total: 61649012 kB, Available: 57428372 kB, Active: 3231240 kB, SwapTotal: 40894456 kB, SwapFree: 40861944 kB
INFO [2026-03-16 14:05:06] Memory: Total: 61649012 kB, Available: 57427872 kB, Active: 3231932 kB, SwapTotal: 40894456 kB, SwapFree: 40861944 kB
INFO [2026-03-16 14:05:06] Memory: Total: 61649012 kB, Available: 57427620 kB, Active: 3231708 kB, SwapTotal: 40894456 kB, SwapFree: 40861944 kB
INFO [2026-03-16 14:05:06] Memory: Total: 61649012 kB, Available: 57427620 kB, Active: 3231832 kB, SwapTotal: 40894456 kB, SwapFree: 40861944 kB
INFO [2026-03-16 14:05:06] Memory: Total: 61649012 kB, Available: 57427620 kB, Active: 3231956 kB, SwapTotal: 40894456 kB, SwapFree: 40861944 kB
INFO [2026-03-16 14:05:06] Memory: Total: 61649012 kB, Available: 57427368 kB, Active: 3232452 kB, SwapTotal: 40894456 kB, SwapFree: 40861944 kB
INFO [2026-03-16 14:05:06] Memory: Total: 61649012 kB, Available: 57426624 kB, Active: 3232452 kB, SwapTotal: 40894456 kB, SwapFree: 40861944 kB
INFO [2026-03-16 14:05:06] Memory: Total: 61649012 kB, Available: 57426624 kB, Active: 3232576 kB, SwapTotal: 40894456 kB, SwapFree: 40861944 kB
INFO [2026-03-16 14:05:06] Memory: Total: 61649012 kB, Available: 57426624 kB, Active: 3232824 kB, SwapTotal: 40894456 kB, SwapFree: 40861944 kB
INFO [2026-03-16 14:05:06] Memory: Total: 61649012 kB, Available: 57425616 kB, Active: 3233272 kB, SwapTotal: 40894456 kB, SwapFree: 40861944 kB
INFO [2026-03-16 14:05:06] Memory: Total: 61649012 kB, Available: 57425616 kB, Active: 3234392 kB, SwapTotal: 40894456 kB, SwapFree: 40861944 kB
INFO [2026-03-16 14:05:07] Memory: Total: 61649012 kB, Available: 57425616 kB, Active: 3234644 kB, SwapTotal: 40894456 kB, SwapFree: 40861944 kB
INFO [2026-03-16 14:05:07] Memory: Total: 61649012 kB, Available: 57425616 kB, Active: 3234768 kB, SwapTotal: 40894456 kB, SwapFree: 40861944 kB
INFO [2026-03-16 14:05:07] Memory: Total: 61649012 kB, Available: 57425616 kB, Active: 3234896 kB, SwapTotal: 40894456 kB, SwapFree: 40861944 kB
INFO [2026-03-16 14:05:07] Memory: Total: 61649012 kB, Available: 57424860 kB, Active: 3235268 kB, SwapTotal: 40894456 kB, SwapFree: 40861944 kB
INFO [2026-03-16 14:05:07] Memory: Total: 61649012 kB, Available: 57424860 kB, Active: 3235716 kB, SwapTotal: 40894456 kB, SwapFree: 40861944 kB
INFO [2026-03-16 14:05:07] Memory: Total: 61649012 kB, Available: 57424860 kB, Active: 3235716 kB, SwapTotal: 40894456 kB, SwapFree: 40861944 kB
INFO [2026-03-16 14:05:07] Memory: Total: 61649012 kB, Available: 57424860 kB, Active: 3236040 kB, SwapTotal: 40894456 kB, SwapFree: 40861944 kB
INFO [2026-03-16 14:05:07] Memory: Total: 61649012 kB, Available: 57424104 kB, Active: 3236168 kB, SwapTotal: 40894456 kB, SwapFree: 40861944 kB
INFO [2026-03-16 14:05:07] Memory: Total: 61649012 kB, Available: 57424104 kB, Active: 3236168 kB, SwapTotal: 40894456 kB, SwapFree: 40861944 kB
INFO [2026-03-16 14:05:07] Memory: Total: 61649012 kB, Available: 57424104 kB, Active: 3236292 kB, SwapTotal: 40894456 kB, SwapFree: 40861944 kB
INFO [2026-03-16 14:05:07] Memory: Total: 61649012 kB, Available: 57423096 kB, Active: 3236664 kB, SwapTotal: 40894456 kB, SwapFree: 40861944 kB
INFO [2026-03-16 14:05:07] Memory: Total: 61649012 kB, Available: 57367140 kB, Active: 3293288 kB, SwapTotal: 40894456 kB, SwapFree: 40861944 kB
INFO [2026-03-16 14:05:07] Memory: Total: 61649012 kB, Available: 57359044 kB, Active: 3295880 kB, SwapTotal: 40894456 kB, SwapFree: 40861944 kB
INFO [2026-03-16 14:05:07] Memory: Total: 61649012 kB, Available: 57213892 kB, Active: 3445888 kB, SwapTotal: 40894456 kB, SwapFree: 40861944 kB
INFO [2026-03-16 14:05:07] Memory: Total: 61649012 kB, Available: 57165508 kB, Active: 3488780 kB, SwapTotal: 40894456 kB, SwapFree: 40861944 kB
INFO [2026-03-16 14:05:07] Memory: Total: 61649012 kB, Available: 57117124 kB, Active: 3540744 kB, SwapTotal: 40894456 kB, SwapFree: 40861944 kB
INFO [2026-03-16 14:05:08] Memory: Total: 61649012 kB, Available: 56898520 kB, Active: 3753204 kB, SwapTotal: 40894456 kB, SwapFree: 40861944 kB
INFO [2026-03-16 14:05:08] Memory: Total: 61649012 kB, Available: 56809576 kB, Active: 3846640 kB, SwapTotal: 40894456 kB, SwapFree: 40861944 kB
INFO [2026-03-16 14:05:08] Memory: Total: 61649012 kB, Available: 56809576 kB, Active: 3846640 kB, SwapTotal: 40894456 kB, SwapFree: 40861944 kB
INFO [2026-03-16 14:05:08] Memory: Total: 61649012 kB, Available: 56632036 kB, Active: 4018688 kB, SwapTotal: 40894456 kB, SwapFree: 40861944 kB
INFO [2026-03-16 14:05:08] Memory: Total: 61649012 kB, Available: 56406112 kB, Active: 4244240 kB, SwapTotal: 40894456 kB, SwapFree: 40861944 kB
INFO [2026-03-16 14:05:08] Memory: Total: 61649012 kB, Available: 56325472 kB, Active: 4326904 kB, SwapTotal: 40894456 kB, SwapFree: 40861944 kB
INFO [2026-03-16 14:05:08] Memory: Total: 61649012 kB, Available: 56276064 kB, Active: 4380088 kB, SwapTotal: 40894456 kB, SwapFree: 40861944 kB
INFO [2026-03-16 14:05:08] Memory: Total: 61649012 kB, Available: 56276064 kB, Active: 4382032 kB, SwapTotal: 40894456 kB, SwapFree: 40861944 kB
INFO [2026-03-16 14:05:08] Memory: Total: 61649012 kB, Available: 56130836 kB, Active: 4529500 kB, SwapTotal: 40894456 kB, SwapFree: 40861944 kB
INFO [2026-03-16 14:05:08] Memory: Total: 61649012 kB, Available: 56024964 kB, Active: 4627920 kB, SwapTotal: 40894456 kB, SwapFree: 40861944 kB
INFO [2026-03-16 14:05:08] Memory: Total: 61649012 kB, Available: 55976580 kB, Active: 4676080 kB, SwapTotal: 40894456 kB, SwapFree: 40861944 kB
INFO [2026-03-16 14:05:08] Memory: Total: 61649012 kB, Available: 55927972 kB, Active: 4731044 kB, SwapTotal: 40894456 kB, SwapFree: 40861944 kB
INFO [2026-03-16 14:05:08] Memory: Total: 61649012 kB, Available: 55927972 kB, Active: 4732016 kB, SwapTotal: 40894456 kB, SwapFree: 40861944 kB
INFO [2026-03-16 14:05:08] Memory: Total: 61649012 kB, Available: 55903264 kB, Active: 4756568 kB, SwapTotal: 40894456 kB, SwapFree: 40861944 kB
INFO [2026-03-16 14:05:08] Memory: Total: 61649012 kB, Available: 55902496 kB, Active: 4757864 kB, SwapTotal: 40894456 kB, SwapFree: 40861944 kB
INFO [2026-03-16 14:05:09] Memory: Total: 61649012 kB, Available: 55863332 kB, Active: 4796792 kB, SwapTotal: 40894456 kB, SwapFree: 40861944 kB
INFO [2026-03-16 14:05:09] Memory: Total: 61649012 kB, Available: 55831040 kB, Active: 4827116 kB, SwapTotal: 40894456 kB, SwapFree: 40861944 kB
INFO [2026-03-16 14:05:09] Memory: Total: 61649012 kB, Available: 55774592 kB, Active: 4884620 kB, SwapTotal: 40894456 kB, SwapFree: 40861944 kB
INFO [2026-03-16 14:05:09] Memory: Total: 61649012 kB, Available: 55774592 kB, Active: 4884620 kB, SwapTotal: 40894456 kB, SwapFree: 40861944 kB
INFO [2026-03-16 14:05:09] Memory: Total: 61649012 kB, Available: 55774592 kB, Active: 4884344 kB, SwapTotal: 40894456 kB, SwapFree: 40861944 kB
INFO [2026-03-16 14:05:09] Memory: Total: 61649012 kB, Available: 55774592 kB, Active: 4884792 kB, SwapTotal: 40894456 kB, SwapFree: 40861944 kB
INFO [2026-03-16 14:05:09] Memory: Total: 61649012 kB, Available: 55645660 kB, Active: 5013888 kB, SwapTotal: 40894456 kB, SwapFree: 40861944 kB
INFO [2026-03-16 14:05:09] Memory: Total: 61649012 kB, Available: 55613404 kB, Active: 5040256 kB, SwapTotal: 40894456 kB, SwapFree: 40861944 kB
INFO [2026-03-16 14:05:09] Memory: Total: 61649012 kB, Available: 55347120 kB, Active: 5308576 kB, SwapTotal: 40894456 kB, SwapFree: 40861944 kB
INFO [2026-03-16 14:05:09] Memory: Total: 61649012 kB, Available: 55251408 kB, Active: 5401040 kB, SwapTotal: 40894456 kB, SwapFree: 40861944 kB
INFO [2026-03-16 14:05:09] Memory: Total: 61649012 kB, Available: 55121328 kB, Active: 5535300 kB, SwapTotal: 40894456 kB, SwapFree: 40861944 kB
INFO [2026-03-16 14:05:09] Memory: Total: 61649012 kB, Available: 55105200 kB, Active: 5555188 kB, SwapTotal: 40894456 kB, SwapFree: 40861944 kB
INFO [2026-03-16 14:05:09] Memory: Total: 61649012 kB, Available: 54757848 kB, Active: 5892628 kB, SwapTotal: 40894456 kB, SwapFree: 40861944 kB
INFO [2026-03-16 14:05:10] Memory: Total: 61649012 kB, Available: 54289352 kB, Active: 6360292 kB, SwapTotal: 40894456 kB, SwapFree: 40861944 kB
INFO [2026-03-16 14:05:10] Memory: Total: 61649012 kB, Available: 54184516 kB, Active: 6463572 kB, SwapTotal: 40894456 kB, SwapFree: 40861944 kB
INFO [2026-03-16 14:05:10] Memory: Total: 61649012 kB, Available: 54079428 kB, Active: 6575836 kB, SwapTotal: 40894456 kB, SwapFree: 40861944 kB
INFO [2026-03-16 14:05:10] Memory: Total: 61649012 kB, Available: 53982660 kB, Active: 6670692 kB, SwapTotal: 40894456 kB, SwapFree: 40861944 kB
INFO [2026-03-16 14:05:10] Memory: Total: 61649012 kB, Available: 53958208 kB, Active: 6688636 kB, SwapTotal: 40894456 kB, SwapFree: 40861944 kB
INFO [2026-03-16 14:05:10] Memory: Total: 61649012 kB, Available: 53659296 kB, Active: 6985268 kB, SwapTotal: 40894456 kB, SwapFree: 40861944 kB
INFO [2026-03-16 14:05:10] Memory: Total: 61649012 kB, Available: 53570448 kB, Active: 7078508 kB, SwapTotal: 40894456 kB, SwapFree: 40861944 kB
INFO [2026-03-16 14:05:10] Memory: Total: 61649012 kB, Available: 52950228 kB, Active: 7701596 kB, SwapTotal: 40894456 kB, SwapFree: 40861944 kB
INFO [2026-03-16 14:05:10] Memory: Total: 61649012 kB, Available: 52619908 kB, Active: 8024732 kB, SwapTotal: 40894456 kB, SwapFree: 40861944 kB
INFO [2026-03-16 14:05:11] Memory: Total: 61649012 kB, Available: 52143344 kB, Active: 8506512 kB, SwapTotal: 40894456 kB, SwapFree: 40861944 kB
INFO [2026-03-16 14:05:11] Memory: Total: 61649012 kB, Available: 51716272 kB, Active: 8918320 kB, SwapTotal: 40894456 kB, SwapFree: 40861944 kB
INFO [2026-03-16 14:05:11] Memory: Total: 61649012 kB, Available: 51385256 kB, Active: 9249772 kB, SwapTotal: 40894456 kB, SwapFree: 40861944 kB
INFO [2026-03-16 14:05:11] Memory: Total: 61649012 kB, Available: 51159864 kB, Active: 9485000 kB, SwapTotal: 40894456 kB, SwapFree: 40861944 kB
INFO [2026-03-16 14:05:11] Memory: Total: 61649012 kB, Available: 51151800 kB, Active: 9491156 kB, SwapTotal: 40894456 kB, SwapFree: 40861944 kB
INFO [2026-03-16 14:05:11] Memory: Total: 61649012 kB, Available: 51135928 kB, Active: 9511036 kB, SwapTotal: 40894456 kB, SwapFree: 40861944 kB
INFO [2026-03-16 14:05:11] Memory: Total: 61649012 kB, Available: 51104728 kB, Active: 9533516 kB, SwapTotal: 40894456 kB, SwapFree: 40861944 kB
INFO [2026-03-16 14:05:11] Memory: Total: 61649012 kB, Available: 50830720 kB, Active: 9807448 kB, SwapTotal: 40894456 kB, SwapFree: 40861944 kB
INFO [2026-03-16 14:05:11] Memory: Total: 61649012 kB, Available: 50830720 kB, Active: 9807448 kB, SwapTotal: 40894456 kB, SwapFree: 40861944 kB
INFO [2026-03-16 14:05:11] Memory: Total: 61649012 kB, Available: 50814376 kB, Active: 9826216 kB, SwapTotal: 40894456 kB, SwapFree: 40861944 kB
INFO [2026-03-16 14:05:12] Memory: Total: 61649012 kB, Available: 50775040 kB, Active: 9863152 kB, SwapTotal: 40894456 kB, SwapFree: 40861944 kB
INFO [2026-03-16 14:05:12] Memory: Total: 61649012 kB, Available: 50766848 kB, Active: 9870280 kB, SwapTotal: 40894456 kB, SwapFree: 40861944 kB
INFO [2026-03-16 14:05:12] Memory: Total: 61649012 kB, Available: 50734440 kB, Active: 9907208 kB, SwapTotal: 40894456 kB, SwapFree: 40861944 kB
INFO [2026-03-16 14:05:12] Memory: Total: 61649012 kB, Available: 50695224 kB, Active: 9943820 kB, SwapTotal: 40894456 kB, SwapFree: 40861944 kB
INFO [2026-03-16 14:05:12] Memory: Total: 61649012 kB, Available: 50671192 kB, Active: 9971684 kB, SwapTotal: 40894456 kB, SwapFree: 40861944 kB
INFO [2026-03-16 14:05:12] Memory: Total: 61649012 kB, Available: 50663000 kB, Active: 9978812 kB, SwapTotal: 40894456 kB, SwapFree: 40861944 kB
INFO [2026-03-16 14:05:12] Memory: Total: 61649012 kB, Available: 50663000 kB, Active: 9982060 kB, SwapTotal: 40894456 kB, SwapFree: 40861944 kB
INFO [2026-03-16 14:05:12] Memory: Total: 61649012 kB, Available: 50631768 kB, Active: 10010896 kB, SwapTotal: 40894456 kB, SwapFree: 40861944 kB
INFO [2026-03-16 14:05:12] Memory: Total: 61649012 kB, Available: 50615384 kB, Active: 10025476 kB, SwapTotal: 40894456 kB, SwapFree: 40861944 kB
INFO [2026-03-16 14:05:12] Memory: Total: 61649012 kB, Available: 50615384 kB, Active: 10025476 kB, SwapTotal: 40894456 kB, SwapFree: 40861944 kB
INFO [2026-03-16 14:05:12] Memory: Total: 61649012 kB, Available: 50615384 kB, Active: 10025476 kB, SwapTotal: 40894456 kB, SwapFree: 40861944 kB
INFO [2026-03-16 14:05:12] Memory: Total: 61649012 kB, Available: 50615384 kB, Active: 10025800 kB, SwapTotal: 40894456 kB, SwapFree: 40861944 kB
INFO [2026-03-16 14:05:12] Memory: Total: 61649012 kB, Available: 50615384 kB, Active: 10025484 kB, SwapTotal: 40894456 kB, SwapFree: 40861944 kB
INFO [2026-03-16 14:05:12] Memory: Total: 61649012 kB, Available: 50615384 kB, Active: 10025808 kB, SwapTotal: 40894456 kB, SwapFree: 40861944 kB
INFO [2026-03-16 14:05:12] Memory: Total: 61649012 kB, Available: 50615384 kB, Active: 10025492 kB, SwapTotal: 40894456 kB, SwapFree: 40861944 kB
INFO [2026-03-16 14:05:12] Memory: Total: 61649012 kB, Available: 50615844 kB, Active: 10026248 kB, SwapTotal: 40894456 kB, SwapFree: 40861944 kB
INFO [2026-03-16 14:05:12] Memory: Total: 61649012 kB, Available: 50615844 kB, Active: 10026248 kB, SwapTotal: 40894456 kB, SwapFree: 40861944 kB
INFO [2026-03-16 14:05:13] Memory: Total: 61649012 kB, Available: 50615844 kB, Active: 10026252 kB, SwapTotal: 40894456 kB, SwapFree: 40861944 kB
INFO [2026-03-16 14:05:13] Memory: Total: 61649012 kB, Available: 50615844 kB, Active: 10026576 kB, SwapTotal: 40894456 kB, SwapFree: 40861944 kB
INFO [2026-03-16 14:05:13] Memory: Total: 61649012 kB, Available: 50615844 kB, Active: 10026264 kB, SwapTotal: 40894456 kB, SwapFree: 40861944 kB
INFO [2026-03-16 14:05:13] Memory: Total: 61649012 kB, Available: 50615844 kB, Active: 10026264 kB, SwapTotal: 40894456 kB, SwapFree: 40861944 kB
INFO [2026-03-16 14:05:13] Memory: Total: 61649012 kB, Available: 50615844 kB, Active: 10026264 kB, SwapTotal: 40894456 kB, SwapFree: 40861944 kB
INFO [2026-03-16 14:05:13] Memory: Total: 61649012 kB, Available: 50615844 kB, Active: 10026264 kB, SwapTotal: 40894456 kB, SwapFree: 40861944 kB
INFO [2026-03-16 14:05:13] Memory: Total: 61649012 kB, Available: 50615844 kB, Active: 10026264 kB, SwapTotal: 40894456 kB, SwapFree: 40861944 kB
INFO [2026-03-16 14:05:13] Memory: Total: 61649012 kB, Available: 50615844 kB, Active: 10026264 kB, SwapTotal: 40894456 kB, SwapFree: 40861944 kB
INFO [2026-03-16 14:05:13] Memory: Total: 61649012 kB, Available: 50615844 kB, Active: 10026588 kB, SwapTotal: 40894456 kB, SwapFree: 40861944 kB
INFO [2026-03-16 14:05:13] Memory: Total: 61649012 kB, Available: 50615844 kB, Active: 10026280 kB, SwapTotal: 40894456 kB, SwapFree: 40861944 kB
INFO [2026-03-16 14:05:13] Memory: Total: 61649012 kB, Available: 50615844 kB, Active: 10026280 kB, SwapTotal: 40894456 kB, SwapFree: 40861944 kB
INFO [2026-03-16 14:05:13] Memory: Total: 61649012 kB, Available: 50615844 kB, Active: 10026280 kB, SwapTotal: 40894456 kB, SwapFree: 40861944 kB
INFO [2026-03-16 14:05:13] Memory: Total: 61649012 kB, Available: 50615844 kB, Active: 10026280 kB, SwapTotal: 40894456 kB, SwapFree: 40861944 kB
INFO [2026-03-16 14:05:13] Memory: Total: 61649012 kB, Available: 50615844 kB, Active: 10026280 kB, SwapTotal: 40894456 kB, SwapFree: 40861944 kB
INFO [2026-03-16 14:05:13] Memory: Total: 61649012 kB, Available: 50615844 kB, Active: 10026284 kB, SwapTotal: 40894456 kB, SwapFree: 40861944 kB
INFO [2026-03-16 14:05:13] Memory: Total: 61649012 kB, Available: 50615844 kB, Active: 10026924 kB, SwapTotal: 40894456 kB, SwapFree: 40861944 kB
INFO [2026-03-16 14:05:13] Memory: Total: 61649012 kB, Available: 50615844 kB, Active: 10026656 kB, SwapTotal: 40894456 kB, SwapFree: 40861944 kB
INFO [2026-03-16 14:05:14] Memory: Total: 61649012 kB, Available: 50615844 kB, Active: 10026608 kB, SwapTotal: 40894456 kB, SwapFree: 40861944 kB
INFO [2026-03-16 14:05:14] Memory: Total: 61649012 kB, Available: 50615844 kB, Active: 10026608 kB, SwapTotal: 40894456 kB, SwapFree: 40861944 kB
INFO [2026-03-16 14:05:14] Memory: Total: 61649012 kB, Available: 50615844 kB, Active: 10026608 kB, SwapTotal: 40894456 kB, SwapFree: 40861944 kB
INFO [2026-03-16 14:05:14] Memory: Total: 61649012 kB, Available: 50615844 kB, Active: 10026608 kB, SwapTotal: 40894456 kB, SwapFree: 40861944 kB
INFO [2026-03-16 14:05:14] Memory: Total: 61649012 kB, Available: 50615844 kB, Active: 10026932 kB, SwapTotal: 40894456 kB, SwapFree: 40861944 kB
INFO [2026-03-16 14:05:14] Memory: Total: 61649012 kB, Available: 50615844 kB, Active: 10026932 kB, SwapTotal: 40894456 kB, SwapFree: 40861944 kB
INFO [2026-03-16 14:05:14] Memory: Total: 61649012 kB, Available: 50615844 kB, Active: 10026624 kB, SwapTotal: 40894456 kB, SwapFree: 40861944 kB
INFO [2026-03-16 14:05:14] Memory: Total: 61649012 kB, Available: 50615844 kB, Active: 10026624 kB, SwapTotal: 40894456 kB, SwapFree: 40861944 kB
INFO [2026-03-16 14:05:14] Memory: Total: 61649012 kB, Available: 50615844 kB, Active: 10026624 kB, SwapTotal: 40894456 kB, SwapFree: 40861944 kB
INFO [2026-03-16 14:05:14] Memory: Total: 61649012 kB, Available: 50615844 kB, Active: 10026624 kB, SwapTotal: 40894456 kB, SwapFree: 40861944 kB
INFO [2026-03-16 14:05:14] Memory: Total: 61649012 kB, Available: 50615844 kB, Active: 10026624 kB, SwapTotal: 40894456 kB, SwapFree: 40861944 kB
INFO [2026-03-16 14:05:14] Memory: Total: 61649012 kB, Available: 50615844 kB, Active: 10026624 kB, SwapTotal: 40894456 kB, SwapFree: 40861944 kB
INFO [2026-03-16 14:05:14] Memory: Total: 61649012 kB, Available: 50615844 kB, Active: 10026948 kB, SwapTotal: 40894456 kB, SwapFree: 40861944 kB
INFO [2026-03-16 14:05:14] Memory: Total: 61649012 kB, Available: 50615844 kB, Active: 10026636 kB, SwapTotal: 40894456 kB, SwapFree: 40861944 kB
INFO [2026-03-16 14:05:14] Memory: Total: 61649012 kB, Available: 50615848 kB, Active: 10026632 kB, SwapTotal: 40894456 kB, SwapFree: 40861944 kB
INFO [2026-03-16 14:05:14] Memory: Total: 61649012 kB, Available: 50615848 kB, Active: 10026632 kB, SwapTotal: 40894456 kB, SwapFree: 40861944 kB
INFO [2026-03-16 14:05:14] Memory: Total: 61649012 kB, Available: 50615848 kB, Active: 10026632 kB, SwapTotal: 40894456 kB, SwapFree: 40861944 kB
INFO [2026-03-16 14:05:15] Memory: Total: 61649012 kB, Available: 50615848 kB, Active: 10026632 kB, SwapTotal: 40894456 kB, SwapFree: 40861944 kB
INFO [2026-03-16 14:05:15] Memory: Total: 61649012 kB, Available: 50615848 kB, Active: 10026632 kB, SwapTotal: 40894456 kB, SwapFree: 40861944 kB
INFO [2026-03-16 14:05:15] Memory: Total: 61649012 kB, Available: 50615848 kB, Active: 10026632 kB, SwapTotal: 40894456 kB, SwapFree: 40861944 kB
INFO [2026-03-16 14:05:15] Memory: Total: 61649012 kB, Available: 50615848 kB, Active: 10026640 kB, SwapTotal: 40894456 kB, SwapFree: 40861944 kB
INFO [2026-03-16 14:05:15] Memory: Total: 61649012 kB, Available: 50615848 kB, Active: 10026640 kB, SwapTotal: 40894456 kB, SwapFree: 40861944 kB
INFO [2026-03-16 14:05:15] Memory: Total: 61649012 kB, Available: 50615848 kB, Active: 10026964 kB, SwapTotal: 40894456 kB, SwapFree: 40861944 kB
INFO [2026-03-16 14:05:15] Memory: Total: 61649012 kB, Available: 50615848 kB, Active: 10026648 kB, SwapTotal: 40894456 kB, SwapFree: 40861944 kB
INFO [2026-03-16 14:05:15] Memory: Total: 61649012 kB, Available: 50615848 kB, Active: 10026648 kB, SwapTotal: 40894456 kB, SwapFree: 40861944 kB
INFO [2026-03-16 14:05:15] Memory: Total: 61649012 kB, Available: 50615848 kB, Active: 10026648 kB, SwapTotal: 40894456 kB, SwapFree: 40861944 kB
INFO [2026-03-16 14:05:15] Memory: Total: 61649012 kB, Available: 50615848 kB, Active: 10026972 kB, SwapTotal: 40894456 kB, SwapFree: 40861944 kB
INFO [2026-03-16 14:05:15] Memory: Total: 61649012 kB, Available: 50615848 kB, Active: 10026972 kB, SwapTotal: 40894456 kB, SwapFree: 40861944 kB
INFO [2026-03-16 14:05:15] Memory: Total: 61649012 kB, Available: 50615848 kB, Active: 10026664 kB, SwapTotal: 40894456 kB, SwapFree: 40861944 kB
INFO [2026-03-16 14:05:15] Memory: Total: 61649012 kB, Available: 50615852 kB, Active: 10026668 kB, SwapTotal: 40894456 kB, SwapFree: 40861944 kB
INFO [2026-03-16 14:05:15] Memory: Total: 61649012 kB, Available: 50615852 kB, Active: 10026668 kB, SwapTotal: 40894456 kB, SwapFree: 40861944 kB
INFO [2026-03-16 14:05:15] Memory: Total: 61649012 kB, Available: 50615476 kB, Active: 10026992 kB, SwapTotal: 40894456 kB, SwapFree: 40861944 kB
INFO [2026-03-16 14:05:15] Memory: Total: 61649012 kB, Available: 50615476 kB, Active: 10026992 kB, SwapTotal: 40894456 kB, SwapFree: 40861944 kB
INFO [2026-03-16 14:05:16] Memory: Total: 61649012 kB, Available: 50615600 kB, Active: 10026964 kB, SwapTotal: 40894456 kB, SwapFree: 40861944 kB
INFO [2026-03-16 14:05:16] Memory: Total: 61649012 kB, Available: 50615600 kB, Active: 10026684 kB, SwapTotal: 40894456 kB, SwapFree: 40861944 kB
INFO [2026-03-16 14:05:16] Memory: Total: 61649012 kB, Available: 50615600 kB, Active: 10026684 kB, SwapTotal: 40894456 kB, SwapFree: 40861944 kB
INFO [2026-03-16 14:05:16] Memory: Total: 61649012 kB, Available: 50615600 kB, Active: 10026684 kB, SwapTotal: 40894456 kB, SwapFree: 40861944 kB
INFO [2026-03-16 14:05:16] Memory: Total: 61649012 kB, Available: 50615600 kB, Active: 10026684 kB, SwapTotal: 40894456 kB, SwapFree: 40861944 kB
INFO [2026-03-16 14:05:16] Memory: Total: 61649012 kB, Available: 50615600 kB, Active: 10026684 kB, SwapTotal: 40894456 kB, SwapFree: 40861944 kB
INFO [2026-03-16 14:05:16] Memory: Total: 61649012 kB, Available: 50615600 kB, Active: 10027008 kB, SwapTotal: 40894456 kB, SwapFree: 40861944 kB
INFO [2026-03-16 14:05:16] Memory: Total: 61649012 kB, Available: 50615600 kB, Active: 10026696 kB, SwapTotal: 40894456 kB, SwapFree: 40861944 kB
INFO [2026-03-16 14:05:16] Memory: Total: 61649012 kB, Available: 50615600 kB, Active: 10026696 kB, SwapTotal: 40894456 kB, SwapFree: 40861944 kB
INFO [2026-03-16 14:05:16] Memory: Total: 61649012 kB, Available: 50615600 kB, Active: 10026696 kB, SwapTotal: 40894456 kB, SwapFree: 40861944 kB
INFO [2026-03-16 14:05:16] Memory: Total: 61649012 kB, Available: 50615600 kB, Active: 10026696 kB, SwapTotal: 40894456 kB, SwapFree: 40861944 kB
INFO [2026-03-16 14:05:16] Memory: Total: 61649012 kB, Available: 50615600 kB, Active: 10026696 kB, SwapTotal: 40894456 kB, SwapFree: 40861944 kB
INFO [2026-03-16 14:05:16] Memory: Total: 61649012 kB, Available: 50615600 kB, Active: 10026696 kB, SwapTotal: 40894456 kB, SwapFree: 40861944 kB
INFO [2026-03-16 14:05:16] Memory: Total: 61649012 kB, Available: 50615600 kB, Active: 10026700 kB, SwapTotal: 40894456 kB, SwapFree: 40861944 kB
INFO [2026-03-16 14:05:16] Memory: Total: 61649012 kB, Available: 50615600 kB, Active: 10026700 kB, SwapTotal: 40894456 kB, SwapFree: 40861944 kB
INFO [2026-03-16 14:05:16] Memory: Total: 61649012 kB, Available: 50615600 kB, Active: 10026712 kB, SwapTotal: 40894456 kB, SwapFree: 40861944 kB
INFO [2026-03-16 14:05:16] Memory: Total: 61649012 kB, Available: 50615600 kB, Active: 10026712 kB, SwapTotal: 40894456 kB, SwapFree: 40861944 kB
INFO [2026-03-16 14:05:16] Memory: Total: 61649012 kB, Available: 50615600 kB, Active: 10026712 kB, SwapTotal: 40894456 kB, SwapFree: 40861944 kB
INFO [2026-03-16 14:05:17] Memory: Total: 61649012 kB, Available: 50615600 kB, Active: 10026712 kB, SwapTotal: 40894456 kB, SwapFree: 40861944 kB
INFO [2026-03-16 14:05:17] Memory: Total: 61649012 kB, Available: 50615600 kB, Active: 10026712 kB, SwapTotal: 40894456 kB, SwapFree: 40861944 kB
INFO [2026-03-16 14:05:17] Memory: Total: 61649012 kB, Available: 50615600 kB, Active: 10026712 kB, SwapTotal: 40894456 kB, SwapFree: 40861944 kB
INFO [2026-03-16 14:05:17] Memory: Total: 61649012 kB, Available: 50615360 kB, Active: 10026712 kB, SwapTotal: 40894456 kB, SwapFree: 40861944 kB
INFO [2026-03-16 14:05:17] Memory: Total: 61649012 kB, Available: 50615360 kB, Active: 10027036 kB, SwapTotal: 40894456 kB, SwapFree: 40861944 kB
INFO [2026-03-16 14:05:17] Memory: Total: 61649012 kB, Available: 50615360 kB, Active: 10026728 kB, SwapTotal: 40894456 kB, SwapFree: 40861944 kB
INFO [2026-03-16 14:05:17] Memory: Total: 61649012 kB, Available: 50615360 kB, Active: 10026728 kB, SwapTotal: 40894456 kB, SwapFree: 40861944 kB
INFO [2026-03-16 14:05:17] Memory: Total: 61649012 kB, Available: 50615360 kB, Active: 10026728 kB, SwapTotal: 40894456 kB, SwapFree: 40861944 kB
INFO [2026-03-16 14:05:17] Memory: Total: 61649012 kB, Available: 50615360 kB, Active: 10026728 kB, SwapTotal: 40894456 kB, SwapFree: 40861944 kB
INFO [2026-03-16 14:05:17] Memory: Total: 61649012 kB, Available: 50615360 kB, Active: 10026728 kB, SwapTotal: 40894456 kB, SwapFree: 40861944 kB
INFO [2026-03-16 14:05:17] Memory: Total: 61649012 kB, Available: 50615360 kB, Active: 10026728 kB, SwapTotal: 40894456 kB, SwapFree: 40861944 kB
INFO [2026-03-16 14:05:17] Memory: Total: 61649012 kB, Available: 50615360 kB, Active: 10026736 kB, SwapTotal: 40894456 kB, SwapFree: 40861944 kB
INFO [2026-03-16 14:05:17] Memory: Total: 61649012 kB, Available: 50615360 kB, Active: 10026736 kB, SwapTotal: 40894456 kB, SwapFree: 40861944 kB
INFO [2026-03-16 14:05:17] Memory: Total: 61649012 kB, Available: 50615360 kB, Active: 10026736 kB, SwapTotal: 40894456 kB, SwapFree: 40861944 kB
INFO [2026-03-16 14:05:17] Memory: Total: 61649012 kB, Available: 50615360 kB, Active: 10026736 kB, SwapTotal: 40894456 kB, SwapFree: 40861944 kB
INFO [2026-03-16 14:05:18] Memory: Total: 61649012 kB, Available: 50615364 kB, Active: 10026952 kB, SwapTotal: 40894456 kB, SwapFree: 40861944 kB
INFO [2026-03-16 14:05:18] Memory: Total: 61649012 kB, Available: 50615364 kB, Active: 10027216 kB, SwapTotal: 40894456 kB, SwapFree: 40861944 kB
INFO [2026-03-16 14:05:18] Memory: Total: 61649012 kB, Available: 50615364 kB, Active: 10026908 kB, SwapTotal: 40894456 kB, SwapFree: 40861944 kB
INFO [2026-03-16 14:05:18] Memory: Total: 61649012 kB, Available: 50615364 kB, Active: 10027232 kB, SwapTotal: 40894456 kB, SwapFree: 40861944 kB
INFO [2026-03-16 14:05:18] Memory: Total: 61649012 kB, Available: 50615364 kB, Active: 10026920 kB, SwapTotal: 40894456 kB, SwapFree: 40861944 kB
INFO [2026-03-16 14:05:18] Memory: Total: 61649012 kB, Available: 50615364 kB, Active: 10026920 kB, SwapTotal: 40894456 kB, SwapFree: 40861944 kB
INFO [2026-03-16 14:05:18] Memory: Total: 61649012 kB, Available: 50615364 kB, Active: 10026920 kB, SwapTotal: 40894456 kB, SwapFree: 40861944 kB
INFO [2026-03-16 14:05:18] Memory: Total: 61649012 kB, Available: 50615364 kB, Active: 10026920 kB, SwapTotal: 40894456 kB, SwapFree: 40861944 kB
INFO [2026-03-16 14:05:18] Memory: Total: 61649012 kB, Available: 50615364 kB, Active: 10026920 kB, SwapTotal: 40894456 kB, SwapFree: 40861944 kB
INFO [2026-03-16 14:05:18] Memory: Total: 61649012 kB, Available: 50615364 kB, Active: 10027244 kB, SwapTotal: 40894456 kB, SwapFree: 40861944 kB
INFO [2026-03-16 14:05:18] Memory: Total: 61649012 kB, Available: 50615364 kB, Active: 10026928 kB, SwapTotal: 40894456 kB, SwapFree: 40861944 kB
INFO [2026-03-16 14:05:18] Memory: Total: 61649012 kB, Available: 50615364 kB, Active: 10026928 kB, SwapTotal: 40894456 kB, SwapFree: 40861944 kB
INFO [2026-03-16 14:05:18] Memory: Total: 61649012 kB, Available: 50615364 kB, Active: 10026928 kB, SwapTotal: 40894456 kB, SwapFree: 40861944 kB
INFO [2026-03-16 14:05:18] Memory: Total: 61649012 kB, Available: 50615364 kB, Active: 10026928 kB, SwapTotal: 40894456 kB, SwapFree: 40861944 kB
INFO [2026-03-16 14:05:18] Memory: Total: 61649012 kB, Available: 50615364 kB, Active: 10027052 kB, SwapTotal: 40894456 kB, SwapFree: 40861944 kB
INFO [2026-03-16 14:05:18] Memory: Total: 61649012 kB, Available: 50615896 kB, Active: 10027008 kB, SwapTotal: 40894456 kB, SwapFree: 40861944 kB
INFO [2026-03-16 14:05:18] Memory: Total: 61649012 kB, Available: 50615644 kB, Active: 10027332 kB, SwapTotal: 40894456 kB, SwapFree: 40861944 kB
INFO [2026-03-16 14:05:18] Memory: Total: 61649012 kB, Available: 50615640 kB, Active: 10026932 kB, SwapTotal: 40894456 kB, SwapFree: 40861944 kB
INFO [2026-03-16 14:05:19] Memory: Total: 61649012 kB, Available: 50615640 kB, Active: 10027256 kB, SwapTotal: 40894456 kB, SwapFree: 40861944 kB
INFO [2026-03-16 14:05:19] Memory: Total: 61649012 kB, Available: 50615640 kB, Active: 10027280 kB, SwapTotal: 40894456 kB, SwapFree: 40861944 kB
INFO [2026-03-16 14:05:19] Memory: Total: 61649012 kB, Available: 50615640 kB, Active: 10026980 kB, SwapTotal: 40894456 kB, SwapFree: 40861944 kB
INFO [2026-03-16 14:05:19] Memory: Total: 61649012 kB, Available: 50615640 kB, Active: 10026980 kB, SwapTotal: 40894456 kB, SwapFree: 40861944 kB
INFO [2026-03-16 14:05:19] Memory: Total: 61649012 kB, Available: 50615640 kB, Active: 10027304 kB, SwapTotal: 40894456 kB, SwapFree: 40861944 kB
INFO [2026-03-16 14:05:19] Memory: Total: 61649012 kB, Available: 50615640 kB, Active: 10027028 kB, SwapTotal: 40894456 kB, SwapFree: 40861944 kB
INFO [2026-03-16 14:05:19] Memory: Total: 61649012 kB, Available: 50615640 kB, Active: 10027028 kB, SwapTotal: 40894456 kB, SwapFree: 40861944 kB
INFO [2026-03-16 14:05:19] Memory: Total: 61649012 kB, Available: 50615640 kB, Active: 10027032 kB, SwapTotal: 40894456 kB, SwapFree: 40861944 kB
INFO [2026-03-16 14:05:19] Memory: Total: 61649012 kB, Available: 50615640 kB, Active: 10027032 kB, SwapTotal: 40894456 kB, SwapFree: 40861944 kB
INFO [2026-03-16 14:05:19] Memory: Total: 61649012 kB, Available: 50615640 kB, Active: 10027032 kB, SwapTotal: 40894456 kB, SwapFree: 40861944 kB
INFO [2026-03-16 14:05:19] Memory: Total: 61649012 kB, Available: 50615640 kB, Active: 10027032 kB, SwapTotal: 40894456 kB, SwapFree: 40861944 kB
INFO [2026-03-16 14:05:19] Memory: Total: 61649012 kB, Available: 50615640 kB, Active: 10027032 kB, SwapTotal: 40894456 kB, SwapFree: 40861944 kB
INFO [2026-03-16 14:05:19] Memory: Total: 61649012 kB, Available: 50615644 kB, Active: 10027032 kB, SwapTotal: 40894456 kB, SwapFree: 40861944 kB
INFO [2026-03-16 14:05:19] Memory: Total: 61649012 kB, Available: 50615644 kB, Active: 10027032 kB, SwapTotal: 40894456 kB, SwapFree: 40861944 kB
INFO [2026-03-16 14:05:19] Memory: Total: 61649012 kB, Available: 50615644 kB, Active: 10027076 kB, SwapTotal: 40894456 kB, SwapFree: 40861944 kB
INFO [2026-03-16 14:05:20] Memory: Total: 61649012 kB, Available: 50615644 kB, Active: 10027076 kB, SwapTotal: 40894456 kB, SwapFree: 40861944 kB
INFO [2026-03-16 14:05:20] Memory: Total: 61649012 kB, Available: 50615644 kB, Active: 10027076 kB, SwapTotal: 40894456 kB, SwapFree: 40861944 kB
INFO [2026-03-16 14:05:20] Memory: Total: 61649012 kB, Available: 50615644 kB, Active: 10027076 kB, SwapTotal: 40894456 kB, SwapFree: 40861944 kB
INFO [2026-03-16 14:05:20] Memory: Total: 61649012 kB, Available: 50615644 kB, Active: 10027076 kB, SwapTotal: 40894456 kB, SwapFree: 40861944 kB
INFO [2026-03-16 14:05:20] Memory: Total: 61649012 kB, Available: 50615644 kB, Active: 10027076 kB, SwapTotal: 40894456 kB, SwapFree: 40861944 kB
INFO [2026-03-16 14:05:20] Memory: Total: 61649012 kB, Available: 50615644 kB, Active: 10027404 kB, SwapTotal: 40894456 kB, SwapFree: 40861944 kB
INFO [2026-03-16 14:05:20] Memory: Total: 61649012 kB, Available: 50615644 kB, Active: 10027404 kB, SwapTotal: 40894456 kB, SwapFree: 40861944 kB
INFO [2026-03-16 14:05:20] Memory: Total: 61649012 kB, Available: 50615644 kB, Active: 10027096 kB, SwapTotal: 40894456 kB, SwapFree: 40861944 kB
INFO [2026-03-16 14:05:20] Memory: Total: 61649012 kB, Available: 50615644 kB, Active: 10027096 kB, SwapTotal: 40894456 kB, SwapFree: 40861944 kB
INFO [2026-03-16 14:05:20] Memory: Total: 61649012 kB, Available: 50615644 kB, Active: 10027420 kB, SwapTotal: 40894456 kB, SwapFree: 40861944 kB
INFO [2026-03-16 14:05:20] Memory: Total: 61649012 kB, Available: 50615644 kB, Active: 10027156 kB, SwapTotal: 40894456 kB, SwapFree: 40861944 kB
INFO [2026-03-16 14:05:20] Memory: Total: 61649012 kB, Available: 50615644 kB, Active: 10027156 kB, SwapTotal: 40894456 kB, SwapFree: 40861944 kB
INFO [2026-03-16 14:05:20] Memory: Total: 61649012 kB, Available: 50615644 kB, Active: 10027156 kB, SwapTotal: 40894456 kB, SwapFree: 40861944 kB
INFO [2026-03-16 14:05:20] Memory: Total: 61649012 kB, Available: 50615644 kB, Active: 10027156 kB, SwapTotal: 40894456 kB, SwapFree: 40861944 kB
INFO [2026-03-16 14:05:20] Memory: Total: 61649012 kB, Available: 50615644 kB, Active: 10027156 kB, SwapTotal: 40894456 kB, SwapFree: 40861944 kB
INFO [2026-03-16 14:05:20] Memory: Total: 61649012 kB, Available: 50615648 kB, Active: 10027336 kB, SwapTotal: 40894456 kB, SwapFree: 40861944 kB
INFO [2026-03-16 14:05:21] Memory: Total: 61649012 kB, Available: 50615648 kB, Active: 10027336 kB, SwapTotal: 40894456 kB, SwapFree: 40861944 kB
INFO [2026-03-16 14:05:21] Memory: Total: 61649012 kB, Available: 50615648 kB, Active: 10027336 kB, SwapTotal: 40894456 kB, SwapFree: 40861944 kB
INFO [2026-03-16 14:05:21] Memory: Total: 61649012 kB, Available: 50615648 kB, Active: 10027460 kB, SwapTotal: 40894456 kB, SwapFree: 40861944 kB
INFO [2026-03-16 14:05:21] Memory: Total: 61649012 kB, Available: 50615648 kB, Active: 10027460 kB, SwapTotal: 40894456 kB, SwapFree: 40861944 kB
INFO [2026-03-16 14:05:21] Memory: Total: 61649012 kB, Available: 50615648 kB, Active: 10027460 kB, SwapTotal: 40894456 kB, SwapFree: 40861944 kB
INFO [2026-03-16 14:05:21] Memory: Total: 61649012 kB, Available: 50615648 kB, Active: 10027460 kB, SwapTotal: 40894456 kB, SwapFree: 40861944 kB
INFO [2026-03-16 14:05:21] Memory: Total: 61649012 kB, Available: 50615648 kB, Active: 10027464 kB, SwapTotal: 40894456 kB, SwapFree: 40861944 kB
INFO [2026-03-16 14:05:21] Memory: Total: 61649012 kB, Available: 50615648 kB, Active: 10027464 kB, SwapTotal: 40894456 kB, SwapFree: 40861944 kB
INFO [2026-03-16 14:05:21] Memory: Total: 61649012 kB, Available: 50615648 kB, Active: 10027788 kB, SwapTotal: 40894456 kB, SwapFree: 40861944 kB
INFO [2026-03-16 14:05:21] Memory: Total: 61649012 kB, Available: 50615648 kB, Active: 10027548 kB, SwapTotal: 40894456 kB, SwapFree: 40861944 kB
INFO [2026-03-16 14:05:21] Memory: Total: 61649012 kB, Available: 50615648 kB, Active: 10027548 kB, SwapTotal: 40894456 kB, SwapFree: 40861944 kB
INFO [2026-03-16 14:05:21] Memory: Total: 61649012 kB, Available: 50615648 kB, Active: 10027548 kB, SwapTotal: 40894456 kB, SwapFree: 40861944 kB
INFO [2026-03-16 14:05:21] Memory: Total: 61649012 kB, Available: 50615648 kB, Active: 10027548 kB, SwapTotal: 40894456 kB, SwapFree: 40861944 kB
INFO [2026-03-16 14:05:21] Memory: Total: 61649012 kB, Available: 50615648 kB, Active: 10027548 kB, SwapTotal: 40894456 kB, SwapFree: 40861944 kB
INFO [2026-03-16 14:05:21] Memory: Total: 61649012 kB, Available: 50615648 kB, Active: 10027548 kB, SwapTotal: 40894456 kB, SwapFree: 40861944 kB
INFO [2026-03-16 14:05:21] Memory: Total: 61649012 kB, Available: 50615648 kB, Active: 10027984 kB, SwapTotal: 40894456 kB, SwapFree: 40861944 kB
INFO [2026-03-16 14:05:21] Memory: Total: 61649012 kB, Available: 50615648 kB, Active: 10027840 kB, SwapTotal: 40894456 kB, SwapFree: 40861944 kB
INFO [2026-03-16 14:05:21] Memory: Total: 61649012 kB, Available: 50615648 kB, Active: 10027840 kB, SwapTotal: 40894456 kB, SwapFree: 40861944 kB
INFO [2026-03-16 14:05:22] Memory: Total: 61649012 kB, Available: 50615648 kB, Active: 10027840 kB, SwapTotal: 40894456 kB, SwapFree: 40861944 kB
INFO [2026-03-16 14:05:22] Memory: Total: 61649012 kB, Available: 50615648 kB, Active: 10027840 kB, SwapTotal: 40894456 kB, SwapFree: 40861944 kB
INFO [2026-03-16 14:05:22] Memory: Total: 61649012 kB, Available: 50615648 kB, Active: 10027840 kB, SwapTotal: 40894456 kB, SwapFree: 40861944 kB
INFO [2026-03-16 14:05:22] Memory: Total: 61649012 kB, Available: 50615648 kB, Active: 10027840 kB, SwapTotal: 40894456 kB, SwapFree: 40861944 kB
INFO [2026-03-16 14:05:22] Memory: Total: 61649012 kB, Available: 50615648 kB, Active: 10028164 kB, SwapTotal: 40894456 kB, SwapFree: 40861944 kB
INFO [2026-03-16 14:05:22] Memory: Total: 61649012 kB, Available: 50615648 kB, Active: 10027936 kB, SwapTotal: 40894456 kB, SwapFree: 40861944 kB
INFO [2026-03-16 14:05:22] Memory: Total: 61649012 kB, Available: 50615648 kB, Active: 10027936 kB, SwapTotal: 40894456 kB, SwapFree: 40861944 kB
INFO [2026-03-16 14:05:22] Memory: Total: 61649012 kB, Available: 50615648 kB, Active: 10027936 kB, SwapTotal: 40894456 kB, SwapFree: 40861944 kB
INFO [2026-03-16 14:05:22] Memory: Total: 61649012 kB, Available: 50615648 kB, Active: 10027936 kB, SwapTotal: 40894456 kB, SwapFree: 40861944 kB
INFO [2026-03-16 14:05:22] Memory: Total: 61649012 kB, Available: 50615648 kB, Active: 10027936 kB, SwapTotal: 40894456 kB, SwapFree: 40861944 kB
INFO [2026-03-16 14:05:22] Memory: Total: 61649012 kB, Available: 50615648 kB, Active: 10027936 kB, SwapTotal: 40894456 kB, SwapFree: 40861944 kB
INFO [2026-03-16 14:05:22] Memory: Total: 61649012 kB, Available: 50615648 kB, Active: 10028260 kB, SwapTotal: 40894456 kB, SwapFree: 40861944 kB
INFO [2026-03-16 14:05:22] Memory: Total: 61649012 kB, Available: 50615648 kB, Active: 10028036 kB, SwapTotal: 40894456 kB, SwapFree: 40861944 kB
INFO [2026-03-16 14:05:22] Memory: Total: 61649012 kB, Available: 50615648 kB, Active: 10028036 kB, SwapTotal: 40894456 kB, SwapFree: 40861944 kB
INFO [2026-03-16 14:05:22] Memory: Total: 61649012 kB, Available: 50615652 kB, Active: 10028044 kB, SwapTotal: 40894456 kB, SwapFree: 40861944 kB
INFO [2026-03-16 14:05:22] Memory: Total: 61649012 kB, Available: 50615652 kB, Active: 10028044 kB, SwapTotal: 40894456 kB, SwapFree: 40861944 kB
INFO [2026-03-16 14:05:23] Memory: Total: 61649012 kB, Available: 50615652 kB, Active: 10028044 kB, SwapTotal: 40894456 kB, SwapFree: 40861944 kB
INFO [2026-03-16 14:05:23] Memory: Total: 61649012 kB, Available: 50615652 kB, Active: 10028044 kB, SwapTotal: 40894456 kB, SwapFree: 40861944 kB
INFO [2026-03-16 14:05:23] Memory: Total: 61649012 kB, Available: 50615652 kB, Active: 10028368 kB, SwapTotal: 40894456 kB, SwapFree: 40861944 kB
INFO [2026-03-16 14:05:23] Memory: Total: 61649012 kB, Available: 50615652 kB, Active: 10028152 kB, SwapTotal: 40894456 kB, SwapFree: 40861944 kB
INFO [2026-03-16 14:05:23] Memory: Total: 61649012 kB, Available: 50615652 kB, Active: 10028152 kB, SwapTotal: 40894456 kB, SwapFree: 40861944 kB
INFO [2026-03-16 14:05:23] Memory: Total: 61649012 kB, Available: 50615652 kB, Active: 10028152 kB, SwapTotal: 40894456 kB, SwapFree: 40861944 kB
INFO [2026-03-16 14:05:23] Memory: Total: 61649012 kB, Available: 50615652 kB, Active: 10028152 kB, SwapTotal: 40894456 kB, SwapFree: 40861944 kB
INFO [2026-03-16 14:05:23] Memory: Total: 61649012 kB, Available: 50615652 kB, Active: 10028152 kB, SwapTotal: 40894456 kB, SwapFree: 40861944 kB
INFO [2026-03-16 14:05:23] Memory: Total: 61649012 kB, Available: 50615652 kB, Active: 10028152 kB, SwapTotal: 40894456 kB, SwapFree: 40861944 kB
INFO [2026-03-16 14:05:23] Memory: Total: 61649012 kB, Available: 50615652 kB, Active: 10028248 kB, SwapTotal: 40894456 kB, SwapFree: 40861944 kB
INFO [2026-03-16 14:05:23] Memory: Total: 61649012 kB, Available: 50615652 kB, Active: 10028248 kB, SwapTotal: 40894456 kB, SwapFree: 40861944 kB
INFO [2026-03-16 14:05:23] Memory: Total: 61649012 kB, Available: 50615652 kB, Active: 10028248 kB, SwapTotal: 40894456 kB, SwapFree: 40861944 kB
INFO [2026-03-16 14:05:23] Memory: Total: 61649012 kB, Available: 50615652 kB, Active: 10028248 kB, SwapTotal: 40894456 kB, SwapFree: 40861944 kB
INFO [2026-03-16 14:05:23] Memory: Total: 61649012 kB, Available: 50615652 kB, Active: 10028248 kB, SwapTotal: 40894456 kB, SwapFree: 40861944 kB
INFO [2026-03-16 14:05:23] Memory: Total: 61649012 kB, Available: 50615652 kB, Active: 10028248 kB, SwapTotal: 40894456 kB, SwapFree: 40861944 kB
INFO [2026-03-16 14:05:23] Memory: Total: 61649012 kB, Available: 50615652 kB, Active: 10028260 kB, SwapTotal: 40894456 kB, SwapFree: 40861944 kB
INFO [2026-03-16 14:05:23] Memory: Total: 61649012 kB, Available: 50615652 kB, Active: 10028588 kB, SwapTotal: 40894456 kB, SwapFree: 40861944 kB
INFO [2026-03-16 14:05:24] Memory: Total: 61649012 kB, Available: 50615652 kB, Active: 10028356 kB, SwapTotal: 40894456 kB, SwapFree: 40861944 kB
INFO [2026-03-16 14:05:24] Memory: Total: 61649012 kB, Available: 50615652 kB, Active: 10028356 kB, SwapTotal: 40894456 kB, SwapFree: 40861944 kB
INFO [2026-03-16 14:05:24] Memory: Total: 61649012 kB, Available: 50615652 kB, Active: 10028356 kB, SwapTotal: 40894456 kB, SwapFree: 40861944 kB
INFO [2026-03-16 14:05:24] Memory: Total: 61649012 kB, Available: 50615652 kB, Active: 10028356 kB, SwapTotal: 40894456 kB, SwapFree: 40861944 kB
INFO [2026-03-16 14:05:24] Memory: Total: 61649012 kB, Available: 50615652 kB, Active: 10028436 kB, SwapTotal: 40894456 kB, SwapFree: 40861944 kB
INFO [2026-03-16 14:05:24] Memory: Total: 61649012 kB, Available: 50615652 kB, Active: 10028436 kB, SwapTotal: 40894456 kB, SwapFree: 40861944 kB
INFO [2026-03-16 14:05:24] Memory: Total: 61649012 kB, Available: 50615652 kB, Active: 10028444 kB, SwapTotal: 40894456 kB, SwapFree: 40861944 kB
INFO [2026-03-16 14:05:24] Memory: Total: 61649012 kB, Available: 50615652 kB, Active: 10028444 kB, SwapTotal: 40894456 kB, SwapFree: 40861944 kB
INFO [2026-03-16 14:05:24] Memory: Total: 61649012 kB, Available: 50615652 kB, Active: 10028444 kB, SwapTotal: 40894456 kB, SwapFree: 40861944 kB
INFO [2026-03-16 14:05:24] Memory: Total: 61649012 kB, Available: 50615652 kB, Active: 10028444 kB, SwapTotal: 40894456 kB, SwapFree: 40861944 kB
INFO [2026-03-16 14:05:24] Memory: Total: 61649012 kB, Available: 50615652 kB, Active: 10028768 kB, SwapTotal: 40894456 kB, SwapFree: 40861944 kB
INFO [2026-03-16 14:05:24] Memory: Total: 61649012 kB, Available: 50615652 kB, Active: 10028540 kB, SwapTotal: 40894456 kB, SwapFree: 40861944 kB
INFO [2026-03-16 14:05:24] Memory: Total: 61649012 kB, Available: 50615652 kB, Active: 10028540 kB, SwapTotal: 40894456 kB, SwapFree: 40861944 kB
INFO [2026-03-16 14:05:24] Memory: Total: 61649012 kB, Available: 50615656 kB, Active: 10028540 kB, SwapTotal: 40894456 kB, SwapFree: 40861944 kB
INFO [2026-03-16 14:05:24] Memory: Total: 61649012 kB, Available: 50615656 kB, Active: 10028540 kB, SwapTotal: 40894456 kB, SwapFree: 40861944 kB
INFO [2026-03-16 14:05:24] Memory: Total: 61649012 kB, Available: 50615656 kB, Active: 10028544 kB, SwapTotal: 40894456 kB, SwapFree: 40861944 kB
INFO [2026-03-16 14:05:25] Memory: Total: 61649012 kB, Available: 50615656 kB, Active: 10028544 kB, SwapTotal: 40894456 kB, SwapFree: 40861944 kB
INFO [2026-03-16 14:05:25] Memory: Total: 61649012 kB, Available: 50615656 kB, Active: 10027828 kB, SwapTotal: 40894456 kB, SwapFree: 40861944 kB
INFO [2026-03-16 14:05:25] Memory: Total: 61649012 kB, Available: 50615656 kB, Active: 10027672 kB, SwapTotal: 40894456 kB, SwapFree: 40861944 kB
INFO [2026-03-16 14:05:25] Memory: Total: 61649012 kB, Available: 50615656 kB, Active: 10028004 kB, SwapTotal: 40894456 kB, SwapFree: 40861944 kB
INFO [2026-03-16 14:05:25] Memory: Total: 61649012 kB, Available: 50615656 kB, Active: 10027692 kB, SwapTotal: 40894456 kB, SwapFree: 40861944 kB
INFO [2026-03-16 14:05:25] Memory: Total: 61649012 kB, Available: 50615656 kB, Active: 10027692 kB, SwapTotal: 40894456 kB, SwapFree: 40861944 kB
INFO [2026-03-16 14:05:25] Memory: Total: 61649012 kB, Available: 50615656 kB, Active: 10027692 kB, SwapTotal: 40894456 kB, SwapFree: 40861944 kB
INFO [2026-03-16 14:05:25] Memory: Total: 61649012 kB, Available: 50615660 kB, Active: 10027692 kB, SwapTotal: 40894456 kB, SwapFree: 40861944 kB
INFO [2026-03-16 14:05:25] Memory: Total: 61649012 kB, Available: 50615660 kB, Active: 10028016 kB, SwapTotal: 40894456 kB, SwapFree: 40861944 kB
INFO [2026-03-16 14:05:25] Memory: Total: 61649012 kB, Available: 50615668 kB, Active: 10027788 kB, SwapTotal: 40894456 kB, SwapFree: 40861944 kB
INFO [2026-03-16 14:05:25] Memory: Total: 61649012 kB, Available: 50615668 kB, Active: 10027788 kB, SwapTotal: 40894456 kB, SwapFree: 40861944 kB
INFO [2026-03-16 14:05:25] Memory: Total: 61649012 kB, Available: 50615668 kB, Active: 10027788 kB, SwapTotal: 40894456 kB, SwapFree: 40861944 kB
INFO [2026-03-16 14:05:25] Memory: Total: 61649012 kB, Available: 50615668 kB, Active: 10027788 kB, SwapTotal: 40894456 kB, SwapFree: 40861944 kB
INFO [2026-03-16 14:05:25] Memory: Total: 61649012 kB, Available: 50615668 kB, Active: 10027788 kB, SwapTotal: 40894456 kB, SwapFree: 40861944 kB
INFO [2026-03-16 14:05:25] Memory: Total: 61649012 kB, Available: 50615668 kB, Active: 10027788 kB, SwapTotal: 40894456 kB, SwapFree: 40861944 kB
INFO [2026-03-16 14:05:25] Memory: Total: 61649012 kB, Available: 50615608 kB, Active: 10028204 kB, SwapTotal: 40894456 kB, SwapFree: 40861944 kB
INFO [2026-03-16 14:05:25] Memory: Total: 61649012 kB, Available: 50615608 kB, Active: 10027984 kB, SwapTotal: 40894456 kB, SwapFree: 40861944 kB
INFO [2026-03-16 14:05:26] Memory: Total: 61649012 kB, Available: 50615608 kB, Active: 10027984 kB, SwapTotal: 40894456 kB, SwapFree: 40861944 kB
INFO [2026-03-16 14:05:26] Memory: Total: 61649012 kB, Available: 50615608 kB, Active: 10027984 kB, SwapTotal: 40894456 kB, SwapFree: 40861944 kB
INFO [2026-03-16 14:05:26] Memory: Total: 61649012 kB, Available: 50615608 kB, Active: 10027984 kB, SwapTotal: 40894456 kB, SwapFree: 40861944 kB
INFO [2026-03-16 14:05:26] Memory: Total: 61649012 kB, Available: 50615608 kB, Active: 10027984 kB, SwapTotal: 40894456 kB, SwapFree: 40861944 kB
INFO [2026-03-16 14:05:26] Memory: Total: 61649012 kB, Available: 50615608 kB, Active: 10027984 kB, SwapTotal: 40894456 kB, SwapFree: 40861944 kB
INFO [2026-03-16 14:05:26] Memory: Total: 61649012 kB, Available: 50615228 kB, Active: 10028308 kB, SwapTotal: 40894456 kB, SwapFree: 40861944 kB
INFO [2026-03-16 14:05:26] Memory: Total: 61649012 kB, Available: 50615356 kB, Active: 10028080 kB, SwapTotal: 40894456 kB, SwapFree: 40861944 kB
INFO [2026-03-16 14:05:26] Memory: Total: 61649012 kB, Available: 50615356 kB, Active: 10028404 kB, SwapTotal: 40894456 kB, SwapFree: 40861944 kB
INFO [2026-03-16 14:05:26] Memory: Total: 61649012 kB, Available: 50615356 kB, Active: 10028100 kB, SwapTotal: 40894456 kB, SwapFree: 40861944 kB
INFO [2026-03-16 14:05:26] Memory: Total: 61649012 kB, Available: 50615356 kB, Active: 10028128 kB, SwapTotal: 40894456 kB, SwapFree: 40861944 kB
INFO [2026-03-16 14:05:26] Memory: Total: 61649012 kB, Available: 50615356 kB, Active: 10028128 kB, SwapTotal: 40894456 kB, SwapFree: 40861944 kB
INFO [2026-03-16 14:05:26] Memory: Total: 61649012 kB, Available: 50615356 kB, Active: 10028128 kB, SwapTotal: 40894456 kB, SwapFree: 40861944 kB
INFO [2026-03-16 14:05:26] Memory: Total: 61649012 kB, Available: 50615356 kB, Active: 10028452 kB, SwapTotal: 40894456 kB, SwapFree: 40861944 kB
INFO [2026-03-16 14:05:26] Memory: Total: 61649012 kB, Available: 50615356 kB, Active: 10028164 kB, SwapTotal: 40894456 kB, SwapFree: 40861944 kB
INFO [2026-03-16 14:05:26] Memory: Total: 61649012 kB, Available: 50615356 kB, Active: 10028164 kB, SwapTotal: 40894456 kB, SwapFree: 40861944 kB
INFO [2026-03-16 14:05:27] Memory: Total: 61649012 kB, Available: 50615356 kB, Active: 10028236 kB, SwapTotal: 40894456 kB, SwapFree: 40861944 kB
INFO [2026-03-16 14:05:27] Memory: Total: 61649012 kB, Available: 50615356 kB, Active: 10028236 kB, SwapTotal: 40894456 kB, SwapFree: 40861944 kB
INFO [2026-03-16 14:05:27] Memory: Total: 61649012 kB, Available: 50615356 kB, Active: 10028176 kB, SwapTotal: 40894456 kB, SwapFree: 40861944 kB
INFO [2026-03-16 14:05:27] Memory: Total: 61649012 kB, Available: 50615356 kB, Active: 10028176 kB, SwapTotal: 40894456 kB, SwapFree: 40861944 kB
INFO [2026-03-16 14:05:27] Memory: Total: 61649012 kB, Available: 50615356 kB, Active: 10028176 kB, SwapTotal: 40894456 kB, SwapFree: 40861944 kB
INFO [2026-03-16 14:05:27] Memory: Total: 61649012 kB, Available: 50615356 kB, Active: 10028176 kB, SwapTotal: 40894456 kB, SwapFree: 40861944 kB
INFO [2026-03-16 14:05:27] Memory: Total: 61649012 kB, Available: 50615356 kB, Active: 10028176 kB, SwapTotal: 40894456 kB, SwapFree: 40861944 kB
INFO [2026-03-16 14:05:27] Memory: Total: 61649012 kB, Available: 50615356 kB, Active: 10028176 kB, SwapTotal: 40894456 kB, SwapFree: 40861944 kB
INFO [2026-03-16 14:05:27] Memory: Total: 61649012 kB, Available: 50615356 kB, Active: 10028176 kB, SwapTotal: 40894456 kB, SwapFree: 40861944 kB
INFO [2026-03-16 14:05:27] Memory: Total: 61649012 kB, Available: 50615356 kB, Active: 10028176 kB, SwapTotal: 40894456 kB, SwapFree: 40861944 kB
INFO [2026-03-16 14:05:27] Memory: Total: 61649012 kB, Available: 50615356 kB, Active: 10028176 kB, SwapTotal: 40894456 kB, SwapFree: 40861944 kB
INFO [2026-03-16 14:05:27] Memory: Total: 61649012 kB, Available: 50615356 kB, Active: 10028176 kB, SwapTotal: 40894456 kB, SwapFree: 40861944 kB
INFO [2026-03-16 14:05:27] Memory: Total: 61649012 kB, Available: 50615356 kB, Active: 10028176 kB, SwapTotal: 40894456 kB, SwapFree: 40861944 kB
INFO [2026-03-16 14:05:27] Memory: Total: 61649012 kB, Available: 50615356 kB, Active: 10028176 kB, SwapTotal: 40894456 kB, SwapFree: 40861944 kB
INFO [2026-03-16 14:05:27] Memory: Total: 61649012 kB, Available: 50615356 kB, Active: 10028176 kB, SwapTotal: 40894456 kB, SwapFree: 40861944 kB
INFO [2026-03-16 14:05:27] Memory: Total: 61649012 kB, Available: 50615356 kB, Active: 10028176 kB, SwapTotal: 40894456 kB, SwapFree: 40861944 kB
INFO [2026-03-16 14:05:27] Memory: Total: 61649012 kB, Available: 50615356 kB, Active: 10028332 kB, SwapTotal: 40894456 kB, SwapFree: 40861944 kB
INFO [2026-03-16 14:05:27] Memory: Total: 61649012 kB, Available: 50615356 kB, Active: 10028332 kB, SwapTotal: 40894456 kB, SwapFree: 40861944 kB
INFO [2026-03-16 14:05:28] Memory: Total: 61649012 kB, Available: 50615356 kB, Active: 10028332 kB, SwapTotal: 40894456 kB, SwapFree: 40861944 kB
INFO [2026-03-16 14:05:28] Memory: Total: 61649012 kB, Available: 50615356 kB, Active: 10028332 kB, SwapTotal: 40894456 kB, SwapFree: 40861944 kB
INFO [2026-03-16 14:05:28] Memory: Total: 61649012 kB, Available: 50615356 kB, Active: 10028332 kB, SwapTotal: 40894456 kB, SwapFree: 40861944 kB
INFO [2026-03-16 14:05:28] Memory: Total: 61649012 kB, Available: 50615356 kB, Active: 10028332 kB, SwapTotal: 40894456 kB, SwapFree: 40861944 kB
INFO [2026-03-16 14:05:28] Memory: Total: 61649012 kB, Available: 50615356 kB, Active: 10028332 kB, SwapTotal: 40894456 kB, SwapFree: 40861944 kB
INFO [2026-03-16 14:05:28] Memory: Total: 61649012 kB, Available: 50615356 kB, Active: 10028332 kB, SwapTotal: 40894456 kB, SwapFree: 40861944 kB
INFO [2026-03-16 14:05:28] Memory: Total: 61649012 kB, Available: 50615356 kB, Active: 10028332 kB, SwapTotal: 40894456 kB, SwapFree: 40861944 kB
INFO [2026-03-16 14:05:28] Memory: Total: 61649012 kB, Available: 50615356 kB, Active: 10028332 kB, SwapTotal: 40894456 kB, SwapFree: 40861944 kB
INFO [2026-03-16 14:05:28] Memory: Total: 61649012 kB, Available: 50615356 kB, Active: 10028332 kB, SwapTotal: 40894456 kB, SwapFree: 40861944 kB
INFO [2026-03-16 14:05:28] Memory: Total: 61649012 kB, Available: 50615356 kB, Active: 10028332 kB, SwapTotal: 40894456 kB, SwapFree: 40861944 kB
INFO [2026-03-16 14:05:28] Memory: Total: 61649012 kB, Available: 50615356 kB, Active: 10028332 kB, SwapTotal: 40894456 kB, SwapFree: 40861944 kB
INFO [2026-03-16 14:05:28] Memory: Total: 61649012 kB, Available: 50615356 kB, Active: 10028332 kB, SwapTotal: 40894456 kB, SwapFree: 40861944 kB
INFO [2026-03-16 14:05:28] Memory: Total: 61649012 kB, Available: 50615356 kB, Active: 10028332 kB, SwapTotal: 40894456 kB, SwapFree: 40861944 kB
INFO [2026-03-16 14:05:28] Memory: Total: 61649012 kB, Available: 50615356 kB, Active: 10028332 kB, SwapTotal: 40894456 kB, SwapFree: 40861944 kB
INFO [2026-03-16 14:05:28] Memory: Total: 61649012 kB, Available: 50615356 kB, Active: 10028336 kB, SwapTotal: 40894456 kB, SwapFree: 40861944 kB
INFO [2026-03-16 14:05:29] Memory: Total: 61649012 kB, Available: 50615356 kB, Active: 10028340 kB, SwapTotal: 40894456 kB, SwapFree: 40861944 kB
INFO [2026-03-16 14:05:29] Memory: Total: 61649012 kB, Available: 50615356 kB, Active: 10028340 kB, SwapTotal: 40894456 kB, SwapFree: 40861944 kB
INFO [2026-03-16 14:05:29] Memory: Total: 61649012 kB, Available: 50615356 kB, Active: 10028788 kB, SwapTotal: 40894456 kB, SwapFree: 40861944 kB
INFO [2026-03-16 14:05:29] Memory: Total: 61649012 kB, Available: 50615356 kB, Active: 10028492 kB, SwapTotal: 40894456 kB, SwapFree: 40861944 kB
INFO [2026-03-16 14:05:29] Memory: Total: 61649012 kB, Available: 50615356 kB, Active: 10028492 kB, SwapTotal: 40894456 kB, SwapFree: 40861944 kB
INFO [2026-03-16 14:05:29] Memory: Total: 61649012 kB, Available: 50615356 kB, Active: 10028616 kB, SwapTotal: 40894456 kB, SwapFree: 40861944 kB
INFO [2026-03-16 14:05:29] Memory: Total: 61649012 kB, Available: 50615356 kB, Active: 10028740 kB, SwapTotal: 40894456 kB, SwapFree: 40861944 kB
INFO [2026-03-16 14:05:29] Memory: Total: 61649012 kB, Available: 50615356 kB, Active: 10028740 kB, SwapTotal: 40894456 kB, SwapFree: 40861944 kB
INFO [2026-03-16 14:05:29] Memory: Total: 61649012 kB, Available: 50615356 kB, Active: 10028740 kB, SwapTotal: 40894456 kB, SwapFree: 40861944 kB
INFO [2026-03-16 14:05:29] Memory: Total: 61649012 kB, Available: 50615356 kB, Active: 10029188 kB, SwapTotal: 40894456 kB, SwapFree: 40861944 kB
INFO [2026-03-16 14:05:29] Memory: Total: 61649012 kB, Available: 50615356 kB, Active: 10028920 kB, SwapTotal: 40894456 kB, SwapFree: 40861944 kB
INFO [2026-03-16 14:05:29] Memory: Total: 61649012 kB, Available: 50615356 kB, Active: 10028920 kB, SwapTotal: 40894456 kB, SwapFree: 40861944 kB
INFO [2026-03-16 14:05:29] Memory: Total: 61649012 kB, Available: 50615356 kB, Active: 10028920 kB, SwapTotal: 40894456 kB, SwapFree: 40861944 kB
INFO [2026-03-16 14:05:29] Memory: Total: 61649012 kB, Available: 50615356 kB, Active: 10029584 kB, SwapTotal: 40894456 kB, SwapFree: 40861944 kB
INFO [2026-03-16 14:05:29] Memory: Total: 61649012 kB, Available: 50615104 kB, Active: 10029584 kB, SwapTotal: 40894456 kB, SwapFree: 40861944 kB
INFO [2026-03-16 14:05:29] Memory: Total: 61649012 kB, Available: 50614716 kB, Active: 10029896 kB, SwapTotal: 40894456 kB, SwapFree: 40861944 kB
INFO [2026-03-16 14:05:29] Memory: Total: 61649012 kB, Available: 50614716 kB, Active: 10029896 kB, SwapTotal: 40894456 kB, SwapFree: 40861944 kB
INFO [2026-03-16 14:05:30] Memory: Total: 61649012 kB, Available: 50614852 kB, Active: 10029668 kB, SwapTotal: 40894456 kB, SwapFree: 40861944 kB
INFO [2026-03-16 14:05:30] Memory: Total: 61649012 kB, Available: 50614852 kB, Active: 10029668 kB, SwapTotal: 40894456 kB, SwapFree: 40861944 kB
INFO [2026-03-16 14:05:30] Memory: Total: 61649012 kB, Available: 50614460 kB, Active: 10029792 kB, SwapTotal: 40894456 kB, SwapFree: 40861944 kB
INFO [2026-03-16 14:05:30] Memory: Total: 61649012 kB, Available: 50614460 kB, Active: 10029792 kB, SwapTotal: 40894456 kB, SwapFree: 40861944 kB
INFO [2026-03-16 14:05:30] Memory: Total: 61649012 kB, Available: 50614348 kB, Active: 10030040 kB, SwapTotal: 40894456 kB, SwapFree: 40861944 kB
INFO [2026-03-16 14:05:30] Memory: Total: 61649012 kB, Available: 50613948 kB, Active: 10030040 kB, SwapTotal: 40894456 kB, SwapFree: 40861944 kB
INFO [2026-03-16 14:05:30] Memory: Total: 61649012 kB, Available: 50614096 kB, Active: 10030372 kB, SwapTotal: 40894456 kB, SwapFree: 40861944 kB
INFO [2026-03-16 14:05:30] Memory: Total: 61649012 kB, Available: 50614096 kB, Active: 10030096 kB, SwapTotal: 40894456 kB, SwapFree: 40861944 kB
INFO [2026-03-16 14:05:30] Memory: Total: 61649012 kB, Available: 50614096 kB, Active: 10030096 kB, SwapTotal: 40894456 kB, SwapFree: 40861944 kB
INFO [2026-03-16 14:05:30] Memory: Total: 61649012 kB, Available: 50614096 kB, Active: 10030220 kB, SwapTotal: 40894456 kB, SwapFree: 40861944 kB
INFO [2026-03-16 14:05:30] Memory: Total: 61649012 kB, Available: 50614096 kB, Active: 10030344 kB, SwapTotal: 40894456 kB, SwapFree: 40861944 kB
INFO [2026-03-16 14:05:30] Memory: Total: 61649012 kB, Available: 50614096 kB, Active: 10030468 kB, SwapTotal: 40894456 kB, SwapFree: 40861944 kB
INFO [2026-03-16 14:05:30] Memory: Total: 61649012 kB, Available: 50614096 kB, Active: 10030592 kB, SwapTotal: 40894456 kB, SwapFree: 40861944 kB
INFO [2026-03-16 14:05:30] Memory: Total: 61649012 kB, Available: 50614096 kB, Active: 10030592 kB, SwapTotal: 40894456 kB, SwapFree: 40861944 kB
INFO [2026-03-16 14:05:30] Memory: Total: 61649012 kB, Available: 50614096 kB, Active: 10030916 kB, SwapTotal: 40894456 kB, SwapFree: 40861944 kB
INFO [2026-03-16 14:05:30] Memory: Total: 61649012 kB, Available: 50614096 kB, Active: 10031088 kB, SwapTotal: 40894456 kB, SwapFree: 40861944 kB
INFO [2026-03-16 14:05:31] Memory: Total: 61649012 kB, Available: 50614096 kB, Active: 10030928 kB, SwapTotal: 40894456 kB, SwapFree: 40861944 kB
INFO [2026-03-16 14:05:31] Memory: Total: 61649012 kB, Available: 50614096 kB, Active: 10031052 kB, SwapTotal: 40894456 kB, SwapFree: 40861944 kB
INFO [2026-03-16 14:05:31] Memory: Total: 61649012 kB, Available: 50613692 kB, Active: 10031500 kB, SwapTotal: 40894456 kB, SwapFree: 40861944 kB
INFO [2026-03-16 14:05:31] Memory: Total: 61649012 kB, Available: 50613692 kB, Active: 10031500 kB, SwapTotal: 40894456 kB, SwapFree: 40861944 kB
INFO [2026-03-16 14:05:31] Memory: Total: 61649012 kB, Available: 50613692 kB, Active: 10031500 kB, SwapTotal: 40894456 kB, SwapFree: 40861944 kB
INFO [2026-03-16 14:05:31] Memory: Total: 61649012 kB, Available: 50613844 kB, Active: 10031724 kB, SwapTotal: 40894456 kB, SwapFree: 40861944 kB
INFO [2026-03-16 14:05:31] Memory: Total: 61649012 kB, Available: 50613844 kB, Active: 10031416 kB, SwapTotal: 40894456 kB, SwapFree: 40861944 kB
INFO [2026-03-16 14:05:31] Memory: Total: 61649012 kB, Available: 50613852 kB, Active: 10031540 kB, SwapTotal: 40894456 kB, SwapFree: 40861944 kB
INFO [2026-03-16 14:05:31] Memory: Total: 61649012 kB, Available: 50613852 kB, Active: 10032036 kB, SwapTotal: 40894456 kB, SwapFree: 40861944 kB
INFO [2026-03-16 14:05:31] Memory: Total: 61649012 kB, Available: 50613852 kB, Active: 10032036 kB, SwapTotal: 40894456 kB, SwapFree: 40861944 kB
INFO [2026-03-16 14:05:31] Memory: Total: 61649012 kB, Available: 50613852 kB, Active: 10032160 kB, SwapTotal: 40894456 kB, SwapFree: 40861944 kB
INFO [2026-03-16 14:05:31] Memory: Total: 61649012 kB, Available: 50613852 kB, Active: 10032484 kB, SwapTotal: 40894456 kB, SwapFree: 40861944 kB
INFO [2026-03-16 14:05:31] Memory: Total: 61649012 kB, Available: 50613852 kB, Active: 10032264 kB, SwapTotal: 40894456 kB, SwapFree: 40861944 kB
INFO [2026-03-16 14:05:31] Memory: Total: 61649012 kB, Available: 50613448 kB, Active: 10032388 kB, SwapTotal: 40894456 kB, SwapFree: 40861944 kB
INFO [2026-03-16 14:05:31] Memory: Total: 61649012 kB, Available: 50613604 kB, Active: 10032512 kB, SwapTotal: 40894456 kB, SwapFree: 40861944 kB
INFO [2026-03-16 14:05:31] Memory: Total: 61649012 kB, Available: 50613604 kB, Active: 10032512 kB, SwapTotal: 40894456 kB, SwapFree: 40861944 kB
INFO [2026-03-16 14:05:32] Memory: Total: 61649012 kB, Available: 50613600 kB, Active: 10032884 kB, SwapTotal: 40894456 kB, SwapFree: 40861944 kB
INFO [2026-03-16 14:05:32] Memory: Total: 61649012 kB, Available: 50613600 kB, Active: 10033008 kB, SwapTotal: 40894456 kB, SwapFree: 40861944 kB
INFO [2026-03-16 14:05:32] Memory: Total: 61649012 kB, Available: 50613600 kB, Active: 10033456 kB, SwapTotal: 40894456 kB, SwapFree: 40861944 kB
INFO [2026-03-16 14:05:32] Memory: Total: 61649012 kB, Available: 50613600 kB, Active: 10033284 kB, SwapTotal: 40894456 kB, SwapFree: 40861944 kB
INFO [2026-03-16 14:05:32] Memory: Total: 61649012 kB, Available: 50613600 kB, Active: 10033284 kB, SwapTotal: 40894456 kB, SwapFree: 40861944 kB
INFO [2026-03-16 14:05:32] Memory: Total: 61649012 kB, Available: 50613600 kB, Active: 10033520 kB, SwapTotal: 40894456 kB, SwapFree: 40861944 kB
INFO [2026-03-16 14:05:32] Memory: Total: 61649012 kB, Available: 50613600 kB, Active: 10033644 kB, SwapTotal: 40894456 kB, SwapFree: 40861944 kB
INFO [2026-03-16 14:05:32] Memory: Total: 61649012 kB, Available: 50613600 kB, Active: 10033644 kB, SwapTotal: 40894456 kB, SwapFree: 40861944 kB
INFO [2026-03-16 14:05:32] Memory: Total: 61649012 kB, Available: 50613600 kB, Active: 10033644 kB, SwapTotal: 40894456 kB, SwapFree: 40861944 kB
INFO [2026-03-16 14:05:32] Memory: Total: 61649012 kB, Available: 50613600 kB, Active: 10033644 kB, SwapTotal: 40894456 kB, SwapFree: 40861944 kB
INFO [2026-03-16 14:05:32] Memory: Total: 61649012 kB, Available: 50613600 kB, Active: 10034092 kB, SwapTotal: 40894456 kB, SwapFree: 40861944 kB
INFO [2026-03-16 14:05:32] Memory: Total: 61649012 kB, Available: 50613600 kB, Active: 10033792 kB, SwapTotal: 40894456 kB, SwapFree: 40861944 kB
INFO [2026-03-16 14:05:32] Memory: Total: 61649012 kB, Available: 50613600 kB, Active: 10033916 kB, SwapTotal: 40894456 kB, SwapFree: 40861944 kB
INFO [2026-03-16 14:05:32] Memory: Total: 61649012 kB, Available: 50613600 kB, Active: 10034040 kB, SwapTotal: 40894456 kB, SwapFree: 40861944 kB
INFO [2026-03-16 14:05:32] Memory: Total: 61649012 kB, Available: 50613600 kB, Active: 10034040 kB, SwapTotal: 40894456 kB, SwapFree: 40861944 kB
INFO [2026-03-16 14:05:32] Memory: Total: 61649012 kB, Available: 50613600 kB, Active: 10034040 kB, SwapTotal: 40894456 kB, SwapFree: 40861944 kB
INFO [2026-03-16 14:05:32] Memory: Total: 61649012 kB, Available: 50613596 kB, Active: 10034364 kB, SwapTotal: 40894456 kB, SwapFree: 40861944 kB
INFO [2026-03-16 14:05:32] Memory: Total: 61649012 kB, Available: 50613600 kB, Active: 10034160 kB, SwapTotal: 40894456 kB, SwapFree: 40861944 kB
INFO [2026-03-16 14:05:32] Memory: Total: 61649012 kB, Available: 50613600 kB, Active: 10034160 kB, SwapTotal: 40894456 kB, SwapFree: 40861944 kB
INFO [2026-03-16 14:05:33] Memory: Total: 61649012 kB, Available: 50613600 kB, Active: 10034160 kB, SwapTotal: 40894456 kB, SwapFree: 40861944 kB
INFO [2026-03-16 14:05:33] Memory: Total: 61649012 kB, Available: 50613600 kB, Active: 10034408 kB, SwapTotal: 40894456 kB, SwapFree: 40861944 kB
INFO [2026-03-16 14:05:33] Memory: Total: 61649012 kB, Available: 50613188 kB, Active: 10034732 kB, SwapTotal: 40894456 kB, SwapFree: 40861944 kB
INFO [2026-03-16 14:05:33] Memory: Total: 61649012 kB, Available: 50613096 kB, Active: 10034472 kB, SwapTotal: 40894456 kB, SwapFree: 40861944 kB
INFO [2026-03-16 14:05:33] Memory: Total: 61649012 kB, Available: 50613096 kB, Active: 10034472 kB, SwapTotal: 40894456 kB, SwapFree: 40861944 kB
INFO [2026-03-16 14:05:33] Memory: Total: 61649012 kB, Available: 50613096 kB, Active: 10034596 kB, SwapTotal: 40894456 kB, SwapFree: 40861944 kB
INFO [2026-03-16 14:05:33] Memory: Total: 61649012 kB, Available: 50613096 kB, Active: 10034596 kB, SwapTotal: 40894456 kB, SwapFree: 40861944 kB
INFO [2026-03-16 14:05:33] Memory: Total: 61649012 kB, Available: 50613096 kB, Active: 10034720 kB, SwapTotal: 40894456 kB, SwapFree: 40861944 kB
INFO [2026-03-16 14:05:33] Memory: Total: 61649012 kB, Available: 50613096 kB, Active: 10034720 kB, SwapTotal: 40894456 kB, SwapFree: 40861944 kB
INFO [2026-03-16 14:05:33] Memory: Total: 61649012 kB, Available: 50613096 kB, Active: 10034844 kB, SwapTotal: 40894456 kB, SwapFree: 40861944 kB
INFO [2026-03-16 14:05:33] Memory: Total: 61649012 kB, Available: 50612676 kB, Active: 10035168 kB, SwapTotal: 40894456 kB, SwapFree: 40861944 kB
INFO [2026-03-16 14:05:33] Memory: Total: 61649012 kB, Available: 50612844 kB, Active: 10034908 kB, SwapTotal: 40894456 kB, SwapFree: 40861944 kB
INFO [2026-03-16 14:05:33] Memory: Total: 61649012 kB, Available: 50612844 kB, Active: 10034908 kB, SwapTotal: 40894456 kB, SwapFree: 40861944 kB
INFO [2026-03-16 14:05:33] Memory: Total: 61649012 kB, Available: 50612844 kB, Active: 10035168 kB, SwapTotal: 40894456 kB, SwapFree: 40861944 kB
INFO [2026-03-16 14:05:33] Memory: Total: 61649012 kB, Available: 50612844 kB, Active: 10035156 kB, SwapTotal: 40894456 kB, SwapFree: 40861944 kB
INFO [2026-03-16 14:05:34] Memory: Total: 61649012 kB, Available: 50612844 kB, Active: 10035280 kB, SwapTotal: 40894456 kB, SwapFree: 40861944 kB
INFO [2026-03-16 14:05:34] Memory: Total: 61649012 kB, Available: 50612844 kB, Active: 10035280 kB, SwapTotal: 40894456 kB, SwapFree: 40861944 kB
INFO [2026-03-16 14:05:34] Memory: Total: 61649012 kB, Available: 50612844 kB, Active: 10035408 kB, SwapTotal: 40894456 kB, SwapFree: 40861944 kB
INFO [2026-03-16 14:05:34] Memory: Total: 61649012 kB, Available: 50612844 kB, Active: 10035732 kB, SwapTotal: 40894456 kB, SwapFree: 40861944 kB
INFO [2026-03-16 14:05:34] Memory: Total: 61649012 kB, Available: 50612844 kB, Active: 10035472 kB, SwapTotal: 40894456 kB, SwapFree: 40861944 kB
INFO [2026-03-16 14:05:34] Memory: Total: 61649012 kB, Available: 50612844 kB, Active: 10035596 kB, SwapTotal: 40894456 kB, SwapFree: 40861944 kB
INFO [2026-03-16 14:05:34] Memory: Total: 61649012 kB, Available: 50612844 kB, Active: 10035968 kB, SwapTotal: 40894456 kB, SwapFree: 40861944 kB
INFO [2026-03-16 14:05:34] Memory: Total: 61649012 kB, Available: 50612844 kB, Active: 10035968 kB, SwapTotal: 40894456 kB, SwapFree: 40861944 kB
INFO [2026-03-16 14:05:34] Memory: Total: 61649012 kB, Available: 50612844 kB, Active: 10035968 kB, SwapTotal: 40894456 kB, SwapFree: 40861944 kB
INFO [2026-03-16 14:05:34] Memory: Total: 61649012 kB, Available: 50612844 kB, Active: 10036416 kB, SwapTotal: 40894456 kB, SwapFree: 40861944 kB
INFO [2026-03-16 14:05:34] Memory: Total: 61649012 kB, Available: 50612844 kB, Active: 10036108 kB, SwapTotal: 40894456 kB, SwapFree: 40861944 kB
INFO [2026-03-16 14:05:34] Memory: Total: 61649012 kB, Available: 50612844 kB, Active: 10036232 kB, SwapTotal: 40894456 kB, SwapFree: 40861944 kB
INFO [2026-03-16 14:05:34] Memory: Total: 61649012 kB, Available: 50612844 kB, Active: 10036360 kB, SwapTotal: 40894456 kB, SwapFree: 40861944 kB
INFO [2026-03-16 14:05:34] Memory: Total: 61649012 kB, Available: 50612844 kB, Active: 10036360 kB, SwapTotal: 40894456 kB, SwapFree: 40861944 kB
INFO [2026-03-16 14:05:34] Memory: Total: 61649012 kB, Available: 50612844 kB, Active: 10036884 kB, SwapTotal: 40894456 kB, SwapFree: 40861944 kB
INFO [2026-03-16 14:05:34] Memory: Total: 61649012 kB, Available: 50612340 kB, Active: 10036788 kB, SwapTotal: 40894456 kB, SwapFree: 40861944 kB
INFO [2026-03-16 14:05:34] Memory: Total: 61649012 kB, Available: 50611908 kB, Active: 10036860 kB, SwapTotal: 40894456 kB, SwapFree: 40861944 kB
INFO [2026-03-16 14:05:35] Memory: Total: 61649012 kB, Available: 50612088 kB, Active: 10036992 kB, SwapTotal: 40894456 kB, SwapFree: 40861944 kB
INFO [2026-03-16 14:05:35] Memory: Total: 61649012 kB, Available: 50611652 kB, Active: 10037316 kB, SwapTotal: 40894456 kB, SwapFree: 40861944 kB
INFO [2026-03-16 14:05:35] Memory: Total: 61649012 kB, Available: 50611836 kB, Active: 10037176 kB, SwapTotal: 40894456 kB, SwapFree: 40861944 kB
INFO [2026-03-16 14:05:35] Memory: Total: 61649012 kB, Available: 50611584 kB, Active: 10037424 kB, SwapTotal: 40894456 kB, SwapFree: 40861944 kB
INFO [2026-03-16 14:05:35] Memory: Total: 61649012 kB, Available: 50611584 kB, Active: 10037424 kB, SwapTotal: 40894456 kB, SwapFree: 40861944 kB
INFO [2026-03-16 14:05:35] Memory: Total: 61649012 kB, Available: 50611584 kB, Active: 10037424 kB, SwapTotal: 40894456 kB, SwapFree: 40861944 kB
INFO [2026-03-16 14:05:35] Memory: Total: 61649012 kB, Available: 50611584 kB, Active: 10037424 kB, SwapTotal: 40894456 kB, SwapFree: 40861944 kB
INFO [2026-03-16 14:05:35] Memory: Total: 61649012 kB, Available: 50611584 kB, Active: 10037548 kB, SwapTotal: 40894456 kB, SwapFree: 40861944 kB
INFO [2026-03-16 14:05:35] Memory: Total: 61649012 kB, Available: 50611080 kB, Active: 10037796 kB, SwapTotal: 40894456 kB, SwapFree: 40861944 kB
INFO [2026-03-16 14:05:35] Memory: Total: 61649012 kB, Available: 50611080 kB, Active: 10038056 kB, SwapTotal: 40894456 kB, SwapFree: 40861944 kB
INFO [2026-03-16 14:05:35] Memory: Total: 61649012 kB, Available: 50611080 kB, Active: 10038168 kB, SwapTotal: 40894456 kB, SwapFree: 40861944 kB
INFO [2026-03-16 14:05:35] Memory: Total: 61649012 kB, Available: 50611080 kB, Active: 10038168 kB, SwapTotal: 40894456 kB, SwapFree: 40861944 kB
INFO [2026-03-16 14:05:35] Memory: Total: 61649012 kB, Available: 50611080 kB, Active: 10038168 kB, SwapTotal: 40894456 kB, SwapFree: 40861944 kB
INFO [2026-03-16 14:05:35] Memory: Total: 61649012 kB, Available: 50610628 kB, Active: 10038616 kB, SwapTotal: 40894456 kB, SwapFree: 40861944 kB
INFO [2026-03-16 14:05:35] Memory: Total: 61649012 kB, Available: 50610828 kB, Active: 10038456 kB, SwapTotal: 40894456 kB, SwapFree: 40861944 kB
INFO [2026-03-16 14:05:35] Memory: Total: 61649012 kB, Available: 50610828 kB, Active: 10038456 kB, SwapTotal: 40894456 kB, SwapFree: 40861944 kB
INFO [2026-03-16 14:05:35] Memory: Total: 61649012 kB, Available: 50610372 kB, Active: 10038904 kB, SwapTotal: 40894456 kB, SwapFree: 40861944 kB
INFO [2026-03-16 14:05:36] Memory: Total: 61649012 kB, Available: 50609824 kB, Active: 10039112 kB, SwapTotal: 40894456 kB, SwapFree: 40861944 kB
INFO [2026-03-16 14:05:36] Memory: Total: 61649012 kB, Available: 50609824 kB, Active: 10039112 kB, SwapTotal: 40894456 kB, SwapFree: 40861944 kB
INFO [2026-03-16 14:05:36] Memory: Total: 61649012 kB, Available: 50609824 kB, Active: 10039440 kB, SwapTotal: 40894456 kB, SwapFree: 40861944 kB
INFO [2026-03-16 14:05:36] Memory: Total: 61649012 kB, Available: 50609824 kB, Active: 10039212 kB, SwapTotal: 40894456 kB, SwapFree: 40861944 kB
INFO [2026-03-16 14:05:36] Memory: Total: 61649012 kB, Available: 50609824 kB, Active: 10039460 kB, SwapTotal: 40894456 kB, SwapFree: 40861944 kB
INFO [2026-03-16 14:05:36] Memory: Total: 61649012 kB, Available: 50609824 kB, Active: 10039460 kB, SwapTotal: 40894456 kB, SwapFree: 40861944 kB
INFO [2026-03-16 14:05:36] Memory: Total: 61649012 kB, Available: 50609572 kB, Active: 10039708 kB, SwapTotal: 40894456 kB, SwapFree: 40861944 kB
INFO [2026-03-16 14:05:36] Memory: Total: 61649012 kB, Available: 50609572 kB, Active: 10039708 kB, SwapTotal: 40894456 kB, SwapFree: 40861944 kB
INFO [2026-03-16 14:05:36] Memory: Total: 61649012 kB, Available: 50609068 kB, Active: 10039832 kB, SwapTotal: 40894456 kB, SwapFree: 40861944 kB
INFO [2026-03-16 14:05:36] Memory: Total: 61649012 kB, Available: 50609068 kB, Active: 10039832 kB, SwapTotal: 40894456 kB, SwapFree: 40861944 kB
INFO [2026-03-16 14:05:36] Memory: Total: 61649012 kB, Available: 50609068 kB, Active: 10040280 kB, SwapTotal: 40894456 kB, SwapFree: 40861944 kB
INFO [2026-03-16 14:05:36] Memory: Total: 61649012 kB, Available: 50609068 kB, Active: 10040268 kB, SwapTotal: 40894456 kB, SwapFree: 40861944 kB
INFO [2026-03-16 14:05:36] Memory: Total: 61649012 kB, Available: 50608816 kB, Active: 10040392 kB, SwapTotal: 40894456 kB, SwapFree: 40861944 kB
INFO [2026-03-16 14:05:36] Memory: Total: 61649012 kB, Available: 50608812 kB, Active: 10040796 kB, SwapTotal: 40894456 kB, SwapFree: 40861944 kB
INFO [2026-03-16 14:05:36] Memory: Total: 61649012 kB, Available: 50608308 kB, Active: 10040636 kB, SwapTotal: 40894456 kB, SwapFree: 40861944 kB
INFO [2026-03-16 14:05:36] Memory: Total: 61649012 kB, Available: 50608308 kB, Active: 10040760 kB, SwapTotal: 40894456 kB, SwapFree: 40861944 kB
INFO [2026-03-16 14:05:37] Memory: Total: 61649012 kB, Available: 50607812 kB, Active: 10041084 kB, SwapTotal: 40894456 kB, SwapFree: 40861944 kB
INFO [2026-03-16 14:05:37] Memory: Total: 61649012 kB, Available: 50607812 kB, Active: 10041084 kB, SwapTotal: 40894456 kB, SwapFree: 40861944 kB
INFO [2026-03-16 14:05:37] Memory: Total: 61649012 kB, Available: 50608056 kB, Active: 10040836 kB, SwapTotal: 40894456 kB, SwapFree: 40861944 kB
INFO [2026-03-16 14:05:37] Memory: Total: 61649012 kB, Available: 50608056 kB, Active: 10041084 kB, SwapTotal: 40894456 kB, SwapFree: 40861944 kB
INFO [2026-03-16 14:05:37] Memory: Total: 61649012 kB, Available: 50607300 kB, Active: 10041784 kB, SwapTotal: 40894456 kB, SwapFree: 40861944 kB
INFO [2026-03-16 14:05:37] Memory: Total: 61649012 kB, Available: 50607300 kB, Active: 10041584 kB, SwapTotal: 40894456 kB, SwapFree: 40861944 kB
INFO [2026-03-16 14:05:37] Memory: Total: 61649012 kB, Available: 50607300 kB, Active: 10041584 kB, SwapTotal: 40894456 kB, SwapFree: 40861944 kB
INFO [2026-03-16 14:05:37] Memory: Total: 61649012 kB, Available: 50607300 kB, Active: 10041708 kB, SwapTotal: 40894456 kB, SwapFree: 40861944 kB
INFO [2026-03-16 14:05:37] Memory: Total: 61649012 kB, Available: 50607300 kB, Active: 10041832 kB, SwapTotal: 40894456 kB, SwapFree: 40861944 kB
INFO [2026-03-16 14:05:37] Memory: Total: 61649012 kB, Available: 50607300 kB, Active: 10041832 kB, SwapTotal: 40894456 kB, SwapFree: 40861944 kB
INFO [2026-03-16 14:05:37] Memory: Total: 61649012 kB, Available: 50607300 kB, Active: 10041956 kB, SwapTotal: 40894456 kB, SwapFree: 40861944 kB
INFO [2026-03-16 14:05:37] Memory: Total: 61649012 kB, Available: 50607300 kB, Active: 10042080 kB, SwapTotal: 40894456 kB, SwapFree: 40861944 kB
INFO [2026-03-16 14:05:37] Memory: Total: 61649012 kB, Available: 50607048 kB, Active: 10042528 kB, SwapTotal: 40894456 kB, SwapFree: 40861944 kB
INFO [2026-03-16 14:05:37] Memory: Total: 61649012 kB, Available: 50606796 kB, Active: 10042236 kB, SwapTotal: 40894456 kB, SwapFree: 40861944 kB
INFO [2026-03-16 14:05:37] Memory: Total: 61649012 kB, Available: 50606796 kB, Active: 10042236 kB, SwapTotal: 40894456 kB, SwapFree: 40861944 kB
INFO [2026-03-16 14:05:37] Memory: Total: 61649012 kB, Available: 50606796 kB, Active: 10042352 kB, SwapTotal: 40894456 kB, SwapFree: 40861944 kB
INFO [2026-03-16 14:05:37] Memory: Total: 61649012 kB, Available: 50606796 kB, Active: 10042352 kB, SwapTotal: 40894456 kB, SwapFree: 40861944 kB
INFO [2026-03-16 14:05:38] Memory: Total: 61649012 kB, Available: 50606796 kB, Active: 10042476 kB, SwapTotal: 40894456 kB, SwapFree: 40861944 kB
INFO [2026-03-16 14:05:38] Memory: Total: 61649012 kB, Available: 50606544 kB, Active: 10042600 kB, SwapTotal: 40894456 kB, SwapFree: 40861944 kB
INFO [2026-03-16 14:05:38] Memory: Total: 61649012 kB, Available: 50606544 kB, Active: 10042924 kB, SwapTotal: 40894456 kB, SwapFree: 40861944 kB
INFO [2026-03-16 14:05:38] Memory: Total: 61649012 kB, Available: 50606544 kB, Active: 10042924 kB, SwapTotal: 40894456 kB, SwapFree: 40861944 kB
INFO [2026-03-16 14:05:38] Memory: Total: 61649012 kB, Available: 50606292 kB, Active: 10042708 kB, SwapTotal: 40894456 kB, SwapFree: 40861944 kB
INFO [2026-03-16 14:05:38] Memory: Total: 61649012 kB, Available: 50606292 kB, Active: 10042712 kB, SwapTotal: 40894456 kB, SwapFree: 40861944 kB
INFO [2026-03-16 14:05:38] Memory: Total: 61649012 kB, Available: 50606292 kB, Active: 10042836 kB, SwapTotal: 40894456 kB, SwapFree: 40861944 kB
INFO [2026-03-16 14:05:38] Memory: Total: 61649012 kB, Available: 50606040 kB, Active: 10043084 kB, SwapTotal: 40894456 kB, SwapFree: 40861944 kB
INFO [2026-03-16 14:05:38] Memory: Total: 61649012 kB, Available: 50606040 kB, Active: 10043208 kB, SwapTotal: 40894456 kB, SwapFree: 40861944 kB
INFO [2026-03-16 14:05:38] Memory: Total: 61649012 kB, Available: 50606040 kB, Active: 10043208 kB, SwapTotal: 40894456 kB, SwapFree: 40861944 kB
INFO [2026-03-16 14:05:38] Memory: Total: 61649012 kB, Available: 50605788 kB, Active: 10043212 kB, SwapTotal: 40894456 kB, SwapFree: 40861944 kB
INFO [2026-03-16 14:05:38] Memory: Total: 61649012 kB, Available: 50605788 kB, Active: 10043212 kB, SwapTotal: 40894456 kB, SwapFree: 40861944 kB
INFO [2026-03-16 14:05:38] Memory: Total: 61649012 kB, Available: 50605788 kB, Active: 10043336 kB, SwapTotal: 40894456 kB, SwapFree: 40861944 kB
INFO [2026-03-16 14:05:38] Memory: Total: 61649012 kB, Available: 50605788 kB, Active: 10043336 kB, SwapTotal: 40894456 kB, SwapFree: 40861944 kB
INFO [2026-03-16 14:05:38] Memory: Total: 61649012 kB, Available: 50605788 kB, Active: 10043336 kB, SwapTotal: 40894456 kB, SwapFree: 40861944 kB
INFO [2026-03-16 14:05:39] Memory: Total: 61649012 kB, Available: 50605536 kB, Active: 10044032 kB, SwapTotal: 40894456 kB, SwapFree: 40861944 kB
INFO [2026-03-16 14:05:39] Memory: Total: 61649012 kB, Available: 50605536 kB, Active: 10044032 kB, SwapTotal: 40894456 kB, SwapFree: 40861944 kB
INFO [2026-03-16 14:05:39] Memory: Total: 61649012 kB, Available: 50605284 kB, Active: 10043744 kB, SwapTotal: 40894456 kB, SwapFree: 40861944 kB
INFO [2026-03-16 14:05:39] Memory: Total: 61649012 kB, Available: 50605284 kB, Active: 10043868 kB, SwapTotal: 40894456 kB, SwapFree: 40861944 kB
INFO [2026-03-16 14:05:39] Memory: Total: 61649012 kB, Available: 50605284 kB, Active: 10043868 kB, SwapTotal: 40894456 kB, SwapFree: 40861944 kB
INFO [2026-03-16 14:05:39] Memory: Total: 61649012 kB, Available: 50605284 kB, Active: 10043992 kB, SwapTotal: 40894456 kB, SwapFree: 40861944 kB
INFO [2026-03-16 14:05:39] Memory: Total: 61649012 kB, Available: 50605284 kB, Active: 10044116 kB, SwapTotal: 40894456 kB, SwapFree: 40861944 kB
INFO [2026-03-16 14:05:39] Memory: Total: 61649012 kB, Available: 50605032 kB, Active: 10044116 kB, SwapTotal: 40894456 kB, SwapFree: 40861944 kB
INFO [2026-03-16 14:05:39] Memory: Total: 61649012 kB, Available: 50605032 kB, Active: 10044564 kB, SwapTotal: 40894456 kB, SwapFree: 40861944 kB
INFO [2026-03-16 14:05:39] Memory: Total: 61649012 kB, Available: 50605032 kB, Active: 10044564 kB, SwapTotal: 40894456 kB, SwapFree: 40861944 kB
INFO [2026-03-16 14:05:39] Memory: Total: 61649012 kB, Available: 50604780 kB, Active: 10044272 kB, SwapTotal: 40894456 kB, SwapFree: 40861944 kB
INFO [2026-03-16 14:05:39] Memory: Total: 61649012 kB, Available: 50604780 kB, Active: 10044396 kB, SwapTotal: 40894456 kB, SwapFree: 40861944 kB
INFO [2026-03-16 14:05:39] Memory: Total: 61649012 kB, Available: 50604780 kB, Active: 10044520 kB, SwapTotal: 40894456 kB, SwapFree: 40861944 kB
INFO [2026-03-16 14:05:39] Memory: Total: 61649012 kB, Available: 50604528 kB, Active: 10044892 kB, SwapTotal: 40894456 kB, SwapFree: 40861944 kB
INFO [2026-03-16 14:05:39] Memory: Total: 61649012 kB, Available: 50600900 kB, Active: 10046836 kB, SwapTotal: 40894456 kB, SwapFree: 40861944 kB
INFO [2026-03-16 14:05:39] Memory: Total: 61649012 kB, Available: 50602296 kB, Active: 10043084 kB, SwapTotal: 40894456 kB, SwapFree: 40861944 kB
INFO [2026-03-16 14:05:39] Memory: Total: 61649012 kB, Available: 51121492 kB, Active: 9527024 kB, SwapTotal: 40894456 kB, SwapFree: 40861944 kB
INFO [2026-03-16 14:05:39] Memory: Total: 61649012 kB, Available: 51427996 kB, Active: 9222464 kB, SwapTotal: 40894456 kB, SwapFree: 40861944 kB
INFO [2026-03-16 14:05:40] Memory: Total: 61649012 kB, Available: 51621676 kB, Active: 9028736 kB, SwapTotal: 40894456 kB, SwapFree: 40861944 kB
INFO [2026-03-16 14:05:40] Memory: Total: 61649012 kB, Available: 51621676 kB, Active: 9029232 kB, SwapTotal: 40894456 kB, SwapFree: 40861944 kB
INFO [2026-03-16 14:05:40] Memory: Total: 61649012 kB, Available: 51621676 kB, Active: 9029556 kB, SwapTotal: 40894456 kB, SwapFree: 40861944 kB
INFO [2026-03-16 14:05:40] Memory: Total: 61649012 kB, Available: 51621424 kB, Active: 9029320 kB, SwapTotal: 40894456 kB, SwapFree: 40861944 kB
INFO [2026-03-16 14:05:40] Memory: Total: 61649012 kB, Available: 51621424 kB, Active: 9029320 kB, SwapTotal: 40894456 kB, SwapFree: 40861944 kB
INFO [2026-03-16 14:05:40] Memory: Total: 61649012 kB, Available: 51621176 kB, Active: 9029320 kB, SwapTotal: 40894456 kB, SwapFree: 40861944 kB
INFO [2026-03-16 14:05:40] Memory: Total: 61649012 kB, Available: 51621176 kB, Active: 9029568 kB, SwapTotal: 40894456 kB, SwapFree: 40861944 kB
INFO [2026-03-16 14:05:40] Memory: Total: 61649012 kB, Available: 51620924 kB, Active: 9029692 kB, SwapTotal: 40894456 kB, SwapFree: 40861944 kB
INFO [2026-03-16 14:05:40] Memory: Total: 61649012 kB, Available: 51620420 kB, Active: 9029940 kB, SwapTotal: 40894456 kB, SwapFree: 40861944 kB
INFO [2026-03-16 14:05:40] Memory: Total: 61649012 kB, Available: 51620420 kB, Active: 9030388 kB, SwapTotal: 40894456 kB, SwapFree: 40861944 kB
INFO [2026-03-16 14:05:40] Memory: Total: 61649012 kB, Available: 51620420 kB, Active: 9030108 kB, SwapTotal: 40894456 kB, SwapFree: 40861944 kB
INFO [2026-03-16 14:05:40] Memory: Total: 61649012 kB, Available: 51620420 kB, Active: 9030108 kB, SwapTotal: 40894456 kB, SwapFree: 40861944 kB
INFO [2026-03-16 14:05:40] Memory: Total: 61649012 kB, Available: 51620420 kB, Active: 9030356 kB, SwapTotal: 40894456 kB, SwapFree: 40861944 kB
INFO [2026-03-16 14:05:40] Memory: Total: 61649012 kB, Available: 51620168 kB, Active: 9030764 kB, SwapTotal: 40894456 kB, SwapFree: 40861944 kB
INFO [2026-03-16 14:05:41] Memory: Total: 61649012 kB, Available: 51619664 kB, Active: 9030736 kB, SwapTotal: 40894456 kB, SwapFree: 40861944 kB
INFO [2026-03-16 14:05:41] Memory: Total: 61649012 kB, Available: 51619664 kB, Active: 9031184 kB, SwapTotal: 40894456 kB, SwapFree: 40861944 kB
INFO [2026-03-16 14:05:41] Memory: Total: 61649012 kB, Available: 51619664 kB, Active: 9031184 kB, SwapTotal: 40894456 kB, SwapFree: 40861944 kB
INFO [2026-03-16 14:05:41] Memory: Total: 61649012 kB, Available: 51619412 kB, Active: 9030920 kB, SwapTotal: 40894456 kB, SwapFree: 40861944 kB
INFO [2026-03-16 14:05:41] Memory: Total: 61649012 kB, Available: 51619412 kB, Active: 9031044 kB, SwapTotal: 40894456 kB, SwapFree: 40861944 kB
INFO [2026-03-16 14:05:41] Memory: Total: 61649012 kB, Available: 51619412 kB, Active: 9031168 kB, SwapTotal: 40894456 kB, SwapFree: 40861944 kB
INFO [2026-03-16 14:05:41] Memory: Total: 61649012 kB, Available: 51619164 kB, Active: 9031416 kB, SwapTotal: 40894456 kB, SwapFree: 40861944 kB
INFO [2026-03-16 14:05:41] Memory: Total: 61649012 kB, Available: 51619164 kB, Active: 9031416 kB, SwapTotal: 40894456 kB, SwapFree: 40861944 kB
INFO [2026-03-16 14:05:41] Memory: Total: 61649012 kB, Available: 51619164 kB, Active: 9031740 kB, SwapTotal: 40894456 kB, SwapFree: 40861944 kB
INFO [2026-03-16 14:05:41] Memory: Total: 61649012 kB, Available: 51618912 kB, Active: 9031512 kB, SwapTotal: 40894456 kB, SwapFree: 40861944 kB
INFO [2026-03-16 14:05:41] Memory: Total: 61649012 kB, Available: 51618912 kB, Active: 9031512 kB, SwapTotal: 40894456 kB, SwapFree: 40861944 kB
INFO [2026-03-16 14:05:41] Memory: Total: 61649012 kB, Available: 51618912 kB, Active: 9031636 kB, SwapTotal: 40894456 kB, SwapFree: 40861944 kB
INFO [2026-03-16 14:05:41] Memory: Total: 61649012 kB, Available: 51618912 kB, Active: 9031760 kB, SwapTotal: 40894456 kB, SwapFree: 40861944 kB
INFO [2026-03-16 14:05:41] Memory: Total: 61649012 kB, Available: 51618908 kB, Active: 9032172 kB, SwapTotal: 40894456 kB, SwapFree: 40861944 kB
INFO [2026-03-16 14:05:41] Memory: Total: 61649012 kB, Available: 51618656 kB, Active: 9032172 kB, SwapTotal: 40894456 kB, SwapFree: 40861944 kB
INFO [2026-03-16 14:05:41] Memory: Total: 61649012 kB, Available: 51618656 kB, Active: 9032332 kB, SwapTotal: 40894456 kB, SwapFree: 40861944 kB
INFO [2026-03-16 14:05:41] Memory: Total: 61649012 kB, Available: 51618656 kB, Active: 9032108 kB, SwapTotal: 40894456 kB, SwapFree: 40861944 kB
INFO [2026-03-16 14:05:42] Memory: Total: 61649012 kB, Available: 51618656 kB, Active: 9032232 kB, SwapTotal: 40894456 kB, SwapFree: 40861944 kB
INFO [2026-03-16 14:05:42] Memory: Total: 61649012 kB, Available: 51618656 kB, Active: 9032232 kB, SwapTotal: 40894456 kB, SwapFree: 40861944 kB
INFO [2026-03-16 14:05:42] Memory: Total: 61649012 kB, Available: 51618404 kB, Active: 9032480 kB, SwapTotal: 40894456 kB, SwapFree: 40861944 kB
INFO [2026-03-16 14:05:42] Memory: Total: 61649012 kB, Available: 51618404 kB, Active: 9032604 kB, SwapTotal: 40894456 kB, SwapFree: 40861944 kB
INFO [2026-03-16 14:05:42] Memory: Total: 61649012 kB, Available: 51618080 kB, Active: 9032928 kB, SwapTotal: 40894456 kB, SwapFree: 40861944 kB
INFO [2026-03-16 14:05:42] Memory: Total: 61649012 kB, Available: 51617900 kB, Active: 9032684 kB, SwapTotal: 40894456 kB, SwapFree: 40861944 kB
INFO [2026-03-16 14:05:42] Memory: Total: 61649012 kB, Available: 51617900 kB, Active: 9032684 kB, SwapTotal: 40894456 kB, SwapFree: 40861944 kB
INFO [2026-03-16 14:05:42] Memory: Total: 61649012 kB, Available: 51617900 kB, Active: 9032808 kB, SwapTotal: 40894456 kB, SwapFree: 40861944 kB
INFO [2026-03-16 14:05:42] Memory: Total: 61649012 kB, Available: 51617900 kB, Active: 9033180 kB, SwapTotal: 40894456 kB, SwapFree: 40861944 kB
INFO [2026-03-16 14:05:42] Memory: Total: 61649012 kB, Available: 51617648 kB, Active: 9033180 kB, SwapTotal: 40894456 kB, SwapFree: 40861944 kB
INFO [2026-03-16 14:05:42] Memory: Total: 61649012 kB, Available: 51617648 kB, Active: 9033628 kB, SwapTotal: 40894456 kB, SwapFree: 40861944 kB
INFO [2026-03-16 14:05:42] Memory: Total: 61649012 kB, Available: 51617648 kB, Active: 9033952 kB, SwapTotal: 40894456 kB, SwapFree: 40861944 kB
INFO [2026-03-16 14:05:42] Memory: Total: 61649012 kB, Available: 51617396 kB, Active: 9033396 kB, SwapTotal: 40894456 kB, SwapFree: 40861944 kB
INFO [2026-03-16 14:05:42] Memory: Total: 61649012 kB, Available: 51617396 kB, Active: 9033520 kB, SwapTotal: 40894456 kB, SwapFree: 40861944 kB
INFO [2026-03-16 14:05:42] Memory: Total: 61649012 kB, Available: 51617396 kB, Active: 9033520 kB, SwapTotal: 40894456 kB, SwapFree: 40861944 kB
INFO [2026-03-16 14:05:43] Memory: Total: 61649012 kB, Available: 51617400 kB, Active: 9033892 kB, SwapTotal: 40894456 kB, SwapFree: 40861944 kB
INFO [2026-03-16 14:05:43] Memory: Total: 61649012 kB, Available: 51617400 kB, Active: 9034340 kB, SwapTotal: 40894456 kB, SwapFree: 40861944 kB
INFO [2026-03-16 14:05:43] Memory: Total: 61649012 kB, Available: 51617400 kB, Active: 9034664 kB, SwapTotal: 40894456 kB, SwapFree: 40861944 kB
INFO [2026-03-16 14:05:43] Memory: Total: 61649012 kB, Available: 51617400 kB, Active: 9034076 kB, SwapTotal: 40894456 kB, SwapFree: 40861944 kB
INFO [2026-03-16 14:05:43] Memory: Total: 61649012 kB, Available: 51617400 kB, Active: 9034076 kB, SwapTotal: 40894456 kB, SwapFree: 40861944 kB
INFO [2026-03-16 14:05:43] Memory: Total: 61649012 kB, Available: 51617400 kB, Active: 9034200 kB, SwapTotal: 40894456 kB, SwapFree: 40861944 kB
INFO [2026-03-16 14:05:43] Memory: Total: 61649012 kB, Available: 51617400 kB, Active: 9034448 kB, SwapTotal: 40894456 kB, SwapFree: 40861944 kB
INFO [2026-03-16 14:05:43] Memory: Total: 61649012 kB, Available: 51617400 kB, Active: 9034696 kB, SwapTotal: 40894456 kB, SwapFree: 40861944 kB
INFO [2026-03-16 14:05:43] Memory: Total: 61649012 kB, Available: 51617400 kB, Active: 9034820 kB, SwapTotal: 40894456 kB, SwapFree: 40861944 kB
INFO [2026-03-16 14:05:43] Memory: Total: 61649012 kB, Available: 51617400 kB, Active: 9034820 kB, SwapTotal: 40894456 kB, SwapFree: 40861944 kB
INFO [2026-03-16 14:05:43] Memory: Total: 61649012 kB, Available: 51617400 kB, Active: 9034876 kB, SwapTotal: 40894456 kB, SwapFree: 40861944 kB
INFO [2026-03-16 14:05:43] Memory: Total: 61649012 kB, Available: 51617400 kB, Active: 9035000 kB, SwapTotal: 40894456 kB, SwapFree: 40861944 kB
INFO [2026-03-16 14:05:43] Memory: Total: 61649012 kB, Available: 51617400 kB, Active: 9035248 kB, SwapTotal: 40894456 kB, SwapFree: 40861944 kB
INFO [2026-03-16 14:05:43] Memory: Total: 61649012 kB, Available: 51690508 kB, Active: 8965968 kB, SwapTotal: 40894456 kB, SwapFree: 40861944 kB
INFO [2026-03-16 14:05:43] Memory: Total: 61649012 kB, Available: 52496768 kB, Active: 8156140 kB, SwapTotal: 40894456 kB, SwapFree: 40861944 kB
INFO [2026-03-16 14:05:43] Memory: Total: 61649012 kB, Available: 52609520 kB, Active: 8043064 kB, SwapTotal: 40894456 kB, SwapFree: 40861944 kB
INFO [2026-03-16 14:05:44] Memory: Total: 61649012 kB, Available: 52641692 kB, Active: 8016364 kB, SwapTotal: 40894456 kB, SwapFree: 40861944 kB
INFO [2026-03-16 14:05:44] Memory: Total: 61649012 kB, Available: 52641692 kB, Active: 8016560 kB, SwapTotal: 40894456 kB, SwapFree: 40861944 kB
INFO [2026-03-16 14:05:44] Memory: Total: 61649012 kB, Available: 52640936 kB, Active: 8016932 kB, SwapTotal: 40894456 kB, SwapFree: 40861944 kB
INFO [2026-03-16 14:05:44] Memory: Total: 61649012 kB, Available: 52640684 kB, Active: 8017056 kB, SwapTotal: 40894456 kB, SwapFree: 40861944 kB
INFO [2026-03-16 14:05:44] Memory: Total: 61649012 kB, Available: 52640684 kB, Active: 8017504 kB, SwapTotal: 40894456 kB, SwapFree: 40861944 kB
INFO [2026-03-16 14:05:44] Memory: Total: 61649012 kB, Available: 52640432 kB, Active: 8017548 kB, SwapTotal: 40894456 kB, SwapFree: 40861944 kB
INFO [2026-03-16 14:05:44] Memory: Total: 61649012 kB, Available: 52640432 kB, Active: 8017548 kB, SwapTotal: 40894456 kB, SwapFree: 40861944 kB
INFO [2026-03-16 14:05:44] Memory: Total: 61649012 kB, Available: 52640184 kB, Active: 8017496 kB, SwapTotal: 40894456 kB, SwapFree: 40861944 kB
INFO [2026-03-16 14:05:44] Memory: Total: 61649012 kB, Available: 52639428 kB, Active: 8017992 kB, SwapTotal: 40894456 kB, SwapFree: 40861944 kB
INFO [2026-03-16 14:05:44] Memory: Total: 61649012 kB, Available: 52639428 kB, Active: 8018116 kB, SwapTotal: 40894456 kB, SwapFree: 40861944 kB
INFO [2026-03-16 14:05:44] Memory: Total: 61649012 kB, Available: 52639428 kB, Active: 8018564 kB, SwapTotal: 40894456 kB, SwapFree: 40861944 kB
INFO [2026-03-16 14:05:44] Memory: Total: 61649012 kB, Available: 52639428 kB, Active: 8018564 kB, SwapTotal: 40894456 kB, SwapFree: 40861944 kB
INFO [2026-03-16 14:05:44] Memory: Total: 61649012 kB, Available: 52639176 kB, Active: 8018316 kB, SwapTotal: 40894456 kB, SwapFree: 40861944 kB
INFO [2026-03-16 14:05:44] Memory: Total: 61649012 kB, Available: 52639176 kB, Active: 8018800 kB, SwapTotal: 40894456 kB, SwapFree: 40861944 kB
INFO [2026-03-16 14:05:45] Memory: Total: 61649012 kB, Available: 53185196 kB, Active: 7479008 kB, SwapTotal: 40894456 kB, SwapFree: 40861944 kB
INFO [2026-03-16 14:05:45] Memory: Total: 61649012 kB, Available: 53660964 kB, Active: 6999588 kB, SwapTotal: 40894456 kB, SwapFree: 40861944 kB
INFO [2026-03-16 14:05:45] Memory: Total: 61649012 kB, Available: 53660964 kB, Active: 6999588 kB, SwapTotal: 40894456 kB, SwapFree: 40861944 kB
INFO [2026-03-16 14:05:45] Memory: Total: 61649012 kB, Available: 53660964 kB, Active: 6999712 kB, SwapTotal: 40894456 kB, SwapFree: 40861944 kB
INFO [2026-03-16 14:05:45] Memory: Total: 61649012 kB, Available: 53660716 kB, Active: 6999836 kB, SwapTotal: 40894456 kB, SwapFree: 40861944 kB
INFO [2026-03-16 14:05:45] Memory: Total: 61649012 kB, Available: 53659708 kB, Active: 7000084 kB, SwapTotal: 40894456 kB, SwapFree: 40861944 kB
INFO [2026-03-16 14:05:45] Memory: Total: 61649012 kB, Available: 53659708 kB, Active: 7000332 kB, SwapTotal: 40894456 kB, SwapFree: 40861944 kB
INFO [2026-03-16 14:05:45] Memory: Total: 61649012 kB, Available: 53659708 kB, Active: 7000332 kB, SwapTotal: 40894456 kB, SwapFree: 40861944 kB
INFO [2026-03-16 14:05:45] Memory: Total: 61649012 kB, Available: 53659708 kB, Active: 7000332 kB, SwapTotal: 40894456 kB, SwapFree: 40861944 kB
INFO [2026-03-16 14:05:45] Memory: Total: 61649012 kB, Available: 53659708 kB, Active: 7000456 kB, SwapTotal: 40894456 kB, SwapFree: 40861944 kB
INFO [2026-03-16 14:05:45] Memory: Total: 61649012 kB, Available: 53659708 kB, Active: 7000704 kB, SwapTotal: 40894456 kB, SwapFree: 40861944 kB
INFO [2026-03-16 14:05:46] Memory: Total: 61649012 kB, Available: 54685460 kB, Active: 5981916 kB, SwapTotal: 40894456 kB, SwapFree: 40861944 kB
INFO [2026-03-16 14:05:46] Memory: Total: 61649012 kB, Available: 54684704 kB, Active: 5982052 kB, SwapTotal: 40894456 kB, SwapFree: 40861944 kB
INFO [2026-03-16 14:05:46] Memory: Total: 61649012 kB, Available: 55707728 kB, Active: 4962332 kB, SwapTotal: 40894456 kB, SwapFree: 40861944 kB
INFO [2026-03-16 14:05:46] Memory: Total: 61649012 kB, Available: 55707488 kB, Active: 4962580 kB, SwapTotal: 40894456 kB, SwapFree: 40861944 kB
INFO [2026-03-16 14:05:46] Memory: Total: 61649012 kB, Available: 55707488 kB, Active: 4962580 kB, SwapTotal: 40894456 kB, SwapFree: 40861944 kB
INFO [2026-03-16 14:05:46] Memory: Total: 61649012 kB, Available: 55706480 kB, Active: 4962828 kB, SwapTotal: 40894456 kB, SwapFree: 40861944 kB
INFO [2026-03-16 14:05:46] Memory: Total: 61649012 kB, Available: 55706480 kB, Active: 4962952 kB, SwapTotal: 40894456 kB, SwapFree: 40861944 kB
INFO [2026-03-16 14:05:46] Memory: Total: 61649012 kB, Available: 55706480 kB, Active: 4962952 kB, SwapTotal: 40894456 kB, SwapFree: 40861944 kB
INFO [2026-03-16 14:05:47] Memory: Total: 61649012 kB, Available: 55706480 kB, Active: 4962952 kB, SwapTotal: 40894456 kB, SwapFree: 40861944 kB
INFO [2026-03-16 14:05:47] Memory: Total: 61649012 kB, Available: 56729348 kB, Active: 3943544 kB, SwapTotal: 40894456 kB, SwapFree: 40861944 kB
INFO [2026-03-16 14:05:47] Memory: Total: 61649012 kB, Available: 56729216 kB, Active: 3943292 kB, SwapTotal: 40894456 kB, SwapFree: 40861944 kB
INFO [2026-03-16 14:05:47] Memory: Total: 61649012 kB, Available: 56729216 kB, Active: 3943292 kB, SwapTotal: 40894456 kB, SwapFree: 40861944 kB
INFO [2026-03-16 14:05:47] Memory: Total: 61649012 kB, Available: 56729216 kB, Active: 3943292 kB, SwapTotal: 40894456 kB, SwapFree: 40861944 kB
INFO [2026-03-16 14:05:47] Memory: Total: 61649012 kB, Available: 56729216 kB, Active: 3943580 kB, SwapTotal: 40894456 kB, SwapFree: 40861944 kB
INFO [2026-03-16 14:05:48] Memory: Total: 61649012 kB, Available: 56728892 kB, Active: 3943292 kB, SwapTotal: 40894456 kB, SwapFree: 40861944 kB
INFO [2026-03-16 14:05:48] Memory: Total: 61649012 kB, Available: 56728712 kB, Active: 3943292 kB, SwapTotal: 40894456 kB, SwapFree: 40861944 kB
INFO [2026-03-16 14:05:48] Memory: Total: 61649012 kB, Available: 56728712 kB, Active: 3943292 kB, SwapTotal: 40894456 kB, SwapFree: 40861944 kB
INFO [2026-03-16 14:05:48] Memory: Total: 61649012 kB, Available: 56728712 kB, Active: 3943292 kB, SwapTotal: 40894456 kB, SwapFree: 40861944 kB
INFO [2026-03-16 14:05:48] Memory: Total: 61649012 kB, Available: 56728712 kB, Active: 3943700 kB, SwapTotal: 40894456 kB, SwapFree: 40861944 kB
INFO [2026-03-16 14:05:49] Memory: Total: 61649012 kB, Available: 56728712 kB, Active: 3943416 kB, SwapTotal: 40894456 kB, SwapFree: 40861944 kB
INFO [2026-03-16 14:05:49] Memory: Total: 61649012 kB, Available: 56728460 kB, Active: 3943416 kB, SwapTotal: 40894456 kB, SwapFree: 40861944 kB
INFO [2026-03-16 14:05:49] Memory: Total: 61649012 kB, Available: 57743516 kB, Active: 2923964 kB, SwapTotal: 40894456 kB, SwapFree: 40861944 kB
INFO [2026-03-16 14:05:49] Recombining results ...
