INFO [2026-03-16 13:57:30] Memory: Total: 61649012 kB, Available: 58889048 kB, Active: 1773300 kB, SwapTotal: 40894456 kB, SwapFree: 40861944 kB
INFO [2026-03-16 13:57:30] Processing missing values ...
INFO [2026-03-16 13:57:30] Figuring out comparisons to do ...
INFO [2026-03-16 13:57:30] Splitting up across compute ...
INFO [2026-03-16 13:57:30] Running correlations ...
INFO [2026-03-16 13:57:31] Memory: Total: 61649012 kB, Available: 58378700 kB, Active: 2265036 kB, SwapTotal: 40894456 kB, SwapFree: 40861944 kB
INFO [2026-03-16 13:57:31] Memory: Total: 61649012 kB, Available: 58362508 kB, Active: 2277616 kB, SwapTotal: 40894456 kB, SwapFree: 40861944 kB
INFO [2026-03-16 13:57:31] Memory: Total: 61649012 kB, Available: 58362208 kB, Active: 2280432 kB, SwapTotal: 40894456 kB, SwapFree: 40861944 kB
INFO [2026-03-16 13:57:32] Memory: Total: 61649012 kB, Available: 58347176 kB, Active: 2296952 kB, SwapTotal: 40894456 kB, SwapFree: 40861944 kB
INFO [2026-03-16 13:57:32] Memory: Total: 61649012 kB, Available: 58347176 kB, Active: 2296760 kB, SwapTotal: 40894456 kB, SwapFree: 40861944 kB
INFO [2026-03-16 13:57:32] Memory: Total: 61649012 kB, Available: 58347176 kB, Active: 2296888 kB, SwapTotal: 40894456 kB, SwapFree: 40861944 kB
INFO [2026-03-16 13:57:32] Memory: Total: 61649012 kB, Available: 58347176 kB, Active: 2298576 kB, SwapTotal: 40894456 kB, SwapFree: 40861944 kB
INFO [2026-03-16 13:57:32] Memory: Total: 61649012 kB, Available: 58347176 kB, Active: 2298384 kB, SwapTotal: 40894456 kB, SwapFree: 40861944 kB
INFO [2026-03-16 13:57:32] Memory: Total: 61649012 kB, Available: 58347176 kB, Active: 2298832 kB, SwapTotal: 40894456 kB, SwapFree: 40861944 kB
INFO [2026-03-16 13:57:32] Memory: Total: 61649012 kB, Available: 58347068 kB, Active: 2316356 kB, SwapTotal: 40894456 kB, SwapFree: 40861944 kB
INFO [2026-03-16 13:57:32] Memory: Total: 61649012 kB, Available: 58307484 kB, Active: 2345772 kB, SwapTotal: 40894456 kB, SwapFree: 40861944 kB
INFO [2026-03-16 13:57:32] Memory: Total: 61649012 kB, Available: 58307484 kB, Active: 2346744 kB, SwapTotal: 40894456 kB, SwapFree: 40861944 kB
INFO [2026-03-16 13:57:33] Memory: Total: 61649012 kB, Available: 58307440 kB, Active: 2349320 kB, SwapTotal: 40894456 kB, SwapFree: 40861944 kB
INFO [2026-03-16 13:57:33] Memory: Total: 61649012 kB, Available: 58307440 kB, Active: 2349892 kB, SwapTotal: 40894456 kB, SwapFree: 40861944 kB
INFO [2026-03-16 13:57:33] Memory: Total: 61649012 kB, Available: 58307440 kB, Active: 2349892 kB, SwapTotal: 40894456 kB, SwapFree: 40861944 kB
INFO [2026-03-16 13:57:33] Memory: Total: 61649012 kB, Available: 58306684 kB, Active: 2351012 kB, SwapTotal: 40894456 kB, SwapFree: 40861944 kB
INFO [2026-03-16 13:57:33] Memory: Total: 61649012 kB, Available: 58306684 kB, Active: 2351136 kB, SwapTotal: 40894456 kB, SwapFree: 40861944 kB
INFO [2026-03-16 13:57:33] Memory: Total: 61649012 kB, Available: 58306684 kB, Active: 2351136 kB, SwapTotal: 40894456 kB, SwapFree: 40861944 kB
INFO [2026-03-16 13:57:33] Memory: Total: 61649012 kB, Available: 58305684 kB, Active: 2352452 kB, SwapTotal: 40894456 kB, SwapFree: 40861944 kB
INFO [2026-03-16 13:57:34] Memory: Total: 61649012 kB, Available: 58305684 kB, Active: 2352576 kB, SwapTotal: 40894456 kB, SwapFree: 40861944 kB
INFO [2026-03-16 13:57:34] Memory: Total: 61649012 kB, Available: 58305684 kB, Active: 2352576 kB, SwapTotal: 40894456 kB, SwapFree: 40861944 kB
INFO [2026-03-16 13:57:34] Memory: Total: 61649012 kB, Available: 58303668 kB, Active: 2353444 kB, SwapTotal: 40894456 kB, SwapFree: 40861944 kB
INFO [2026-03-16 13:57:34] Memory: Total: 61649012 kB, Available: 58303668 kB, Active: 2353736 kB, SwapTotal: 40894456 kB, SwapFree: 40861944 kB
INFO [2026-03-16 13:57:34] Memory: Total: 61649012 kB, Available: 58303668 kB, Active: 2353736 kB, SwapTotal: 40894456 kB, SwapFree: 40861944 kB
INFO [2026-03-16 13:57:34] Memory: Total: 61649012 kB, Available: 58303668 kB, Active: 2354728 kB, SwapTotal: 40894456 kB, SwapFree: 40861944 kB
INFO [2026-03-16 13:57:34] Memory: Total: 61649012 kB, Available: 58303668 kB, Active: 2354728 kB, SwapTotal: 40894456 kB, SwapFree: 40861944 kB
INFO [2026-03-16 13:57:34] Memory: Total: 61649012 kB, Available: 58303668 kB, Active: 2354852 kB, SwapTotal: 40894456 kB, SwapFree: 40861944 kB
INFO [2026-03-16 13:57:35] Memory: Total: 61649012 kB, Available: 58299640 kB, Active: 2356384 kB, SwapTotal: 40894456 kB, SwapFree: 40861944 kB
INFO [2026-03-16 13:57:35] Memory: Total: 61649012 kB, Available: 58299640 kB, Active: 2356256 kB, SwapTotal: 40894456 kB, SwapFree: 40861944 kB
INFO [2026-03-16 13:57:35] Memory: Total: 61649012 kB, Available: 58299640 kB, Active: 2356256 kB, SwapTotal: 40894456 kB, SwapFree: 40861944 kB
INFO [2026-03-16 13:57:35] Memory: Total: 61649012 kB, Available: 58299640 kB, Active: 2357000 kB, SwapTotal: 40894456 kB, SwapFree: 40861944 kB
INFO [2026-03-16 13:57:35] Memory: Total: 61649012 kB, Available: 58299640 kB, Active: 2357256 kB, SwapTotal: 40894456 kB, SwapFree: 40861944 kB
INFO [2026-03-16 13:57:35] Memory: Total: 61649012 kB, Available: 58299640 kB, Active: 2357256 kB, SwapTotal: 40894456 kB, SwapFree: 40861944 kB
INFO [2026-03-16 13:57:35] Memory: Total: 61649012 kB, Available: 58299640 kB, Active: 2358516 kB, SwapTotal: 40894456 kB, SwapFree: 40861944 kB
INFO [2026-03-16 13:57:35] Memory: Total: 61649012 kB, Available: 58299640 kB, Active: 2358408 kB, SwapTotal: 40894456 kB, SwapFree: 40861944 kB
INFO [2026-03-16 13:57:35] Memory: Total: 61649012 kB, Available: 58299640 kB, Active: 2358480 kB, SwapTotal: 40894456 kB, SwapFree: 40861944 kB
INFO [2026-03-16 13:57:36] Memory: Total: 61649012 kB, Available: 58299640 kB, Active: 2359100 kB, SwapTotal: 40894456 kB, SwapFree: 40861944 kB
INFO [2026-03-16 13:57:36] Memory: Total: 61649012 kB, Available: 58299640 kB, Active: 2359224 kB, SwapTotal: 40894456 kB, SwapFree: 40861944 kB
INFO [2026-03-16 13:57:36] Memory: Total: 61649012 kB, Available: 58299640 kB, Active: 2359264 kB, SwapTotal: 40894456 kB, SwapFree: 40861944 kB
INFO [2026-03-16 13:57:37] Memory: Total: 61649012 kB, Available: 55992468 kB, Active: 4670728 kB, SwapTotal: 40894456 kB, SwapFree: 40861944 kB
INFO [2026-03-16 13:57:37] Memory: Total: 61649012 kB, Available: 55985828 kB, Active: 4676560 kB, SwapTotal: 40894456 kB, SwapFree: 40861944 kB
INFO [2026-03-16 13:57:37] Memory: Total: 61649012 kB, Available: 55985828 kB, Active: 4676560 kB, SwapTotal: 40894456 kB, SwapFree: 40861944 kB
INFO [2026-03-16 13:57:38] Memory: Total: 61649012 kB, Available: 55819084 kB, Active: 4838436 kB, SwapTotal: 40894456 kB, SwapFree: 40861944 kB
INFO [2026-03-16 13:57:38] Memory: Total: 61649012 kB, Available: 55818836 kB, Active: 4838436 kB, SwapTotal: 40894456 kB, SwapFree: 40861944 kB
INFO [2026-03-16 13:57:38] Memory: Total: 61649012 kB, Available: 55818836 kB, Active: 4838436 kB, SwapTotal: 40894456 kB, SwapFree: 40861944 kB
INFO [2026-03-16 13:57:38] Memory: Total: 61649012 kB, Available: 55818836 kB, Active: 4838436 kB, SwapTotal: 40894456 kB, SwapFree: 40861944 kB
INFO [2026-03-16 13:57:38] Memory: Total: 61649012 kB, Available: 55818836 kB, Active: 4838436 kB, SwapTotal: 40894456 kB, SwapFree: 40861944 kB
INFO [2026-03-16 13:57:38] Memory: Total: 61649012 kB, Available: 55818836 kB, Active: 4838436 kB, SwapTotal: 40894456 kB, SwapFree: 40861944 kB
INFO [2026-03-16 13:57:38] Memory: Total: 61649012 kB, Available: 55818832 kB, Active: 4838728 kB, SwapTotal: 40894456 kB, SwapFree: 40861944 kB
INFO [2026-03-16 13:57:38] Memory: Total: 61649012 kB, Available: 55818832 kB, Active: 4838728 kB, SwapTotal: 40894456 kB, SwapFree: 40861944 kB
INFO [2026-03-16 13:57:38] Memory: Total: 61649012 kB, Available: 55818832 kB, Active: 4838728 kB, SwapTotal: 40894456 kB, SwapFree: 40861944 kB
INFO [2026-03-16 13:57:39] Memory: Total: 61649012 kB, Available: 55818956 kB, Active: 4839164 kB, SwapTotal: 40894456 kB, SwapFree: 40861944 kB
INFO [2026-03-16 13:57:39] Memory: Total: 61649012 kB, Available: 55818956 kB, Active: 4839164 kB, SwapTotal: 40894456 kB, SwapFree: 40861944 kB
INFO [2026-03-16 13:57:39] Memory: Total: 61649012 kB, Available: 55818956 kB, Active: 4839164 kB, SwapTotal: 40894456 kB, SwapFree: 40861944 kB
INFO [2026-03-16 13:57:39] Memory: Total: 61649012 kB, Available: 55818956 kB, Active: 4839164 kB, SwapTotal: 40894456 kB, SwapFree: 40861944 kB
INFO [2026-03-16 13:57:39] Memory: Total: 61649012 kB, Available: 55818956 kB, Active: 4839164 kB, SwapTotal: 40894456 kB, SwapFree: 40861944 kB
INFO [2026-03-16 13:57:39] Memory: Total: 61649012 kB, Available: 55818956 kB, Active: 4839164 kB, SwapTotal: 40894456 kB, SwapFree: 40861944 kB
INFO [2026-03-16 13:57:39] Memory: Total: 61649012 kB, Available: 55818956 kB, Active: 4839164 kB, SwapTotal: 40894456 kB, SwapFree: 40861944 kB
INFO [2026-03-16 13:57:39] Memory: Total: 61649012 kB, Available: 55818960 kB, Active: 4839244 kB, SwapTotal: 40894456 kB, SwapFree: 40861944 kB
INFO [2026-03-16 13:57:39] Memory: Total: 61649012 kB, Available: 55818960 kB, Active: 4839244 kB, SwapTotal: 40894456 kB, SwapFree: 40861944 kB
INFO [2026-03-16 13:57:40] Memory: Total: 61649012 kB, Available: 55818960 kB, Active: 4839244 kB, SwapTotal: 40894456 kB, SwapFree: 40861944 kB
INFO [2026-03-16 13:57:40] Memory: Total: 61649012 kB, Available: 55818960 kB, Active: 4839244 kB, SwapTotal: 40894456 kB, SwapFree: 40861944 kB
INFO [2026-03-16 13:57:40] Memory: Total: 61649012 kB, Available: 55818960 kB, Active: 4839244 kB, SwapTotal: 40894456 kB, SwapFree: 40861944 kB
INFO [2026-03-16 13:57:40] Memory: Total: 61649012 kB, Available: 55818960 kB, Active: 4839244 kB, SwapTotal: 40894456 kB, SwapFree: 40861944 kB
INFO [2026-03-16 13:57:40] Memory: Total: 61649012 kB, Available: 55818960 kB, Active: 4839244 kB, SwapTotal: 40894456 kB, SwapFree: 40861944 kB
INFO [2026-03-16 13:57:40] Memory: Total: 61649012 kB, Available: 55818960 kB, Active: 4839244 kB, SwapTotal: 40894456 kB, SwapFree: 40861944 kB
INFO [2026-03-16 13:57:40] Memory: Total: 61649012 kB, Available: 55818960 kB, Active: 4839284 kB, SwapTotal: 40894456 kB, SwapFree: 40861944 kB
INFO [2026-03-16 13:57:41] Memory: Total: 61649012 kB, Available: 55818960 kB, Active: 4839284 kB, SwapTotal: 40894456 kB, SwapFree: 40861944 kB
INFO [2026-03-16 13:57:41] Memory: Total: 61649012 kB, Available: 55818960 kB, Active: 4839284 kB, SwapTotal: 40894456 kB, SwapFree: 40861944 kB
INFO [2026-03-16 13:57:41] Memory: Total: 61649012 kB, Available: 55818964 kB, Active: 4839284 kB, SwapTotal: 40894456 kB, SwapFree: 40861944 kB
INFO [2026-03-16 13:57:41] Memory: Total: 61649012 kB, Available: 55818964 kB, Active: 4839284 kB, SwapTotal: 40894456 kB, SwapFree: 40861944 kB
INFO [2026-03-16 13:57:41] Memory: Total: 61649012 kB, Available: 55818964 kB, Active: 4839284 kB, SwapTotal: 40894456 kB, SwapFree: 40861944 kB
INFO [2026-03-16 13:57:41] Memory: Total: 61649012 kB, Available: 55818964 kB, Active: 4839608 kB, SwapTotal: 40894456 kB, SwapFree: 40861944 kB
INFO [2026-03-16 13:57:41] Memory: Total: 61649012 kB, Available: 55818964 kB, Active: 4839608 kB, SwapTotal: 40894456 kB, SwapFree: 40861944 kB
INFO [2026-03-16 13:57:41] Memory: Total: 61649012 kB, Available: 55818964 kB, Active: 4839416 kB, SwapTotal: 40894456 kB, SwapFree: 40861944 kB
INFO [2026-03-16 13:57:42] Memory: Total: 61649012 kB, Available: 55818964 kB, Active: 4839492 kB, SwapTotal: 40894456 kB, SwapFree: 40861944 kB
INFO [2026-03-16 13:57:42] Memory: Total: 61649012 kB, Available: 55818964 kB, Active: 4839492 kB, SwapTotal: 40894456 kB, SwapFree: 40861944 kB
INFO [2026-03-16 13:57:42] Memory: Total: 61649012 kB, Available: 55818972 kB, Active: 4839492 kB, SwapTotal: 40894456 kB, SwapFree: 40861944 kB
INFO [2026-03-16 13:57:42] Memory: Total: 61649012 kB, Available: 55818972 kB, Active: 4839492 kB, SwapTotal: 40894456 kB, SwapFree: 40861944 kB
INFO [2026-03-16 13:57:42] Memory: Total: 61649012 kB, Available: 55818972 kB, Active: 4839492 kB, SwapTotal: 40894456 kB, SwapFree: 40861944 kB
INFO [2026-03-16 13:57:42] Memory: Total: 61649012 kB, Available: 55818972 kB, Active: 4839492 kB, SwapTotal: 40894456 kB, SwapFree: 40861944 kB
INFO [2026-03-16 13:57:42] Memory: Total: 61649012 kB, Available: 55818972 kB, Active: 4839492 kB, SwapTotal: 40894456 kB, SwapFree: 40861944 kB
INFO [2026-03-16 13:57:42] Memory: Total: 61649012 kB, Available: 55818972 kB, Active: 4839492 kB, SwapTotal: 40894456 kB, SwapFree: 40861944 kB
INFO [2026-03-16 13:57:42] Memory: Total: 61649012 kB, Available: 55818972 kB, Active: 4839988 kB, SwapTotal: 40894456 kB, SwapFree: 40861944 kB
INFO [2026-03-16 13:57:43] Memory: Total: 61649012 kB, Available: 55818972 kB, Active: 4839700 kB, SwapTotal: 40894456 kB, SwapFree: 40861944 kB
INFO [2026-03-16 13:57:43] Memory: Total: 61649012 kB, Available: 55818972 kB, Active: 4839700 kB, SwapTotal: 40894456 kB, SwapFree: 40861944 kB
INFO [2026-03-16 13:57:43] Memory: Total: 61649012 kB, Available: 55818972 kB, Active: 4839700 kB, SwapTotal: 40894456 kB, SwapFree: 40861944 kB
INFO [2026-03-16 13:57:43] Memory: Total: 61649012 kB, Available: 55818972 kB, Active: 4839700 kB, SwapTotal: 40894456 kB, SwapFree: 40861944 kB
INFO [2026-03-16 13:57:43] Memory: Total: 61649012 kB, Available: 55818972 kB, Active: 4839700 kB, SwapTotal: 40894456 kB, SwapFree: 40861944 kB
INFO [2026-03-16 13:57:43] Memory: Total: 61649012 kB, Available: 55818972 kB, Active: 4839700 kB, SwapTotal: 40894456 kB, SwapFree: 40861944 kB
INFO [2026-03-16 13:57:43] Memory: Total: 61649012 kB, Available: 55818976 kB, Active: 4839984 kB, SwapTotal: 40894456 kB, SwapFree: 40861944 kB
INFO [2026-03-16 13:57:43] Memory: Total: 61649012 kB, Available: 55818976 kB, Active: 4839984 kB, SwapTotal: 40894456 kB, SwapFree: 40861944 kB
INFO [2026-03-16 13:57:44] Memory: Total: 61649012 kB, Available: 55818976 kB, Active: 4839824 kB, SwapTotal: 40894456 kB, SwapFree: 40861944 kB
INFO [2026-03-16 13:57:44] Memory: Total: 61649012 kB, Available: 55818976 kB, Active: 4839824 kB, SwapTotal: 40894456 kB, SwapFree: 40861944 kB
INFO [2026-03-16 13:57:44] Memory: Total: 61649012 kB, Available: 55818976 kB, Active: 4839824 kB, SwapTotal: 40894456 kB, SwapFree: 40861944 kB
INFO [2026-03-16 13:57:44] Memory: Total: 61649012 kB, Available: 55818976 kB, Active: 4839824 kB, SwapTotal: 40894456 kB, SwapFree: 40861944 kB
INFO [2026-03-16 13:57:44] Memory: Total: 61649012 kB, Available: 55818976 kB, Active: 4840336 kB, SwapTotal: 40894456 kB, SwapFree: 40861944 kB
INFO [2026-03-16 13:57:44] Memory: Total: 61649012 kB, Available: 55818976 kB, Active: 4840020 kB, SwapTotal: 40894456 kB, SwapFree: 40861944 kB
INFO [2026-03-16 13:57:44] Memory: Total: 61649012 kB, Available: 55818976 kB, Active: 4840020 kB, SwapTotal: 40894456 kB, SwapFree: 40861944 kB
INFO [2026-03-16 13:57:45] Memory: Total: 61649012 kB, Available: 55818976 kB, Active: 4840020 kB, SwapTotal: 40894456 kB, SwapFree: 40861944 kB
INFO [2026-03-16 13:57:45] Memory: Total: 61649012 kB, Available: 55818976 kB, Active: 4840076 kB, SwapTotal: 40894456 kB, SwapFree: 40861944 kB
INFO [2026-03-16 13:57:45] Memory: Total: 61649012 kB, Available: 55818976 kB, Active: 4840020 kB, SwapTotal: 40894456 kB, SwapFree: 40861944 kB
INFO [2026-03-16 13:57:45] Memory: Total: 61649012 kB, Available: 55818976 kB, Active: 4840020 kB, SwapTotal: 40894456 kB, SwapFree: 40861944 kB
INFO [2026-03-16 13:57:45] Memory: Total: 61649012 kB, Available: 55818976 kB, Active: 4840020 kB, SwapTotal: 40894456 kB, SwapFree: 40861944 kB
INFO [2026-03-16 13:57:45] Memory: Total: 61649012 kB, Available: 55818976 kB, Active: 4840020 kB, SwapTotal: 40894456 kB, SwapFree: 40861944 kB
INFO [2026-03-16 13:57:45] Memory: Total: 61649012 kB, Available: 55818976 kB, Active: 4840020 kB, SwapTotal: 40894456 kB, SwapFree: 40861944 kB
INFO [2026-03-16 13:57:45] Memory: Total: 61649012 kB, Available: 55818976 kB, Active: 4840020 kB, SwapTotal: 40894456 kB, SwapFree: 40861944 kB
INFO [2026-03-16 13:57:45] Memory: Total: 61649012 kB, Available: 55818976 kB, Active: 4840020 kB, SwapTotal: 40894456 kB, SwapFree: 40861944 kB
INFO [2026-03-16 13:57:46] Memory: Total: 61649012 kB, Available: 55818976 kB, Active: 4840116 kB, SwapTotal: 40894456 kB, SwapFree: 40861944 kB
INFO [2026-03-16 13:57:46] Memory: Total: 61649012 kB, Available: 55818976 kB, Active: 4840060 kB, SwapTotal: 40894456 kB, SwapFree: 40861944 kB
INFO [2026-03-16 13:57:46] Memory: Total: 61649012 kB, Available: 55818976 kB, Active: 4840060 kB, SwapTotal: 40894456 kB, SwapFree: 40861944 kB
INFO [2026-03-16 13:57:46] Memory: Total: 61649012 kB, Available: 55818980 kB, Active: 4840060 kB, SwapTotal: 40894456 kB, SwapFree: 40861944 kB
INFO [2026-03-16 13:57:46] Memory: Total: 61649012 kB, Available: 55818980 kB, Active: 4840060 kB, SwapTotal: 40894456 kB, SwapFree: 40861944 kB
INFO [2026-03-16 13:57:46] Memory: Total: 61649012 kB, Available: 55818980 kB, Active: 4840060 kB, SwapTotal: 40894456 kB, SwapFree: 40861944 kB
INFO [2026-03-16 13:57:46] Memory: Total: 61649012 kB, Available: 55818980 kB, Active: 4840060 kB, SwapTotal: 40894456 kB, SwapFree: 40861944 kB
INFO [2026-03-16 13:57:46] Memory: Total: 61649012 kB, Available: 55818980 kB, Active: 4840060 kB, SwapTotal: 40894456 kB, SwapFree: 40861944 kB
INFO [2026-03-16 13:57:46] Memory: Total: 61649012 kB, Available: 55818980 kB, Active: 4840060 kB, SwapTotal: 40894456 kB, SwapFree: 40861944 kB
INFO [2026-03-16 13:57:47] Memory: Total: 61649012 kB, Available: 55818980 kB, Active: 4840060 kB, SwapTotal: 40894456 kB, SwapFree: 40861944 kB
INFO [2026-03-16 13:57:47] Memory: Total: 61649012 kB, Available: 55818980 kB, Active: 4840060 kB, SwapTotal: 40894456 kB, SwapFree: 40861944 kB
INFO [2026-03-16 13:57:47] Memory: Total: 61649012 kB, Available: 55818980 kB, Active: 4840060 kB, SwapTotal: 40894456 kB, SwapFree: 40861944 kB
INFO [2026-03-16 13:57:47] Memory: Total: 61649012 kB, Available: 55818980 kB, Active: 4840060 kB, SwapTotal: 40894456 kB, SwapFree: 40861944 kB
INFO [2026-03-16 13:57:47] Memory: Total: 61649012 kB, Available: 55818628 kB, Active: 4840060 kB, SwapTotal: 40894456 kB, SwapFree: 40861944 kB
INFO [2026-03-16 13:57:47] Memory: Total: 61649012 kB, Available: 55818256 kB, Active: 4840060 kB, SwapTotal: 40894456 kB, SwapFree: 40861944 kB
INFO [2026-03-16 13:57:47] Memory: Total: 61649012 kB, Available: 55818488 kB, Active: 4840060 kB, SwapTotal: 40894456 kB, SwapFree: 40861944 kB
INFO [2026-03-16 13:57:47] Memory: Total: 61649012 kB, Available: 55818488 kB, Active: 4840060 kB, SwapTotal: 40894456 kB, SwapFree: 40861944 kB
INFO [2026-03-16 13:57:48] Memory: Total: 61649012 kB, Available: 55818488 kB, Active: 4840060 kB, SwapTotal: 40894456 kB, SwapFree: 40861944 kB
INFO [2026-03-16 13:57:48] Memory: Total: 61649012 kB, Available: 55818488 kB, Active: 4840060 kB, SwapTotal: 40894456 kB, SwapFree: 40861944 kB
INFO [2026-03-16 13:57:48] Memory: Total: 61649012 kB, Available: 55818488 kB, Active: 4840060 kB, SwapTotal: 40894456 kB, SwapFree: 40861944 kB
INFO [2026-03-16 13:57:48] Memory: Total: 61649012 kB, Available: 55818488 kB, Active: 4840060 kB, SwapTotal: 40894456 kB, SwapFree: 40861944 kB
INFO [2026-03-16 13:57:48] Memory: Total: 61649012 kB, Available: 55818488 kB, Active: 4840060 kB, SwapTotal: 40894456 kB, SwapFree: 40861944 kB
INFO [2026-03-16 13:57:48] Memory: Total: 61649012 kB, Available: 55818488 kB, Active: 4840060 kB, SwapTotal: 40894456 kB, SwapFree: 40861944 kB
INFO [2026-03-16 13:57:48] Memory: Total: 61649012 kB, Available: 55818488 kB, Active: 4840060 kB, SwapTotal: 40894456 kB, SwapFree: 40861944 kB
INFO [2026-03-16 13:57:49] Memory: Total: 61649012 kB, Available: 55818488 kB, Active: 4840356 kB, SwapTotal: 40894456 kB, SwapFree: 40861944 kB
INFO [2026-03-16 13:57:49] Memory: Total: 61649012 kB, Available: 55818488 kB, Active: 4840068 kB, SwapTotal: 40894456 kB, SwapFree: 40861944 kB
INFO [2026-03-16 13:57:49] Memory: Total: 61649012 kB, Available: 55818488 kB, Active: 4840068 kB, SwapTotal: 40894456 kB, SwapFree: 40861944 kB
INFO [2026-03-16 13:57:49] Memory: Total: 61649012 kB, Available: 55818488 kB, Active: 4840068 kB, SwapTotal: 40894456 kB, SwapFree: 40861944 kB
INFO [2026-03-16 13:57:49] Memory: Total: 61649012 kB, Available: 55818488 kB, Active: 4840068 kB, SwapTotal: 40894456 kB, SwapFree: 40861944 kB
INFO [2026-03-16 13:57:49] Memory: Total: 61649012 kB, Available: 55818488 kB, Active: 4840068 kB, SwapTotal: 40894456 kB, SwapFree: 40861944 kB
INFO [2026-03-16 13:57:49] Memory: Total: 61649012 kB, Available: 55818488 kB, Active: 4840068 kB, SwapTotal: 40894456 kB, SwapFree: 40861944 kB
INFO [2026-03-16 13:57:49] Memory: Total: 61649012 kB, Available: 55818488 kB, Active: 4840068 kB, SwapTotal: 40894456 kB, SwapFree: 40861944 kB
INFO [2026-03-16 13:57:49] Memory: Total: 61649012 kB, Available: 55818492 kB, Active: 4840260 kB, SwapTotal: 40894456 kB, SwapFree: 40861944 kB
INFO [2026-03-16 13:57:50] Memory: Total: 61649012 kB, Available: 55818492 kB, Active: 4840108 kB, SwapTotal: 40894456 kB, SwapFree: 40861944 kB
INFO [2026-03-16 13:57:50] Memory: Total: 61649012 kB, Available: 55818492 kB, Active: 4840396 kB, SwapTotal: 40894456 kB, SwapFree: 40861944 kB
INFO [2026-03-16 13:57:50] Memory: Total: 61649012 kB, Available: 55818492 kB, Active: 4840212 kB, SwapTotal: 40894456 kB, SwapFree: 40861944 kB
INFO [2026-03-16 13:57:50] Memory: Total: 61649012 kB, Available: 55818492 kB, Active: 4840212 kB, SwapTotal: 40894456 kB, SwapFree: 40861944 kB
INFO [2026-03-16 13:57:50] Memory: Total: 61649012 kB, Available: 55818492 kB, Active: 4840212 kB, SwapTotal: 40894456 kB, SwapFree: 40861944 kB
INFO [2026-03-16 13:57:50] Memory: Total: 61649012 kB, Available: 55818492 kB, Active: 4840212 kB, SwapTotal: 40894456 kB, SwapFree: 40861944 kB
INFO [2026-03-16 13:57:50] Memory: Total: 61649012 kB, Available: 55818492 kB, Active: 4840216 kB, SwapTotal: 40894456 kB, SwapFree: 40861944 kB
INFO [2026-03-16 13:57:50] Memory: Total: 61649012 kB, Available: 55818492 kB, Active: 4840216 kB, SwapTotal: 40894456 kB, SwapFree: 40861944 kB
INFO [2026-03-16 13:57:50] Memory: Total: 61649012 kB, Available: 55818492 kB, Active: 4840500 kB, SwapTotal: 40894456 kB, SwapFree: 40861944 kB
INFO [2026-03-16 13:57:51] Memory: Total: 61649012 kB, Available: 55818492 kB, Active: 4840216 kB, SwapTotal: 40894456 kB, SwapFree: 40861944 kB
INFO [2026-03-16 13:57:51] Memory: Total: 61649012 kB, Available: 55818492 kB, Active: 4840216 kB, SwapTotal: 40894456 kB, SwapFree: 40861944 kB
INFO [2026-03-16 13:57:51] Memory: Total: 61649012 kB, Available: 55818492 kB, Active: 4840216 kB, SwapTotal: 40894456 kB, SwapFree: 40861944 kB
INFO [2026-03-16 13:57:51] Memory: Total: 61649012 kB, Available: 55818492 kB, Active: 4840216 kB, SwapTotal: 40894456 kB, SwapFree: 40861944 kB
INFO [2026-03-16 13:57:51] Memory: Total: 61649012 kB, Available: 55818492 kB, Active: 4840216 kB, SwapTotal: 40894456 kB, SwapFree: 40861944 kB
INFO [2026-03-16 13:57:51] Memory: Total: 61649012 kB, Available: 55818492 kB, Active: 4840216 kB, SwapTotal: 40894456 kB, SwapFree: 40861944 kB
INFO [2026-03-16 13:57:52] Memory: Total: 61649012 kB, Available: 55818492 kB, Active: 4840380 kB, SwapTotal: 40894456 kB, SwapFree: 40861944 kB
INFO [2026-03-16 13:57:52] Memory: Total: 61649012 kB, Available: 55818492 kB, Active: 4840664 kB, SwapTotal: 40894456 kB, SwapFree: 40861944 kB
INFO [2026-03-16 13:57:52] Memory: Total: 61649012 kB, Available: 55818492 kB, Active: 4840228 kB, SwapTotal: 40894456 kB, SwapFree: 40861944 kB
INFO [2026-03-16 13:57:52] Memory: Total: 61649012 kB, Available: 55818492 kB, Active: 4840228 kB, SwapTotal: 40894456 kB, SwapFree: 40861944 kB
INFO [2026-03-16 13:57:52] Memory: Total: 61649012 kB, Available: 55818492 kB, Active: 4840228 kB, SwapTotal: 40894456 kB, SwapFree: 40861944 kB
INFO [2026-03-16 13:57:52] Memory: Total: 61649012 kB, Available: 55818492 kB, Active: 4840228 kB, SwapTotal: 40894456 kB, SwapFree: 40861944 kB
INFO [2026-03-16 13:57:52] Memory: Total: 61649012 kB, Available: 55818492 kB, Active: 4840228 kB, SwapTotal: 40894456 kB, SwapFree: 40861944 kB
INFO [2026-03-16 13:57:52] Memory: Total: 61649012 kB, Available: 55818492 kB, Active: 4840228 kB, SwapTotal: 40894456 kB, SwapFree: 40861944 kB
INFO [2026-03-16 13:57:52] Memory: Total: 61649012 kB, Available: 55818492 kB, Active: 4840228 kB, SwapTotal: 40894456 kB, SwapFree: 40861944 kB
INFO [2026-03-16 13:57:53] Memory: Total: 61649012 kB, Available: 55818492 kB, Active: 4840512 kB, SwapTotal: 40894456 kB, SwapFree: 40861944 kB
INFO [2026-03-16 13:57:53] Memory: Total: 61649012 kB, Available: 55818492 kB, Active: 4840228 kB, SwapTotal: 40894456 kB, SwapFree: 40861944 kB
INFO [2026-03-16 13:57:53] Memory: Total: 61649012 kB, Available: 55818492 kB, Active: 4840228 kB, SwapTotal: 40894456 kB, SwapFree: 40861944 kB
INFO [2026-03-16 13:57:53] Memory: Total: 61649012 kB, Available: 55818492 kB, Active: 4840512 kB, SwapTotal: 40894456 kB, SwapFree: 40861944 kB
INFO [2026-03-16 13:57:53] Memory: Total: 61649012 kB, Available: 55818492 kB, Active: 4840228 kB, SwapTotal: 40894456 kB, SwapFree: 40861944 kB
INFO [2026-03-16 13:57:53] Memory: Total: 61649012 kB, Available: 55818492 kB, Active: 4840228 kB, SwapTotal: 40894456 kB, SwapFree: 40861944 kB
INFO [2026-03-16 13:57:53] Memory: Total: 61649012 kB, Available: 55818496 kB, Active: 4840344 kB, SwapTotal: 40894456 kB, SwapFree: 40861944 kB
INFO [2026-03-16 13:57:53] Memory: Total: 61649012 kB, Available: 55818496 kB, Active: 4840344 kB, SwapTotal: 40894456 kB, SwapFree: 40861944 kB
INFO [2026-03-16 13:57:53] Memory: Total: 61649012 kB, Available: 55818496 kB, Active: 4840344 kB, SwapTotal: 40894456 kB, SwapFree: 40861944 kB
INFO [2026-03-16 13:57:54] Memory: Total: 61649012 kB, Available: 55818496 kB, Active: 4840400 kB, SwapTotal: 40894456 kB, SwapFree: 40861944 kB
INFO [2026-03-16 13:57:54] Memory: Total: 61649012 kB, Available: 55818496 kB, Active: 4840344 kB, SwapTotal: 40894456 kB, SwapFree: 40861944 kB
INFO [2026-03-16 13:57:54] Memory: Total: 61649012 kB, Available: 55818496 kB, Active: 4840344 kB, SwapTotal: 40894456 kB, SwapFree: 40861944 kB
INFO [2026-03-16 13:57:54] Memory: Total: 61649012 kB, Available: 55818496 kB, Active: 4840344 kB, SwapTotal: 40894456 kB, SwapFree: 40861944 kB
INFO [2026-03-16 13:57:54] Memory: Total: 61649012 kB, Available: 55818496 kB, Active: 4840344 kB, SwapTotal: 40894456 kB, SwapFree: 40861944 kB
INFO [2026-03-16 13:57:54] Memory: Total: 61649012 kB, Available: 55818496 kB, Active: 4840344 kB, SwapTotal: 40894456 kB, SwapFree: 40861944 kB
INFO [2026-03-16 13:57:54] Memory: Total: 61649012 kB, Available: 55818496 kB, Active: 4840388 kB, SwapTotal: 40894456 kB, SwapFree: 40861944 kB
INFO [2026-03-16 13:57:54] Memory: Total: 61649012 kB, Available: 55818496 kB, Active: 4840384 kB, SwapTotal: 40894456 kB, SwapFree: 40861944 kB
INFO [2026-03-16 13:57:55] Memory: Total: 61649012 kB, Available: 55818496 kB, Active: 4840384 kB, SwapTotal: 40894456 kB, SwapFree: 40861944 kB
INFO [2026-03-16 13:57:55] Memory: Total: 61649012 kB, Available: 55818496 kB, Active: 4840384 kB, SwapTotal: 40894456 kB, SwapFree: 40861944 kB
INFO [2026-03-16 13:57:55] Memory: Total: 61649012 kB, Available: 55818496 kB, Active: 4840384 kB, SwapTotal: 40894456 kB, SwapFree: 40861944 kB
INFO [2026-03-16 13:57:55] Memory: Total: 61649012 kB, Available: 55818496 kB, Active: 4840384 kB, SwapTotal: 40894456 kB, SwapFree: 40861944 kB
INFO [2026-03-16 13:57:55] Memory: Total: 61649012 kB, Available: 55818496 kB, Active: 4840384 kB, SwapTotal: 40894456 kB, SwapFree: 40861944 kB
INFO [2026-03-16 13:57:55] Memory: Total: 61649012 kB, Available: 55818496 kB, Active: 4840384 kB, SwapTotal: 40894456 kB, SwapFree: 40861944 kB
INFO [2026-03-16 13:57:55] Memory: Total: 61649012 kB, Available: 55818496 kB, Active: 4840384 kB, SwapTotal: 40894456 kB, SwapFree: 40861944 kB
INFO [2026-03-16 13:57:56] Memory: Total: 61649012 kB, Available: 55818496 kB, Active: 4840460 kB, SwapTotal: 40894456 kB, SwapFree: 40861944 kB
INFO [2026-03-16 13:57:56] Memory: Total: 61649012 kB, Available: 55818496 kB, Active: 4840460 kB, SwapTotal: 40894456 kB, SwapFree: 40861944 kB
INFO [2026-03-16 13:57:56] Memory: Total: 61649012 kB, Available: 55818496 kB, Active: 4840460 kB, SwapTotal: 40894456 kB, SwapFree: 40861944 kB
INFO [2026-03-16 13:57:56] Memory: Total: 61649012 kB, Available: 55818496 kB, Active: 4840460 kB, SwapTotal: 40894456 kB, SwapFree: 40861944 kB
INFO [2026-03-16 13:57:56] Memory: Total: 61649012 kB, Available: 55818496 kB, Active: 4840460 kB, SwapTotal: 40894456 kB, SwapFree: 40861944 kB
INFO [2026-03-16 13:57:56] Memory: Total: 61649012 kB, Available: 55818496 kB, Active: 4840460 kB, SwapTotal: 40894456 kB, SwapFree: 40861944 kB
INFO [2026-03-16 13:57:56] Memory: Total: 61649012 kB, Available: 55818496 kB, Active: 4840460 kB, SwapTotal: 40894456 kB, SwapFree: 40861944 kB
INFO [2026-03-16 13:57:56] Memory: Total: 61649012 kB, Available: 55818496 kB, Active: 4840460 kB, SwapTotal: 40894456 kB, SwapFree: 40861944 kB
INFO [2026-03-16 13:57:56] Memory: Total: 61649012 kB, Available: 55818500 kB, Active: 4840500 kB, SwapTotal: 40894456 kB, SwapFree: 40861944 kB
INFO [2026-03-16 13:57:57] Memory: Total: 61649012 kB, Available: 55818500 kB, Active: 4840824 kB, SwapTotal: 40894456 kB, SwapFree: 40861944 kB
INFO [2026-03-16 13:57:57] Memory: Total: 61649012 kB, Available: 55818500 kB, Active: 4840540 kB, SwapTotal: 40894456 kB, SwapFree: 40861944 kB
INFO [2026-03-16 13:57:57] Memory: Total: 61649012 kB, Available: 55818500 kB, Active: 4840540 kB, SwapTotal: 40894456 kB, SwapFree: 40861944 kB
INFO [2026-03-16 13:57:57] Memory: Total: 61649012 kB, Available: 55818500 kB, Active: 4840540 kB, SwapTotal: 40894456 kB, SwapFree: 40861944 kB
INFO [2026-03-16 13:57:57] Memory: Total: 61649012 kB, Available: 55818500 kB, Active: 4840540 kB, SwapTotal: 40894456 kB, SwapFree: 40861944 kB
INFO [2026-03-16 13:57:57] Memory: Total: 61649012 kB, Available: 55818500 kB, Active: 4840540 kB, SwapTotal: 40894456 kB, SwapFree: 40861944 kB
INFO [2026-03-16 13:57:57] Memory: Total: 61649012 kB, Available: 55818500 kB, Active: 4840648 kB, SwapTotal: 40894456 kB, SwapFree: 40861944 kB
INFO [2026-03-16 13:57:57] Memory: Total: 61649012 kB, Available: 55818500 kB, Active: 4840588 kB, SwapTotal: 40894456 kB, SwapFree: 40861944 kB
INFO [2026-03-16 13:57:57] Memory: Total: 61649012 kB, Available: 55818500 kB, Active: 4840588 kB, SwapTotal: 40894456 kB, SwapFree: 40861944 kB
INFO [2026-03-16 13:57:58] Memory: Total: 61649012 kB, Available: 55818500 kB, Active: 4840912 kB, SwapTotal: 40894456 kB, SwapFree: 40861944 kB
INFO [2026-03-16 13:57:58] Memory: Total: 61649012 kB, Available: 55818500 kB, Active: 4840720 kB, SwapTotal: 40894456 kB, SwapFree: 40861944 kB
INFO [2026-03-16 13:57:58] Memory: Total: 61649012 kB, Available: 55818500 kB, Active: 4840720 kB, SwapTotal: 40894456 kB, SwapFree: 40861944 kB
INFO [2026-03-16 13:57:58] Memory: Total: 61649012 kB, Available: 55818500 kB, Active: 4840720 kB, SwapTotal: 40894456 kB, SwapFree: 40861944 kB
INFO [2026-03-16 13:57:58] Memory: Total: 61649012 kB, Available: 55818500 kB, Active: 4840720 kB, SwapTotal: 40894456 kB, SwapFree: 40861944 kB
INFO [2026-03-16 13:57:58] Memory: Total: 61649012 kB, Available: 55818500 kB, Active: 4840720 kB, SwapTotal: 40894456 kB, SwapFree: 40861944 kB
INFO [2026-03-16 13:57:58] Memory: Total: 61649012 kB, Available: 55818500 kB, Active: 4840880 kB, SwapTotal: 40894456 kB, SwapFree: 40861944 kB
INFO [2026-03-16 13:57:59] Memory: Total: 61649012 kB, Available: 55819472 kB, Active: 4839752 kB, SwapTotal: 40894456 kB, SwapFree: 40861944 kB
INFO [2026-03-16 13:57:59] Memory: Total: 61649012 kB, Available: 55819468 kB, Active: 4839568 kB, SwapTotal: 40894456 kB, SwapFree: 40861944 kB
INFO [2026-03-16 13:57:59] Memory: Total: 61649012 kB, Available: 55819704 kB, Active: 4839764 kB, SwapTotal: 40894456 kB, SwapFree: 40861944 kB
INFO [2026-03-16 13:57:59] Memory: Total: 61649012 kB, Available: 55819704 kB, Active: 4839764 kB, SwapTotal: 40894456 kB, SwapFree: 40861944 kB
INFO [2026-03-16 13:57:59] Memory: Total: 61649012 kB, Available: 55819704 kB, Active: 4839764 kB, SwapTotal: 40894456 kB, SwapFree: 40861944 kB
INFO [2026-03-16 13:57:59] Memory: Total: 61649012 kB, Available: 55819704 kB, Active: 4839888 kB, SwapTotal: 40894456 kB, SwapFree: 40861944 kB
INFO [2026-03-16 13:57:59] Memory: Total: 61649012 kB, Available: 55819704 kB, Active: 4839888 kB, SwapTotal: 40894456 kB, SwapFree: 40861944 kB
INFO [2026-03-16 13:57:59] Memory: Total: 61649012 kB, Available: 55819704 kB, Active: 4839888 kB, SwapTotal: 40894456 kB, SwapFree: 40861944 kB
INFO [2026-03-16 13:58:00] Memory: Total: 61649012 kB, Available: 55819704 kB, Active: 4839888 kB, SwapTotal: 40894456 kB, SwapFree: 40861944 kB
INFO [2026-03-16 13:58:00] Memory: Total: 61649012 kB, Available: 55819704 kB, Active: 4839888 kB, SwapTotal: 40894456 kB, SwapFree: 40861944 kB
INFO [2026-03-16 13:58:00] Memory: Total: 61649012 kB, Available: 55819704 kB, Active: 4839888 kB, SwapTotal: 40894456 kB, SwapFree: 40861944 kB
INFO [2026-03-16 13:58:00] Memory: Total: 61649012 kB, Available: 55819704 kB, Active: 4840212 kB, SwapTotal: 40894456 kB, SwapFree: 40861944 kB
INFO [2026-03-16 13:58:00] Memory: Total: 61649012 kB, Available: 55819704 kB, Active: 4839896 kB, SwapTotal: 40894456 kB, SwapFree: 40861944 kB
INFO [2026-03-16 13:58:00] Memory: Total: 61649012 kB, Available: 55819704 kB, Active: 4839896 kB, SwapTotal: 40894456 kB, SwapFree: 40861944 kB
INFO [2026-03-16 13:58:00] Memory: Total: 61649012 kB, Available: 55819708 kB, Active: 4840020 kB, SwapTotal: 40894456 kB, SwapFree: 40861944 kB
INFO [2026-03-16 13:58:00] Memory: Total: 61649012 kB, Available: 55819708 kB, Active: 4840020 kB, SwapTotal: 40894456 kB, SwapFree: 40861944 kB
INFO [2026-03-16 13:58:00] Memory: Total: 61649012 kB, Available: 55819708 kB, Active: 4840304 kB, SwapTotal: 40894456 kB, SwapFree: 40861944 kB
INFO [2026-03-16 13:58:01] Memory: Total: 61649012 kB, Available: 55819708 kB, Active: 4840380 kB, SwapTotal: 40894456 kB, SwapFree: 40861944 kB
INFO [2026-03-16 13:58:01] Memory: Total: 61649012 kB, Available: 55819708 kB, Active: 4840096 kB, SwapTotal: 40894456 kB, SwapFree: 40861944 kB
INFO [2026-03-16 13:58:01] Memory: Total: 61649012 kB, Available: 55819708 kB, Active: 4840096 kB, SwapTotal: 40894456 kB, SwapFree: 40861944 kB
INFO [2026-03-16 13:58:01] Memory: Total: 61649012 kB, Available: 55819708 kB, Active: 4840380 kB, SwapTotal: 40894456 kB, SwapFree: 40861944 kB
INFO [2026-03-16 13:58:01] Memory: Total: 61649012 kB, Available: 55819708 kB, Active: 4840380 kB, SwapTotal: 40894456 kB, SwapFree: 40861944 kB
INFO [2026-03-16 13:58:01] Memory: Total: 61649012 kB, Available: 55819708 kB, Active: 4840220 kB, SwapTotal: 40894456 kB, SwapFree: 40861944 kB
INFO [2026-03-16 13:58:01] Memory: Total: 61649012 kB, Available: 55819708 kB, Active: 4840220 kB, SwapTotal: 40894456 kB, SwapFree: 40861944 kB
INFO [2026-03-16 13:58:01] Memory: Total: 61649012 kB, Available: 55819708 kB, Active: 4840220 kB, SwapTotal: 40894456 kB, SwapFree: 40861944 kB
INFO [2026-03-16 13:58:02] Memory: Total: 61649012 kB, Available: 55819708 kB, Active: 4840220 kB, SwapTotal: 40894456 kB, SwapFree: 40861944 kB
INFO [2026-03-16 13:58:02] Memory: Total: 61649012 kB, Available: 55819708 kB, Active: 4840220 kB, SwapTotal: 40894456 kB, SwapFree: 40861944 kB
INFO [2026-03-16 13:58:02] Memory: Total: 61649012 kB, Available: 55819708 kB, Active: 4840380 kB, SwapTotal: 40894456 kB, SwapFree: 40861944 kB
INFO [2026-03-16 13:58:02] Memory: Total: 61649012 kB, Available: 55819708 kB, Active: 4840220 kB, SwapTotal: 40894456 kB, SwapFree: 40861944 kB
INFO [2026-03-16 13:58:02] Memory: Total: 61649012 kB, Available: 55819708 kB, Active: 4840344 kB, SwapTotal: 40894456 kB, SwapFree: 40861944 kB
INFO [2026-03-16 13:58:02] Memory: Total: 61649012 kB, Available: 55819708 kB, Active: 4840344 kB, SwapTotal: 40894456 kB, SwapFree: 40861944 kB
INFO [2026-03-16 13:58:02] Memory: Total: 61649012 kB, Available: 55819708 kB, Active: 4840344 kB, SwapTotal: 40894456 kB, SwapFree: 40861944 kB
INFO [2026-03-16 13:58:03] Memory: Total: 61649012 kB, Available: 55819708 kB, Active: 4840344 kB, SwapTotal: 40894456 kB, SwapFree: 40861944 kB
INFO [2026-03-16 13:58:03] Memory: Total: 61649012 kB, Available: 55819708 kB, Active: 4840632 kB, SwapTotal: 40894456 kB, SwapFree: 40861944 kB
INFO [2026-03-16 13:58:03] Memory: Total: 61649012 kB, Available: 55819708 kB, Active: 4840344 kB, SwapTotal: 40894456 kB, SwapFree: 40861944 kB
INFO [2026-03-16 13:58:03] Memory: Total: 61649012 kB, Available: 55819708 kB, Active: 4840468 kB, SwapTotal: 40894456 kB, SwapFree: 40861944 kB
INFO [2026-03-16 13:58:03] Memory: Total: 61649012 kB, Available: 55819708 kB, Active: 4840468 kB, SwapTotal: 40894456 kB, SwapFree: 40861944 kB
INFO [2026-03-16 13:58:03] Memory: Total: 61649012 kB, Available: 55819708 kB, Active: 4840468 kB, SwapTotal: 40894456 kB, SwapFree: 40861944 kB
INFO [2026-03-16 13:58:03] Memory: Total: 61649012 kB, Available: 55819708 kB, Active: 4840468 kB, SwapTotal: 40894456 kB, SwapFree: 40861944 kB
INFO [2026-03-16 13:58:03] Memory: Total: 61649012 kB, Available: 55819708 kB, Active: 4840468 kB, SwapTotal: 40894456 kB, SwapFree: 40861944 kB
INFO [2026-03-16 13:58:03] Memory: Total: 61649012 kB, Available: 55819708 kB, Active: 4840468 kB, SwapTotal: 40894456 kB, SwapFree: 40861944 kB
INFO [2026-03-16 13:58:04] Memory: Total: 61649012 kB, Available: 55819712 kB, Active: 4840876 kB, SwapTotal: 40894456 kB, SwapFree: 40861944 kB
INFO [2026-03-16 13:58:04] Memory: Total: 61649012 kB, Available: 55819712 kB, Active: 4840592 kB, SwapTotal: 40894456 kB, SwapFree: 40861944 kB
INFO [2026-03-16 13:58:04] Memory: Total: 61649012 kB, Available: 55819712 kB, Active: 4840592 kB, SwapTotal: 40894456 kB, SwapFree: 40861944 kB
INFO [2026-03-16 13:58:04] Memory: Total: 61649012 kB, Available: 55819712 kB, Active: 4840592 kB, SwapTotal: 40894456 kB, SwapFree: 40861944 kB
INFO [2026-03-16 13:58:04] Memory: Total: 61649012 kB, Available: 55819712 kB, Active: 4840592 kB, SwapTotal: 40894456 kB, SwapFree: 40861944 kB
INFO [2026-03-16 13:58:04] Memory: Total: 61649012 kB, Available: 55819712 kB, Active: 4840592 kB, SwapTotal: 40894456 kB, SwapFree: 40861944 kB
INFO [2026-03-16 13:58:04] Memory: Total: 61649012 kB, Available: 55819712 kB, Active: 4840592 kB, SwapTotal: 40894456 kB, SwapFree: 40861944 kB
INFO [2026-03-16 13:58:04] Memory: Total: 61649012 kB, Available: 55819712 kB, Active: 4840592 kB, SwapTotal: 40894456 kB, SwapFree: 40861944 kB
INFO [2026-03-16 13:58:04] Memory: Total: 61649012 kB, Available: 55819712 kB, Active: 4840716 kB, SwapTotal: 40894456 kB, SwapFree: 40861944 kB
INFO [2026-03-16 13:58:05] Memory: Total: 61649012 kB, Available: 55819712 kB, Active: 4840716 kB, SwapTotal: 40894456 kB, SwapFree: 40861944 kB
INFO [2026-03-16 13:58:05] Memory: Total: 61649012 kB, Available: 55819712 kB, Active: 4840716 kB, SwapTotal: 40894456 kB, SwapFree: 40861944 kB
INFO [2026-03-16 13:58:05] Memory: Total: 61649012 kB, Available: 55819712 kB, Active: 4840716 kB, SwapTotal: 40894456 kB, SwapFree: 40861944 kB
INFO [2026-03-16 13:58:05] Memory: Total: 61649012 kB, Available: 55819712 kB, Active: 4840716 kB, SwapTotal: 40894456 kB, SwapFree: 40861944 kB
INFO [2026-03-16 13:58:05] Memory: Total: 61649012 kB, Available: 55819712 kB, Active: 4840716 kB, SwapTotal: 40894456 kB, SwapFree: 40861944 kB
INFO [2026-03-16 13:58:05] Memory: Total: 61649012 kB, Available: 55819712 kB, Active: 4840716 kB, SwapTotal: 40894456 kB, SwapFree: 40861944 kB
INFO [2026-03-16 13:58:05] Memory: Total: 61649012 kB, Available: 55819724 kB, Active: 4841112 kB, SwapTotal: 40894456 kB, SwapFree: 40861944 kB
INFO [2026-03-16 13:58:06] Memory: Total: 61649012 kB, Available: 55819724 kB, Active: 4840828 kB, SwapTotal: 40894456 kB, SwapFree: 40861944 kB
INFO [2026-03-16 13:58:06] Memory: Total: 61649012 kB, Available: 55819724 kB, Active: 4840828 kB, SwapTotal: 40894456 kB, SwapFree: 40861944 kB
INFO [2026-03-16 13:58:06] Memory: Total: 61649012 kB, Available: 55819724 kB, Active: 4840828 kB, SwapTotal: 40894456 kB, SwapFree: 40861944 kB
INFO [2026-03-16 13:58:06] Memory: Total: 61649012 kB, Available: 55819724 kB, Active: 4840828 kB, SwapTotal: 40894456 kB, SwapFree: 40861944 kB
INFO [2026-03-16 13:58:06] Memory: Total: 61649012 kB, Available: 55819724 kB, Active: 4841116 kB, SwapTotal: 40894456 kB, SwapFree: 40861944 kB
INFO [2026-03-16 13:58:06] Memory: Total: 61649012 kB, Available: 55819724 kB, Active: 4840952 kB, SwapTotal: 40894456 kB, SwapFree: 40861944 kB
INFO [2026-03-16 13:58:06] Memory: Total: 61649012 kB, Available: 55819724 kB, Active: 4840952 kB, SwapTotal: 40894456 kB, SwapFree: 40861944 kB
INFO [2026-03-16 13:58:06] Memory: Total: 61649012 kB, Available: 55819724 kB, Active: 4840952 kB, SwapTotal: 40894456 kB, SwapFree: 40861944 kB
INFO [2026-03-16 13:58:07] Memory: Total: 61649012 kB, Available: 55819724 kB, Active: 4841012 kB, SwapTotal: 40894456 kB, SwapFree: 40861944 kB
INFO [2026-03-16 13:58:07] Memory: Total: 61649012 kB, Available: 55819724 kB, Active: 4840952 kB, SwapTotal: 40894456 kB, SwapFree: 40861944 kB
INFO [2026-03-16 13:58:07] Memory: Total: 61649012 kB, Available: 55819724 kB, Active: 4840952 kB, SwapTotal: 40894456 kB, SwapFree: 40861944 kB
INFO [2026-03-16 13:58:07] Memory: Total: 61649012 kB, Available: 55819724 kB, Active: 4841076 kB, SwapTotal: 40894456 kB, SwapFree: 40861944 kB
INFO [2026-03-16 13:58:07] Memory: Total: 61649012 kB, Available: 55819724 kB, Active: 4841084 kB, SwapTotal: 40894456 kB, SwapFree: 40861944 kB
INFO [2026-03-16 13:58:07] Memory: Total: 61649012 kB, Available: 55819724 kB, Active: 4841084 kB, SwapTotal: 40894456 kB, SwapFree: 40861944 kB
INFO [2026-03-16 13:58:07] Memory: Total: 61649012 kB, Available: 55819724 kB, Active: 4841084 kB, SwapTotal: 40894456 kB, SwapFree: 40861944 kB
INFO [2026-03-16 13:58:07] Memory: Total: 61649012 kB, Available: 55819728 kB, Active: 4841084 kB, SwapTotal: 40894456 kB, SwapFree: 40861944 kB
INFO [2026-03-16 13:58:07] Memory: Total: 61649012 kB, Available: 55819728 kB, Active: 4841084 kB, SwapTotal: 40894456 kB, SwapFree: 40861944 kB
INFO [2026-03-16 13:58:08] Memory: Total: 61649012 kB, Available: 55819728 kB, Active: 4841532 kB, SwapTotal: 40894456 kB, SwapFree: 40861944 kB
INFO [2026-03-16 13:58:08] Memory: Total: 61649012 kB, Available: 55819728 kB, Active: 4841216 kB, SwapTotal: 40894456 kB, SwapFree: 40861944 kB
INFO [2026-03-16 13:58:08] Memory: Total: 61649012 kB, Available: 55819728 kB, Active: 4841216 kB, SwapTotal: 40894456 kB, SwapFree: 40861944 kB
INFO [2026-03-16 13:58:08] Memory: Total: 61649012 kB, Available: 55819728 kB, Active: 4841216 kB, SwapTotal: 40894456 kB, SwapFree: 40861944 kB
INFO [2026-03-16 13:58:08] Memory: Total: 61649012 kB, Available: 55819728 kB, Active: 4841216 kB, SwapTotal: 40894456 kB, SwapFree: 40861944 kB
INFO [2026-03-16 13:58:08] Memory: Total: 61649012 kB, Available: 55819728 kB, Active: 4841216 kB, SwapTotal: 40894456 kB, SwapFree: 40861944 kB
INFO [2026-03-16 13:58:08] Memory: Total: 61649012 kB, Available: 55819728 kB, Active: 4841464 kB, SwapTotal: 40894456 kB, SwapFree: 40861944 kB
INFO [2026-03-16 13:58:08] Memory: Total: 61649012 kB, Available: 55819728 kB, Active: 4841588 kB, SwapTotal: 40894456 kB, SwapFree: 40861944 kB
INFO [2026-03-16 13:58:09] Memory: Total: 61649012 kB, Available: 55819728 kB, Active: 4841712 kB, SwapTotal: 40894456 kB, SwapFree: 40861944 kB
INFO [2026-03-16 13:58:09] Memory: Total: 61649012 kB, Available: 55819728 kB, Active: 4842208 kB, SwapTotal: 40894456 kB, SwapFree: 40861944 kB
INFO [2026-03-16 13:58:09] Memory: Total: 61649012 kB, Available: 55819728 kB, Active: 4842208 kB, SwapTotal: 40894456 kB, SwapFree: 40861944 kB
INFO [2026-03-16 13:58:09] Memory: Total: 61649012 kB, Available: 55819728 kB, Active: 4842332 kB, SwapTotal: 40894456 kB, SwapFree: 40861944 kB
INFO [2026-03-16 13:58:09] Memory: Total: 61649012 kB, Available: 55819728 kB, Active: 4842580 kB, SwapTotal: 40894456 kB, SwapFree: 40861944 kB
INFO [2026-03-16 13:58:09] Memory: Total: 61649012 kB, Available: 55819728 kB, Active: 4842580 kB, SwapTotal: 40894456 kB, SwapFree: 40861944 kB
INFO [2026-03-16 13:58:09] Memory: Total: 61649012 kB, Available: 55819728 kB, Active: 4842704 kB, SwapTotal: 40894456 kB, SwapFree: 40861944 kB
INFO [2026-03-16 13:58:10] Memory: Total: 61649012 kB, Available: 55819728 kB, Active: 4842992 kB, SwapTotal: 40894456 kB, SwapFree: 40861944 kB
INFO [2026-03-16 13:58:10] Memory: Total: 61649012 kB, Available: 55819728 kB, Active: 4843116 kB, SwapTotal: 40894456 kB, SwapFree: 40861944 kB
INFO [2026-03-16 13:58:10] Memory: Total: 61649012 kB, Available: 55819728 kB, Active: 4843240 kB, SwapTotal: 40894456 kB, SwapFree: 40861944 kB
INFO [2026-03-16 13:58:10] Memory: Total: 61649012 kB, Available: 55819728 kB, Active: 4844060 kB, SwapTotal: 40894456 kB, SwapFree: 40861944 kB
INFO [2026-03-16 13:58:10] Memory: Total: 61649012 kB, Available: 55819728 kB, Active: 4843764 kB, SwapTotal: 40894456 kB, SwapFree: 40861944 kB
INFO [2026-03-16 13:58:10] Memory: Total: 61649012 kB, Available: 55819728 kB, Active: 4843888 kB, SwapTotal: 40894456 kB, SwapFree: 40861944 kB
INFO [2026-03-16 13:58:10] Memory: Total: 61649012 kB, Available: 55819728 kB, Active: 4844384 kB, SwapTotal: 40894456 kB, SwapFree: 40861944 kB
INFO [2026-03-16 13:58:10] Memory: Total: 61649012 kB, Available: 55819728 kB, Active: 4844384 kB, SwapTotal: 40894456 kB, SwapFree: 40861944 kB
INFO [2026-03-16 13:58:10] Memory: Total: 61649012 kB, Available: 55819732 kB, Active: 4844508 kB, SwapTotal: 40894456 kB, SwapFree: 40861944 kB
INFO [2026-03-16 13:58:11] Memory: Total: 61649012 kB, Available: 55819480 kB, Active: 4844880 kB, SwapTotal: 40894456 kB, SwapFree: 40861944 kB
INFO [2026-03-16 13:58:11] Memory: Total: 61649012 kB, Available: 55819480 kB, Active: 4844880 kB, SwapTotal: 40894456 kB, SwapFree: 40861944 kB
INFO [2026-03-16 13:58:11] Memory: Total: 61649012 kB, Available: 55818976 kB, Active: 4845004 kB, SwapTotal: 40894456 kB, SwapFree: 40861944 kB
INFO [2026-03-16 13:58:11] Memory: Total: 61649012 kB, Available: 55818976 kB, Active: 4845660 kB, SwapTotal: 40894456 kB, SwapFree: 40861944 kB
INFO [2026-03-16 13:58:11] Memory: Total: 61649012 kB, Available: 55818976 kB, Active: 4845660 kB, SwapTotal: 40894456 kB, SwapFree: 40861944 kB
INFO [2026-03-16 13:58:11] Memory: Total: 61649012 kB, Available: 55818976 kB, Active: 4845500 kB, SwapTotal: 40894456 kB, SwapFree: 40861944 kB
INFO [2026-03-16 13:58:11] Memory: Total: 61649012 kB, Available: 55818976 kB, Active: 4846072 kB, SwapTotal: 40894456 kB, SwapFree: 40861944 kB
INFO [2026-03-16 13:58:11] Memory: Total: 61649012 kB, Available: 55818724 kB, Active: 4845944 kB, SwapTotal: 40894456 kB, SwapFree: 40861944 kB
INFO [2026-03-16 13:58:11] Memory: Total: 61649012 kB, Available: 55818724 kB, Active: 4846356 kB, SwapTotal: 40894456 kB, SwapFree: 40861944 kB
INFO [2026-03-16 13:58:12] Memory: Total: 61649012 kB, Available: 55818724 kB, Active: 4846564 kB, SwapTotal: 40894456 kB, SwapFree: 40861944 kB
INFO [2026-03-16 13:58:12] Memory: Total: 61649012 kB, Available: 55818724 kB, Active: 4846564 kB, SwapTotal: 40894456 kB, SwapFree: 40861944 kB
INFO [2026-03-16 13:58:12] Memory: Total: 61649012 kB, Available: 55818724 kB, Active: 4846688 kB, SwapTotal: 40894456 kB, SwapFree: 40861944 kB
INFO [2026-03-16 13:58:12] Memory: Total: 61649012 kB, Available: 55818472 kB, Active: 4847060 kB, SwapTotal: 40894456 kB, SwapFree: 40861944 kB
INFO [2026-03-16 13:58:12] Memory: Total: 61649012 kB, Available: 55818472 kB, Active: 4847060 kB, SwapTotal: 40894456 kB, SwapFree: 40861944 kB
INFO [2026-03-16 13:58:12] Memory: Total: 61649012 kB, Available: 55817968 kB, Active: 4847184 kB, SwapTotal: 40894456 kB, SwapFree: 40861944 kB
INFO [2026-03-16 13:58:12] Memory: Total: 61649012 kB, Available: 55816960 kB, Active: 4847680 kB, SwapTotal: 40894456 kB, SwapFree: 40861944 kB
INFO [2026-03-16 13:58:13] Memory: Total: 61649012 kB, Available: 55816960 kB, Active: 4847680 kB, SwapTotal: 40894456 kB, SwapFree: 40861944 kB
INFO [2026-03-16 13:58:13] Memory: Total: 61649012 kB, Available: 55816960 kB, Active: 4847804 kB, SwapTotal: 40894456 kB, SwapFree: 40861944 kB
INFO [2026-03-16 13:58:13] Memory: Total: 61649012 kB, Available: 55816960 kB, Active: 4848300 kB, SwapTotal: 40894456 kB, SwapFree: 40861944 kB
INFO [2026-03-16 13:58:13] Memory: Total: 61649012 kB, Available: 55816960 kB, Active: 4848424 kB, SwapTotal: 40894456 kB, SwapFree: 40861944 kB
INFO [2026-03-16 13:58:13] Memory: Total: 61649012 kB, Available: 55816584 kB, Active: 4848548 kB, SwapTotal: 40894456 kB, SwapFree: 40861944 kB
INFO [2026-03-16 13:58:13] Memory: Total: 61649012 kB, Available: 55815828 kB, Active: 4848920 kB, SwapTotal: 40894456 kB, SwapFree: 40861944 kB
INFO [2026-03-16 13:58:13] Memory: Total: 61649012 kB, Available: 55815828 kB, Active: 4848920 kB, SwapTotal: 40894456 kB, SwapFree: 40861944 kB
INFO [2026-03-16 13:58:13] Memory: Total: 61649012 kB, Available: 55815828 kB, Active: 4849044 kB, SwapTotal: 40894456 kB, SwapFree: 40861944 kB
INFO [2026-03-16 13:58:14] Memory: Total: 61649012 kB, Available: 55814944 kB, Active: 4849472 kB, SwapTotal: 40894456 kB, SwapFree: 40861944 kB
INFO [2026-03-16 13:58:14] Memory: Total: 61649012 kB, Available: 55814944 kB, Active: 4849540 kB, SwapTotal: 40894456 kB, SwapFree: 40861944 kB
INFO [2026-03-16 13:58:14] Memory: Total: 61649012 kB, Available: 55814944 kB, Active: 4849540 kB, SwapTotal: 40894456 kB, SwapFree: 40861944 kB
INFO [2026-03-16 13:58:14] Memory: Total: 61649012 kB, Available: 55814944 kB, Active: 4850200 kB, SwapTotal: 40894456 kB, SwapFree: 40861944 kB
INFO [2026-03-16 13:58:14] Memory: Total: 61649012 kB, Available: 55814944 kB, Active: 4850200 kB, SwapTotal: 40894456 kB, SwapFree: 40861944 kB
INFO [2026-03-16 13:58:14] Memory: Total: 61649012 kB, Available: 55814944 kB, Active: 4850324 kB, SwapTotal: 40894456 kB, SwapFree: 40861944 kB
INFO [2026-03-16 13:58:14] Memory: Total: 61649012 kB, Available: 55814692 kB, Active: 4851020 kB, SwapTotal: 40894456 kB, SwapFree: 40861944 kB
INFO [2026-03-16 13:58:14] Memory: Total: 61649012 kB, Available: 55814188 kB, Active: 4851144 kB, SwapTotal: 40894456 kB, SwapFree: 40861944 kB
INFO [2026-03-16 13:58:14] Memory: Total: 61649012 kB, Available: 55814192 kB, Active: 4850852 kB, SwapTotal: 40894456 kB, SwapFree: 40861944 kB
INFO [2026-03-16 13:58:15] Memory: Total: 61649012 kB, Available: 55813184 kB, Active: 4851348 kB, SwapTotal: 40894456 kB, SwapFree: 40861944 kB
INFO [2026-03-16 13:58:15] Memory: Total: 61649012 kB, Available: 55813184 kB, Active: 4851472 kB, SwapTotal: 40894456 kB, SwapFree: 40861944 kB
INFO [2026-03-16 13:58:15] Memory: Total: 61649012 kB, Available: 55813184 kB, Active: 4851596 kB, SwapTotal: 40894456 kB, SwapFree: 40861944 kB
INFO [2026-03-16 13:58:15] Memory: Total: 61649012 kB, Available: 55813184 kB, Active: 4851968 kB, SwapTotal: 40894456 kB, SwapFree: 40861944 kB
INFO [2026-03-16 13:58:15] Memory: Total: 61649012 kB, Available: 55813184 kB, Active: 4852092 kB, SwapTotal: 40894456 kB, SwapFree: 40861944 kB
INFO [2026-03-16 13:58:15] Memory: Total: 61649012 kB, Available: 55811168 kB, Active: 4852216 kB, SwapTotal: 40894456 kB, SwapFree: 40861944 kB
INFO [2026-03-16 13:58:15] Memory: Total: 61649012 kB, Available: 55811168 kB, Active: 4852552 kB, SwapTotal: 40894456 kB, SwapFree: 40861944 kB
INFO [2026-03-16 13:58:15] Memory: Total: 61649012 kB, Available: 55811168 kB, Active: 4852676 kB, SwapTotal: 40894456 kB, SwapFree: 40861944 kB
INFO [2026-03-16 13:58:16] Memory: Total: 61649012 kB, Available: 55810916 kB, Active: 4852712 kB, SwapTotal: 40894456 kB, SwapFree: 40861944 kB
INFO [2026-03-16 13:58:16] Memory: Total: 61649012 kB, Available: 55810916 kB, Active: 4852712 kB, SwapTotal: 40894456 kB, SwapFree: 40861944 kB
INFO [2026-03-16 13:58:16] Memory: Total: 61649012 kB, Available: 55810916 kB, Active: 4852712 kB, SwapTotal: 40894456 kB, SwapFree: 40861944 kB
INFO [2026-03-16 13:58:16] Memory: Total: 61649012 kB, Available: 55810916 kB, Active: 4852716 kB, SwapTotal: 40894456 kB, SwapFree: 40861944 kB
INFO [2026-03-16 13:58:16] Memory: Total: 61649012 kB, Available: 55810916 kB, Active: 4852728 kB, SwapTotal: 40894456 kB, SwapFree: 40861944 kB
INFO [2026-03-16 13:58:17] Memory: Total: 61649012 kB, Available: 55810916 kB, Active: 4852716 kB, SwapTotal: 40894456 kB, SwapFree: 40861944 kB
INFO [2026-03-16 13:58:17] Memory: Total: 61649012 kB, Available: 55810916 kB, Active: 4853000 kB, SwapTotal: 40894456 kB, SwapFree: 40861944 kB
INFO [2026-03-16 13:58:17] Memory: Total: 61649012 kB, Available: 55810916 kB, Active: 4852848 kB, SwapTotal: 40894456 kB, SwapFree: 40861944 kB
INFO [2026-03-16 13:58:17] Memory: Total: 61649012 kB, Available: 55810916 kB, Active: 4852848 kB, SwapTotal: 40894456 kB, SwapFree: 40861944 kB
INFO [2026-03-16 13:58:17] Memory: Total: 61649012 kB, Available: 55810916 kB, Active: 4852848 kB, SwapTotal: 40894456 kB, SwapFree: 40861944 kB
INFO [2026-03-16 13:58:18] Memory: Total: 61649012 kB, Available: 55810916 kB, Active: 4852848 kB, SwapTotal: 40894456 kB, SwapFree: 40861944 kB
INFO [2026-03-16 13:58:18] Memory: Total: 61649012 kB, Available: 55810916 kB, Active: 4853016 kB, SwapTotal: 40894456 kB, SwapFree: 40861944 kB
INFO [2026-03-16 13:58:18] Memory: Total: 61649012 kB, Available: 55810916 kB, Active: 4853144 kB, SwapTotal: 40894456 kB, SwapFree: 40861944 kB
INFO [2026-03-16 13:58:18] Memory: Total: 61649012 kB, Available: 55810916 kB, Active: 4852856 kB, SwapTotal: 40894456 kB, SwapFree: 40861944 kB
INFO [2026-03-16 13:58:18] Memory: Total: 61649012 kB, Available: 55810916 kB, Active: 4852856 kB, SwapTotal: 40894456 kB, SwapFree: 40861944 kB
INFO [2026-03-16 13:58:18] Memory: Total: 61649012 kB, Available: 55810916 kB, Active: 4852856 kB, SwapTotal: 40894456 kB, SwapFree: 40861944 kB
INFO [2026-03-16 13:58:18] Memory: Total: 61649012 kB, Available: 55810916 kB, Active: 4852856 kB, SwapTotal: 40894456 kB, SwapFree: 40861944 kB
INFO [2026-03-16 13:58:18] Memory: Total: 61649012 kB, Available: 55810916 kB, Active: 4852856 kB, SwapTotal: 40894456 kB, SwapFree: 40861944 kB
INFO [2026-03-16 13:58:18] Memory: Total: 61649012 kB, Available: 55810920 kB, Active: 4852980 kB, SwapTotal: 40894456 kB, SwapFree: 40861944 kB
INFO [2026-03-16 13:58:19] Memory: Total: 61649012 kB, Available: 55810920 kB, Active: 4853104 kB, SwapTotal: 40894456 kB, SwapFree: 40861944 kB
INFO [2026-03-16 13:58:19] Memory: Total: 61649012 kB, Available: 55810920 kB, Active: 4853104 kB, SwapTotal: 40894456 kB, SwapFree: 40861944 kB
INFO [2026-03-16 13:58:19] Memory: Total: 61649012 kB, Available: 55810920 kB, Active: 4853104 kB, SwapTotal: 40894456 kB, SwapFree: 40861944 kB
INFO [2026-03-16 13:58:19] Memory: Total: 61649012 kB, Available: 55810920 kB, Active: 4853104 kB, SwapTotal: 40894456 kB, SwapFree: 40861944 kB
INFO [2026-03-16 13:58:19] Memory: Total: 61649012 kB, Available: 55810920 kB, Active: 4853428 kB, SwapTotal: 40894456 kB, SwapFree: 40861944 kB
INFO [2026-03-16 13:58:19] Memory: Total: 61649012 kB, Available: 55810920 kB, Active: 4853140 kB, SwapTotal: 40894456 kB, SwapFree: 40861944 kB
INFO [2026-03-16 13:58:19] Memory: Total: 61649012 kB, Available: 55810920 kB, Active: 4853264 kB, SwapTotal: 40894456 kB, SwapFree: 40861944 kB
INFO [2026-03-16 13:58:19] Memory: Total: 61649012 kB, Available: 55810920 kB, Active: 4853264 kB, SwapTotal: 40894456 kB, SwapFree: 40861944 kB
INFO [2026-03-16 13:58:20] Memory: Total: 61649012 kB, Available: 55810920 kB, Active: 4853264 kB, SwapTotal: 40894456 kB, SwapFree: 40861944 kB
INFO [2026-03-16 13:58:20] Memory: Total: 61649012 kB, Available: 55810920 kB, Active: 4853264 kB, SwapTotal: 40894456 kB, SwapFree: 40861944 kB
INFO [2026-03-16 13:58:20] Memory: Total: 61649012 kB, Available: 55810920 kB, Active: 4853264 kB, SwapTotal: 40894456 kB, SwapFree: 40861944 kB
INFO [2026-03-16 13:58:20] Memory: Total: 61649012 kB, Available: 55810920 kB, Active: 4853264 kB, SwapTotal: 40894456 kB, SwapFree: 40861944 kB
INFO [2026-03-16 13:58:20] Memory: Total: 61649012 kB, Available: 55810920 kB, Active: 4853388 kB, SwapTotal: 40894456 kB, SwapFree: 40861944 kB
INFO [2026-03-16 13:58:20] Memory: Total: 61649012 kB, Available: 55810920 kB, Active: 4853388 kB, SwapTotal: 40894456 kB, SwapFree: 40861944 kB
INFO [2026-03-16 13:58:20] Memory: Total: 61649012 kB, Available: 55810920 kB, Active: 4853388 kB, SwapTotal: 40894456 kB, SwapFree: 40861944 kB
INFO [2026-03-16 13:58:20] Memory: Total: 61649012 kB, Available: 55810920 kB, Active: 4853512 kB, SwapTotal: 40894456 kB, SwapFree: 40861944 kB
INFO [2026-03-16 13:58:20] Memory: Total: 61649012 kB, Available: 55810920 kB, Active: 4853556 kB, SwapTotal: 40894456 kB, SwapFree: 40861944 kB
INFO [2026-03-16 13:58:21] Memory: Total: 61649012 kB, Available: 55810920 kB, Active: 4853636 kB, SwapTotal: 40894456 kB, SwapFree: 40861944 kB
INFO [2026-03-16 13:58:21] Memory: Total: 61649012 kB, Available: 55810920 kB, Active: 4853636 kB, SwapTotal: 40894456 kB, SwapFree: 40861944 kB
INFO [2026-03-16 13:58:21] Memory: Total: 61649012 kB, Available: 55810920 kB, Active: 4853636 kB, SwapTotal: 40894456 kB, SwapFree: 40861944 kB
INFO [2026-03-16 13:58:21] Memory: Total: 61649012 kB, Available: 55810920 kB, Active: 4853760 kB, SwapTotal: 40894456 kB, SwapFree: 40861944 kB
INFO [2026-03-16 13:58:21] Memory: Total: 61649012 kB, Available: 55810920 kB, Active: 4853760 kB, SwapTotal: 40894456 kB, SwapFree: 40861944 kB
INFO [2026-03-16 13:58:21] Memory: Total: 61649012 kB, Available: 55810920 kB, Active: 4853760 kB, SwapTotal: 40894456 kB, SwapFree: 40861944 kB
INFO [2026-03-16 13:58:21] Memory: Total: 61649012 kB, Available: 55810920 kB, Active: 4853884 kB, SwapTotal: 40894456 kB, SwapFree: 40861944 kB
INFO [2026-03-16 13:58:22] Memory: Total: 61649012 kB, Available: 55810924 kB, Active: 4854008 kB, SwapTotal: 40894456 kB, SwapFree: 40861944 kB
INFO [2026-03-16 13:58:22] Memory: Total: 61649012 kB, Available: 55810924 kB, Active: 4854008 kB, SwapTotal: 40894456 kB, SwapFree: 40861944 kB
INFO [2026-03-16 13:58:22] Memory: Total: 61649012 kB, Available: 55810924 kB, Active: 4854008 kB, SwapTotal: 40894456 kB, SwapFree: 40861944 kB
INFO [2026-03-16 13:58:22] Memory: Total: 61649012 kB, Available: 55810924 kB, Active: 4854132 kB, SwapTotal: 40894456 kB, SwapFree: 40861944 kB
INFO [2026-03-16 13:58:22] Memory: Total: 61649012 kB, Available: 55810924 kB, Active: 4854132 kB, SwapTotal: 40894456 kB, SwapFree: 40861944 kB
INFO [2026-03-16 13:58:22] Memory: Total: 61649012 kB, Available: 55810924 kB, Active: 4854132 kB, SwapTotal: 40894456 kB, SwapFree: 40861944 kB
INFO [2026-03-16 13:58:22] Memory: Total: 61649012 kB, Available: 55810924 kB, Active: 4854256 kB, SwapTotal: 40894456 kB, SwapFree: 40861944 kB
INFO [2026-03-16 13:58:22] Memory: Total: 61649012 kB, Available: 55810924 kB, Active: 4854256 kB, SwapTotal: 40894456 kB, SwapFree: 40861944 kB
INFO [2026-03-16 13:58:22] Memory: Total: 61649012 kB, Available: 55810672 kB, Active: 4854380 kB, SwapTotal: 40894456 kB, SwapFree: 40861944 kB
INFO [2026-03-16 13:58:23] Memory: Total: 61649012 kB, Available: 55810672 kB, Active: 4854504 kB, SwapTotal: 40894456 kB, SwapFree: 40861944 kB
INFO [2026-03-16 13:58:23] Memory: Total: 61649012 kB, Available: 55810672 kB, Active: 4854504 kB, SwapTotal: 40894456 kB, SwapFree: 40861944 kB
INFO [2026-03-16 13:58:23] Memory: Total: 61649012 kB, Available: 55810672 kB, Active: 4854508 kB, SwapTotal: 40894456 kB, SwapFree: 40861944 kB
INFO [2026-03-16 13:58:23] Memory: Total: 61649012 kB, Available: 55810672 kB, Active: 4854632 kB, SwapTotal: 40894456 kB, SwapFree: 40861944 kB
INFO [2026-03-16 13:58:23] Memory: Total: 61649012 kB, Available: 55810672 kB, Active: 4854632 kB, SwapTotal: 40894456 kB, SwapFree: 40861944 kB
INFO [2026-03-16 13:58:23] Memory: Total: 61649012 kB, Available: 55810168 kB, Active: 4854632 kB, SwapTotal: 40894456 kB, SwapFree: 40861944 kB
INFO [2026-03-16 13:58:23] Memory: Total: 61649012 kB, Available: 55810168 kB, Active: 4854916 kB, SwapTotal: 40894456 kB, SwapFree: 40861944 kB
INFO [2026-03-16 13:58:23] Memory: Total: 61649012 kB, Available: 55810168 kB, Active: 4854916 kB, SwapTotal: 40894456 kB, SwapFree: 40861944 kB
INFO [2026-03-16 13:58:24] Memory: Total: 61649012 kB, Available: 55810168 kB, Active: 4854752 kB, SwapTotal: 40894456 kB, SwapFree: 40861944 kB
INFO [2026-03-16 13:58:24] Memory: Total: 61649012 kB, Available: 55810168 kB, Active: 4854876 kB, SwapTotal: 40894456 kB, SwapFree: 40861944 kB
INFO [2026-03-16 13:58:24] Memory: Total: 61649012 kB, Available: 55810168 kB, Active: 4854876 kB, SwapTotal: 40894456 kB, SwapFree: 40861944 kB
INFO [2026-03-16 13:58:24] Memory: Total: 61649012 kB, Available: 55810168 kB, Active: 4855000 kB, SwapTotal: 40894456 kB, SwapFree: 40861944 kB
INFO [2026-03-16 13:58:24] Memory: Total: 61649012 kB, Available: 55810168 kB, Active: 4855000 kB, SwapTotal: 40894456 kB, SwapFree: 40861944 kB
INFO [2026-03-16 13:58:24] Memory: Total: 61649012 kB, Available: 55810168 kB, Active: 4855124 kB, SwapTotal: 40894456 kB, SwapFree: 40861944 kB
INFO [2026-03-16 13:58:24] Memory: Total: 61649012 kB, Available: 55809916 kB, Active: 4855124 kB, SwapTotal: 40894456 kB, SwapFree: 40861944 kB
INFO [2026-03-16 13:58:25] Memory: Total: 61649012 kB, Available: 55809916 kB, Active: 4855572 kB, SwapTotal: 40894456 kB, SwapFree: 40861944 kB
INFO [2026-03-16 13:58:25] Memory: Total: 61649012 kB, Available: 55809916 kB, Active: 4855572 kB, SwapTotal: 40894456 kB, SwapFree: 40861944 kB
INFO [2026-03-16 13:58:25] Memory: Total: 61649012 kB, Available: 55809916 kB, Active: 4855388 kB, SwapTotal: 40894456 kB, SwapFree: 40861944 kB
INFO [2026-03-16 13:58:25] Memory: Total: 61649012 kB, Available: 55809412 kB, Active: 4855512 kB, SwapTotal: 40894456 kB, SwapFree: 40861944 kB
INFO [2026-03-16 13:58:25] Memory: Total: 61649012 kB, Available: 55809412 kB, Active: 4855512 kB, SwapTotal: 40894456 kB, SwapFree: 40861944 kB
INFO [2026-03-16 13:58:25] Memory: Total: 61649012 kB, Available: 55809412 kB, Active: 4855636 kB, SwapTotal: 40894456 kB, SwapFree: 40861944 kB
INFO [2026-03-16 13:58:25] Memory: Total: 61649012 kB, Available: 55809412 kB, Active: 4855760 kB, SwapTotal: 40894456 kB, SwapFree: 40861944 kB
INFO [2026-03-16 13:58:25] Memory: Total: 61649012 kB, Available: 55809412 kB, Active: 4855760 kB, SwapTotal: 40894456 kB, SwapFree: 40861944 kB
INFO [2026-03-16 13:58:25] Memory: Total: 61649012 kB, Available: 55809416 kB, Active: 4855920 kB, SwapTotal: 40894456 kB, SwapFree: 40861944 kB
INFO [2026-03-16 13:58:26] Memory: Total: 61649012 kB, Available: 55808408 kB, Active: 4856048 kB, SwapTotal: 40894456 kB, SwapFree: 40861944 kB
INFO [2026-03-16 13:58:26] Memory: Total: 61649012 kB, Available: 55808408 kB, Active: 4856048 kB, SwapTotal: 40894456 kB, SwapFree: 40861944 kB
INFO [2026-03-16 13:58:26] Memory: Total: 61649012 kB, Available: 55808408 kB, Active: 4856008 kB, SwapTotal: 40894456 kB, SwapFree: 40861944 kB
INFO [2026-03-16 13:58:26] Memory: Total: 61649012 kB, Available: 55808408 kB, Active: 4856132 kB, SwapTotal: 40894456 kB, SwapFree: 40861944 kB
INFO [2026-03-16 13:58:26] Memory: Total: 61649012 kB, Available: 55808408 kB, Active: 4856132 kB, SwapTotal: 40894456 kB, SwapFree: 40861944 kB
INFO [2026-03-16 13:58:26] Memory: Total: 61649012 kB, Available: 55808408 kB, Active: 4856256 kB, SwapTotal: 40894456 kB, SwapFree: 40861944 kB
INFO [2026-03-16 13:58:26] Memory: Total: 61649012 kB, Available: 55808408 kB, Active: 4856544 kB, SwapTotal: 40894456 kB, SwapFree: 40861944 kB
INFO [2026-03-16 13:58:26] Memory: Total: 61649012 kB, Available: 55808408 kB, Active: 4856544 kB, SwapTotal: 40894456 kB, SwapFree: 40861944 kB
INFO [2026-03-16 13:58:27] Memory: Total: 61649012 kB, Available: 55808408 kB, Active: 4856440 kB, SwapTotal: 40894456 kB, SwapFree: 40861944 kB
INFO [2026-03-16 13:58:27] Memory: Total: 61649012 kB, Available: 55808408 kB, Active: 4856504 kB, SwapTotal: 40894456 kB, SwapFree: 40861944 kB
INFO [2026-03-16 13:58:27] Memory: Total: 61649012 kB, Available: 55808408 kB, Active: 4856504 kB, SwapTotal: 40894456 kB, SwapFree: 40861944 kB
INFO [2026-03-16 13:58:27] Memory: Total: 61649012 kB, Available: 55808408 kB, Active: 4856628 kB, SwapTotal: 40894456 kB, SwapFree: 40861944 kB
INFO [2026-03-16 13:58:27] Memory: Total: 61649012 kB, Available: 55808408 kB, Active: 4856752 kB, SwapTotal: 40894456 kB, SwapFree: 40861944 kB
INFO [2026-03-16 13:58:27] Memory: Total: 61649012 kB, Available: 55808408 kB, Active: 4856752 kB, SwapTotal: 40894456 kB, SwapFree: 40861944 kB
INFO [2026-03-16 13:58:27] Memory: Total: 61649012 kB, Available: 55808408 kB, Active: 4856876 kB, SwapTotal: 40894456 kB, SwapFree: 40861944 kB
INFO [2026-03-16 13:58:27] Memory: Total: 61649012 kB, Available: 55806140 kB, Active: 4857060 kB, SwapTotal: 40894456 kB, SwapFree: 40861944 kB
INFO [2026-03-16 13:58:27] Memory: Total: 61649012 kB, Available: 55806140 kB, Active: 4857060 kB, SwapTotal: 40894456 kB, SwapFree: 40861944 kB
INFO [2026-03-16 13:58:28] Memory: Total: 61649012 kB, Available: 55806140 kB, Active: 4857124 kB, SwapTotal: 40894456 kB, SwapFree: 40861944 kB
INFO [2026-03-16 13:58:28] Memory: Total: 61649012 kB, Available: 55806140 kB, Active: 4857248 kB, SwapTotal: 40894456 kB, SwapFree: 40861944 kB
INFO [2026-03-16 13:58:28] Memory: Total: 61649012 kB, Available: 55806140 kB, Active: 4857248 kB, SwapTotal: 40894456 kB, SwapFree: 40861944 kB
INFO [2026-03-16 13:58:28] Memory: Total: 61649012 kB, Available: 55806140 kB, Active: 4857248 kB, SwapTotal: 40894456 kB, SwapFree: 40861944 kB
INFO [2026-03-16 13:58:28] Memory: Total: 61649012 kB, Available: 55806140 kB, Active: 4857372 kB, SwapTotal: 40894456 kB, SwapFree: 40861944 kB
INFO [2026-03-16 13:58:28] Memory: Total: 61649012 kB, Available: 55806140 kB, Active: 4857496 kB, SwapTotal: 40894456 kB, SwapFree: 40861944 kB
INFO [2026-03-16 13:58:28] Memory: Total: 61649012 kB, Available: 55806140 kB, Active: 4857496 kB, SwapTotal: 40894456 kB, SwapFree: 40861944 kB
INFO [2026-03-16 13:58:29] Memory: Total: 61649012 kB, Available: 55806080 kB, Active: 4857620 kB, SwapTotal: 40894456 kB, SwapFree: 40861944 kB
INFO [2026-03-16 13:58:29] Memory: Total: 61649012 kB, Available: 55806080 kB, Active: 4857908 kB, SwapTotal: 40894456 kB, SwapFree: 40861944 kB
INFO [2026-03-16 13:58:29] Memory: Total: 61649012 kB, Available: 55806080 kB, Active: 4858032 kB, SwapTotal: 40894456 kB, SwapFree: 40861944 kB
INFO [2026-03-16 13:58:29] Memory: Total: 61649012 kB, Available: 55806080 kB, Active: 4858156 kB, SwapTotal: 40894456 kB, SwapFree: 40861944 kB
INFO [2026-03-16 13:58:29] Memory: Total: 61649012 kB, Available: 55806080 kB, Active: 4858156 kB, SwapTotal: 40894456 kB, SwapFree: 40861944 kB
INFO [2026-03-16 13:58:29] Memory: Total: 61649012 kB, Available: 55806080 kB, Active: 4858280 kB, SwapTotal: 40894456 kB, SwapFree: 40861944 kB
INFO [2026-03-16 13:58:29] Memory: Total: 61649012 kB, Available: 55806080 kB, Active: 4858404 kB, SwapTotal: 40894456 kB, SwapFree: 40861944 kB
INFO [2026-03-16 13:58:29] Memory: Total: 61649012 kB, Available: 55806080 kB, Active: 4858404 kB, SwapTotal: 40894456 kB, SwapFree: 40861944 kB
INFO [2026-03-16 13:58:29] Memory: Total: 61649012 kB, Available: 55806080 kB, Active: 4858276 kB, SwapTotal: 40894456 kB, SwapFree: 40861944 kB
INFO [2026-03-16 13:58:30] Memory: Total: 61649012 kB, Available: 55806080 kB, Active: 4858364 kB, SwapTotal: 40894456 kB, SwapFree: 40861944 kB
INFO [2026-03-16 13:58:30] Memory: Total: 61649012 kB, Available: 55806080 kB, Active: 4858488 kB, SwapTotal: 40894456 kB, SwapFree: 40861944 kB
INFO [2026-03-16 13:58:30] Memory: Total: 61649012 kB, Available: 55806080 kB, Active: 4858488 kB, SwapTotal: 40894456 kB, SwapFree: 40861944 kB
INFO [2026-03-16 13:58:30] Memory: Total: 61649012 kB, Available: 55806080 kB, Active: 4858736 kB, SwapTotal: 40894456 kB, SwapFree: 40861944 kB
INFO [2026-03-16 13:58:30] Memory: Total: 61649012 kB, Available: 55806080 kB, Active: 4858736 kB, SwapTotal: 40894456 kB, SwapFree: 40861944 kB
INFO [2026-03-16 13:58:30] Memory: Total: 61649012 kB, Available: 55806080 kB, Active: 4858860 kB, SwapTotal: 40894456 kB, SwapFree: 40861944 kB
INFO [2026-03-16 13:58:30] Memory: Total: 61649012 kB, Available: 55806080 kB, Active: 4859040 kB, SwapTotal: 40894456 kB, SwapFree: 40861944 kB
INFO [2026-03-16 13:58:30] Memory: Total: 61649012 kB, Available: 55806080 kB, Active: 4859040 kB, SwapTotal: 40894456 kB, SwapFree: 40861944 kB
INFO [2026-03-16 13:58:31] Memory: Total: 61649012 kB, Available: 55806080 kB, Active: 4859108 kB, SwapTotal: 40894456 kB, SwapFree: 40861944 kB
INFO [2026-03-16 13:58:31] Memory: Total: 61649012 kB, Available: 55806080 kB, Active: 4859232 kB, SwapTotal: 40894456 kB, SwapFree: 40861944 kB
INFO [2026-03-16 13:58:31] Memory: Total: 61649012 kB, Available: 55806080 kB, Active: 4859232 kB, SwapTotal: 40894456 kB, SwapFree: 40861944 kB
INFO [2026-03-16 13:58:31] Memory: Total: 61649012 kB, Available: 55806080 kB, Active: 4859356 kB, SwapTotal: 40894456 kB, SwapFree: 40861944 kB
INFO [2026-03-16 13:58:31] Memory: Total: 61649012 kB, Available: 55806080 kB, Active: 4859480 kB, SwapTotal: 40894456 kB, SwapFree: 40861944 kB
INFO [2026-03-16 13:58:31] Memory: Total: 61649012 kB, Available: 55806080 kB, Active: 4859480 kB, SwapTotal: 40894456 kB, SwapFree: 40861944 kB
INFO [2026-03-16 13:58:31] Memory: Total: 61649012 kB, Available: 55806080 kB, Active: 4859604 kB, SwapTotal: 40894456 kB, SwapFree: 40861944 kB
INFO [2026-03-16 13:58:32] Memory: Total: 61649012 kB, Available: 55806080 kB, Active: 4859728 kB, SwapTotal: 40894456 kB, SwapFree: 40861944 kB
INFO [2026-03-16 13:58:32] Memory: Total: 61649012 kB, Available: 55806080 kB, Active: 4859728 kB, SwapTotal: 40894456 kB, SwapFree: 40861944 kB
INFO [2026-03-16 13:58:32] Memory: Total: 61649012 kB, Available: 55806080 kB, Active: 4859976 kB, SwapTotal: 40894456 kB, SwapFree: 40861944 kB
INFO [2026-03-16 13:58:32] Memory: Total: 61649012 kB, Available: 55806080 kB, Active: 4860384 kB, SwapTotal: 40894456 kB, SwapFree: 40861944 kB
INFO [2026-03-16 13:58:32] Memory: Total: 61649012 kB, Available: 55806080 kB, Active: 4860384 kB, SwapTotal: 40894456 kB, SwapFree: 40861944 kB
INFO [2026-03-16 13:58:32] Memory: Total: 61649012 kB, Available: 55806080 kB, Active: 4860224 kB, SwapTotal: 40894456 kB, SwapFree: 40861944 kB
INFO [2026-03-16 13:58:32] Memory: Total: 61649012 kB, Available: 55806080 kB, Active: 4860472 kB, SwapTotal: 40894456 kB, SwapFree: 40861944 kB
INFO [2026-03-16 13:58:32] Memory: Total: 61649012 kB, Available: 55806080 kB, Active: 4860472 kB, SwapTotal: 40894456 kB, SwapFree: 40861944 kB
INFO [2026-03-16 13:58:32] Memory: Total: 61649012 kB, Available: 55806080 kB, Active: 4860756 kB, SwapTotal: 40894456 kB, SwapFree: 40861944 kB
INFO [2026-03-16 13:58:33] Memory: Total: 61649012 kB, Available: 55806080 kB, Active: 4860720 kB, SwapTotal: 40894456 kB, SwapFree: 40861944 kB
INFO [2026-03-16 13:58:33] Memory: Total: 61649012 kB, Available: 55806080 kB, Active: 4860720 kB, SwapTotal: 40894456 kB, SwapFree: 40861944 kB
INFO [2026-03-16 13:58:33] Memory: Total: 61649012 kB, Available: 55806080 kB, Active: 4860844 kB, SwapTotal: 40894456 kB, SwapFree: 40861944 kB
INFO [2026-03-16 13:58:33] Memory: Total: 61649012 kB, Available: 55806080 kB, Active: 4860968 kB, SwapTotal: 40894456 kB, SwapFree: 40861944 kB
INFO [2026-03-16 13:58:33] Memory: Total: 61649012 kB, Available: 55806080 kB, Active: 4860968 kB, SwapTotal: 40894456 kB, SwapFree: 40861944 kB
INFO [2026-03-16 13:58:33] Memory: Total: 61649012 kB, Available: 55806080 kB, Active: 4860976 kB, SwapTotal: 40894456 kB, SwapFree: 40861944 kB
INFO [2026-03-16 13:58:33] Memory: Total: 61649012 kB, Available: 55806080 kB, Active: 4861264 kB, SwapTotal: 40894456 kB, SwapFree: 40861944 kB
INFO [2026-03-16 13:58:33] Memory: Total: 61649012 kB, Available: 55806080 kB, Active: 4861264 kB, SwapTotal: 40894456 kB, SwapFree: 40861944 kB
INFO [2026-03-16 13:58:34] Memory: Total: 61649012 kB, Available: 55806080 kB, Active: 4860976 kB, SwapTotal: 40894456 kB, SwapFree: 40861944 kB
INFO [2026-03-16 13:58:34] Memory: Total: 61649012 kB, Available: 55806080 kB, Active: 4860976 kB, SwapTotal: 40894456 kB, SwapFree: 40861944 kB
INFO [2026-03-16 13:58:34] Memory: Total: 61649012 kB, Available: 55806080 kB, Active: 4860976 kB, SwapTotal: 40894456 kB, SwapFree: 40861944 kB
INFO [2026-03-16 13:58:34] Memory: Total: 61649012 kB, Available: 55806080 kB, Active: 4860976 kB, SwapTotal: 40894456 kB, SwapFree: 40861944 kB
INFO [2026-03-16 13:58:34] Memory: Total: 61649012 kB, Available: 55806080 kB, Active: 4860976 kB, SwapTotal: 40894456 kB, SwapFree: 40861944 kB
INFO [2026-03-16 13:58:34] Memory: Total: 61649012 kB, Available: 55806080 kB, Active: 4860976 kB, SwapTotal: 40894456 kB, SwapFree: 40861944 kB
INFO [2026-03-16 13:58:34] Memory: Total: 61649012 kB, Available: 55806080 kB, Active: 4860976 kB, SwapTotal: 40894456 kB, SwapFree: 40861944 kB
INFO [2026-03-16 13:58:34] Memory: Total: 61649012 kB, Available: 55805828 kB, Active: 4861140 kB, SwapTotal: 40894456 kB, SwapFree: 40861944 kB
INFO [2026-03-16 13:58:34] Memory: Total: 61649012 kB, Available: 55805828 kB, Active: 4861140 kB, SwapTotal: 40894456 kB, SwapFree: 40861944 kB
INFO [2026-03-16 13:58:35] Memory: Total: 61649012 kB, Available: 55805828 kB, Active: 4860976 kB, SwapTotal: 40894456 kB, SwapFree: 40861944 kB
INFO [2026-03-16 13:58:35] Memory: Total: 61649012 kB, Available: 55805828 kB, Active: 4860976 kB, SwapTotal: 40894456 kB, SwapFree: 40861944 kB
INFO [2026-03-16 13:58:35] Memory: Total: 61649012 kB, Available: 55805828 kB, Active: 4861260 kB, SwapTotal: 40894456 kB, SwapFree: 40861944 kB
INFO [2026-03-16 13:58:35] Memory: Total: 61649012 kB, Available: 55805828 kB, Active: 4860976 kB, SwapTotal: 40894456 kB, SwapFree: 40861944 kB
INFO [2026-03-16 13:58:35] Memory: Total: 61649012 kB, Available: 55805828 kB, Active: 4861300 kB, SwapTotal: 40894456 kB, SwapFree: 40861944 kB
INFO [2026-03-16 13:58:35] Memory: Total: 61649012 kB, Available: 55805828 kB, Active: 4861300 kB, SwapTotal: 40894456 kB, SwapFree: 40861944 kB
INFO [2026-03-16 13:58:35] Memory: Total: 61649012 kB, Available: 55805828 kB, Active: 4860984 kB, SwapTotal: 40894456 kB, SwapFree: 40861944 kB
INFO [2026-03-16 13:58:36] Memory: Total: 61649012 kB, Available: 55805828 kB, Active: 4861272 kB, SwapTotal: 40894456 kB, SwapFree: 40861944 kB
INFO [2026-03-16 13:58:36] Memory: Total: 61649012 kB, Available: 55805828 kB, Active: 4860984 kB, SwapTotal: 40894456 kB, SwapFree: 40861944 kB
INFO [2026-03-16 13:58:36] Memory: Total: 61649012 kB, Available: 55805828 kB, Active: 4860984 kB, SwapTotal: 40894456 kB, SwapFree: 40861944 kB
INFO [2026-03-16 13:58:36] Memory: Total: 61649012 kB, Available: 55805828 kB, Active: 4860984 kB, SwapTotal: 40894456 kB, SwapFree: 40861944 kB
INFO [2026-03-16 13:58:36] Memory: Total: 61649012 kB, Available: 55805828 kB, Active: 4860984 kB, SwapTotal: 40894456 kB, SwapFree: 40861944 kB
INFO [2026-03-16 13:58:36] Memory: Total: 61649012 kB, Available: 55805828 kB, Active: 4860984 kB, SwapTotal: 40894456 kB, SwapFree: 40861944 kB
INFO [2026-03-16 13:58:36] Memory: Total: 61649012 kB, Available: 55805828 kB, Active: 4861148 kB, SwapTotal: 40894456 kB, SwapFree: 40861944 kB
INFO [2026-03-16 13:58:36] Memory: Total: 61649012 kB, Available: 55805828 kB, Active: 4861148 kB, SwapTotal: 40894456 kB, SwapFree: 40861944 kB
INFO [2026-03-16 13:58:36] Memory: Total: 61649012 kB, Available: 55805828 kB, Active: 4861144 kB, SwapTotal: 40894456 kB, SwapFree: 40861944 kB
INFO [2026-03-16 13:58:37] Memory: Total: 61649012 kB, Available: 55805828 kB, Active: 4860984 kB, SwapTotal: 40894456 kB, SwapFree: 40861944 kB
INFO [2026-03-16 13:58:37] Memory: Total: 61649012 kB, Available: 55805828 kB, Active: 4860984 kB, SwapTotal: 40894456 kB, SwapFree: 40861944 kB
INFO [2026-03-16 13:58:37] Memory: Total: 61649012 kB, Available: 55805828 kB, Active: 4861108 kB, SwapTotal: 40894456 kB, SwapFree: 40861944 kB
INFO [2026-03-16 13:58:37] Memory: Total: 61649012 kB, Available: 55805828 kB, Active: 4861108 kB, SwapTotal: 40894456 kB, SwapFree: 40861944 kB
INFO [2026-03-16 13:58:37] Memory: Total: 61649012 kB, Available: 55805828 kB, Active: 4861108 kB, SwapTotal: 40894456 kB, SwapFree: 40861944 kB
INFO [2026-03-16 13:58:37] Memory: Total: 61649012 kB, Available: 55805828 kB, Active: 4861108 kB, SwapTotal: 40894456 kB, SwapFree: 40861944 kB
INFO [2026-03-16 13:58:37] Memory: Total: 61649012 kB, Available: 55805828 kB, Active: 4861108 kB, SwapTotal: 40894456 kB, SwapFree: 40861944 kB
INFO [2026-03-16 13:58:37] Memory: Total: 61649012 kB, Available: 55805828 kB, Active: 4861108 kB, SwapTotal: 40894456 kB, SwapFree: 40861944 kB
INFO [2026-03-16 13:58:38] Memory: Total: 61649012 kB, Available: 55805828 kB, Active: 4861108 kB, SwapTotal: 40894456 kB, SwapFree: 40861944 kB
INFO [2026-03-16 13:58:38] Memory: Total: 61649012 kB, Available: 55805828 kB, Active: 4861108 kB, SwapTotal: 40894456 kB, SwapFree: 40861944 kB
INFO [2026-03-16 13:58:38] Memory: Total: 61649012 kB, Available: 55805828 kB, Active: 4861108 kB, SwapTotal: 40894456 kB, SwapFree: 40861944 kB
INFO [2026-03-16 13:58:38] Memory: Total: 61649012 kB, Available: 55805828 kB, Active: 4861108 kB, SwapTotal: 40894456 kB, SwapFree: 40861944 kB
INFO [2026-03-16 13:58:38] Memory: Total: 61649012 kB, Available: 55805828 kB, Active: 4861108 kB, SwapTotal: 40894456 kB, SwapFree: 40861944 kB
INFO [2026-03-16 13:58:38] Memory: Total: 61649012 kB, Available: 55805828 kB, Active: 4861108 kB, SwapTotal: 40894456 kB, SwapFree: 40861944 kB
INFO [2026-03-16 13:58:38] Memory: Total: 61649012 kB, Available: 55805828 kB, Active: 4861396 kB, SwapTotal: 40894456 kB, SwapFree: 40861944 kB
INFO [2026-03-16 13:58:39] Memory: Total: 61649012 kB, Available: 55805828 kB, Active: 4861712 kB, SwapTotal: 40894456 kB, SwapFree: 40861944 kB
INFO [2026-03-16 13:58:39] Memory: Total: 61649012 kB, Available: 55805828 kB, Active: 4861712 kB, SwapTotal: 40894456 kB, SwapFree: 40861944 kB
INFO [2026-03-16 13:58:39] Memory: Total: 61649012 kB, Available: 55805828 kB, Active: 4861232 kB, SwapTotal: 40894456 kB, SwapFree: 40861944 kB
INFO [2026-03-16 13:58:39] Memory: Total: 61649012 kB, Available: 55805828 kB, Active: 4861232 kB, SwapTotal: 40894456 kB, SwapFree: 40861944 kB
INFO [2026-03-16 13:58:39] Memory: Total: 61649012 kB, Available: 55805828 kB, Active: 4861232 kB, SwapTotal: 40894456 kB, SwapFree: 40861944 kB
INFO [2026-03-16 13:58:39] Memory: Total: 61649012 kB, Available: 55805828 kB, Active: 4861232 kB, SwapTotal: 40894456 kB, SwapFree: 40861944 kB
INFO [2026-03-16 13:58:39] Memory: Total: 61649012 kB, Available: 55805828 kB, Active: 4861232 kB, SwapTotal: 40894456 kB, SwapFree: 40861944 kB
INFO [2026-03-16 13:58:39] Memory: Total: 61649012 kB, Available: 55805828 kB, Active: 4861232 kB, SwapTotal: 40894456 kB, SwapFree: 40861944 kB
INFO [2026-03-16 13:58:39] Memory: Total: 61649012 kB, Available: 55805828 kB, Active: 4861232 kB, SwapTotal: 40894456 kB, SwapFree: 40861944 kB
INFO [2026-03-16 13:58:40] Memory: Total: 61649012 kB, Available: 55805828 kB, Active: 4861232 kB, SwapTotal: 40894456 kB, SwapFree: 40861944 kB
INFO [2026-03-16 13:58:40] Memory: Total: 61649012 kB, Available: 55805828 kB, Active: 4861232 kB, SwapTotal: 40894456 kB, SwapFree: 40861944 kB
INFO [2026-03-16 13:58:40] Memory: Total: 61649012 kB, Available: 55805828 kB, Active: 4861232 kB, SwapTotal: 40894456 kB, SwapFree: 40861944 kB
INFO [2026-03-16 13:58:40] Memory: Total: 61649012 kB, Available: 55805828 kB, Active: 4861356 kB, SwapTotal: 40894456 kB, SwapFree: 40861944 kB
INFO [2026-03-16 13:58:40] Memory: Total: 61649012 kB, Available: 55805828 kB, Active: 4861356 kB, SwapTotal: 40894456 kB, SwapFree: 40861944 kB
INFO [2026-03-16 13:58:40] Memory: Total: 61649012 kB, Available: 55805828 kB, Active: 4861356 kB, SwapTotal: 40894456 kB, SwapFree: 40861944 kB
INFO [2026-03-16 13:58:40] Memory: Total: 61649012 kB, Available: 55805828 kB, Active: 4861356 kB, SwapTotal: 40894456 kB, SwapFree: 40861944 kB
INFO [2026-03-16 13:58:40] Memory: Total: 61649012 kB, Available: 55805828 kB, Active: 4861356 kB, SwapTotal: 40894456 kB, SwapFree: 40861944 kB
INFO [2026-03-16 13:58:40] Memory: Total: 61649012 kB, Available: 55805828 kB, Active: 4861356 kB, SwapTotal: 40894456 kB, SwapFree: 40861944 kB
INFO [2026-03-16 13:58:41] Memory: Total: 61649012 kB, Available: 55805828 kB, Active: 4861680 kB, SwapTotal: 40894456 kB, SwapFree: 40861944 kB
INFO [2026-03-16 13:58:41] Memory: Total: 61649012 kB, Available: 55805828 kB, Active: 4861680 kB, SwapTotal: 40894456 kB, SwapFree: 40861944 kB
INFO [2026-03-16 13:58:41] Memory: Total: 61649012 kB, Available: 55805828 kB, Active: 4861364 kB, SwapTotal: 40894456 kB, SwapFree: 40861944 kB
INFO [2026-03-16 13:58:41] Memory: Total: 61649012 kB, Available: 55805828 kB, Active: 4861488 kB, SwapTotal: 40894456 kB, SwapFree: 40861944 kB
INFO [2026-03-16 13:58:41] Memory: Total: 61649012 kB, Available: 55805828 kB, Active: 4861488 kB, SwapTotal: 40894456 kB, SwapFree: 40861944 kB
INFO [2026-03-16 13:58:41] Memory: Total: 61649012 kB, Available: 55805828 kB, Active: 4861488 kB, SwapTotal: 40894456 kB, SwapFree: 40861944 kB
INFO [2026-03-16 13:58:41] Memory: Total: 61649012 kB, Available: 55805828 kB, Active: 4861548 kB, SwapTotal: 40894456 kB, SwapFree: 40861944 kB
INFO [2026-03-16 13:58:41] Memory: Total: 61649012 kB, Available: 55805828 kB, Active: 4861548 kB, SwapTotal: 40894456 kB, SwapFree: 40861944 kB
INFO [2026-03-16 13:58:42] Memory: Total: 61649012 kB, Available: 55805828 kB, Active: 4861488 kB, SwapTotal: 40894456 kB, SwapFree: 40861944 kB
INFO [2026-03-16 13:58:42] Memory: Total: 61649012 kB, Available: 55805828 kB, Active: 4861652 kB, SwapTotal: 40894456 kB, SwapFree: 40861944 kB
INFO [2026-03-16 13:58:42] Memory: Total: 61649012 kB, Available: 55805828 kB, Active: 4861652 kB, SwapTotal: 40894456 kB, SwapFree: 40861944 kB
INFO [2026-03-16 13:58:42] Memory: Total: 61649012 kB, Available: 55805828 kB, Active: 4861612 kB, SwapTotal: 40894456 kB, SwapFree: 40861944 kB
INFO [2026-03-16 13:58:42] Memory: Total: 61649012 kB, Available: 55805828 kB, Active: 4861612 kB, SwapTotal: 40894456 kB, SwapFree: 40861944 kB
INFO [2026-03-16 13:58:42] Memory: Total: 61649012 kB, Available: 55805828 kB, Active: 4861612 kB, SwapTotal: 40894456 kB, SwapFree: 40861944 kB
INFO [2026-03-16 13:58:42] Memory: Total: 61649012 kB, Available: 55805828 kB, Active: 4861612 kB, SwapTotal: 40894456 kB, SwapFree: 40861944 kB
INFO [2026-03-16 13:58:43] Memory: Total: 61649012 kB, Available: 55805828 kB, Active: 4861612 kB, SwapTotal: 40894456 kB, SwapFree: 40861944 kB
INFO [2026-03-16 13:58:43] Memory: Total: 61649012 kB, Available: 55805828 kB, Active: 4861612 kB, SwapTotal: 40894456 kB, SwapFree: 40861944 kB
INFO [2026-03-16 13:58:43] Memory: Total: 61649012 kB, Available: 55805828 kB, Active: 4861736 kB, SwapTotal: 40894456 kB, SwapFree: 40861944 kB
INFO [2026-03-16 13:58:43] Memory: Total: 61649012 kB, Available: 55805828 kB, Active: 4861952 kB, SwapTotal: 40894456 kB, SwapFree: 40861944 kB
INFO [2026-03-16 13:58:43] Memory: Total: 61649012 kB, Available: 55805828 kB, Active: 4861952 kB, SwapTotal: 40894456 kB, SwapFree: 40861944 kB
INFO [2026-03-16 13:58:43] Memory: Total: 61649012 kB, Available: 55805828 kB, Active: 4861736 kB, SwapTotal: 40894456 kB, SwapFree: 40861944 kB
INFO [2026-03-16 13:58:43] Memory: Total: 61649012 kB, Available: 55805828 kB, Active: 4861860 kB, SwapTotal: 40894456 kB, SwapFree: 40861944 kB
INFO [2026-03-16 13:58:43] Memory: Total: 61649012 kB, Available: 55805828 kB, Active: 4861860 kB, SwapTotal: 40894456 kB, SwapFree: 40861944 kB
INFO [2026-03-16 13:58:43] Memory: Total: 61649012 kB, Available: 55805828 kB, Active: 4861860 kB, SwapTotal: 40894456 kB, SwapFree: 40861944 kB
INFO [2026-03-16 13:58:44] Memory: Total: 61649012 kB, Available: 55805828 kB, Active: 4862152 kB, SwapTotal: 40894456 kB, SwapFree: 40861944 kB
INFO [2026-03-16 13:58:44] Memory: Total: 61649012 kB, Available: 55805828 kB, Active: 4862152 kB, SwapTotal: 40894456 kB, SwapFree: 40861944 kB
INFO [2026-03-16 13:58:44] Memory: Total: 61649012 kB, Available: 55805828 kB, Active: 4861992 kB, SwapTotal: 40894456 kB, SwapFree: 40861944 kB
INFO [2026-03-16 13:58:44] Memory: Total: 61649012 kB, Available: 55805828 kB, Active: 4861992 kB, SwapTotal: 40894456 kB, SwapFree: 40861944 kB
INFO [2026-03-16 13:58:44] Memory: Total: 61649012 kB, Available: 55805828 kB, Active: 4861992 kB, SwapTotal: 40894456 kB, SwapFree: 40861944 kB
INFO [2026-03-16 13:58:44] Memory: Total: 61649012 kB, Available: 55805828 kB, Active: 4861992 kB, SwapTotal: 40894456 kB, SwapFree: 40861944 kB
INFO [2026-03-16 13:58:44] Memory: Total: 61649012 kB, Available: 55805828 kB, Active: 4862116 kB, SwapTotal: 40894456 kB, SwapFree: 40861944 kB
INFO [2026-03-16 13:58:44] Memory: Total: 61649012 kB, Available: 55805828 kB, Active: 4862124 kB, SwapTotal: 40894456 kB, SwapFree: 40861944 kB
INFO [2026-03-16 13:58:45] Memory: Total: 61649012 kB, Available: 55805828 kB, Active: 4862116 kB, SwapTotal: 40894456 kB, SwapFree: 40861944 kB
INFO [2026-03-16 13:58:45] Memory: Total: 61649012 kB, Available: 55805828 kB, Active: 4862116 kB, SwapTotal: 40894456 kB, SwapFree: 40861944 kB
INFO [2026-03-16 13:58:45] Memory: Total: 61649012 kB, Available: 55805828 kB, Active: 4862116 kB, SwapTotal: 40894456 kB, SwapFree: 40861944 kB
INFO [2026-03-16 13:58:45] Memory: Total: 61649012 kB, Available: 55805828 kB, Active: 4862240 kB, SwapTotal: 40894456 kB, SwapFree: 40861944 kB
INFO [2026-03-16 13:58:45] Memory: Total: 61649012 kB, Available: 55805828 kB, Active: 4862240 kB, SwapTotal: 40894456 kB, SwapFree: 40861944 kB
INFO [2026-03-16 13:58:45] Memory: Total: 61649012 kB, Available: 55805828 kB, Active: 4862240 kB, SwapTotal: 40894456 kB, SwapFree: 40861944 kB
INFO [2026-03-16 13:58:45] Memory: Total: 61649012 kB, Available: 55805828 kB, Active: 4862240 kB, SwapTotal: 40894456 kB, SwapFree: 40861944 kB
INFO [2026-03-16 13:58:45] Memory: Total: 61649012 kB, Available: 55805580 kB, Active: 4862528 kB, SwapTotal: 40894456 kB, SwapFree: 40861944 kB
INFO [2026-03-16 13:58:46] Memory: Total: 61649012 kB, Available: 55805580 kB, Active: 4862528 kB, SwapTotal: 40894456 kB, SwapFree: 40861944 kB
INFO [2026-03-16 13:58:46] Memory: Total: 61649012 kB, Available: 55805580 kB, Active: 4862528 kB, SwapTotal: 40894456 kB, SwapFree: 40861944 kB
INFO [2026-03-16 13:58:46] Memory: Total: 61649012 kB, Available: 55815244 kB, Active: 4862688 kB, SwapTotal: 40894456 kB, SwapFree: 40861944 kB
INFO [2026-03-16 13:58:46] Memory: Total: 61649012 kB, Available: 55815244 kB, Active: 4862688 kB, SwapTotal: 40894456 kB, SwapFree: 40861944 kB
INFO [2026-03-16 13:58:46] Memory: Total: 61649012 kB, Available: 55815244 kB, Active: 4862472 kB, SwapTotal: 40894456 kB, SwapFree: 40861944 kB
INFO [2026-03-16 13:58:46] Memory: Total: 61649012 kB, Available: 55815244 kB, Active: 4862596 kB, SwapTotal: 40894456 kB, SwapFree: 40861944 kB
INFO [2026-03-16 13:58:46] Memory: Total: 61649012 kB, Available: 55815244 kB, Active: 4862596 kB, SwapTotal: 40894456 kB, SwapFree: 40861944 kB
INFO [2026-03-16 13:58:46] Memory: Total: 61649012 kB, Available: 55815240 kB, Active: 4862596 kB, SwapTotal: 40894456 kB, SwapFree: 40861944 kB
INFO [2026-03-16 13:58:47] Memory: Total: 61649012 kB, Available: 55814988 kB, Active: 4862880 kB, SwapTotal: 40894456 kB, SwapFree: 40861944 kB
INFO [2026-03-16 13:58:47] Memory: Total: 61649012 kB, Available: 55814988 kB, Active: 4862880 kB, SwapTotal: 40894456 kB, SwapFree: 40861944 kB
INFO [2026-03-16 13:58:47] Memory: Total: 61649012 kB, Available: 55814988 kB, Active: 4862720 kB, SwapTotal: 40894456 kB, SwapFree: 40861944 kB
INFO [2026-03-16 13:58:47] Memory: Total: 61649012 kB, Available: 55814988 kB, Active: 4862844 kB, SwapTotal: 40894456 kB, SwapFree: 40861944 kB
INFO [2026-03-16 13:58:47] Memory: Total: 61649012 kB, Available: 55814988 kB, Active: 4862844 kB, SwapTotal: 40894456 kB, SwapFree: 40861944 kB
INFO [2026-03-16 13:58:47] Memory: Total: 61649012 kB, Available: 55814988 kB, Active: 4862844 kB, SwapTotal: 40894456 kB, SwapFree: 40861944 kB
INFO [2026-03-16 13:58:47] Memory: Total: 61649012 kB, Available: 55814988 kB, Active: 4862968 kB, SwapTotal: 40894456 kB, SwapFree: 40861944 kB
INFO [2026-03-16 13:58:47] Memory: Total: 61649012 kB, Available: 55814988 kB, Active: 4862968 kB, SwapTotal: 40894456 kB, SwapFree: 40861944 kB
INFO [2026-03-16 13:58:47] Memory: Total: 61649012 kB, Available: 55814988 kB, Active: 4863292 kB, SwapTotal: 40894456 kB, SwapFree: 40861944 kB
INFO [2026-03-16 13:58:48] Memory: Total: 61649012 kB, Available: 55814988 kB, Active: 4863156 kB, SwapTotal: 40894456 kB, SwapFree: 40861944 kB
INFO [2026-03-16 13:58:48] Memory: Total: 61649012 kB, Available: 55814988 kB, Active: 4863156 kB, SwapTotal: 40894456 kB, SwapFree: 40861944 kB
INFO [2026-03-16 13:58:48] Memory: Total: 61649012 kB, Available: 55814988 kB, Active: 4863156 kB, SwapTotal: 40894456 kB, SwapFree: 40861944 kB
INFO [2026-03-16 13:58:48] Memory: Total: 61649012 kB, Available: 55814988 kB, Active: 4863280 kB, SwapTotal: 40894456 kB, SwapFree: 40861944 kB
INFO [2026-03-16 13:58:48] Memory: Total: 61649012 kB, Available: 55814988 kB, Active: 4863280 kB, SwapTotal: 40894456 kB, SwapFree: 40861944 kB
INFO [2026-03-16 13:58:48] Memory: Total: 61649012 kB, Available: 55814988 kB, Active: 4863404 kB, SwapTotal: 40894456 kB, SwapFree: 40861944 kB
INFO [2026-03-16 13:58:48] Memory: Total: 61649012 kB, Available: 55814988 kB, Active: 4863728 kB, SwapTotal: 40894456 kB, SwapFree: 40861944 kB
INFO [2026-03-16 13:58:48] Memory: Total: 61649012 kB, Available: 55814988 kB, Active: 4863728 kB, SwapTotal: 40894456 kB, SwapFree: 40861944 kB
INFO [2026-03-16 13:58:49] Memory: Total: 61649012 kB, Available: 55814988 kB, Active: 4863528 kB, SwapTotal: 40894456 kB, SwapFree: 40861944 kB
INFO [2026-03-16 13:58:49] Memory: Total: 61649012 kB, Available: 55814988 kB, Active: 4863652 kB, SwapTotal: 40894456 kB, SwapFree: 40861944 kB
INFO [2026-03-16 13:58:49] Memory: Total: 61649012 kB, Available: 55814988 kB, Active: 4863652 kB, SwapTotal: 40894456 kB, SwapFree: 40861944 kB
INFO [2026-03-16 13:58:49] Memory: Total: 61649012 kB, Available: 55814988 kB, Active: 4863776 kB, SwapTotal: 40894456 kB, SwapFree: 40861944 kB
INFO [2026-03-16 13:58:49] Memory: Total: 61649012 kB, Available: 55814988 kB, Active: 4863776 kB, SwapTotal: 40894456 kB, SwapFree: 40861944 kB
INFO [2026-03-16 13:58:49] Memory: Total: 61649012 kB, Available: 55814988 kB, Active: 4863776 kB, SwapTotal: 40894456 kB, SwapFree: 40861944 kB
INFO [2026-03-16 13:58:49] Memory: Total: 61649012 kB, Available: 55814988 kB, Active: 4863896 kB, SwapTotal: 40894456 kB, SwapFree: 40861944 kB
INFO [2026-03-16 13:58:50] Memory: Total: 61649012 kB, Available: 55814484 kB, Active: 4864184 kB, SwapTotal: 40894456 kB, SwapFree: 40861944 kB
INFO [2026-03-16 13:58:50] Memory: Total: 61649012 kB, Available: 55814484 kB, Active: 4864184 kB, SwapTotal: 40894456 kB, SwapFree: 40861944 kB
INFO [2026-03-16 13:58:50] Memory: Total: 61649012 kB, Available: 55814484 kB, Active: 4863904 kB, SwapTotal: 40894456 kB, SwapFree: 40861944 kB
INFO [2026-03-16 13:58:50] Memory: Total: 61649012 kB, Available: 55814484 kB, Active: 4863904 kB, SwapTotal: 40894456 kB, SwapFree: 40861944 kB
INFO [2026-03-16 13:58:50] Memory: Total: 61649012 kB, Available: 55814484 kB, Active: 4863904 kB, SwapTotal: 40894456 kB, SwapFree: 40861944 kB
INFO [2026-03-16 13:58:50] Memory: Total: 61649012 kB, Available: 55814484 kB, Active: 4863904 kB, SwapTotal: 40894456 kB, SwapFree: 40861944 kB
INFO [2026-03-16 13:58:50] Memory: Total: 61649012 kB, Available: 55814484 kB, Active: 4863904 kB, SwapTotal: 40894456 kB, SwapFree: 40861944 kB
INFO [2026-03-16 13:58:50] Memory: Total: 61649012 kB, Available: 55814484 kB, Active: 4863904 kB, SwapTotal: 40894456 kB, SwapFree: 40861944 kB
INFO [2026-03-16 13:58:50] Memory: Total: 61649012 kB, Available: 55814484 kB, Active: 4864192 kB, SwapTotal: 40894456 kB, SwapFree: 40861944 kB
INFO [2026-03-16 13:58:51] Memory: Total: 61649012 kB, Available: 55814484 kB, Active: 4863904 kB, SwapTotal: 40894456 kB, SwapFree: 40861944 kB
INFO [2026-03-16 13:58:51] Memory: Total: 61649012 kB, Available: 55814484 kB, Active: 4863904 kB, SwapTotal: 40894456 kB, SwapFree: 40861944 kB
INFO [2026-03-16 13:58:51] Memory: Total: 61649012 kB, Available: 55814484 kB, Active: 4863904 kB, SwapTotal: 40894456 kB, SwapFree: 40861944 kB
INFO [2026-03-16 13:58:51] Memory: Total: 61649012 kB, Available: 55814484 kB, Active: 4864068 kB, SwapTotal: 40894456 kB, SwapFree: 40861944 kB
INFO [2026-03-16 13:58:51] Memory: Total: 61649012 kB, Available: 55814484 kB, Active: 4864068 kB, SwapTotal: 40894456 kB, SwapFree: 40861944 kB
INFO [2026-03-16 13:58:51] Memory: Total: 61649012 kB, Available: 55814484 kB, Active: 4863904 kB, SwapTotal: 40894456 kB, SwapFree: 40861944 kB
INFO [2026-03-16 13:58:51] Memory: Total: 61649012 kB, Available: 55814484 kB, Active: 4863904 kB, SwapTotal: 40894456 kB, SwapFree: 40861944 kB
INFO [2026-03-16 13:58:51] Memory: Total: 61649012 kB, Available: 55814484 kB, Active: 4864060 kB, SwapTotal: 40894456 kB, SwapFree: 40861944 kB
INFO [2026-03-16 13:58:52] Memory: Total: 61649012 kB, Available: 55814484 kB, Active: 4863904 kB, SwapTotal: 40894456 kB, SwapFree: 40861944 kB
INFO [2026-03-16 13:58:52] Memory: Total: 61649012 kB, Available: 55814484 kB, Active: 4863904 kB, SwapTotal: 40894456 kB, SwapFree: 40861944 kB
INFO [2026-03-16 13:58:52] Memory: Total: 61649012 kB, Available: 55814484 kB, Active: 4863904 kB, SwapTotal: 40894456 kB, SwapFree: 40861944 kB
INFO [2026-03-16 13:58:52] Memory: Total: 61649012 kB, Available: 55814484 kB, Active: 4863904 kB, SwapTotal: 40894456 kB, SwapFree: 40861944 kB
INFO [2026-03-16 13:58:52] Memory: Total: 61649012 kB, Available: 55814484 kB, Active: 4863904 kB, SwapTotal: 40894456 kB, SwapFree: 40861944 kB
INFO [2026-03-16 13:58:52] Memory: Total: 61649012 kB, Available: 55814484 kB, Active: 4863904 kB, SwapTotal: 40894456 kB, SwapFree: 40861944 kB
INFO [2026-03-16 13:58:52] Memory: Total: 61649012 kB, Available: 55814484 kB, Active: 4863904 kB, SwapTotal: 40894456 kB, SwapFree: 40861944 kB
INFO [2026-03-16 13:58:52] Memory: Total: 61649012 kB, Available: 55814488 kB, Active: 4864068 kB, SwapTotal: 40894456 kB, SwapFree: 40861944 kB
INFO [2026-03-16 13:58:53] Memory: Total: 61649012 kB, Available: 55814488 kB, Active: 4864392 kB, SwapTotal: 40894456 kB, SwapFree: 40861944 kB
INFO [2026-03-16 13:58:53] Memory: Total: 61649012 kB, Available: 55814236 kB, Active: 4863912 kB, SwapTotal: 40894456 kB, SwapFree: 40861944 kB
INFO [2026-03-16 13:58:53] Memory: Total: 61649012 kB, Available: 55814236 kB, Active: 4863912 kB, SwapTotal: 40894456 kB, SwapFree: 40861944 kB
INFO [2026-03-16 13:58:53] Memory: Total: 61649012 kB, Available: 55814236 kB, Active: 4863924 kB, SwapTotal: 40894456 kB, SwapFree: 40861944 kB
INFO [2026-03-16 13:58:53] Memory: Total: 61649012 kB, Available: 55814236 kB, Active: 4863912 kB, SwapTotal: 40894456 kB, SwapFree: 40861944 kB
INFO [2026-03-16 13:58:53] Memory: Total: 61649012 kB, Available: 55814236 kB, Active: 4863912 kB, SwapTotal: 40894456 kB, SwapFree: 40861944 kB
INFO [2026-03-16 13:58:53] Memory: Total: 61649012 kB, Available: 55814236 kB, Active: 4863912 kB, SwapTotal: 40894456 kB, SwapFree: 40861944 kB
INFO [2026-03-16 13:58:53] Memory: Total: 61649012 kB, Available: 55814232 kB, Active: 4863912 kB, SwapTotal: 40894456 kB, SwapFree: 40861944 kB
INFO [2026-03-16 13:58:54] Memory: Total: 61649012 kB, Available: 55814232 kB, Active: 4863912 kB, SwapTotal: 40894456 kB, SwapFree: 40861944 kB
INFO [2026-03-16 13:58:54] Memory: Total: 61649012 kB, Available: 55814232 kB, Active: 4863912 kB, SwapTotal: 40894456 kB, SwapFree: 40861944 kB
INFO [2026-03-16 13:58:54] Memory: Total: 61649012 kB, Available: 55814232 kB, Active: 4863912 kB, SwapTotal: 40894456 kB, SwapFree: 40861944 kB
INFO [2026-03-16 13:58:54] Memory: Total: 61649012 kB, Available: 55814232 kB, Active: 4863912 kB, SwapTotal: 40894456 kB, SwapFree: 40861944 kB
INFO [2026-03-16 13:58:54] Memory: Total: 61649012 kB, Available: 55814232 kB, Active: 4863912 kB, SwapTotal: 40894456 kB, SwapFree: 40861944 kB
INFO [2026-03-16 13:58:54] Memory: Total: 61649012 kB, Available: 55814232 kB, Active: 4863912 kB, SwapTotal: 40894456 kB, SwapFree: 40861944 kB
INFO [2026-03-16 13:58:54] Memory: Total: 61649012 kB, Available: 55814232 kB, Active: 4863912 kB, SwapTotal: 40894456 kB, SwapFree: 40861944 kB
INFO [2026-03-16 13:58:54] Memory: Total: 61649012 kB, Available: 55814232 kB, Active: 4863912 kB, SwapTotal: 40894456 kB, SwapFree: 40861944 kB
INFO [2026-03-16 13:58:54] Memory: Total: 61649012 kB, Available: 55814232 kB, Active: 4864196 kB, SwapTotal: 40894456 kB, SwapFree: 40861944 kB
INFO [2026-03-16 13:58:55] Memory: Total: 61649012 kB, Available: 55814232 kB, Active: 4863912 kB, SwapTotal: 40894456 kB, SwapFree: 40861944 kB
INFO [2026-03-16 13:58:55] Memory: Total: 61649012 kB, Available: 55814232 kB, Active: 4863912 kB, SwapTotal: 40894456 kB, SwapFree: 40861944 kB
INFO [2026-03-16 13:58:55] Memory: Total: 61649012 kB, Available: 55814232 kB, Active: 4863912 kB, SwapTotal: 40894456 kB, SwapFree: 40861944 kB
INFO [2026-03-16 13:58:55] Memory: Total: 61649012 kB, Available: 55814232 kB, Active: 4863912 kB, SwapTotal: 40894456 kB, SwapFree: 40861944 kB
INFO [2026-03-16 13:58:55] Memory: Total: 61649012 kB, Available: 55813992 kB, Active: 4863912 kB, SwapTotal: 40894456 kB, SwapFree: 40861944 kB
INFO [2026-03-16 13:58:55] Memory: Total: 61649012 kB, Available: 55813992 kB, Active: 4863912 kB, SwapTotal: 40894456 kB, SwapFree: 40861944 kB
INFO [2026-03-16 13:58:55] Memory: Total: 61649012 kB, Available: 55813992 kB, Active: 4863912 kB, SwapTotal: 40894456 kB, SwapFree: 40861944 kB
INFO [2026-03-16 13:58:55] Memory: Total: 61649012 kB, Available: 55813992 kB, Active: 4863912 kB, SwapTotal: 40894456 kB, SwapFree: 40861944 kB
INFO [2026-03-16 13:58:56] Memory: Total: 61649012 kB, Available: 55813992 kB, Active: 4863912 kB, SwapTotal: 40894456 kB, SwapFree: 40861944 kB
INFO [2026-03-16 13:58:56] Memory: Total: 61649012 kB, Available: 55813992 kB, Active: 4863912 kB, SwapTotal: 40894456 kB, SwapFree: 40861944 kB
INFO [2026-03-16 13:58:56] Memory: Total: 61649012 kB, Available: 55813996 kB, Active: 4864068 kB, SwapTotal: 40894456 kB, SwapFree: 40861944 kB
INFO [2026-03-16 13:58:56] Memory: Total: 61649012 kB, Available: 55813996 kB, Active: 4863912 kB, SwapTotal: 40894456 kB, SwapFree: 40861944 kB
INFO [2026-03-16 13:58:57] Memory: Total: 61649012 kB, Available: 55813996 kB, Active: 4863912 kB, SwapTotal: 40894456 kB, SwapFree: 40861944 kB
INFO [2026-03-16 13:58:57] Memory: Total: 61649012 kB, Available: 55813996 kB, Active: 4863912 kB, SwapTotal: 40894456 kB, SwapFree: 40861944 kB
INFO [2026-03-16 13:58:57] Memory: Total: 61649012 kB, Available: 55813996 kB, Active: 4863912 kB, SwapTotal: 40894456 kB, SwapFree: 40861944 kB
INFO [2026-03-16 13:58:57] Memory: Total: 61649012 kB, Available: 55813996 kB, Active: 4863912 kB, SwapTotal: 40894456 kB, SwapFree: 40861944 kB
INFO [2026-03-16 13:58:57] Memory: Total: 61649012 kB, Available: 55813996 kB, Active: 4863912 kB, SwapTotal: 40894456 kB, SwapFree: 40861944 kB
INFO [2026-03-16 13:58:57] Memory: Total: 61649012 kB, Available: 55813992 kB, Active: 4863912 kB, SwapTotal: 40894456 kB, SwapFree: 40861944 kB
INFO [2026-03-16 13:58:58] Memory: Total: 61649012 kB, Available: 55813992 kB, Active: 4863912 kB, SwapTotal: 40894456 kB, SwapFree: 40861944 kB
INFO [2026-03-16 13:58:58] Memory: Total: 61649012 kB, Available: 55813992 kB, Active: 4863912 kB, SwapTotal: 40894456 kB, SwapFree: 40861944 kB
INFO [2026-03-16 13:58:58] Memory: Total: 61649012 kB, Available: 55813992 kB, Active: 4863912 kB, SwapTotal: 40894456 kB, SwapFree: 40861944 kB
INFO [2026-03-16 13:58:58] Memory: Total: 61649012 kB, Available: 55813992 kB, Active: 4863912 kB, SwapTotal: 40894456 kB, SwapFree: 40861944 kB
INFO [2026-03-16 13:58:58] Memory: Total: 61649012 kB, Available: 55813992 kB, Active: 4864200 kB, SwapTotal: 40894456 kB, SwapFree: 40861944 kB
INFO [2026-03-16 13:58:58] Memory: Total: 61649012 kB, Available: 55813992 kB, Active: 4864200 kB, SwapTotal: 40894456 kB, SwapFree: 40861944 kB
INFO [2026-03-16 13:58:58] Memory: Total: 61649012 kB, Available: 55813992 kB, Active: 4864200 kB, SwapTotal: 40894456 kB, SwapFree: 40861944 kB
INFO [2026-03-16 13:58:58] Memory: Total: 61649012 kB, Available: 55813992 kB, Active: 4864200 kB, SwapTotal: 40894456 kB, SwapFree: 40861944 kB
INFO [2026-03-16 13:58:58] Memory: Total: 61649012 kB, Available: 55813992 kB, Active: 4864072 kB, SwapTotal: 40894456 kB, SwapFree: 40861944 kB
INFO [2026-03-16 13:58:59] Memory: Total: 61649012 kB, Available: 55813992 kB, Active: 4863912 kB, SwapTotal: 40894456 kB, SwapFree: 40861944 kB
INFO [2026-03-16 13:58:59] Memory: Total: 61649012 kB, Available: 55813992 kB, Active: 4864200 kB, SwapTotal: 40894456 kB, SwapFree: 40861944 kB
INFO [2026-03-16 13:58:59] Memory: Total: 61649012 kB, Available: 55813992 kB, Active: 4863912 kB, SwapTotal: 40894456 kB, SwapFree: 40861944 kB
INFO [2026-03-16 13:58:59] Memory: Total: 61649012 kB, Available: 55813992 kB, Active: 4863912 kB, SwapTotal: 40894456 kB, SwapFree: 40861944 kB
INFO [2026-03-16 13:58:59] Memory: Total: 61649012 kB, Available: 55813992 kB, Active: 4863912 kB, SwapTotal: 40894456 kB, SwapFree: 40861944 kB
INFO [2026-03-16 13:58:59] Memory: Total: 61649012 kB, Available: 55813740 kB, Active: 4863912 kB, SwapTotal: 40894456 kB, SwapFree: 40861944 kB
INFO [2026-03-16 13:58:59] Memory: Total: 61649012 kB, Available: 55813740 kB, Active: 4863912 kB, SwapTotal: 40894456 kB, SwapFree: 40861944 kB
INFO [2026-03-16 13:58:59] Memory: Total: 61649012 kB, Available: 55813740 kB, Active: 4863924 kB, SwapTotal: 40894456 kB, SwapFree: 40861944 kB
INFO [2026-03-16 13:59:00] Memory: Total: 61649012 kB, Available: 55813740 kB, Active: 4863912 kB, SwapTotal: 40894456 kB, SwapFree: 40861944 kB
INFO [2026-03-16 13:59:00] Memory: Total: 61649012 kB, Available: 55813740 kB, Active: 4863912 kB, SwapTotal: 40894456 kB, SwapFree: 40861944 kB
INFO [2026-03-16 13:59:00] Memory: Total: 61649012 kB, Available: 55813740 kB, Active: 4863912 kB, SwapTotal: 40894456 kB, SwapFree: 40861944 kB
INFO [2026-03-16 13:59:00] Memory: Total: 61649012 kB, Available: 55813740 kB, Active: 4863912 kB, SwapTotal: 40894456 kB, SwapFree: 40861944 kB
INFO [2026-03-16 13:59:00] Memory: Total: 61649012 kB, Available: 55813740 kB, Active: 4863912 kB, SwapTotal: 40894456 kB, SwapFree: 40861944 kB
INFO [2026-03-16 13:59:00] Memory: Total: 61649012 kB, Available: 55813740 kB, Active: 4863912 kB, SwapTotal: 40894456 kB, SwapFree: 40861944 kB
INFO [2026-03-16 13:59:00] Memory: Total: 61649012 kB, Available: 55813740 kB, Active: 4863912 kB, SwapTotal: 40894456 kB, SwapFree: 40861944 kB
INFO [2026-03-16 13:59:00] Memory: Total: 61649012 kB, Available: 55813740 kB, Active: 4864200 kB, SwapTotal: 40894456 kB, SwapFree: 40861944 kB
INFO [2026-03-16 13:59:00] Memory: Total: 61649012 kB, Available: 55813740 kB, Active: 4863912 kB, SwapTotal: 40894456 kB, SwapFree: 40861944 kB
INFO [2026-03-16 13:59:01] Memory: Total: 61649012 kB, Available: 55813740 kB, Active: 4863912 kB, SwapTotal: 40894456 kB, SwapFree: 40861944 kB
INFO [2026-03-16 13:59:01] Memory: Total: 61649012 kB, Available: 55813740 kB, Active: 4863912 kB, SwapTotal: 40894456 kB, SwapFree: 40861944 kB
INFO [2026-03-16 13:59:01] Memory: Total: 61649012 kB, Available: 55813740 kB, Active: 4863912 kB, SwapTotal: 40894456 kB, SwapFree: 40861944 kB
INFO [2026-03-16 13:59:01] Memory: Total: 61649012 kB, Available: 55813740 kB, Active: 4863912 kB, SwapTotal: 40894456 kB, SwapFree: 40861944 kB
INFO [2026-03-16 13:59:01] Memory: Total: 61649012 kB, Available: 55813740 kB, Active: 4863912 kB, SwapTotal: 40894456 kB, SwapFree: 40861944 kB
INFO [2026-03-16 13:59:01] Memory: Total: 61649012 kB, Available: 55813740 kB, Active: 4863912 kB, SwapTotal: 40894456 kB, SwapFree: 40861944 kB
INFO [2026-03-16 13:59:01] Memory: Total: 61649012 kB, Available: 55813740 kB, Active: 4863976 kB, SwapTotal: 40894456 kB, SwapFree: 40861944 kB
INFO [2026-03-16 13:59:02] Memory: Total: 61649012 kB, Available: 55813740 kB, Active: 4863916 kB, SwapTotal: 40894456 kB, SwapFree: 40861944 kB
INFO [2026-03-16 13:59:02] Memory: Total: 61649012 kB, Available: 55813740 kB, Active: 4863916 kB, SwapTotal: 40894456 kB, SwapFree: 40861944 kB
INFO [2026-03-16 13:59:02] Memory: Total: 61649012 kB, Available: 55813740 kB, Active: 4863916 kB, SwapTotal: 40894456 kB, SwapFree: 40861944 kB
INFO [2026-03-16 13:59:02] Memory: Total: 61649012 kB, Available: 55813740 kB, Active: 4863916 kB, SwapTotal: 40894456 kB, SwapFree: 40861944 kB
INFO [2026-03-16 13:59:02] Memory: Total: 61649012 kB, Available: 55813740 kB, Active: 4863916 kB, SwapTotal: 40894456 kB, SwapFree: 40861944 kB
INFO [2026-03-16 13:59:02] Memory: Total: 61649012 kB, Available: 55813740 kB, Active: 4863916 kB, SwapTotal: 40894456 kB, SwapFree: 40861944 kB
INFO [2026-03-16 13:59:02] Memory: Total: 61649012 kB, Available: 55813740 kB, Active: 4863916 kB, SwapTotal: 40894456 kB, SwapFree: 40861944 kB
INFO [2026-03-16 13:59:02] Memory: Total: 61649012 kB, Available: 55813740 kB, Active: 4863916 kB, SwapTotal: 40894456 kB, SwapFree: 40861944 kB
INFO [2026-03-16 13:59:03] Memory: Total: 61649012 kB, Available: 55813740 kB, Active: 4864080 kB, SwapTotal: 40894456 kB, SwapFree: 40861944 kB
INFO [2026-03-16 13:59:03] Memory: Total: 61649012 kB, Available: 55813740 kB, Active: 4864080 kB, SwapTotal: 40894456 kB, SwapFree: 40861944 kB
INFO [2026-03-16 13:59:03] Memory: Total: 61649012 kB, Available: 55813740 kB, Active: 4863916 kB, SwapTotal: 40894456 kB, SwapFree: 40861944 kB
INFO [2026-03-16 13:59:03] Memory: Total: 61649012 kB, Available: 55813740 kB, Active: 4863916 kB, SwapTotal: 40894456 kB, SwapFree: 40861944 kB
INFO [2026-03-16 13:59:03] Memory: Total: 61649012 kB, Available: 55813740 kB, Active: 4863916 kB, SwapTotal: 40894456 kB, SwapFree: 40861944 kB
INFO [2026-03-16 13:59:03] Memory: Total: 61649012 kB, Available: 55813740 kB, Active: 4863916 kB, SwapTotal: 40894456 kB, SwapFree: 40861944 kB
INFO [2026-03-16 13:59:03] Memory: Total: 61649012 kB, Available: 55813740 kB, Active: 4863916 kB, SwapTotal: 40894456 kB, SwapFree: 40861944 kB
INFO [2026-03-16 13:59:03] Memory: Total: 61649012 kB, Available: 55813744 kB, Active: 4863916 kB, SwapTotal: 40894456 kB, SwapFree: 40861944 kB
INFO [2026-03-16 13:59:03] Memory: Total: 61649012 kB, Available: 55813744 kB, Active: 4863916 kB, SwapTotal: 40894456 kB, SwapFree: 40861944 kB
INFO [2026-03-16 13:59:04] Memory: Total: 61649012 kB, Available: 55813744 kB, Active: 4863916 kB, SwapTotal: 40894456 kB, SwapFree: 40861944 kB
INFO [2026-03-16 13:59:04] Memory: Total: 61649012 kB, Available: 55813744 kB, Active: 4863916 kB, SwapTotal: 40894456 kB, SwapFree: 40861944 kB
INFO [2026-03-16 13:59:04] Memory: Total: 61649012 kB, Available: 55813744 kB, Active: 4863916 kB, SwapTotal: 40894456 kB, SwapFree: 40861944 kB
INFO [2026-03-16 13:59:04] Memory: Total: 61649012 kB, Available: 55813744 kB, Active: 4863916 kB, SwapTotal: 40894456 kB, SwapFree: 40861944 kB
INFO [2026-03-16 13:59:04] Memory: Total: 61649012 kB, Available: 55813744 kB, Active: 4863916 kB, SwapTotal: 40894456 kB, SwapFree: 40861944 kB
INFO [2026-03-16 13:59:04] Memory: Total: 61649012 kB, Available: 55813744 kB, Active: 4863916 kB, SwapTotal: 40894456 kB, SwapFree: 40861944 kB
INFO [2026-03-16 13:59:04] Memory: Total: 61649012 kB, Available: 55813744 kB, Active: 4863916 kB, SwapTotal: 40894456 kB, SwapFree: 40861944 kB
INFO [2026-03-16 13:59:05] Memory: Total: 61649012 kB, Available: 55813488 kB, Active: 4863964 kB, SwapTotal: 40894456 kB, SwapFree: 40861944 kB
INFO [2026-03-16 13:59:05] Memory: Total: 61649012 kB, Available: 55813488 kB, Active: 4863920 kB, SwapTotal: 40894456 kB, SwapFree: 40861944 kB
INFO [2026-03-16 13:59:05] Memory: Total: 61649012 kB, Available: 55813488 kB, Active: 4863920 kB, SwapTotal: 40894456 kB, SwapFree: 40861944 kB
INFO [2026-03-16 13:59:05] Memory: Total: 61649012 kB, Available: 55813488 kB, Active: 4864080 kB, SwapTotal: 40894456 kB, SwapFree: 40861944 kB
INFO [2026-03-16 13:59:05] Memory: Total: 61649012 kB, Available: 55813488 kB, Active: 4863920 kB, SwapTotal: 40894456 kB, SwapFree: 40861944 kB
INFO [2026-03-16 13:59:05] Memory: Total: 61649012 kB, Available: 55813488 kB, Active: 4863920 kB, SwapTotal: 40894456 kB, SwapFree: 40861944 kB
INFO [2026-03-16 13:59:05] Memory: Total: 61649012 kB, Available: 55813488 kB, Active: 4863920 kB, SwapTotal: 40894456 kB, SwapFree: 40861944 kB
INFO [2026-03-16 13:59:05] Memory: Total: 61649012 kB, Available: 55813488 kB, Active: 4863920 kB, SwapTotal: 40894456 kB, SwapFree: 40861944 kB
INFO [2026-03-16 13:59:05] Memory: Total: 61649012 kB, Available: 55813488 kB, Active: 4863920 kB, SwapTotal: 40894456 kB, SwapFree: 40861944 kB
INFO [2026-03-16 13:59:06] Memory: Total: 61649012 kB, Available: 55813488 kB, Active: 4863920 kB, SwapTotal: 40894456 kB, SwapFree: 40861944 kB
INFO [2026-03-16 13:59:06] Memory: Total: 61649012 kB, Available: 55813488 kB, Active: 4863920 kB, SwapTotal: 40894456 kB, SwapFree: 40861944 kB
INFO [2026-03-16 13:59:06] Memory: Total: 61649012 kB, Available: 55813488 kB, Active: 4863920 kB, SwapTotal: 40894456 kB, SwapFree: 40861944 kB
INFO [2026-03-16 13:59:06] Memory: Total: 61649012 kB, Available: 55813488 kB, Active: 4863920 kB, SwapTotal: 40894456 kB, SwapFree: 40861944 kB
INFO [2026-03-16 13:59:06] Memory: Total: 61649012 kB, Available: 55813488 kB, Active: 4863920 kB, SwapTotal: 40894456 kB, SwapFree: 40861944 kB
INFO [2026-03-16 13:59:06] Memory: Total: 61649012 kB, Available: 55813488 kB, Active: 4863920 kB, SwapTotal: 40894456 kB, SwapFree: 40861944 kB
INFO [2026-03-16 13:59:06] Memory: Total: 61649012 kB, Available: 55813488 kB, Active: 4863920 kB, SwapTotal: 40894456 kB, SwapFree: 40861944 kB
INFO [2026-03-16 13:59:06] Memory: Total: 61649012 kB, Available: 55813488 kB, Active: 4863920 kB, SwapTotal: 40894456 kB, SwapFree: 40861944 kB
INFO [2026-03-16 13:59:07] Memory: Total: 61649012 kB, Available: 55813488 kB, Active: 4863920 kB, SwapTotal: 40894456 kB, SwapFree: 40861944 kB
INFO [2026-03-16 13:59:07] Memory: Total: 61649012 kB, Available: 55813488 kB, Active: 4863920 kB, SwapTotal: 40894456 kB, SwapFree: 40861944 kB
INFO [2026-03-16 13:59:07] Memory: Total: 61649012 kB, Available: 55813488 kB, Active: 4863920 kB, SwapTotal: 40894456 kB, SwapFree: 40861944 kB
INFO [2026-03-16 13:59:07] Memory: Total: 61649012 kB, Available: 55813488 kB, Active: 4864204 kB, SwapTotal: 40894456 kB, SwapFree: 40861944 kB
INFO [2026-03-16 13:59:07] Memory: Total: 61649012 kB, Available: 55813488 kB, Active: 4863920 kB, SwapTotal: 40894456 kB, SwapFree: 40861944 kB
INFO [2026-03-16 13:59:07] Memory: Total: 61649012 kB, Available: 55813488 kB, Active: 4863920 kB, SwapTotal: 40894456 kB, SwapFree: 40861944 kB
INFO [2026-03-16 13:59:07] Memory: Total: 61649012 kB, Available: 55813488 kB, Active: 4863920 kB, SwapTotal: 40894456 kB, SwapFree: 40861944 kB
INFO [2026-03-16 13:59:07] Memory: Total: 61649012 kB, Available: 55813488 kB, Active: 4863920 kB, SwapTotal: 40894456 kB, SwapFree: 40861944 kB
INFO [2026-03-16 13:59:07] Memory: Total: 61649012 kB, Available: 55813488 kB, Active: 4863920 kB, SwapTotal: 40894456 kB, SwapFree: 40861944 kB
INFO [2026-03-16 13:59:08] Memory: Total: 61649012 kB, Available: 55813488 kB, Active: 4863920 kB, SwapTotal: 40894456 kB, SwapFree: 40861944 kB
INFO [2026-03-16 13:59:08] Memory: Total: 61649012 kB, Available: 55813488 kB, Active: 4863920 kB, SwapTotal: 40894456 kB, SwapFree: 40861944 kB
INFO [2026-03-16 13:59:08] Memory: Total: 61649012 kB, Available: 55813488 kB, Active: 4863920 kB, SwapTotal: 40894456 kB, SwapFree: 40861944 kB
INFO [2026-03-16 13:59:08] Memory: Total: 61649012 kB, Available: 55813488 kB, Active: 4863920 kB, SwapTotal: 40894456 kB, SwapFree: 40861944 kB
INFO [2026-03-16 13:59:08] Memory: Total: 61649012 kB, Available: 55813488 kB, Active: 4863920 kB, SwapTotal: 40894456 kB, SwapFree: 40861944 kB
INFO [2026-03-16 13:59:08] Memory: Total: 61649012 kB, Available: 55813488 kB, Active: 4863920 kB, SwapTotal: 40894456 kB, SwapFree: 40861944 kB
INFO [2026-03-16 13:59:08] Memory: Total: 61649012 kB, Available: 55813488 kB, Active: 4863920 kB, SwapTotal: 40894456 kB, SwapFree: 40861944 kB
INFO [2026-03-16 13:59:09] Memory: Total: 61649012 kB, Available: 55813236 kB, Active: 4863920 kB, SwapTotal: 40894456 kB, SwapFree: 40861944 kB
INFO [2026-03-16 13:59:09] Memory: Total: 61649012 kB, Available: 55813236 kB, Active: 4864208 kB, SwapTotal: 40894456 kB, SwapFree: 40861944 kB
INFO [2026-03-16 13:59:09] Memory: Total: 61649012 kB, Available: 55813236 kB, Active: 4863920 kB, SwapTotal: 40894456 kB, SwapFree: 40861944 kB
INFO [2026-03-16 13:59:09] Memory: Total: 61649012 kB, Available: 55813236 kB, Active: 4863920 kB, SwapTotal: 40894456 kB, SwapFree: 40861944 kB
INFO [2026-03-16 13:59:09] Memory: Total: 61649012 kB, Available: 55813236 kB, Active: 4863920 kB, SwapTotal: 40894456 kB, SwapFree: 40861944 kB
INFO [2026-03-16 13:59:09] Memory: Total: 61649012 kB, Available: 55813236 kB, Active: 4863920 kB, SwapTotal: 40894456 kB, SwapFree: 40861944 kB
INFO [2026-03-16 13:59:09] Memory: Total: 61649012 kB, Available: 55813236 kB, Active: 4863920 kB, SwapTotal: 40894456 kB, SwapFree: 40861944 kB
INFO [2026-03-16 13:59:09] Memory: Total: 61649012 kB, Available: 55813236 kB, Active: 4863920 kB, SwapTotal: 40894456 kB, SwapFree: 40861944 kB
INFO [2026-03-16 13:59:10] Memory: Total: 61649012 kB, Available: 55813236 kB, Active: 4863980 kB, SwapTotal: 40894456 kB, SwapFree: 40861944 kB
INFO [2026-03-16 13:59:10] Memory: Total: 61649012 kB, Available: 55813236 kB, Active: 4864080 kB, SwapTotal: 40894456 kB, SwapFree: 40861944 kB
INFO [2026-03-16 13:59:10] Memory: Total: 61649012 kB, Available: 55813236 kB, Active: 4863920 kB, SwapTotal: 40894456 kB, SwapFree: 40861944 kB
INFO [2026-03-16 13:59:10] Memory: Total: 61649012 kB, Available: 55813236 kB, Active: 4863920 kB, SwapTotal: 40894456 kB, SwapFree: 40861944 kB
INFO [2026-03-16 13:59:10] Memory: Total: 61649012 kB, Available: 55813236 kB, Active: 4863920 kB, SwapTotal: 40894456 kB, SwapFree: 40861944 kB
INFO [2026-03-16 13:59:10] Memory: Total: 61649012 kB, Available: 55813236 kB, Active: 4863920 kB, SwapTotal: 40894456 kB, SwapFree: 40861944 kB
INFO [2026-03-16 13:59:10] Memory: Total: 61649012 kB, Available: 55813236 kB, Active: 4863920 kB, SwapTotal: 40894456 kB, SwapFree: 40861944 kB
INFO [2026-03-16 13:59:10] Memory: Total: 61649012 kB, Available: 55813240 kB, Active: 4863920 kB, SwapTotal: 40894456 kB, SwapFree: 40861944 kB
INFO [2026-03-16 13:59:10] Memory: Total: 61649012 kB, Available: 55813240 kB, Active: 4863920 kB, SwapTotal: 40894456 kB, SwapFree: 40861944 kB
INFO [2026-03-16 13:59:11] Memory: Total: 61649012 kB, Available: 55813240 kB, Active: 4863920 kB, SwapTotal: 40894456 kB, SwapFree: 40861944 kB
INFO [2026-03-16 13:59:11] Memory: Total: 61649012 kB, Available: 55813240 kB, Active: 4863920 kB, SwapTotal: 40894456 kB, SwapFree: 40861944 kB
INFO [2026-03-16 13:59:11] Memory: Total: 61649012 kB, Available: 55813240 kB, Active: 4863920 kB, SwapTotal: 40894456 kB, SwapFree: 40861944 kB
INFO [2026-03-16 13:59:11] Memory: Total: 61649012 kB, Available: 55813240 kB, Active: 4863920 kB, SwapTotal: 40894456 kB, SwapFree: 40861944 kB
INFO [2026-03-16 13:59:11] Memory: Total: 61649012 kB, Available: 55813240 kB, Active: 4863920 kB, SwapTotal: 40894456 kB, SwapFree: 40861944 kB
INFO [2026-03-16 13:59:11] Memory: Total: 61649012 kB, Available: 55915584 kB, Active: 4757048 kB, SwapTotal: 40894456 kB, SwapFree: 40861944 kB
INFO [2026-03-16 13:59:11] Memory: Total: 61649012 kB, Available: 57837312 kB, Active: 2845500 kB, SwapTotal: 40894456 kB, SwapFree: 40861944 kB
INFO [2026-03-16 13:59:11] Recombining results ...
