INFO [2026-03-16 14:08:19] Memory: Total: 61649012 kB, Available: 58873500 kB, Active: 1787004 kB, SwapTotal: 40894456 kB, SwapFree: 40861944 kB
INFO [2026-03-16 14:08:19] Processing missing values ...
INFO [2026-03-16 14:08:20] Figuring out comparisons to do ...
INFO [2026-03-16 14:08:20] Splitting up across compute ...
INFO [2026-03-16 14:08:20] Running correlations ...
INFO [2026-03-16 14:08:20] Memory: Total: 61649012 kB, Available: 57492808 kB, Active: 3141376 kB, SwapTotal: 40894456 kB, SwapFree: 40861944 kB
INFO [2026-03-16 14:08:20] Memory: Total: 61649012 kB, Available: 57317016 kB, Active: 3314652 kB, SwapTotal: 40894456 kB, SwapFree: 40861944 kB
INFO [2026-03-16 14:08:21] Memory: Total: 61649012 kB, Available: 57243928 kB, Active: 3395096 kB, SwapTotal: 40894456 kB, SwapFree: 40861944 kB
INFO [2026-03-16 14:08:21] Memory: Total: 61649012 kB, Available: 57211048 kB, Active: 3429440 kB, SwapTotal: 40894456 kB, SwapFree: 40861944 kB
INFO [2026-03-16 14:08:21] Memory: Total: 61649012 kB, Available: 57186856 kB, Active: 3451136 kB, SwapTotal: 40894456 kB, SwapFree: 40861944 kB
INFO [2026-03-16 14:08:21] Memory: Total: 61649012 kB, Available: 57186856 kB, Active: 3451652 kB, SwapTotal: 40894456 kB, SwapFree: 40861944 kB
INFO [2026-03-16 14:08:21] Memory: Total: 61649012 kB, Available: 57185848 kB, Active: 3453344 kB, SwapTotal: 40894456 kB, SwapFree: 40861944 kB
INFO [2026-03-16 14:08:21] Memory: Total: 61649012 kB, Available: 57185596 kB, Active: 3453960 kB, SwapTotal: 40894456 kB, SwapFree: 40861944 kB
INFO [2026-03-16 14:08:21] Memory: Total: 61649012 kB, Available: 57185596 kB, Active: 3454792 kB, SwapTotal: 40894456 kB, SwapFree: 40861944 kB
INFO [2026-03-16 14:08:21] Memory: Total: 61649012 kB, Available: 57185092 kB, Active: 3456180 kB, SwapTotal: 40894456 kB, SwapFree: 40861944 kB
INFO [2026-03-16 14:08:21] Memory: Total: 61649012 kB, Available: 57185092 kB, Active: 3456828 kB, SwapTotal: 40894456 kB, SwapFree: 40861944 kB
INFO [2026-03-16 14:08:21] Memory: Total: 61649012 kB, Available: 57184344 kB, Active: 3457152 kB, SwapTotal: 40894456 kB, SwapFree: 40861944 kB
INFO [2026-03-16 14:08:21] Memory: Total: 61649012 kB, Available: 57184344 kB, Active: 3457152 kB, SwapTotal: 40894456 kB, SwapFree: 40861944 kB
INFO [2026-03-16 14:08:21] Memory: Total: 61649012 kB, Available: 57183580 kB, Active: 3458796 kB, SwapTotal: 40894456 kB, SwapFree: 40861944 kB
INFO [2026-03-16 14:08:21] Memory: Total: 61649012 kB, Available: 57183328 kB, Active: 3459408 kB, SwapTotal: 40894456 kB, SwapFree: 40861944 kB
INFO [2026-03-16 14:08:21] Memory: Total: 61649012 kB, Available: 57183076 kB, Active: 3459372 kB, SwapTotal: 40894456 kB, SwapFree: 40861944 kB
INFO [2026-03-16 14:08:21] Memory: Total: 61649012 kB, Available: 57182824 kB, Active: 3459824 kB, SwapTotal: 40894456 kB, SwapFree: 40861944 kB
INFO [2026-03-16 14:08:21] Memory: Total: 61649012 kB, Available: 57182572 kB, Active: 3459968 kB, SwapTotal: 40894456 kB, SwapFree: 40861944 kB
INFO [2026-03-16 14:08:21] Memory: Total: 61649012 kB, Available: 57182320 kB, Active: 3460320 kB, SwapTotal: 40894456 kB, SwapFree: 40861944 kB
INFO [2026-03-16 14:08:21] Memory: Total: 61649012 kB, Available: 57182320 kB, Active: 3460540 kB, SwapTotal: 40894456 kB, SwapFree: 40861944 kB
INFO [2026-03-16 14:08:21] Memory: Total: 61649012 kB, Available: 57181716 kB, Active: 3460964 kB, SwapTotal: 40894456 kB, SwapFree: 40861944 kB
INFO [2026-03-16 14:08:21] Memory: Total: 61649012 kB, Available: 57179780 kB, Active: 3462912 kB, SwapTotal: 40894456 kB, SwapFree: 40861944 kB
INFO [2026-03-16 14:08:21] Memory: Total: 61649012 kB, Available: 57179528 kB, Active: 3462932 kB, SwapTotal: 40894456 kB, SwapFree: 40861944 kB
INFO [2026-03-16 14:08:21] Memory: Total: 61649012 kB, Available: 57179528 kB, Active: 3462932 kB, SwapTotal: 40894456 kB, SwapFree: 40861944 kB
INFO [2026-03-16 14:08:22] Memory: Total: 61649012 kB, Available: 57178908 kB, Active: 3463588 kB, SwapTotal: 40894456 kB, SwapFree: 40861944 kB
INFO [2026-03-16 14:08:22] Memory: Total: 61649012 kB, Available: 57178772 kB, Active: 3463668 kB, SwapTotal: 40894456 kB, SwapFree: 40861944 kB
INFO [2026-03-16 14:08:22] Memory: Total: 61649012 kB, Available: 57178772 kB, Active: 3463668 kB, SwapTotal: 40894456 kB, SwapFree: 40861944 kB
INFO [2026-03-16 14:08:22] Memory: Total: 61649012 kB, Available: 57178520 kB, Active: 3464204 kB, SwapTotal: 40894456 kB, SwapFree: 40861944 kB
INFO [2026-03-16 14:08:22] Memory: Total: 61649012 kB, Available: 57178268 kB, Active: 3464420 kB, SwapTotal: 40894456 kB, SwapFree: 40861944 kB
INFO [2026-03-16 14:08:22] Memory: Total: 61649012 kB, Available: 57178016 kB, Active: 3465024 kB, SwapTotal: 40894456 kB, SwapFree: 40861944 kB
INFO [2026-03-16 14:08:22] Memory: Total: 61649012 kB, Available: 57178016 kB, Active: 3465164 kB, SwapTotal: 40894456 kB, SwapFree: 40861944 kB
INFO [2026-03-16 14:08:22] Memory: Total: 61649012 kB, Available: 57178016 kB, Active: 3465204 kB, SwapTotal: 40894456 kB, SwapFree: 40861944 kB
INFO [2026-03-16 14:08:22] Memory: Total: 61649012 kB, Available: 57177764 kB, Active: 3465668 kB, SwapTotal: 40894456 kB, SwapFree: 40861944 kB
INFO [2026-03-16 14:08:22] Memory: Total: 61649012 kB, Available: 57177432 kB, Active: 3466104 kB, SwapTotal: 40894456 kB, SwapFree: 40861944 kB
INFO [2026-03-16 14:08:22] Memory: Total: 61649012 kB, Available: 57177432 kB, Active: 3466104 kB, SwapTotal: 40894456 kB, SwapFree: 40861944 kB
INFO [2026-03-16 14:08:22] Memory: Total: 61649012 kB, Available: 57177008 kB, Active: 3466440 kB, SwapTotal: 40894456 kB, SwapFree: 40861944 kB
INFO [2026-03-16 14:08:22] Memory: Total: 61649012 kB, Available: 57160600 kB, Active: 3482956 kB, SwapTotal: 40894456 kB, SwapFree: 40861944 kB
INFO [2026-03-16 14:08:22] Memory: Total: 61649012 kB, Available: 57152344 kB, Active: 3492456 kB, SwapTotal: 40894456 kB, SwapFree: 40861944 kB
INFO [2026-03-16 14:08:22] Memory: Total: 61649012 kB, Available: 57151732 kB, Active: 3492964 kB, SwapTotal: 40894456 kB, SwapFree: 40861944 kB
INFO [2026-03-16 14:08:22] Memory: Total: 61649012 kB, Available: 57151588 kB, Active: 3492908 kB, SwapTotal: 40894456 kB, SwapFree: 40861944 kB
INFO [2026-03-16 14:08:22] Memory: Total: 61649012 kB, Available: 57142512 kB, Active: 3500160 kB, SwapTotal: 40894456 kB, SwapFree: 40861944 kB
INFO [2026-03-16 14:08:22] Memory: Total: 61649012 kB, Available: 57141512 kB, Active: 3500900 kB, SwapTotal: 40894456 kB, SwapFree: 40861944 kB
INFO [2026-03-16 14:08:22] Memory: Total: 61649012 kB, Available: 57141508 kB, Active: 3500952 kB, SwapTotal: 40894456 kB, SwapFree: 40861944 kB
INFO [2026-03-16 14:08:23] Memory: Total: 61649012 kB, Available: 57141508 kB, Active: 3501144 kB, SwapTotal: 40894456 kB, SwapFree: 40861944 kB
INFO [2026-03-16 14:08:23] Memory: Total: 61649012 kB, Available: 57141508 kB, Active: 3501468 kB, SwapTotal: 40894456 kB, SwapFree: 40861944 kB
INFO [2026-03-16 14:08:23] Memory: Total: 61649012 kB, Available: 57141244 kB, Active: 3501448 kB, SwapTotal: 40894456 kB, SwapFree: 40861944 kB
INFO [2026-03-16 14:08:23] Memory: Total: 61649012 kB, Available: 57141244 kB, Active: 3501448 kB, SwapTotal: 40894456 kB, SwapFree: 40861944 kB
INFO [2026-03-16 14:08:23] Memory: Total: 61649012 kB, Available: 57117496 kB, Active: 3523920 kB, SwapTotal: 40894456 kB, SwapFree: 40861944 kB
INFO [2026-03-16 14:08:23] Memory: Total: 61649012 kB, Available: 57117496 kB, Active: 3524084 kB, SwapTotal: 40894456 kB, SwapFree: 40861944 kB
INFO [2026-03-16 14:08:23] Memory: Total: 61649012 kB, Available: 57117496 kB, Active: 3523956 kB, SwapTotal: 40894456 kB, SwapFree: 40861944 kB
INFO [2026-03-16 14:08:23] Memory: Total: 61649012 kB, Available: 57094128 kB, Active: 3549300 kB, SwapTotal: 40894456 kB, SwapFree: 40861944 kB
INFO [2026-03-16 14:08:23] Memory: Total: 61649012 kB, Available: 57094128 kB, Active: 3553512 kB, SwapTotal: 40894456 kB, SwapFree: 40861944 kB
INFO [2026-03-16 14:08:23] Memory: Total: 61649012 kB, Available: 57054228 kB, Active: 3586400 kB, SwapTotal: 40894456 kB, SwapFree: 40861944 kB
INFO [2026-03-16 14:08:23] Memory: Total: 61649012 kB, Available: 57050400 kB, Active: 3594920 kB, SwapTotal: 40894456 kB, SwapFree: 40861944 kB
INFO [2026-03-16 14:08:23] Memory: Total: 61649012 kB, Available: 57038496 kB, Active: 3601404 kB, SwapTotal: 40894456 kB, SwapFree: 40861944 kB
INFO [2026-03-16 14:08:23] Memory: Total: 61649012 kB, Available: 57022768 kB, Active: 3620580 kB, SwapTotal: 40894456 kB, SwapFree: 40861944 kB
INFO [2026-03-16 14:08:23] Memory: Total: 61649012 kB, Available: 57014708 kB, Active: 3631964 kB, SwapTotal: 40894456 kB, SwapFree: 40861944 kB
INFO [2026-03-16 14:08:23] Memory: Total: 61649012 kB, Available: 57006300 kB, Active: 3642656 kB, SwapTotal: 40894456 kB, SwapFree: 40861944 kB
INFO [2026-03-16 14:08:23] Memory: Total: 61649012 kB, Available: 56884980 kB, Active: 3744160 kB, SwapTotal: 40894456 kB, SwapFree: 40861944 kB
INFO [2026-03-16 14:08:23] Memory: Total: 61649012 kB, Available: 56884728 kB, Active: 3751324 kB, SwapTotal: 40894456 kB, SwapFree: 40861944 kB
INFO [2026-03-16 14:08:23] Memory: Total: 61649012 kB, Available: 56860040 kB, Active: 3763180 kB, SwapTotal: 40894456 kB, SwapFree: 40861944 kB
INFO [2026-03-16 14:08:23] Memory: Total: 61649012 kB, Available: 56835872 kB, Active: 3792144 kB, SwapTotal: 40894456 kB, SwapFree: 40861944 kB
INFO [2026-03-16 14:08:24] Memory: Total: 61649012 kB, Available: 56819500 kB, Active: 3809956 kB, SwapTotal: 40894456 kB, SwapFree: 40861944 kB
INFO [2026-03-16 14:08:24] Memory: Total: 61649012 kB, Available: 56803384 kB, Active: 3818756 kB, SwapTotal: 40894456 kB, SwapFree: 40861944 kB
INFO [2026-03-16 14:08:24] Memory: Total: 61649012 kB, Available: 56803384 kB, Active: 3830328 kB, SwapTotal: 40894456 kB, SwapFree: 40861944 kB
INFO [2026-03-16 14:08:24] Memory: Total: 61649012 kB, Available: 56803384 kB, Active: 3830652 kB, SwapTotal: 40894456 kB, SwapFree: 40861944 kB
INFO [2026-03-16 14:08:24] Memory: Total: 61649012 kB, Available: 56803384 kB, Active: 3831648 kB, SwapTotal: 40894456 kB, SwapFree: 40861944 kB
INFO [2026-03-16 14:08:24] Memory: Total: 61649012 kB, Available: 56803384 kB, Active: 3831648 kB, SwapTotal: 40894456 kB, SwapFree: 40861944 kB
INFO [2026-03-16 14:08:24] Memory: Total: 61649012 kB, Available: 56803384 kB, Active: 3831648 kB, SwapTotal: 40894456 kB, SwapFree: 40861944 kB
INFO [2026-03-16 14:08:24] Memory: Total: 61649012 kB, Available: 56803392 kB, Active: 3831556 kB, SwapTotal: 40894456 kB, SwapFree: 40861944 kB
INFO [2026-03-16 14:08:24] Memory: Total: 61649012 kB, Available: 56803392 kB, Active: 3832396 kB, SwapTotal: 40894456 kB, SwapFree: 40861944 kB
INFO [2026-03-16 14:08:24] Memory: Total: 61649012 kB, Available: 56803392 kB, Active: 3832104 kB, SwapTotal: 40894456 kB, SwapFree: 40861944 kB
INFO [2026-03-16 14:08:24] Memory: Total: 61649012 kB, Available: 56803392 kB, Active: 3832428 kB, SwapTotal: 40894456 kB, SwapFree: 40861944 kB
INFO [2026-03-16 14:08:24] Memory: Total: 61649012 kB, Available: 56803144 kB, Active: 3832700 kB, SwapTotal: 40894456 kB, SwapFree: 40861944 kB
INFO [2026-03-16 14:08:24] Memory: Total: 61649012 kB, Available: 56803144 kB, Active: 3832928 kB, SwapTotal: 40894456 kB, SwapFree: 40861944 kB
INFO [2026-03-16 14:08:24] Memory: Total: 61649012 kB, Available: 56803144 kB, Active: 3833776 kB, SwapTotal: 40894456 kB, SwapFree: 40861944 kB
INFO [2026-03-16 14:08:24] Memory: Total: 61649012 kB, Available: 56803144 kB, Active: 3833848 kB, SwapTotal: 40894456 kB, SwapFree: 40861944 kB
INFO [2026-03-16 14:08:24] Memory: Total: 61649012 kB, Available: 56803144 kB, Active: 3834304 kB, SwapTotal: 40894456 kB, SwapFree: 40861944 kB
INFO [2026-03-16 14:08:24] Memory: Total: 61649012 kB, Available: 56802768 kB, Active: 3834628 kB, SwapTotal: 40894456 kB, SwapFree: 40861944 kB
INFO [2026-03-16 14:08:24] Memory: Total: 61649012 kB, Available: 56802768 kB, Active: 3834628 kB, SwapTotal: 40894456 kB, SwapFree: 40861944 kB
INFO [2026-03-16 14:08:24] Memory: Total: 61649012 kB, Available: 56802076 kB, Active: 3835484 kB, SwapTotal: 40894456 kB, SwapFree: 40861944 kB
INFO [2026-03-16 14:08:24] Memory: Total: 61649012 kB, Available: 56801824 kB, Active: 3835500 kB, SwapTotal: 40894456 kB, SwapFree: 40861944 kB
INFO [2026-03-16 14:08:25] Memory: Total: 61649012 kB, Available: 56801572 kB, Active: 3835712 kB, SwapTotal: 40894456 kB, SwapFree: 40861944 kB
INFO [2026-03-16 14:08:25] Memory: Total: 61649012 kB, Available: 56801320 kB, Active: 3836156 kB, SwapTotal: 40894456 kB, SwapFree: 40861944 kB
INFO [2026-03-16 14:08:25] Memory: Total: 61649012 kB, Available: 56800816 kB, Active: 3836588 kB, SwapTotal: 40894456 kB, SwapFree: 40861944 kB
INFO [2026-03-16 14:08:25] Memory: Total: 61649012 kB, Available: 56800564 kB, Active: 3836792 kB, SwapTotal: 40894456 kB, SwapFree: 40861944 kB
INFO [2026-03-16 14:08:25] Memory: Total: 61649012 kB, Available: 56800312 kB, Active: 3836524 kB, SwapTotal: 40894456 kB, SwapFree: 40861944 kB
INFO [2026-03-16 14:08:25] Memory: Total: 61649012 kB, Available: 56800312 kB, Active: 3837172 kB, SwapTotal: 40894456 kB, SwapFree: 40861944 kB
INFO [2026-03-16 14:08:25] Memory: Total: 61649012 kB, Available: 56800312 kB, Active: 3837172 kB, SwapTotal: 40894456 kB, SwapFree: 40861944 kB
INFO [2026-03-16 14:08:25] Memory: Total: 61649012 kB, Available: 56800060 kB, Active: 3837508 kB, SwapTotal: 40894456 kB, SwapFree: 40861944 kB
INFO [2026-03-16 14:08:25] Memory: Total: 61649012 kB, Available: 56800060 kB, Active: 3837508 kB, SwapTotal: 40894456 kB, SwapFree: 40861944 kB
INFO [2026-03-16 14:08:25] Memory: Total: 61649012 kB, Available: 56799480 kB, Active: 3837520 kB, SwapTotal: 40894456 kB, SwapFree: 40861944 kB
INFO [2026-03-16 14:08:25] Memory: Total: 61649012 kB, Available: 56799300 kB, Active: 3837520 kB, SwapTotal: 40894456 kB, SwapFree: 40861944 kB
INFO [2026-03-16 14:08:25] Memory: Total: 61649012 kB, Available: 56799300 kB, Active: 3837644 kB, SwapTotal: 40894456 kB, SwapFree: 40861944 kB
INFO [2026-03-16 14:08:25] Memory: Total: 61649012 kB, Available: 56798676 kB, Active: 3838088 kB, SwapTotal: 40894456 kB, SwapFree: 40861944 kB
INFO [2026-03-16 14:08:25] Memory: Total: 61649012 kB, Available: 56798544 kB, Active: 3838240 kB, SwapTotal: 40894456 kB, SwapFree: 40861944 kB
INFO [2026-03-16 14:08:25] Memory: Total: 61649012 kB, Available: 56798544 kB, Active: 3838260 kB, SwapTotal: 40894456 kB, SwapFree: 40861944 kB
INFO [2026-03-16 14:08:25] Memory: Total: 61649012 kB, Available: 56798292 kB, Active: 3838712 kB, SwapTotal: 40894456 kB, SwapFree: 40861944 kB
INFO [2026-03-16 14:08:25] Memory: Total: 61649012 kB, Available: 56797084 kB, Active: 3839476 kB, SwapTotal: 40894456 kB, SwapFree: 40861944 kB
INFO [2026-03-16 14:08:25] Memory: Total: 61649012 kB, Available: 56796532 kB, Active: 3839788 kB, SwapTotal: 40894456 kB, SwapFree: 40861944 kB
INFO [2026-03-16 14:08:25] Memory: Total: 61649012 kB, Available: 56796532 kB, Active: 3839960 kB, SwapTotal: 40894456 kB, SwapFree: 40861944 kB
INFO [2026-03-16 14:08:25] Memory: Total: 61649012 kB, Available: 56796280 kB, Active: 3840068 kB, SwapTotal: 40894456 kB, SwapFree: 40861944 kB
INFO [2026-03-16 14:08:25] Memory: Total: 61649012 kB, Available: 56796280 kB, Active: 3840068 kB, SwapTotal: 40894456 kB, SwapFree: 40861944 kB
INFO [2026-03-16 14:08:26] Memory: Total: 61649012 kB, Available: 56796280 kB, Active: 3840412 kB, SwapTotal: 40894456 kB, SwapFree: 40861944 kB
INFO [2026-03-16 14:08:26] Memory: Total: 61649012 kB, Available: 56796280 kB, Active: 3840616 kB, SwapTotal: 40894456 kB, SwapFree: 40861944 kB
INFO [2026-03-16 14:08:26] Memory: Total: 61649012 kB, Available: 56796280 kB, Active: 3841064 kB, SwapTotal: 40894456 kB, SwapFree: 40861944 kB
INFO [2026-03-16 14:08:26] Memory: Total: 61649012 kB, Available: 56796280 kB, Active: 3841064 kB, SwapTotal: 40894456 kB, SwapFree: 40861944 kB
INFO [2026-03-16 14:08:26] Memory: Total: 61649012 kB, Available: 56796280 kB, Active: 3841184 kB, SwapTotal: 40894456 kB, SwapFree: 40861944 kB
INFO [2026-03-16 14:08:26] Memory: Total: 61649012 kB, Available: 56796280 kB, Active: 3841324 kB, SwapTotal: 40894456 kB, SwapFree: 40861944 kB
INFO [2026-03-16 14:08:26] Memory: Total: 61649012 kB, Available: 56795232 kB, Active: 3842400 kB, SwapTotal: 40894456 kB, SwapFree: 40861944 kB
INFO [2026-03-16 14:08:26] Memory: Total: 61649012 kB, Available: 56795232 kB, Active: 3842400 kB, SwapTotal: 40894456 kB, SwapFree: 40861944 kB
INFO [2026-03-16 14:08:26] Memory: Total: 61649012 kB, Available: 56795272 kB, Active: 3842804 kB, SwapTotal: 40894456 kB, SwapFree: 40861944 kB
INFO [2026-03-16 14:08:26] Memory: Total: 61649012 kB, Available: 56794660 kB, Active: 3843400 kB, SwapTotal: 40894456 kB, SwapFree: 40861944 kB
INFO [2026-03-16 14:08:26] Memory: Total: 61649012 kB, Available: 56794660 kB, Active: 3843400 kB, SwapTotal: 40894456 kB, SwapFree: 40861944 kB
INFO [2026-03-16 14:08:26] Memory: Total: 61649012 kB, Available: 56792752 kB, Active: 3845244 kB, SwapTotal: 40894456 kB, SwapFree: 40861944 kB
INFO [2026-03-16 14:08:26] Memory: Total: 61649012 kB, Available: 56792752 kB, Active: 3845244 kB, SwapTotal: 40894456 kB, SwapFree: 40861944 kB
INFO [2026-03-16 14:08:26] Memory: Total: 61649012 kB, Available: 56791720 kB, Active: 3845968 kB, SwapTotal: 40894456 kB, SwapFree: 40861944 kB
INFO [2026-03-16 14:08:26] Memory: Total: 61649012 kB, Available: 56791492 kB, Active: 3846332 kB, SwapTotal: 40894456 kB, SwapFree: 40861944 kB
INFO [2026-03-16 14:08:26] Memory: Total: 61649012 kB, Available: 56790992 kB, Active: 3845968 kB, SwapTotal: 40894456 kB, SwapFree: 40861944 kB
INFO [2026-03-16 14:08:26] Memory: Total: 61649012 kB, Available: 56790740 kB, Active: 3845804 kB, SwapTotal: 40894456 kB, SwapFree: 40861944 kB
INFO [2026-03-16 14:08:26] Memory: Total: 61649012 kB, Available: 56790236 kB, Active: 3847036 kB, SwapTotal: 40894456 kB, SwapFree: 40861944 kB
INFO [2026-03-16 14:08:27] Memory: Total: 61649012 kB, Available: 56789232 kB, Active: 3847304 kB, SwapTotal: 40894456 kB, SwapFree: 40861944 kB
INFO [2026-03-16 14:08:27] Memory: Total: 61649012 kB, Available: 56788800 kB, Active: 3847304 kB, SwapTotal: 40894456 kB, SwapFree: 40861944 kB
INFO [2026-03-16 14:08:27] Memory: Total: 61649012 kB, Available: 56788036 kB, Active: 3848344 kB, SwapTotal: 40894456 kB, SwapFree: 40861944 kB
INFO [2026-03-16 14:08:27] Memory: Total: 61649012 kB, Available: 56788036 kB, Active: 3848344 kB, SwapTotal: 40894456 kB, SwapFree: 40861944 kB
INFO [2026-03-16 14:08:27] Memory: Total: 61649012 kB, Available: 56787280 kB, Active: 3849284 kB, SwapTotal: 40894456 kB, SwapFree: 40861944 kB
INFO [2026-03-16 14:08:27] Memory: Total: 61649012 kB, Available: 56787280 kB, Active: 3849284 kB, SwapTotal: 40894456 kB, SwapFree: 40861944 kB
INFO [2026-03-16 14:08:27] Memory: Total: 61649012 kB, Available: 56787028 kB, Active: 3849516 kB, SwapTotal: 40894456 kB, SwapFree: 40861944 kB
INFO [2026-03-16 14:08:27] Memory: Total: 61649012 kB, Available: 56786524 kB, Active: 3850232 kB, SwapTotal: 40894456 kB, SwapFree: 40861944 kB
INFO [2026-03-16 14:08:27] Memory: Total: 61649012 kB, Available: 56785788 kB, Active: 3850556 kB, SwapTotal: 40894456 kB, SwapFree: 40861944 kB
INFO [2026-03-16 14:08:27] Memory: Total: 61649012 kB, Available: 56785768 kB, Active: 3850880 kB, SwapTotal: 40894456 kB, SwapFree: 40861944 kB
INFO [2026-03-16 14:08:27] Memory: Total: 61649012 kB, Available: 56785516 kB, Active: 3850740 kB, SwapTotal: 40894456 kB, SwapFree: 40861944 kB
INFO [2026-03-16 14:08:27] Memory: Total: 61649012 kB, Available: 56783500 kB, Active: 3852152 kB, SwapTotal: 40894456 kB, SwapFree: 40861944 kB
INFO [2026-03-16 14:08:27] Memory: Total: 61649012 kB, Available: 56783500 kB, Active: 3852476 kB, SwapTotal: 40894456 kB, SwapFree: 40861944 kB
INFO [2026-03-16 14:08:27] Memory: Total: 61649012 kB, Available: 56783164 kB, Active: 3853380 kB, SwapTotal: 40894456 kB, SwapFree: 40861944 kB
INFO [2026-03-16 14:08:27] Memory: Total: 61649012 kB, Available: 56783164 kB, Active: 3853380 kB, SwapTotal: 40894456 kB, SwapFree: 40861944 kB
INFO [2026-03-16 14:08:27] Memory: Total: 61649012 kB, Available: 56782744 kB, Active: 3853608 kB, SwapTotal: 40894456 kB, SwapFree: 40861944 kB
INFO [2026-03-16 14:08:27] Memory: Total: 61649012 kB, Available: 56781928 kB, Active: 3854080 kB, SwapTotal: 40894456 kB, SwapFree: 40861944 kB
INFO [2026-03-16 14:08:27] Memory: Total: 61649012 kB, Available: 56781928 kB, Active: 3854404 kB, SwapTotal: 40894456 kB, SwapFree: 40861944 kB
INFO [2026-03-16 14:08:27] Memory: Total: 61649012 kB, Available: 56781308 kB, Active: 3854796 kB, SwapTotal: 40894456 kB, SwapFree: 40861944 kB
INFO [2026-03-16 14:08:28] Memory: Total: 61649012 kB, Available: 56781172 kB, Active: 3854696 kB, SwapTotal: 40894456 kB, SwapFree: 40861944 kB
INFO [2026-03-16 14:08:28] Memory: Total: 61649012 kB, Available: 56780096 kB, Active: 3855552 kB, SwapTotal: 40894456 kB, SwapFree: 40861944 kB
INFO [2026-03-16 14:08:28] Memory: Total: 61649012 kB, Available: 56771824 kB, Active: 3861436 kB, SwapTotal: 40894456 kB, SwapFree: 40861944 kB
INFO [2026-03-16 14:08:28] Memory: Total: 61649012 kB, Available: 56600712 kB, Active: 4032856 kB, SwapTotal: 40894456 kB, SwapFree: 40861944 kBINFO [2026-03-16 14:08:28] Memory: Total: 61649012 kB, Available: 56600712 kB, Active: 4032532 kB, SwapTotal: 40894456 kB, SwapFree: 40861944 kB

INFO [2026-03-16 14:08:28] Memory: Total: 61649012 kB, Available: 56568456 kB, Active: 4065188 kB, SwapTotal: 40894456 kB, SwapFree: 40861944 kB
INFO [2026-03-16 14:08:28] Memory: Total: 61649012 kB, Available: 56503944 kB, Active: 4125564 kB, SwapTotal: 40894456 kB, SwapFree: 40861944 kB
INFO [2026-03-16 14:08:28] Memory: Total: 61649012 kB, Available: 56503944 kB, Active: 4127832 kB, SwapTotal: 40894456 kB, SwapFree: 40861944 kB
INFO [2026-03-16 14:08:28] Memory: Total: 61649012 kB, Available: 56254008 kB, Active: 4373228 kB, SwapTotal: 40894456 kB, SwapFree: 40861944 kB
INFO [2026-03-16 14:08:28] Memory: Total: 61649012 kB, Available: 56172160 kB, Active: 4455540 kB, SwapTotal: 40894456 kB, SwapFree: 40861944 kB
INFO [2026-03-16 14:08:28] Memory: Total: 61649012 kB, Available: 56164088 kB, Active: 4464612 kB, SwapTotal: 40894456 kB, SwapFree: 40861944 kB
INFO [2026-03-16 14:08:28] Memory: Total: 61649012 kB, Available: 56115704 kB, Active: 4513536 kB, SwapTotal: 40894456 kB, SwapFree: 40861944 kB
INFO [2026-03-16 14:08:28] Memory: Total: 61649012 kB, Available: 55970552 kB, Active: 4662056 kB, SwapTotal: 40894456 kB, SwapFree: 40861944 kB
INFO [2026-03-16 14:08:28] Memory: Total: 61649012 kB, Available: 55760888 kB, Active: 4868256 kB, SwapTotal: 40894456 kB, SwapFree: 40861944 kB
INFO [2026-03-16 14:08:28] Memory: Total: 61649012 kB, Available: 55760888 kB, Active: 4869228 kB, SwapTotal: 40894456 kB, SwapFree: 40861944 kB
INFO [2026-03-16 14:08:28] Memory: Total: 61649012 kB, Available: 55639896 kB, Active: 4989236 kB, SwapTotal: 40894456 kB, SwapFree: 40861944 kB
INFO [2026-03-16 14:08:28] Memory: Total: 61649012 kB, Available: 55639524 kB, Active: 4996364 kB, SwapTotal: 40894456 kB, SwapFree: 40861944 kB
INFO [2026-03-16 14:08:28] Memory: Total: 61649012 kB, Available: 55574752 kB, Active: 5056128 kB, SwapTotal: 40894456 kB, SwapFree: 40861944 kB
INFO [2026-03-16 14:08:29] Memory: Total: 61649012 kB, Available: 55357292 kB, Active: 5264296 kB, SwapTotal: 40894456 kB, SwapFree: 40861944 kB
INFO [2026-03-16 14:08:29] Memory: Total: 61649012 kB, Available: 55161796 kB, Active: 5459740 kB, SwapTotal: 40894456 kB, SwapFree: 40861944 kB
INFO [2026-03-16 14:08:29] Memory: Total: 61649012 kB, Available: 55082440 kB, Active: 5545148 kB, SwapTotal: 40894456 kB, SwapFree: 40861944 kB
INFO [2026-03-16 14:08:29] Memory: Total: 61649012 kB, Available: 54768724 kB, Active: 5856924 kB, SwapTotal: 40894456 kB, SwapFree: 40861944 kB
INFO [2026-03-16 14:08:29] Memory: Total: 61649012 kB, Available: 54122808 kB, Active: 6513508 kB, SwapTotal: 40894456 kB, SwapFree: 40861944 kB
INFO [2026-03-16 14:08:29] Memory: Total: 61649012 kB, Available: 54092088 kB, Active: 6526468 kB, SwapTotal: 40894456 kB, SwapFree: 40861944 kB
INFO [2026-03-16 14:08:29] Memory: Total: 61649012 kB, Available: 53478288 kB, Active: 7152428 kB, SwapTotal: 40894456 kB, SwapFree: 40861944 kB
INFO [2026-03-16 14:08:29] Memory: Total: 61649012 kB, Available: 51082288 kB, Active: 9557692 kB, SwapTotal: 40894456 kB, SwapFree: 40861944 kB
INFO [2026-03-16 14:08:30] Memory: Total: 61649012 kB, Available: 50454464 kB, Active: 10171780 kB, SwapTotal: 40894456 kB, SwapFree: 40861944 kB
INFO [2026-03-16 14:08:30] Memory: Total: 61649012 kB, Available: 48964728 kB, Active: 11661928 kB, SwapTotal: 40894456 kB, SwapFree: 40861944 kB
INFO [2026-03-16 14:08:30] Memory: Total: 61649012 kB, Available: 48899356 kB, Active: 11728788 kB, SwapTotal: 40894456 kB, SwapFree: 40861944 kB
INFO [2026-03-16 14:08:30] Memory: Total: 61649012 kB, Available: 48312048 kB, Active: 12320348 kB, SwapTotal: 40894456 kB, SwapFree: 40861944 kB
INFO [2026-03-16 14:08:31] Memory: Total: 61649012 kB, Available: 48117656 kB, Active: 12506704 kB, SwapTotal: 40894456 kB, SwapFree: 40861944 kB
INFO [2026-03-16 14:08:31] Memory: Total: 61649012 kB, Available: 48117148 kB, Active: 12506380 kB, SwapTotal: 40894456 kB, SwapFree: 40861944 kB
INFO [2026-03-16 14:08:31] Memory: Total: 61649012 kB, Available: 48101456 kB, Active: 12519988 kB, SwapTotal: 40894456 kB, SwapFree: 40861944 kB
INFO [2026-03-16 14:08:31] Memory: Total: 61649012 kB, Available: 47972352 kB, Active: 12641944 kB, SwapTotal: 40894456 kB, SwapFree: 40861944 kB
INFO [2026-03-16 14:08:31] Memory: Total: 61649012 kB, Available: 47884316 kB, Active: 12742064 kB, SwapTotal: 40894456 kB, SwapFree: 40861944 kB
INFO [2026-03-16 14:08:31] Memory: Total: 61649012 kB, Available: 47852192 kB, Active: 12769288 kB, SwapTotal: 40894456 kB, SwapFree: 40861944 kB
INFO [2026-03-16 14:08:31] Memory: Total: 61649012 kB, Available: 47812272 kB, Active: 12807808 kB, SwapTotal: 40894456 kB, SwapFree: 40861944 kB
INFO [2026-03-16 14:08:31] Memory: Total: 61649012 kB, Available: 47796144 kB, Active: 12818824 kB, SwapTotal: 40894456 kB, SwapFree: 40861944 kB
INFO [2026-03-16 14:08:31] Memory: Total: 61649012 kB, Available: 47744208 kB, Active: 12886180 kB, SwapTotal: 40894456 kB, SwapFree: 40861944 kB
INFO [2026-03-16 14:08:31] Memory: Total: 61649012 kB, Available: 47728080 kB, Active: 12897804 kB, SwapTotal: 40894456 kB, SwapFree: 40861944 kB
INFO [2026-03-16 14:08:31] Memory: Total: 61649012 kB, Available: 47727584 kB, Active: 12898452 kB, SwapTotal: 40894456 kB, SwapFree: 40861944 kB
INFO [2026-03-16 14:08:31] Memory: Total: 61649012 kB, Available: 47719596 kB, Active: 12904248 kB, SwapTotal: 40894456 kB, SwapFree: 40861944 kB
INFO [2026-03-16 14:08:31] Memory: Total: 61649012 kB, Available: 47696760 kB, Active: 12925108 kB, SwapTotal: 40894456 kB, SwapFree: 40861944 kB
INFO [2026-03-16 14:08:31] Memory: Total: 61649012 kB, Available: 47696760 kB, Active: 12928024 kB, SwapTotal: 40894456 kB, SwapFree: 40861944 kB
INFO [2026-03-16 14:08:31] Memory: Total: 61649012 kB, Available: 47673108 kB, Active: 12949820 kB, SwapTotal: 40894456 kB, SwapFree: 40861944 kB
INFO [2026-03-16 14:08:31] Memory: Total: 61649012 kB, Available: 47673048 kB, Active: 12950264 kB, SwapTotal: 40894456 kB, SwapFree: 40861944 kB
INFO [2026-03-16 14:08:31] Memory: Total: 61649012 kB, Available: 47669208 kB, Active: 12950268 kB, SwapTotal: 40894456 kB, SwapFree: 40861944 kB
INFO [2026-03-16 14:08:31] Memory: Total: 61649012 kB, Available: 47669208 kB, Active: 12950592 kB, SwapTotal: 40894456 kB, SwapFree: 40861944 kB
INFO [2026-03-16 14:08:32] Memory: Total: 61649012 kB, Available: 47669208 kB, Active: 12950592 kB, SwapTotal: 40894456 kB, SwapFree: 40861944 kB
INFO [2026-03-16 14:08:32] Memory: Total: 61649012 kB, Available: 47669208 kB, Active: 12950592 kB, SwapTotal: 40894456 kB, SwapFree: 40861944 kB
INFO [2026-03-16 14:08:32] Memory: Total: 61649012 kB, Available: 47669208 kB, Active: 12950596 kB, SwapTotal: 40894456 kB, SwapFree: 40861944 kB
INFO [2026-03-16 14:08:32] Memory: Total: 61649012 kB, Available: 47669208 kB, Active: 12950920 kB, SwapTotal: 40894456 kB, SwapFree: 40861944 kB
INFO [2026-03-16 14:08:32] Memory: Total: 61649012 kB, Available: 47669208 kB, Active: 12950608 kB, SwapTotal: 40894456 kB, SwapFree: 40861944 kB
INFO [2026-03-16 14:08:32] Memory: Total: 61649012 kB, Available: 47669208 kB, Active: 12950608 kB, SwapTotal: 40894456 kB, SwapFree: 40861944 kB
INFO [2026-03-16 14:08:32] Memory: Total: 61649012 kB, Available: 47669208 kB, Active: 12950608 kB, SwapTotal: 40894456 kB, SwapFree: 40861944 kB
INFO [2026-03-16 14:08:32] Memory: Total: 61649012 kB, Available: 47669208 kB, Active: 12950284 kB, SwapTotal: 40894456 kB, SwapFree: 40861944 kB
INFO [2026-03-16 14:08:32] Memory: Total: 61649012 kB, Available: 47669208 kB, Active: 12950572 kB, SwapTotal: 40894456 kB, SwapFree: 40861944 kB
INFO [2026-03-16 14:08:32] Memory: Total: 61649012 kB, Available: 47668788 kB, Active: 12950864 kB, SwapTotal: 40894456 kB, SwapFree: 40861944 kB
INFO [2026-03-16 14:08:32] Memory: Total: 61649012 kB, Available: 47668788 kB, Active: 12951188 kB, SwapTotal: 40894456 kB, SwapFree: 40861944 kB
INFO [2026-03-16 14:08:32] Memory: Total: 61649012 kB, Available: 47668704 kB, Active: 12951476 kB, SwapTotal: 40894456 kB, SwapFree: 40861944 kB
INFO [2026-03-16 14:08:32] Memory: Total: 61649012 kB, Available: 47668704 kB, Active: 12951476 kB, SwapTotal: 40894456 kB, SwapFree: 40861944 kB
INFO [2026-03-16 14:08:32] Memory: Total: 61649012 kB, Available: 47668704 kB, Active: 12951800 kB, SwapTotal: 40894456 kB, SwapFree: 40861944 kB
INFO [2026-03-16 14:08:32] Memory: Total: 61649012 kB, Available: 47668704 kB, Active: 12951800 kB, SwapTotal: 40894456 kB, SwapFree: 40861944 kB
INFO [2026-03-16 14:08:32] Memory: Total: 61649012 kB, Available: 47668276 kB, Active: 12951768 kB, SwapTotal: 40894456 kB, SwapFree: 40861944 kB
INFO [2026-03-16 14:08:32] Memory: Total: 61649012 kB, Available: 47668020 kB, Active: 12952052 kB, SwapTotal: 40894456 kB, SwapFree: 40861944 kB
INFO [2026-03-16 14:08:32] Memory: Total: 61649012 kB, Available: 47667420 kB, Active: 12951644 kB, SwapTotal: 40894456 kB, SwapFree: 40861944 kB
INFO [2026-03-16 14:08:32] Memory: Total: 61649012 kB, Available: 47667420 kB, Active: 12951644 kB, SwapTotal: 40894456 kB, SwapFree: 40861944 kB
INFO [2026-03-16 14:08:33] Memory: Total: 61649012 kB, Available: 47667608 kB, Active: 12951644 kB, SwapTotal: 40894456 kB, SwapFree: 40861944 kB
INFO [2026-03-16 14:08:33] Memory: Total: 61649012 kB, Available: 47667164 kB, Active: 12951936 kB, SwapTotal: 40894456 kB, SwapFree: 40861944 kB
INFO [2026-03-16 14:08:33] Memory: Total: 61649012 kB, Available: 47667164 kB, Active: 12952260 kB, SwapTotal: 40894456 kB, SwapFree: 40861944 kB
INFO [2026-03-16 14:08:33] Memory: Total: 61649012 kB, Available: 47667104 kB, Active: 12952548 kB, SwapTotal: 40894456 kB, SwapFree: 40861944 kB
INFO [2026-03-16 14:08:33] Memory: Total: 61649012 kB, Available: 47667104 kB, Active: 12952548 kB, SwapTotal: 40894456 kB, SwapFree: 40861944 kB
INFO [2026-03-16 14:08:33] Memory: Total: 61649012 kB, Available: 47667104 kB, Active: 12952548 kB, SwapTotal: 40894456 kB, SwapFree: 40861944 kB
INFO [2026-03-16 14:08:33] Memory: Total: 61649012 kB, Available: 47667104 kB, Active: 12952872 kB, SwapTotal: 40894456 kB, SwapFree: 40861944 kB
INFO [2026-03-16 14:08:33] Memory: Total: 61649012 kB, Available: 47667104 kB, Active: 12952872 kB, SwapTotal: 40894456 kB, SwapFree: 40861944 kB
INFO [2026-03-16 14:08:33] Memory: Total: 61649012 kB, Available: 47667104 kB, Active: 12952876 kB, SwapTotal: 40894456 kB, SwapFree: 40861944 kB
INFO [2026-03-16 14:08:33] Memory: Total: 61649012 kB, Available: 47667104 kB, Active: 12952876 kB, SwapTotal: 40894456 kB, SwapFree: 40861944 kB
INFO [2026-03-16 14:08:33] Memory: Total: 61649012 kB, Available: 47667104 kB, Active: 12952628 kB, SwapTotal: 40894456 kB, SwapFree: 40861944 kB
INFO [2026-03-16 14:08:33] Memory: Total: 61649012 kB, Available: 47667104 kB, Active: 12952624 kB, SwapTotal: 40894456 kB, SwapFree: 40861944 kB
INFO [2026-03-16 14:08:33] Memory: Total: 61649012 kB, Available: 47667104 kB, Active: 12952624 kB, SwapTotal: 40894456 kB, SwapFree: 40861944 kB
INFO [2026-03-16 14:08:33] Memory: Total: 61649012 kB, Available: 47667104 kB, Active: 12952624 kB, SwapTotal: 40894456 kB, SwapFree: 40861944 kB
INFO [2026-03-16 14:08:33] Memory: Total: 61649012 kB, Available: 47667104 kB, Active: 12952624 kB, SwapTotal: 40894456 kB, SwapFree: 40861944 kB
INFO [2026-03-16 14:08:33] Memory: Total: 61649012 kB, Available: 47667104 kB, Active: 12952624 kB, SwapTotal: 40894456 kB, SwapFree: 40861944 kB
INFO [2026-03-16 14:08:33] Memory: Total: 61649012 kB, Available: 47667104 kB, Active: 12952304 kB, SwapTotal: 40894456 kB, SwapFree: 40861944 kB
INFO [2026-03-16 14:08:33] Memory: Total: 61649012 kB, Available: 47667108 kB, Active: 12952700 kB, SwapTotal: 40894456 kB, SwapFree: 40861944 kB
INFO [2026-03-16 14:08:33] Memory: Total: 61649012 kB, Available: 47667108 kB, Active: 12953024 kB, SwapTotal: 40894456 kB, SwapFree: 40861944 kB
INFO [2026-03-16 14:08:34] Memory: Total: 61649012 kB, Available: 47667108 kB, Active: 12952708 kB, SwapTotal: 40894456 kB, SwapFree: 40861944 kB
INFO [2026-03-16 14:08:34] Memory: Total: 61649012 kB, Available: 47667108 kB, Active: 12952708 kB, SwapTotal: 40894456 kB, SwapFree: 40861944 kB
INFO [2026-03-16 14:08:34] Memory: Total: 61649012 kB, Available: 47667108 kB, Active: 12952708 kB, SwapTotal: 40894456 kB, SwapFree: 40861944 kB
INFO [2026-03-16 14:08:34] Memory: Total: 61649012 kB, Available: 47667108 kB, Active: 12952708 kB, SwapTotal: 40894456 kB, SwapFree: 40861944 kB
INFO [2026-03-16 14:08:34] Memory: Total: 61649012 kB, Available: 47667108 kB, Active: 12952996 kB, SwapTotal: 40894456 kB, SwapFree: 40861944 kB
INFO [2026-03-16 14:08:34] Memory: Total: 61649012 kB, Available: 47667108 kB, Active: 12953000 kB, SwapTotal: 40894456 kB, SwapFree: 40861944 kB
INFO [2026-03-16 14:08:34] Memory: Total: 61649012 kB, Available: 47666880 kB, Active: 12953324 kB, SwapTotal: 40894456 kB, SwapFree: 40861944 kB
INFO [2026-03-16 14:08:34] Memory: Total: 61649012 kB, Available: 47666856 kB, Active: 12953288 kB, SwapTotal: 40894456 kB, SwapFree: 40861944 kB
INFO [2026-03-16 14:08:34] Memory: Total: 61649012 kB, Available: 47666856 kB, Active: 12953288 kB, SwapTotal: 40894456 kB, SwapFree: 40861944 kB
INFO [2026-03-16 14:08:34] Memory: Total: 61649012 kB, Available: 47666856 kB, Active: 12953288 kB, SwapTotal: 40894456 kB, SwapFree: 40861944 kB
INFO [2026-03-16 14:08:34] Memory: Total: 61649012 kB, Available: 47666856 kB, Active: 12953612 kB, SwapTotal: 40894456 kB, SwapFree: 40861944 kB
INFO [2026-03-16 14:08:34] Memory: Total: 61649012 kB, Available: 47666856 kB, Active: 12953612 kB, SwapTotal: 40894456 kB, SwapFree: 40861944 kB
INFO [2026-03-16 14:08:34] Memory: Total: 61649012 kB, Available: 47666856 kB, Active: 12953616 kB, SwapTotal: 40894456 kB, SwapFree: 40861944 kB
INFO [2026-03-16 14:08:34] Memory: Total: 61649012 kB, Available: 47666856 kB, Active: 12953616 kB, SwapTotal: 40894456 kB, SwapFree: 40861944 kB
INFO [2026-03-16 14:08:34] Memory: Total: 61649012 kB, Available: 47666856 kB, Active: 12953900 kB, SwapTotal: 40894456 kB, SwapFree: 40861944 kB
INFO [2026-03-16 14:08:34] Memory: Total: 61649012 kB, Available: 47666856 kB, Active: 12953900 kB, SwapTotal: 40894456 kB, SwapFree: 40861944 kB
INFO [2026-03-16 14:08:34] Memory: Total: 61649012 kB, Available: 47666856 kB, Active: 12953160 kB, SwapTotal: 40894456 kB, SwapFree: 40861944 kB
INFO [2026-03-16 14:08:34] Memory: Total: 61649012 kB, Available: 47666856 kB, Active: 12953160 kB, SwapTotal: 40894456 kB, SwapFree: 40861944 kB
INFO [2026-03-16 14:08:34] Memory: Total: 61649012 kB, Available: 47666856 kB, Active: 12952872 kB, SwapTotal: 40894456 kB, SwapFree: 40861944 kB
INFO [2026-03-16 14:08:34] Memory: Total: 61649012 kB, Available: 47666856 kB, Active: 12953160 kB, SwapTotal: 40894456 kB, SwapFree: 40861944 kB
INFO [2026-03-16 14:08:35] Memory: Total: 61649012 kB, Available: 47666856 kB, Active: 12953160 kB, SwapTotal: 40894456 kB, SwapFree: 40861944 kB
INFO [2026-03-16 14:08:35] Memory: Total: 61649012 kB, Available: 47666856 kB, Active: 12953160 kB, SwapTotal: 40894456 kB, SwapFree: 40861944 kB
INFO [2026-03-16 14:08:35] Memory: Total: 61649012 kB, Available: 47666856 kB, Active: 12953160 kB, SwapTotal: 40894456 kB, SwapFree: 40861944 kB
INFO [2026-03-16 14:08:35] Memory: Total: 61649012 kB, Available: 47666856 kB, Active: 12953160 kB, SwapTotal: 40894456 kB, SwapFree: 40861944 kB
INFO [2026-03-16 14:08:35] Memory: Total: 61649012 kB, Available: 47666856 kB, Active: 12953164 kB, SwapTotal: 40894456 kB, SwapFree: 40861944 kB
INFO [2026-03-16 14:08:35] Memory: Total: 61649012 kB, Available: 47666856 kB, Active: 12953456 kB, SwapTotal: 40894456 kB, SwapFree: 40861944 kB
INFO [2026-03-16 14:08:35] Memory: Total: 61649012 kB, Available: 47666856 kB, Active: 12953460 kB, SwapTotal: 40894456 kB, SwapFree: 40861944 kB
INFO [2026-03-16 14:08:35] Memory: Total: 61649012 kB, Available: 47666856 kB, Active: 12953464 kB, SwapTotal: 40894456 kB, SwapFree: 40861944 kB
INFO [2026-03-16 14:08:35] Memory: Total: 61649012 kB, Available: 47666856 kB, Active: 12953464 kB, SwapTotal: 40894456 kB, SwapFree: 40861944 kB
INFO [2026-03-16 14:08:35] Memory: Total: 61649012 kB, Available: 47666856 kB, Active: 12953464 kB, SwapTotal: 40894456 kB, SwapFree: 40861944 kB
INFO [2026-03-16 14:08:35] Memory: Total: 61649012 kB, Available: 47666856 kB, Active: 12953464 kB, SwapTotal: 40894456 kB, SwapFree: 40861944 kB
INFO [2026-03-16 14:08:35] Memory: Total: 61649012 kB, Available: 47666856 kB, Active: 12953468 kB, SwapTotal: 40894456 kB, SwapFree: 40861944 kB
INFO [2026-03-16 14:08:35] Memory: Total: 61649012 kB, Available: 47666856 kB, Active: 12953472 kB, SwapTotal: 40894456 kB, SwapFree: 40861944 kB
INFO [2026-03-16 14:08:35] Memory: Total: 61649012 kB, Available: 47666856 kB, Active: 12953476 kB, SwapTotal: 40894456 kB, SwapFree: 40861944 kB
INFO [2026-03-16 14:08:35] Memory: Total: 61649012 kB, Available: 47666856 kB, Active: 12953476 kB, SwapTotal: 40894456 kB, SwapFree: 40861944 kB
INFO [2026-03-16 14:08:35] Memory: Total: 61649012 kB, Available: 47666856 kB, Active: 12953440 kB, SwapTotal: 40894456 kB, SwapFree: 40861944 kB
INFO [2026-03-16 14:08:35] Memory: Total: 61649012 kB, Available: 47666856 kB, Active: 12953728 kB, SwapTotal: 40894456 kB, SwapFree: 40861944 kB
INFO [2026-03-16 14:08:35] Memory: Total: 61649012 kB, Available: 47666860 kB, Active: 12953172 kB, SwapTotal: 40894456 kB, SwapFree: 40861944 kB
INFO [2026-03-16 14:08:36] Memory: Total: 61649012 kB, Available: 47666376 kB, Active: 12953460 kB, SwapTotal: 40894456 kB, SwapFree: 40861944 kB
INFO [2026-03-16 14:08:36] Memory: Total: 61649012 kB, Available: 47666608 kB, Active: 12953752 kB, SwapTotal: 40894456 kB, SwapFree: 40861944 kB
INFO [2026-03-16 14:08:36] Memory: Total: 61649012 kB, Available: 47666372 kB, Active: 12954040 kB, SwapTotal: 40894456 kB, SwapFree: 40861944 kB
INFO [2026-03-16 14:08:36] Memory: Total: 61649012 kB, Available: 47666372 kB, Active: 12954040 kB, SwapTotal: 40894456 kB, SwapFree: 40861944 kB
INFO [2026-03-16 14:08:36] Memory: Total: 61649012 kB, Available: 47666356 kB, Active: 12954332 kB, SwapTotal: 40894456 kB, SwapFree: 40861944 kB
INFO [2026-03-16 14:08:36] Memory: Total: 61649012 kB, Available: 47666356 kB, Active: 12954616 kB, SwapTotal: 40894456 kB, SwapFree: 40861944 kB
INFO [2026-03-16 14:08:36] Memory: Total: 61649012 kB, Available: 47666356 kB, Active: 12954940 kB, SwapTotal: 40894456 kB, SwapFree: 40861944 kB
INFO [2026-03-16 14:08:36] Memory: Total: 61649012 kB, Available: 47666356 kB, Active: 12954940 kB, SwapTotal: 40894456 kB, SwapFree: 40861944 kB
INFO [2026-03-16 14:08:36] Memory: Total: 61649012 kB, Available: 47666356 kB, Active: 12954940 kB, SwapTotal: 40894456 kB, SwapFree: 40861944 kB
INFO [2026-03-16 14:08:36] Memory: Total: 61649012 kB, Available: 47666356 kB, Active: 12954940 kB, SwapTotal: 40894456 kB, SwapFree: 40861944 kB
INFO [2026-03-16 14:08:36] Memory: Total: 61649012 kB, Available: 47666356 kB, Active: 12955228 kB, SwapTotal: 40894456 kB, SwapFree: 40861944 kB
INFO [2026-03-16 14:08:36] Memory: Total: 61649012 kB, Available: 47666356 kB, Active: 12955228 kB, SwapTotal: 40894456 kB, SwapFree: 40861944 kB
INFO [2026-03-16 14:08:36] Memory: Total: 61649012 kB, Available: 47666356 kB, Active: 12955228 kB, SwapTotal: 40894456 kB, SwapFree: 40861944 kB
INFO [2026-03-16 14:08:36] Memory: Total: 61649012 kB, Available: 47666356 kB, Active: 12955228 kB, SwapTotal: 40894456 kB, SwapFree: 40861944 kB
INFO [2026-03-16 14:08:36] Memory: Total: 61649012 kB, Available: 47666356 kB, Active: 12955228 kB, SwapTotal: 40894456 kB, SwapFree: 40861944 kB
INFO [2026-03-16 14:08:36] Memory: Total: 61649012 kB, Available: 47665868 kB, Active: 12955232 kB, SwapTotal: 40894456 kB, SwapFree: 40861944 kB
INFO [2026-03-16 14:08:36] Memory: Total: 61649012 kB, Available: 47666108 kB, Active: 12955232 kB, SwapTotal: 40894456 kB, SwapFree: 40861944 kB
INFO [2026-03-16 14:08:36] Memory: Total: 61649012 kB, Available: 47665860 kB, Active: 12954064 kB, SwapTotal: 40894456 kB, SwapFree: 40861944 kB
INFO [2026-03-16 14:08:36] Memory: Total: 61649012 kB, Available: 47665860 kB, Active: 12954388 kB, SwapTotal: 40894456 kB, SwapFree: 40861944 kB
INFO [2026-03-16 14:08:36] Memory: Total: 61649012 kB, Available: 47665860 kB, Active: 12953480 kB, SwapTotal: 40894456 kB, SwapFree: 40861944 kB
INFO [2026-03-16 14:08:36] Memory: Total: 61649012 kB, Available: 47665860 kB, Active: 12953584 kB, SwapTotal: 40894456 kB, SwapFree: 40861944 kB
INFO [2026-03-16 14:08:37] Memory: Total: 61649012 kB, Available: 47665860 kB, Active: 12953908 kB, SwapTotal: 40894456 kB, SwapFree: 40861944 kB
INFO [2026-03-16 14:08:37] Memory: Total: 61649012 kB, Available: 47665860 kB, Active: 12953812 kB, SwapTotal: 40894456 kB, SwapFree: 40861944 kB
INFO [2026-03-16 14:08:37] Memory: Total: 61649012 kB, Available: 47665860 kB, Active: 12953816 kB, SwapTotal: 40894456 kB, SwapFree: 40861944 kB
INFO [2026-03-16 14:08:37] Memory: Total: 61649012 kB, Available: 47665860 kB, Active: 12954104 kB, SwapTotal: 40894456 kB, SwapFree: 40861944 kB
INFO [2026-03-16 14:08:37] Memory: Total: 61649012 kB, Available: 47665860 kB, Active: 12954104 kB, SwapTotal: 40894456 kB, SwapFree: 40861944 kB
INFO [2026-03-16 14:08:37] Memory: Total: 61649012 kB, Available: 47665860 kB, Active: 12954716 kB, SwapTotal: 40894456 kB, SwapFree: 40861944 kB
INFO [2026-03-16 14:08:37] Memory: Total: 61649012 kB, Available: 47665860 kB, Active: 12954716 kB, SwapTotal: 40894456 kB, SwapFree: 40861944 kB
INFO [2026-03-16 14:08:37] Memory: Total: 61649012 kB, Available: 47665860 kB, Active: 12955008 kB, SwapTotal: 40894456 kB, SwapFree: 40861944 kB
INFO [2026-03-16 14:08:37] Memory: Total: 61649012 kB, Available: 47665860 kB, Active: 12955008 kB, SwapTotal: 40894456 kB, SwapFree: 40861944 kB
INFO [2026-03-16 14:08:37] Memory: Total: 61649012 kB, Available: 47665860 kB, Active: 12955008 kB, SwapTotal: 40894456 kB, SwapFree: 40861944 kB
INFO [2026-03-16 14:08:37] Memory: Total: 61649012 kB, Available: 47665860 kB, Active: 12955292 kB, SwapTotal: 40894456 kB, SwapFree: 40861944 kB
INFO [2026-03-16 14:08:37] Memory: Total: 61649012 kB, Available: 47665860 kB, Active: 12955296 kB, SwapTotal: 40894456 kB, SwapFree: 40861944 kB
INFO [2026-03-16 14:08:37] Memory: Total: 61649012 kB, Available: 47665860 kB, Active: 12955300 kB, SwapTotal: 40894456 kB, SwapFree: 40861944 kB
INFO [2026-03-16 14:08:37] Memory: Total: 61649012 kB, Available: 47665860 kB, Active: 12955624 kB, SwapTotal: 40894456 kB, SwapFree: 40861944 kB
INFO [2026-03-16 14:08:37] Memory: Total: 61649012 kB, Available: 47665864 kB, Active: 12955092 kB, SwapTotal: 40894456 kB, SwapFree: 40861944 kB
INFO [2026-03-16 14:08:37] Memory: Total: 61649012 kB, Available: 47665864 kB, Active: 12954012 kB, SwapTotal: 40894456 kB, SwapFree: 40861944 kB
INFO [2026-03-16 14:08:37] Memory: Total: 61649012 kB, Available: 47665864 kB, Active: 12954012 kB, SwapTotal: 40894456 kB, SwapFree: 40861944 kB
INFO [2026-03-16 14:08:37] Memory: Total: 61649012 kB, Available: 47665864 kB, Active: 12954016 kB, SwapTotal: 40894456 kB, SwapFree: 40861944 kB
INFO [2026-03-16 14:08:37] Memory: Total: 61649012 kB, Available: 47665864 kB, Active: 12954016 kB, SwapTotal: 40894456 kB, SwapFree: 40861944 kB
INFO [2026-03-16 14:08:38] Memory: Total: 61649012 kB, Available: 47665864 kB, Active: 12954016 kB, SwapTotal: 40894456 kB, SwapFree: 40861944 kB
INFO [2026-03-16 14:08:38] Memory: Total: 61649012 kB, Available: 47665864 kB, Active: 12954016 kB, SwapTotal: 40894456 kB, SwapFree: 40861944 kB
INFO [2026-03-16 14:08:38] Memory: Total: 61649012 kB, Available: 47665864 kB, Active: 12954304 kB, SwapTotal: 40894456 kB, SwapFree: 40861944 kB
INFO [2026-03-16 14:08:38] Memory: Total: 61649012 kB, Available: 47665864 kB, Active: 12954304 kB, SwapTotal: 40894456 kB, SwapFree: 40861944 kB
INFO [2026-03-16 14:08:38] Memory: Total: 61649012 kB, Available: 47665864 kB, Active: 12954628 kB, SwapTotal: 40894456 kB, SwapFree: 40861944 kB
INFO [2026-03-16 14:08:38] Memory: Total: 61649012 kB, Available: 47665864 kB, Active: 12954952 kB, SwapTotal: 40894456 kB, SwapFree: 40861944 kB
INFO [2026-03-16 14:08:38] Memory: Total: 61649012 kB, Available: 47665864 kB, Active: 12954640 kB, SwapTotal: 40894456 kB, SwapFree: 40861944 kB
INFO [2026-03-16 14:08:38] Memory: Total: 61649012 kB, Available: 47665864 kB, Active: 12954640 kB, SwapTotal: 40894456 kB, SwapFree: 40861944 kB
INFO [2026-03-16 14:08:38] Memory: Total: 61649012 kB, Available: 47665864 kB, Active: 12954640 kB, SwapTotal: 40894456 kB, SwapFree: 40861944 kB
INFO [2026-03-16 14:08:38] Memory: Total: 61649012 kB, Available: 47665864 kB, Active: 12954644 kB, SwapTotal: 40894456 kB, SwapFree: 40861944 kB
INFO [2026-03-16 14:08:38] Memory: Total: 61649012 kB, Available: 47665864 kB, Active: 12954356 kB, SwapTotal: 40894456 kB, SwapFree: 40861944 kB
INFO [2026-03-16 14:08:38] Memory: Total: 61649012 kB, Available: 47665864 kB, Active: 12954032 kB, SwapTotal: 40894456 kB, SwapFree: 40861944 kB
INFO [2026-03-16 14:08:38] Memory: Total: 61649012 kB, Available: 47665864 kB, Active: 12954032 kB, SwapTotal: 40894456 kB, SwapFree: 40861944 kB
INFO [2026-03-16 14:08:38] Memory: Total: 61649012 kB, Available: 47665864 kB, Active: 12954292 kB, SwapTotal: 40894456 kB, SwapFree: 40861944 kB
INFO [2026-03-16 14:08:38] Memory: Total: 61649012 kB, Available: 47665864 kB, Active: 12954292 kB, SwapTotal: 40894456 kB, SwapFree: 40861944 kB
INFO [2026-03-16 14:08:38] Memory: Total: 61649012 kB, Available: 47665864 kB, Active: 12953676 kB, SwapTotal: 40894456 kB, SwapFree: 40861944 kB
INFO [2026-03-16 14:08:38] Memory: Total: 61649012 kB, Available: 47665628 kB, Active: 12954500 kB, SwapTotal: 40894456 kB, SwapFree: 40861944 kB
INFO [2026-03-16 14:08:39] Memory: Total: 61649012 kB, Available: 47665628 kB, Active: 12955112 kB, SwapTotal: 40894456 kB, SwapFree: 40861944 kB
INFO [2026-03-16 14:08:39] Memory: Total: 61649012 kB, Available: 47665628 kB, Active: 12954800 kB, SwapTotal: 40894456 kB, SwapFree: 40861944 kB
INFO [2026-03-16 14:08:39] Memory: Total: 61649012 kB, Available: 47665628 kB, Active: 12954800 kB, SwapTotal: 40894456 kB, SwapFree: 40861944 kB
INFO [2026-03-16 14:08:39] Memory: Total: 61649012 kB, Available: 47665628 kB, Active: 12954800 kB, SwapTotal: 40894456 kB, SwapFree: 40861944 kB
INFO [2026-03-16 14:08:39] Memory: Total: 61649012 kB, Available: 47665628 kB, Active: 12954800 kB, SwapTotal: 40894456 kB, SwapFree: 40861944 kB
INFO [2026-03-16 14:08:39] Memory: Total: 61649012 kB, Available: 47665628 kB, Active: 12955092 kB, SwapTotal: 40894456 kB, SwapFree: 40861944 kB
INFO [2026-03-16 14:08:39] Memory: Total: 61649012 kB, Available: 47665628 kB, Active: 12955092 kB, SwapTotal: 40894456 kB, SwapFree: 40861944 kB
INFO [2026-03-16 14:08:39] Memory: Total: 61649012 kB, Available: 47665628 kB, Active: 12955092 kB, SwapTotal: 40894456 kB, SwapFree: 40861944 kB
INFO [2026-03-16 14:08:39] Memory: Total: 61649012 kB, Available: 47665628 kB, Active: 12955092 kB, SwapTotal: 40894456 kB, SwapFree: 40861944 kB
INFO [2026-03-16 14:08:39] Memory: Total: 61649012 kB, Available: 47665628 kB, Active: 12954804 kB, SwapTotal: 40894456 kB, SwapFree: 40861944 kB
INFO [2026-03-16 14:08:39] Memory: Total: 61649012 kB, Available: 47665624 kB, Active: 12955092 kB, SwapTotal: 40894456 kB, SwapFree: 40861944 kB
INFO [2026-03-16 14:08:39] Memory: Total: 61649012 kB, Available: 47665372 kB, Active: 12955092 kB, SwapTotal: 40894456 kB, SwapFree: 40861944 kB
INFO [2026-03-16 14:08:39] Memory: Total: 61649012 kB, Available: 47665372 kB, Active: 12955096 kB, SwapTotal: 40894456 kB, SwapFree: 40861944 kB
INFO [2026-03-16 14:08:39] Memory: Total: 61649012 kB, Available: 47665372 kB, Active: 12955096 kB, SwapTotal: 40894456 kB, SwapFree: 40861944 kB
INFO [2026-03-16 14:08:39] Memory: Total: 61649012 kB, Available: 47665372 kB, Active: 12955420 kB, SwapTotal: 40894456 kB, SwapFree: 40861944 kB
INFO [2026-03-16 14:08:39] Memory: Total: 61649012 kB, Available: 47665372 kB, Active: 12955420 kB, SwapTotal: 40894456 kB, SwapFree: 40861944 kB
INFO [2026-03-16 14:08:39] Memory: Total: 61649012 kB, Available: 47665372 kB, Active: 12955504 kB, SwapTotal: 40894456 kB, SwapFree: 40861944 kB
INFO [2026-03-16 14:08:39] Memory: Total: 61649012 kB, Available: 47665372 kB, Active: 12955504 kB, SwapTotal: 40894456 kB, SwapFree: 40861944 kB
INFO [2026-03-16 14:08:39] Memory: Total: 61649012 kB, Available: 47665372 kB, Active: 12954692 kB, SwapTotal: 40894456 kB, SwapFree: 40861944 kB
INFO [2026-03-16 14:08:39] Memory: Total: 61649012 kB, Available: 47665372 kB, Active: 12954692 kB, SwapTotal: 40894456 kB, SwapFree: 40861944 kB
INFO [2026-03-16 14:08:39] Memory: Total: 61649012 kB, Available: 47665372 kB, Active: 12954692 kB, SwapTotal: 40894456 kB, SwapFree: 40861944 kB
INFO [2026-03-16 14:08:40] Memory: Total: 61649012 kB, Available: 47665376 kB, Active: 12954688 kB, SwapTotal: 40894456 kB, SwapFree: 40861944 kB
INFO [2026-03-16 14:08:40] Memory: Total: 61649012 kB, Available: 47665376 kB, Active: 12954972 kB, SwapTotal: 40894456 kB, SwapFree: 40861944 kB
INFO [2026-03-16 14:08:40] Memory: Total: 61649012 kB, Available: 47665376 kB, Active: 12954980 kB, SwapTotal: 40894456 kB, SwapFree: 40861944 kB
INFO [2026-03-16 14:08:40] Memory: Total: 61649012 kB, Available: 47665376 kB, Active: 12954980 kB, SwapTotal: 40894456 kB, SwapFree: 40861944 kB
INFO [2026-03-16 14:08:40] Memory: Total: 61649012 kB, Available: 47665376 kB, Active: 12955304 kB, SwapTotal: 40894456 kB, SwapFree: 40861944 kB
INFO [2026-03-16 14:08:40] Memory: Total: 61649012 kB, Available: 47665376 kB, Active: 12955304 kB, SwapTotal: 40894456 kB, SwapFree: 40861944 kB
INFO [2026-03-16 14:08:40] Memory: Total: 61649012 kB, Available: 47665376 kB, Active: 12955276 kB, SwapTotal: 40894456 kB, SwapFree: 40861944 kB
INFO [2026-03-16 14:08:40] Memory: Total: 61649012 kB, Available: 47665376 kB, Active: 12955276 kB, SwapTotal: 40894456 kB, SwapFree: 40861944 kB
INFO [2026-03-16 14:08:40] Memory: Total: 61649012 kB, Available: 47665376 kB, Active: 12955560 kB, SwapTotal: 40894456 kB, SwapFree: 40861944 kB
INFO [2026-03-16 14:08:40] Memory: Total: 61649012 kB, Available: 47665376 kB, Active: 12955560 kB, SwapTotal: 40894456 kB, SwapFree: 40861944 kB
INFO [2026-03-16 14:08:40] Memory: Total: 61649012 kB, Available: 47665376 kB, Active: 12955264 kB, SwapTotal: 40894456 kB, SwapFree: 40861944 kB
INFO [2026-03-16 14:08:40] Memory: Total: 61649012 kB, Available: 47665376 kB, Active: 12954944 kB, SwapTotal: 40894456 kB, SwapFree: 40861944 kB
INFO [2026-03-16 14:08:40] Memory: Total: 61649012 kB, Available: 47665376 kB, Active: 12955236 kB, SwapTotal: 40894456 kB, SwapFree: 40861944 kB
INFO [2026-03-16 14:08:40] Memory: Total: 61649012 kB, Available: 47665376 kB, Active: 12955236 kB, SwapTotal: 40894456 kB, SwapFree: 40861944 kB
INFO [2026-03-16 14:08:40] Memory: Total: 61649012 kB, Available: 47665376 kB, Active: 12955236 kB, SwapTotal: 40894456 kB, SwapFree: 40861944 kB
INFO [2026-03-16 14:08:40] Memory: Total: 61649012 kB, Available: 47665376 kB, Active: 12955236 kB, SwapTotal: 40894456 kB, SwapFree: 40861944 kB
INFO [2026-03-16 14:08:40] Memory: Total: 61649012 kB, Available: 47665376 kB, Active: 12955236 kB, SwapTotal: 40894456 kB, SwapFree: 40861944 kB
INFO [2026-03-16 14:08:40] Memory: Total: 61649012 kB, Available: 47665376 kB, Active: 12955236 kB, SwapTotal: 40894456 kB, SwapFree: 40861944 kB
INFO [2026-03-16 14:08:41] Memory: Total: 61649012 kB, Available: 47665376 kB, Active: 12954844 kB, SwapTotal: 40894456 kB, SwapFree: 40861944 kB
INFO [2026-03-16 14:08:41] Memory: Total: 61649012 kB, Available: 47665376 kB, Active: 12954844 kB, SwapTotal: 40894456 kB, SwapFree: 40861944 kB
INFO [2026-03-16 14:08:41] Memory: Total: 61649012 kB, Available: 47665376 kB, Active: 12954844 kB, SwapTotal: 40894456 kB, SwapFree: 40861944 kB
INFO [2026-03-16 14:08:41] Memory: Total: 61649012 kB, Available: 47665376 kB, Active: 12954844 kB, SwapTotal: 40894456 kB, SwapFree: 40861944 kB
INFO [2026-03-16 14:08:41] Memory: Total: 61649012 kB, Available: 47665376 kB, Active: 12955132 kB, SwapTotal: 40894456 kB, SwapFree: 40861944 kB
INFO [2026-03-16 14:08:41] Memory: Total: 61649012 kB, Available: 47665376 kB, Active: 12955132 kB, SwapTotal: 40894456 kB, SwapFree: 40861944 kB
INFO [2026-03-16 14:08:41] Memory: Total: 61649012 kB, Available: 47665376 kB, Active: 12955464 kB, SwapTotal: 40894456 kB, SwapFree: 40861944 kB
INFO [2026-03-16 14:08:41] Memory: Total: 61649012 kB, Available: 47665376 kB, Active: 12955148 kB, SwapTotal: 40894456 kB, SwapFree: 40861944 kB
INFO [2026-03-16 14:08:41] Memory: Total: 61649012 kB, Available: 47665376 kB, Active: 12955472 kB, SwapTotal: 40894456 kB, SwapFree: 40861944 kB
INFO [2026-03-16 14:08:41] Memory: Total: 61649012 kB, Available: 47665376 kB, Active: 12955472 kB, SwapTotal: 40894456 kB, SwapFree: 40861944 kB
INFO [2026-03-16 14:08:41] Memory: Total: 61649012 kB, Available: 47665376 kB, Active: 12955472 kB, SwapTotal: 40894456 kB, SwapFree: 40861944 kB
INFO [2026-03-16 14:08:41] Memory: Total: 61649012 kB, Available: 47665376 kB, Active: 12955756 kB, SwapTotal: 40894456 kB, SwapFree: 40861944 kB
INFO [2026-03-16 14:08:41] Memory: Total: 61649012 kB, Available: 47665376 kB, Active: 12955444 kB, SwapTotal: 40894456 kB, SwapFree: 40861944 kB
INFO [2026-03-16 14:08:41] Memory: Total: 61649012 kB, Available: 47665376 kB, Active: 12955448 kB, SwapTotal: 40894456 kB, SwapFree: 40861944 kB
INFO [2026-03-16 14:08:41] Memory: Total: 61649012 kB, Available: 47665376 kB, Active: 12955772 kB, SwapTotal: 40894456 kB, SwapFree: 40861944 kB
INFO [2026-03-16 14:08:41] Memory: Total: 61649012 kB, Available: 47665360 kB, Active: 12955700 kB, SwapTotal: 40894456 kB, SwapFree: 40861944 kB
INFO [2026-03-16 14:08:41] Memory: Total: 61649012 kB, Available: 47665124 kB, Active: 12955988 kB, SwapTotal: 40894456 kB, SwapFree: 40861944 kB
INFO [2026-03-16 14:08:41] Memory: Total: 61649012 kB, Available: 47665076 kB, Active: 12955048 kB, SwapTotal: 40894456 kB, SwapFree: 40861944 kB
INFO [2026-03-16 14:08:42] Memory: Total: 61649012 kB, Available: 47665076 kB, Active: 12955052 kB, SwapTotal: 40894456 kB, SwapFree: 40861944 kB
INFO [2026-03-16 14:08:42] Memory: Total: 61649012 kB, Available: 47665076 kB, Active: 12955048 kB, SwapTotal: 40894456 kB, SwapFree: 40861944 kB
INFO [2026-03-16 14:08:42] Memory: Total: 61649012 kB, Available: 47665076 kB, Active: 12955372 kB, SwapTotal: 40894456 kB, SwapFree: 40861944 kB
INFO [2026-03-16 14:08:42] Memory: Total: 61649012 kB, Available: 47665076 kB, Active: 12955372 kB, SwapTotal: 40894456 kB, SwapFree: 40861944 kB
INFO [2026-03-16 14:08:42] Memory: Total: 61649012 kB, Available: 47665076 kB, Active: 12955340 kB, SwapTotal: 40894456 kB, SwapFree: 40861944 kB
INFO [2026-03-16 14:08:42] Memory: Total: 61649012 kB, Available: 47665076 kB, Active: 12955340 kB, SwapTotal: 40894456 kB, SwapFree: 40861944 kB
INFO [2026-03-16 14:08:42] Memory: Total: 61649012 kB, Available: 47665076 kB, Active: 12955344 kB, SwapTotal: 40894456 kB, SwapFree: 40861944 kB
INFO [2026-03-16 14:08:42] Memory: Total: 61649012 kB, Available: 47665076 kB, Active: 12955344 kB, SwapTotal: 40894456 kB, SwapFree: 40861944 kB
INFO [2026-03-16 14:08:42] Memory: Total: 61649012 kB, Available: 47665076 kB, Active: 12955348 kB, SwapTotal: 40894456 kB, SwapFree: 40861944 kB
INFO [2026-03-16 14:08:42] Memory: Total: 61649012 kB, Available: 47664624 kB, Active: 12955640 kB, SwapTotal: 40894456 kB, SwapFree: 40861944 kB
INFO [2026-03-16 14:08:42] Memory: Total: 61649012 kB, Available: 47664296 kB, Active: 12955928 kB, SwapTotal: 40894456 kB, SwapFree: 40861944 kB
INFO [2026-03-16 14:08:42] Memory: Total: 61649012 kB, Available: 47664068 kB, Active: 12955928 kB, SwapTotal: 40894456 kB, SwapFree: 40861944 kB
INFO [2026-03-16 14:08:42] Memory: Total: 61649012 kB, Available: 47664068 kB, Active: 12955928 kB, SwapTotal: 40894456 kB, SwapFree: 40861944 kB
INFO [2026-03-16 14:08:42] Memory: Total: 61649012 kB, Available: 47664068 kB, Active: 12955928 kB, SwapTotal: 40894456 kB, SwapFree: 40861944 kBINFO [2026-03-16 14:08:42] Memory: Total: 61649012 kB, Available: 47664068 kB, Active: 12955928 kB, SwapTotal: 40894456 kB, SwapFree: 40861944 kB

INFO [2026-03-16 14:08:42] Memory: Total: 61649012 kB, Available: 47664068 kB, Active: 12955928 kB, SwapTotal: 40894456 kB, SwapFree: 40861944 kB
INFO [2026-03-16 14:08:42] Memory: Total: 61649012 kB, Available: 47663608 kB, Active: 12956216 kB, SwapTotal: 40894456 kB, SwapFree: 40861944 kB
INFO [2026-03-16 14:08:42] Memory: Total: 61649012 kB, Available: 47663608 kB, Active: 12956216 kB, SwapTotal: 40894456 kB, SwapFree: 40861944 kB
INFO [2026-03-16 14:08:42] Memory: Total: 61649012 kB, Available: 47663608 kB, Active: 12956216 kB, SwapTotal: 40894456 kB, SwapFree: 40861944 kB
INFO [2026-03-16 14:08:42] Memory: Total: 61649012 kB, Available: 47663352 kB, Active: 12956508 kB, SwapTotal: 40894456 kB, SwapFree: 40861944 kB
INFO [2026-03-16 14:08:42] Memory: Total: 61649012 kB, Available: 47663568 kB, Active: 12955080 kB, SwapTotal: 40894456 kB, SwapFree: 40861944 kB
INFO [2026-03-16 14:08:42] Memory: Total: 61649012 kB, Available: 47663100 kB, Active: 12955372 kB, SwapTotal: 40894456 kB, SwapFree: 40861944 kB
INFO [2026-03-16 14:08:43] Memory: Total: 61649012 kB, Available: 47662844 kB, Active: 12955988 kB, SwapTotal: 40894456 kB, SwapFree: 40861944 kB
INFO [2026-03-16 14:08:43] Memory: Total: 61649012 kB, Available: 47663064 kB, Active: 12955672 kB, SwapTotal: 40894456 kB, SwapFree: 40861944 kB
INFO [2026-03-16 14:08:43] Memory: Total: 61649012 kB, Available: 47663064 kB, Active: 12955672 kB, SwapTotal: 40894456 kB, SwapFree: 40861944 kBINFO [2026-03-16 14:08:43] Memory: Total: 61649012 kB, Available: 47663064 kB, Active: 12955672 kB, SwapTotal: 40894456 kB, SwapFree: 40861944 kB

INFO [2026-03-16 14:08:43] Memory: Total: 61649012 kB, Available: 47663064 kB, Active: 12955672 kB, SwapTotal: 40894456 kB, SwapFree: 40861944 kB
INFO [2026-03-16 14:08:43] Memory: Total: 61649012 kB, Available: 47663064 kB, Active: 12955672 kB, SwapTotal: 40894456 kB, SwapFree: 40861944 kB
INFO [2026-03-16 14:08:43] Memory: Total: 61649012 kB, Available: 47663064 kB, Active: 12955996 kB, SwapTotal: 40894456 kB, SwapFree: 40861944 kB
INFO [2026-03-16 14:08:43] Memory: Total: 61649012 kB, Available: 47663064 kB, Active: 12955996 kB, SwapTotal: 40894456 kB, SwapFree: 40861944 kB
INFO [2026-03-16 14:08:43] Memory: Total: 61649012 kB, Available: 47663064 kB, Active: 12956000 kB, SwapTotal: 40894456 kB, SwapFree: 40861944 kB
INFO [2026-03-16 14:08:43] Memory: Total: 61649012 kB, Available: 47663064 kB, Active: 12955980 kB, SwapTotal: 40894456 kB, SwapFree: 40861944 kB
INFO [2026-03-16 14:08:43] Memory: Total: 61649012 kB, Available: 47663064 kB, Active: 12956288 kB, SwapTotal: 40894456 kB, SwapFree: 40861944 kB
INFO [2026-03-16 14:08:43] Memory: Total: 61649012 kB, Available: 47662332 kB, Active: 12956636 kB, SwapTotal: 40894456 kB, SwapFree: 40861944 kB
INFO [2026-03-16 14:08:43] Memory: Total: 61649012 kB, Available: 47662560 kB, Active: 12956360 kB, SwapTotal: 40894456 kB, SwapFree: 40861944 kB
INFO [2026-03-16 14:08:43] Memory: Total: 61649012 kB, Available: 47662076 kB, Active: 12956988 kB, SwapTotal: 40894456 kB, SwapFree: 40861944 kB
INFO [2026-03-16 14:08:43] Memory: Total: 61649012 kB, Available: 47662308 kB, Active: 12956672 kB, SwapTotal: 40894456 kB, SwapFree: 40861944 kB
INFO [2026-03-16 14:08:43] Memory: Total: 61649012 kB, Available: 47662308 kB, Active: 12956672 kB, SwapTotal: 40894456 kB, SwapFree: 40861944 kB
INFO [2026-03-16 14:08:43] Memory: Total: 61649012 kB, Available: 47661820 kB, Active: 12956996 kB, SwapTotal: 40894456 kB, SwapFree: 40861944 kB
INFO [2026-03-16 14:08:43] Memory: Total: 61649012 kB, Available: 47662056 kB, Active: 12955316 kB, SwapTotal: 40894456 kB, SwapFree: 40861944 kB
INFO [2026-03-16 14:08:43] Memory: Total: 61649012 kB, Available: 47661564 kB, Active: 12955600 kB, SwapTotal: 40894456 kB, SwapFree: 40861944 kB
INFO [2026-03-16 14:08:44] Memory: Total: 61649012 kB, Available: 47661564 kB, Active: 12955600 kB, SwapTotal: 40894456 kB, SwapFree: 40861944 kB
INFO [2026-03-16 14:08:44] Memory: Total: 61649012 kB, Available: 47661564 kB, Active: 12955916 kB, SwapTotal: 40894456 kB, SwapFree: 40861944 kB
INFO [2026-03-16 14:08:44] Memory: Total: 61649012 kB, Available: 47661564 kB, Active: 12955916 kB, SwapTotal: 40894456 kB, SwapFree: 40861944 kB
INFO [2026-03-16 14:08:44] Memory: Total: 61649012 kB, Available: 47661564 kB, Active: 12955920 kB, SwapTotal: 40894456 kB, SwapFree: 40861944 kB
INFO [2026-03-16 14:08:44] Memory: Total: 61649012 kB, Available: 47661564 kB, Active: 12955924 kB, SwapTotal: 40894456 kB, SwapFree: 40861944 kB
INFO [2026-03-16 14:08:44] Memory: Total: 61649012 kB, Available: 47661564 kB, Active: 12955924 kB, SwapTotal: 40894456 kB, SwapFree: 40861944 kB
INFO [2026-03-16 14:08:44] Memory: Total: 61649012 kB, Available: 47661564 kB, Active: 12955924 kB, SwapTotal: 40894456 kB, SwapFree: 40861944 kB
INFO [2026-03-16 14:08:44] Memory: Total: 61649012 kB, Available: 47661564 kB, Active: 12955924 kB, SwapTotal: 40894456 kB, SwapFree: 40861944 kB
INFO [2026-03-16 14:08:44] Memory: Total: 61649012 kB, Available: 47661564 kB, Active: 12955924 kB, SwapTotal: 40894456 kB, SwapFree: 40861944 kB
INFO [2026-03-16 14:08:44] Memory: Total: 61649012 kB, Available: 47661564 kB, Active: 12955600 kB, SwapTotal: 40894456 kB, SwapFree: 40861944 kB
INFO [2026-03-16 14:08:44] Memory: Total: 61649012 kB, Available: 47661564 kB, Active: 12955600 kB, SwapTotal: 40894456 kB, SwapFree: 40861944 kB
INFO [2026-03-16 14:08:44] Memory: Total: 61649012 kB, Available: 47661564 kB, Active: 12955852 kB, SwapTotal: 40894456 kB, SwapFree: 40861944 kB
INFO [2026-03-16 14:08:44] Memory: Total: 61649012 kB, Available: 47661564 kB, Active: 12955852 kB, SwapTotal: 40894456 kB, SwapFree: 40861944 kB
INFO [2026-03-16 14:08:44] Memory: Total: 61649012 kB, Available: 47661564 kB, Active: 12955852 kB, SwapTotal: 40894456 kB, SwapFree: 40861944 kB
INFO [2026-03-16 14:08:44] Memory: Total: 61649012 kB, Available: 47661564 kB, Active: 12955852 kB, SwapTotal: 40894456 kB, SwapFree: 40861944 kB
INFO [2026-03-16 14:08:44] Memory: Total: 61649012 kB, Available: 47661564 kB, Active: 12956140 kB, SwapTotal: 40894456 kB, SwapFree: 40861944 kB
INFO [2026-03-16 14:08:44] Memory: Total: 61649012 kB, Available: 47661564 kB, Active: 12956140 kB, SwapTotal: 40894456 kB, SwapFree: 40861944 kB
INFO [2026-03-16 14:08:44] Memory: Total: 61649012 kB, Available: 47661808 kB, Active: 12955324 kB, SwapTotal: 40894456 kB, SwapFree: 40861944 kB
INFO [2026-03-16 14:08:45] Memory: Total: 61649012 kB, Available: 47661808 kB, Active: 12955616 kB, SwapTotal: 40894456 kB, SwapFree: 40861944 kB
INFO [2026-03-16 14:08:45] Memory: Total: 61649012 kB, Available: 47661808 kB, Active: 12955616 kB, SwapTotal: 40894456 kB, SwapFree: 40861944 kB
INFO [2026-03-16 14:08:45] Memory: Total: 61649012 kB, Available: 47661808 kB, Active: 12955904 kB, SwapTotal: 40894456 kB, SwapFree: 40861944 kB
INFO [2026-03-16 14:08:45] Memory: Total: 61649012 kB, Available: 47661808 kB, Active: 12955904 kB, SwapTotal: 40894456 kB, SwapFree: 40861944 kB
INFO [2026-03-16 14:08:45] Memory: Total: 61649012 kB, Available: 47661808 kB, Active: 12956192 kB, SwapTotal: 40894456 kB, SwapFree: 40861944 kB
INFO [2026-03-16 14:08:45] Memory: Total: 61649012 kB, Available: 47661808 kB, Active: 12956192 kB, SwapTotal: 40894456 kB, SwapFree: 40861944 kB
INFO [2026-03-16 14:08:45] Memory: Total: 61649012 kB, Available: 47661808 kB, Active: 12956476 kB, SwapTotal: 40894456 kB, SwapFree: 40861944 kB
INFO [2026-03-16 14:08:45] Memory: Total: 61649012 kB, Available: 47661808 kB, Active: 12956476 kB, SwapTotal: 40894456 kB, SwapFree: 40861944 kB
INFO [2026-03-16 14:08:45] Memory: Total: 61649012 kB, Available: 47661808 kB, Active: 12956476 kB, SwapTotal: 40894456 kB, SwapFree: 40861944 kB
INFO [2026-03-16 14:08:45] Memory: Total: 61649012 kB, Available: 47661808 kB, Active: 12956768 kB, SwapTotal: 40894456 kB, SwapFree: 40861944 kB
INFO [2026-03-16 14:08:45] Memory: Total: 61649012 kB, Available: 47661808 kB, Active: 12957056 kB, SwapTotal: 40894456 kB, SwapFree: 40861944 kB
INFO [2026-03-16 14:08:45] Memory: Total: 61649012 kB, Available: 47661312 kB, Active: 12957056 kB, SwapTotal: 40894456 kB, SwapFree: 40861944 kB
INFO [2026-03-16 14:08:45] Memory: Total: 61649012 kB, Available: 47661556 kB, Active: 12957056 kB, SwapTotal: 40894456 kB, SwapFree: 40861944 kB
INFO [2026-03-16 14:08:45] Memory: Total: 61649012 kB, Available: 47661544 kB, Active: 12957380 kB, SwapTotal: 40894456 kB, SwapFree: 40861944 kB
INFO [2026-03-16 14:08:45] Memory: Total: 61649012 kB, Available: 47661544 kB, Active: 12957072 kB, SwapTotal: 40894456 kB, SwapFree: 40861944 kB
INFO [2026-03-16 14:08:45] Memory: Total: 61649012 kB, Available: 47661544 kB, Active: 12957072 kB, SwapTotal: 40894456 kB, SwapFree: 40861944 kB
INFO [2026-03-16 14:08:45] Memory: Total: 61649012 kB, Available: 47661544 kB, Active: 12957076 kB, SwapTotal: 40894456 kB, SwapFree: 40861944 kB
INFO [2026-03-16 14:08:45] Memory: Total: 61649012 kB, Available: 47661544 kB, Active: 12957076 kB, SwapTotal: 40894456 kB, SwapFree: 40861944 kB
INFO [2026-03-16 14:08:45] Memory: Total: 61649012 kB, Available: 47661548 kB, Active: 12955352 kB, SwapTotal: 40894456 kB, SwapFree: 40861944 kB
INFO [2026-03-16 14:08:45] Memory: Total: 61649012 kB, Available: 47661548 kB, Active: 12955352 kB, SwapTotal: 40894456 kB, SwapFree: 40861944 kB
INFO [2026-03-16 14:08:45] Memory: Total: 61649012 kB, Available: 47661548 kB, Active: 12955352 kB, SwapTotal: 40894456 kB, SwapFree: 40861944 kB
INFO [2026-03-16 14:08:46] Memory: Total: 61649012 kB, Available: 47661548 kB, Active: 12955676 kB, SwapTotal: 40894456 kB, SwapFree: 40861944 kB
INFO [2026-03-16 14:08:46] Memory: Total: 61649012 kB, Available: 47661548 kB, Active: 12955368 kB, SwapTotal: 40894456 kB, SwapFree: 40861944 kB
INFO [2026-03-16 14:08:46] Memory: Total: 61649012 kB, Available: 47661548 kB, Active: 12955368 kB, SwapTotal: 40894456 kB, SwapFree: 40861944 kB
INFO [2026-03-16 14:08:46] Memory: Total: 61649012 kB, Available: 47661548 kB, Active: 12955368 kB, SwapTotal: 40894456 kB, SwapFree: 40861944 kB
INFO [2026-03-16 14:08:46] Memory: Total: 61649012 kB, Available: 47661548 kB, Active: 12955368 kB, SwapTotal: 40894456 kB, SwapFree: 40861944 kB
INFO [2026-03-16 14:08:46] Memory: Total: 61649012 kB, Available: 47661548 kB, Active: 12955368 kB, SwapTotal: 40894456 kB, SwapFree: 40861944 kB
INFO [2026-03-16 14:08:46] Memory: Total: 61649012 kB, Available: 47661548 kB, Active: 12955652 kB, SwapTotal: 40894456 kB, SwapFree: 40861944 kB
INFO [2026-03-16 14:08:46] Memory: Total: 61649012 kB, Available: 47661548 kB, Active: 12955980 kB, SwapTotal: 40894456 kB, SwapFree: 40861944 kB
INFO [2026-03-16 14:08:46] Memory: Total: 61649012 kB, Available: 47661548 kB, Active: 12955668 kB, SwapTotal: 40894456 kB, SwapFree: 40861944 kB
INFO [2026-03-16 14:08:46] Memory: Total: 61649012 kB, Available: 47661548 kB, Active: 12955668 kB, SwapTotal: 40894456 kB, SwapFree: 40861944 kB
INFO [2026-03-16 14:08:46] Memory: Total: 61649012 kB, Available: 47661548 kB, Active: 12955668 kB, SwapTotal: 40894456 kB, SwapFree: 40861944 kB
INFO [2026-03-16 14:08:46] Memory: Total: 61649012 kB, Available: 47661548 kB, Active: 12955668 kB, SwapTotal: 40894456 kB, SwapFree: 40861944 kB
INFO [2026-03-16 14:08:46] Memory: Total: 61649012 kB, Available: 47661048 kB, Active: 12955952 kB, SwapTotal: 40894456 kB, SwapFree: 40861944 kB
INFO [2026-03-16 14:08:46] Memory: Total: 61649012 kB, Available: 47661296 kB, Active: 12955952 kB, SwapTotal: 40894456 kB, SwapFree: 40861944 kB
INFO [2026-03-16 14:08:46] Memory: Total: 61649012 kB, Available: 47661296 kB, Active: 12955952 kB, SwapTotal: 40894456 kB, SwapFree: 40861944 kB
INFO [2026-03-16 14:08:46] Memory: Total: 61649012 kB, Available: 47661296 kB, Active: 12955636 kB, SwapTotal: 40894456 kB, SwapFree: 40861944 kB
INFO [2026-03-16 14:08:46] Memory: Total: 61649012 kB, Available: 47661296 kB, Active: 12955388 kB, SwapTotal: 40894456 kB, SwapFree: 40861944 kB
INFO [2026-03-16 14:08:46] Memory: Total: 61649012 kB, Available: 47661296 kB, Active: 12955392 kB, SwapTotal: 40894456 kB, SwapFree: 40861944 kB
INFO [2026-03-16 14:08:47] Memory: Total: 61649012 kB, Available: 47661296 kB, Active: 12955684 kB, SwapTotal: 40894456 kB, SwapFree: 40861944 kB
INFO [2026-03-16 14:08:47] Memory: Total: 61649012 kB, Available: 47661296 kB, Active: 12955972 kB, SwapTotal: 40894456 kB, SwapFree: 40861944 kB
INFO [2026-03-16 14:08:47] Memory: Total: 61649012 kB, Available: 47660792 kB, Active: 12955972 kB, SwapTotal: 40894456 kB, SwapFree: 40861944 kB
INFO [2026-03-16 14:08:47] Memory: Total: 61649012 kB, Available: 47660792 kB, Active: 12955972 kB, SwapTotal: 40894456 kB, SwapFree: 40861944 kB
INFO [2026-03-16 14:08:47] Memory: Total: 61649012 kB, Available: 47660792 kB, Active: 12955972 kB, SwapTotal: 40894456 kB, SwapFree: 40861944 kB
INFO [2026-03-16 14:08:47] Memory: Total: 61649012 kB, Available: 47661044 kB, Active: 12956296 kB, SwapTotal: 40894456 kB, SwapFree: 40861944 kB
INFO [2026-03-16 14:08:47] Memory: Total: 61649012 kB, Available: 47661044 kB, Active: 12955980 kB, SwapTotal: 40894456 kB, SwapFree: 40861944 kB
INFO [2026-03-16 14:08:47] Memory: Total: 61649012 kB, Available: 47660536 kB, Active: 12956304 kB, SwapTotal: 40894456 kB, SwapFree: 40861944 kB
INFO [2026-03-16 14:08:47] Memory: Total: 61649012 kB, Available: 47660540 kB, Active: 12956272 kB, SwapTotal: 40894456 kB, SwapFree: 40861944 kB
INFO [2026-03-16 14:08:47] Memory: Total: 61649012 kB, Available: 47660540 kB, Active: 12956880 kB, SwapTotal: 40894456 kB, SwapFree: 40861944 kB
INFO [2026-03-16 14:08:47] Memory: Total: 61649012 kB, Available: 47660288 kB, Active: 12956576 kB, SwapTotal: 40894456 kB, SwapFree: 40861944 kB
INFO [2026-03-16 14:08:47] Memory: Total: 61649012 kB, Available: 47660288 kB, Active: 12956544 kB, SwapTotal: 40894456 kB, SwapFree: 40861944 kB
INFO [2026-03-16 14:08:47] Memory: Total: 61649012 kB, Available: 47660036 kB, Active: 12956832 kB, SwapTotal: 40894456 kB, SwapFree: 40861944 kB
INFO [2026-03-16 14:08:47] Memory: Total: 61649012 kB, Available: 47659784 kB, Active: 12956840 kB, SwapTotal: 40894456 kB, SwapFree: 40861944 kB
INFO [2026-03-16 14:08:47] Memory: Total: 61649012 kB, Available: 47659784 kB, Active: 12957164 kB, SwapTotal: 40894456 kB, SwapFree: 40861944 kB
INFO [2026-03-16 14:08:47] Memory: Total: 61649012 kB, Available: 47659256 kB, Active: 12957488 kB, SwapTotal: 40894456 kB, SwapFree: 40861944 kB
INFO [2026-03-16 14:08:47] Memory: Total: 61649012 kB, Available: 47659028 kB, Active: 12955488 kB, SwapTotal: 40894456 kB, SwapFree: 40861944 kB
INFO [2026-03-16 14:08:47] Memory: Total: 61649012 kB, Available: 47659028 kB, Active: 12955812 kB, SwapTotal: 40894456 kB, SwapFree: 40861944 kB
INFO [2026-03-16 14:08:47] Memory: Total: 61649012 kB, Available: 47659028 kB, Active: 12955516 kB, SwapTotal: 40894456 kB, SwapFree: 40861944 kB
INFO [2026-03-16 14:08:47] Memory: Total: 61649012 kB, Available: 47659028 kB, Active: 12955808 kB, SwapTotal: 40894456 kB, SwapFree: 40861944 kB
INFO [2026-03-16 14:08:47] Memory: Total: 61649012 kB, Available: 47659028 kB, Active: 12955808 kB, SwapTotal: 40894456 kB, SwapFree: 40861944 kB
INFO [2026-03-16 14:08:48] Memory: Total: 61649012 kB, Available: 47658776 kB, Active: 12955812 kB, SwapTotal: 40894456 kB, SwapFree: 40861944 kB
INFO [2026-03-16 14:08:48] Memory: Total: 61649012 kB, Available: 47658776 kB, Active: 12956116 kB, SwapTotal: 40894456 kB, SwapFree: 40861944 kB
INFO [2026-03-16 14:08:48] Memory: Total: 61649012 kB, Available: 47658524 kB, Active: 12955756 kB, SwapTotal: 40894456 kB, SwapFree: 40861944 kB
INFO [2026-03-16 14:08:48] Memory: Total: 61649012 kB, Available: 47658524 kB, Active: 12955248 kB, SwapTotal: 40894456 kB, SwapFree: 40861944 kB
INFO [2026-03-16 14:08:48] Memory: Total: 61649012 kB, Available: 47658524 kB, Active: 12955248 kB, SwapTotal: 40894456 kB, SwapFree: 40861944 kB
INFO [2026-03-16 14:08:48] Memory: Total: 61649012 kB, Available: 47658524 kB, Active: 12955572 kB, SwapTotal: 40894456 kB, SwapFree: 40861944 kB
INFO [2026-03-16 14:08:48] Memory: Total: 61649012 kB, Available: 47658524 kB, Active: 12955860 kB, SwapTotal: 40894456 kB, SwapFree: 40861944 kB
INFO [2026-03-16 14:08:48] Memory: Total: 61649012 kB, Available: 47658528 kB, Active: 12955868 kB, SwapTotal: 40894456 kB, SwapFree: 40861944 kB
INFO [2026-03-16 14:08:48] Memory: Total: 61649012 kB, Available: 47658528 kB, Active: 12955564 kB, SwapTotal: 40894456 kB, SwapFree: 40861944 kB
INFO [2026-03-16 14:08:48] Memory: Total: 61649012 kB, Available: 47658528 kB, Active: 12955564 kB, SwapTotal: 40894456 kB, SwapFree: 40861944 kB
INFO [2026-03-16 14:08:48] Memory: Total: 61649012 kB, Available: 47658528 kB, Active: 12955564 kB, SwapTotal: 40894456 kB, SwapFree: 40861944 kB
INFO [2026-03-16 14:08:48] Memory: Total: 61649012 kB, Available: 47658528 kB, Active: 12955272 kB, SwapTotal: 40894456 kB, SwapFree: 40861944 kB
INFO [2026-03-16 14:08:48] Memory: Total: 61649012 kB, Available: 47658276 kB, Active: 12955280 kB, SwapTotal: 40894456 kB, SwapFree: 40861944 kB
INFO [2026-03-16 14:08:48] Memory: Total: 61649012 kB, Available: 47658276 kB, Active: 12955608 kB, SwapTotal: 40894456 kB, SwapFree: 40861944 kB
INFO [2026-03-16 14:08:48] Memory: Total: 61649012 kB, Available: 47658276 kB, Active: 12955620 kB, SwapTotal: 40894456 kB, SwapFree: 40861944 kB
INFO [2026-03-16 14:08:48] Memory: Total: 61649012 kB, Available: 47658272 kB, Active: 12954824 kB, SwapTotal: 40894456 kB, SwapFree: 40861944 kB
INFO [2026-03-16 14:08:48] Memory: Total: 61649012 kB, Available: 47658272 kB, Active: 12954824 kB, SwapTotal: 40894456 kB, SwapFree: 40861944 kB
INFO [2026-03-16 14:08:48] Memory: Total: 61649012 kB, Available: 47658272 kB, Active: 12954824 kB, SwapTotal: 40894456 kB, SwapFree: 40861944 kB
INFO [2026-03-16 14:08:49] Memory: Total: 61649012 kB, Available: 47658272 kB, Active: 12955152 kB, SwapTotal: 40894456 kB, SwapFree: 40861944 kB
INFO [2026-03-16 14:08:49] Memory: Total: 61649012 kB, Available: 47658272 kB, Active: 12955180 kB, SwapTotal: 40894456 kB, SwapFree: 40861944 kB
INFO [2026-03-16 14:08:49] Memory: Total: 61649012 kB, Available: 47658272 kB, Active: 12955188 kB, SwapTotal: 40894456 kB, SwapFree: 40861944 kB
INFO [2026-03-16 14:08:49] Memory: Total: 61649012 kB, Available: 47658272 kB, Active: 12955188 kB, SwapTotal: 40894456 kB, SwapFree: 40861944 kB
INFO [2026-03-16 14:08:49] Memory: Total: 61649012 kB, Available: 47658020 kB, Active: 12955200 kB, SwapTotal: 40894456 kB, SwapFree: 40861944 kB
INFO [2026-03-16 14:08:49] Memory: Total: 61649012 kB, Available: 47658020 kB, Active: 12954908 kB, SwapTotal: 40894456 kB, SwapFree: 40861944 kB
INFO [2026-03-16 14:08:49] Memory: Total: 61649012 kB, Available: 47658020 kB, Active: 12955236 kB, SwapTotal: 40894456 kB, SwapFree: 40861944 kB
INFO [2026-03-16 14:08:49] Memory: Total: 61649012 kB, Available: 47658020 kB, Active: 12954924 kB, SwapTotal: 40894456 kB, SwapFree: 40861944 kB
INFO [2026-03-16 14:08:49] Memory: Total: 61649012 kB, Available: 47658020 kB, Active: 12955248 kB, SwapTotal: 40894456 kB, SwapFree: 40861944 kB
INFO [2026-03-16 14:08:49] Memory: Total: 61649012 kB, Available: 47658020 kB, Active: 12955248 kB, SwapTotal: 40894456 kB, SwapFree: 40861944 kB
INFO [2026-03-16 14:08:49] Memory: Total: 61649012 kB, Available: 47658020 kB, Active: 12955248 kB, SwapTotal: 40894456 kB, SwapFree: 40861944 kB
INFO [2026-03-16 14:08:49] Memory: Total: 61649012 kB, Available: 47657768 kB, Active: 12955548 kB, SwapTotal: 40894456 kB, SwapFree: 40861944 kB
INFO [2026-03-16 14:08:49] Memory: Total: 61649012 kB, Available: 47657768 kB, Active: 12955688 kB, SwapTotal: 40894456 kB, SwapFree: 40861944 kB
INFO [2026-03-16 14:08:49] Memory: Total: 61649012 kB, Available: 47657516 kB, Active: 12955740 kB, SwapTotal: 40894456 kB, SwapFree: 40861944 kB
INFO [2026-03-16 14:08:49] Memory: Total: 61649012 kB, Available: 47657516 kB, Active: 12955740 kB, SwapTotal: 40894456 kB, SwapFree: 40861944 kB
INFO [2026-03-16 14:08:49] Memory: Total: 61649012 kB, Available: 47657516 kB, Active: 12955984 kB, SwapTotal: 40894456 kB, SwapFree: 40861944 kB
INFO [2026-03-16 14:08:49] Memory: Total: 61649012 kB, Available: 47657516 kB, Active: 12955660 kB, SwapTotal: 40894456 kB, SwapFree: 40861944 kB
INFO [2026-03-16 14:08:49] Memory: Total: 61649012 kB, Available: 47657516 kB, Active: 12955536 kB, SwapTotal: 40894456 kB, SwapFree: 40861944 kB
INFO [2026-03-16 14:08:49] Memory: Total: 61649012 kB, Available: 47657516 kB, Active: 12955800 kB, SwapTotal: 40894456 kB, SwapFree: 40861944 kB
INFO [2026-03-16 14:08:50] Memory: Total: 61649012 kB, Available: 47657516 kB, Active: 12955884 kB, SwapTotal: 40894456 kB, SwapFree: 40861944 kB
INFO [2026-03-16 14:08:50] Memory: Total: 61649012 kB, Available: 47657516 kB, Active: 12955884 kB, SwapTotal: 40894456 kB, SwapFree: 40861944 kB
INFO [2026-03-16 14:08:50] Memory: Total: 61649012 kB, Available: 47657516 kB, Active: 12955884 kB, SwapTotal: 40894456 kB, SwapFree: 40861944 kB
INFO [2026-03-16 14:08:50] Memory: Total: 61649012 kB, Available: 47657516 kB, Active: 12956052 kB, SwapTotal: 40894456 kB, SwapFree: 40861944 kB
INFO [2026-03-16 14:08:50] Memory: Total: 61649012 kB, Available: 47656700 kB, Active: 12955904 kB, SwapTotal: 40894456 kB, SwapFree: 40861944 kB
INFO [2026-03-16 14:08:50] Memory: Total: 61649012 kB, Available: 47656764 kB, Active: 12956628 kB, SwapTotal: 40894456 kB, SwapFree: 40861944 kB
INFO [2026-03-16 14:08:50] Memory: Total: 61649012 kB, Available: 47656512 kB, Active: 12956640 kB, SwapTotal: 40894456 kB, SwapFree: 40861944 kB
INFO [2026-03-16 14:08:50] Memory: Total: 61649012 kB, Available: 47656188 kB, Active: 12956640 kB, SwapTotal: 40894456 kB, SwapFree: 40861944 kB
INFO [2026-03-16 14:08:50] Memory: Total: 61649012 kB, Available: 47656188 kB, Active: 12956388 kB, SwapTotal: 40894456 kB, SwapFree: 40861944 kB
INFO [2026-03-16 14:08:50] Memory: Total: 61649012 kB, Available: 47656188 kB, Active: 12956712 kB, SwapTotal: 40894456 kB, SwapFree: 40861944 kB
INFO [2026-03-16 14:08:50] Memory: Total: 61649012 kB, Available: 47656188 kB, Active: 12957180 kB, SwapTotal: 40894456 kB, SwapFree: 40861944 kB
INFO [2026-03-16 14:08:50] Memory: Total: 61649012 kB, Available: 47656188 kB, Active: 12957628 kB, SwapTotal: 40894456 kB, SwapFree: 40861944 kB
INFO [2026-03-16 14:08:50] Memory: Total: 61649012 kB, Available: 47656188 kB, Active: 12957952 kB, SwapTotal: 40894456 kB, SwapFree: 40861944 kB
INFO [2026-03-16 14:08:50] Memory: Total: 61649012 kB, Available: 47656188 kB, Active: 12957952 kB, SwapTotal: 40894456 kB, SwapFree: 40861944 kB
INFO [2026-03-16 14:08:50] Memory: Total: 61649012 kB, Available: 47656188 kB, Active: 12958320 kB, SwapTotal: 40894456 kB, SwapFree: 40861944 kB
INFO [2026-03-16 14:08:50] Memory: Total: 61649012 kB, Available: 47656184 kB, Active: 12958480 kB, SwapTotal: 40894456 kB, SwapFree: 40861944 kB
INFO [2026-03-16 14:08:50] Memory: Total: 61649012 kB, Available: 47656184 kB, Active: 12958600 kB, SwapTotal: 40894456 kB, SwapFree: 40861944 kB
INFO [2026-03-16 14:08:50] Memory: Total: 61649012 kB, Available: 47656004 kB, Active: 12957664 kB, SwapTotal: 40894456 kB, SwapFree: 40861944 kB
INFO [2026-03-16 14:08:50] Memory: Total: 61649012 kB, Available: 47656004 kB, Active: 12957768 kB, SwapTotal: 40894456 kB, SwapFree: 40861944 kB
INFO [2026-03-16 14:08:50] Memory: Total: 61649012 kB, Available: 47656004 kB, Active: 12957492 kB, SwapTotal: 40894456 kB, SwapFree: 40861944 kB
INFO [2026-03-16 14:08:51] Memory: Total: 61649012 kB, Available: 47656004 kB, Active: 12958136 kB, SwapTotal: 40894456 kB, SwapFree: 40861944 kB
INFO [2026-03-16 14:08:51] Memory: Total: 61649012 kB, Available: 47656004 kB, Active: 12958012 kB, SwapTotal: 40894456 kB, SwapFree: 40861944 kB
INFO [2026-03-16 14:08:51] Memory: Total: 61649012 kB, Available: 47656004 kB, Active: 12958628 kB, SwapTotal: 40894456 kB, SwapFree: 40861944 kB
INFO [2026-03-16 14:08:51] Memory: Total: 61649012 kB, Available: 47655672 kB, Active: 12958640 kB, SwapTotal: 40894456 kB, SwapFree: 40861944 kB
INFO [2026-03-16 14:08:51] Memory: Total: 61649012 kB, Available: 47655160 kB, Active: 12958956 kB, SwapTotal: 40894456 kB, SwapFree: 40861944 kB
INFO [2026-03-16 14:08:51] Memory: Total: 61649012 kB, Available: 47654904 kB, Active: 12959584 kB, SwapTotal: 40894456 kB, SwapFree: 40861944 kB
INFO [2026-03-16 14:08:51] Memory: Total: 61649012 kB, Available: 47654996 kB, Active: 12959420 kB, SwapTotal: 40894456 kB, SwapFree: 40861944 kB
INFO [2026-03-16 14:08:51] Memory: Total: 61649012 kB, Available: 47654996 kB, Active: 12959420 kB, SwapTotal: 40894456 kB, SwapFree: 40861944 kB
INFO [2026-03-16 14:08:51] Memory: Total: 61649012 kB, Available: 47654392 kB, Active: 12960032 kB, SwapTotal: 40894456 kB, SwapFree: 40861944 kB
INFO [2026-03-16 14:08:51] Memory: Total: 61649012 kB, Available: 47654136 kB, Active: 12960364 kB, SwapTotal: 40894456 kB, SwapFree: 40861944 kB
INFO [2026-03-16 14:08:51] Memory: Total: 61649012 kB, Available: 47653992 kB, Active: 12960444 kB, SwapTotal: 40894456 kB, SwapFree: 40861944 kB
INFO [2026-03-16 14:08:51] Memory: Total: 61649012 kB, Available: 47653632 kB, Active: 12960616 kB, SwapTotal: 40894456 kB, SwapFree: 40861944 kB
INFO [2026-03-16 14:08:51] Memory: Total: 61649012 kB, Available: 47653120 kB, Active: 12960784 kB, SwapTotal: 40894456 kB, SwapFree: 40861944 kB
INFO [2026-03-16 14:08:51] Memory: Total: 61649012 kB, Available: 47653236 kB, Active: 12960460 kB, SwapTotal: 40894456 kB, SwapFree: 40861944 kB
INFO [2026-03-16 14:08:51] Memory: Total: 61649012 kB, Available: 47652608 kB, Active: 12961088 kB, SwapTotal: 40894456 kB, SwapFree: 40861944 kB
INFO [2026-03-16 14:08:51] Memory: Total: 61649012 kB, Available: 47652732 kB, Active: 12961112 kB, SwapTotal: 40894456 kB, SwapFree: 40861944 kB
INFO [2026-03-16 14:08:51] Memory: Total: 61649012 kB, Available: 47652732 kB, Active: 12961112 kB, SwapTotal: 40894456 kB, SwapFree: 40861944 kB
INFO [2026-03-16 14:08:51] Memory: Total: 61649012 kB, Available: 47652732 kB, Active: 12961112 kB, SwapTotal: 40894456 kB, SwapFree: 40861944 kB
INFO [2026-03-16 14:08:51] Memory: Total: 61649012 kB, Available: 47652352 kB, Active: 12959272 kB, SwapTotal: 40894456 kB, SwapFree: 40861944 kB
INFO [2026-03-16 14:08:52] Memory: Total: 61649012 kB, Available: 47652480 kB, Active: 12959396 kB, SwapTotal: 40894456 kB, SwapFree: 40861944 kB
INFO [2026-03-16 14:08:52] Memory: Total: 61649012 kB, Available: 47652480 kB, Active: 12959396 kB, SwapTotal: 40894456 kB, SwapFree: 40861944 kB
INFO [2026-03-16 14:08:52] Memory: Total: 61649012 kB, Available: 47652480 kB, Active: 12959720 kB, SwapTotal: 40894456 kB, SwapFree: 40861944 kB
INFO [2026-03-16 14:08:52] Memory: Total: 61649012 kB, Available: 47652480 kB, Active: 12960328 kB, SwapTotal: 40894456 kB, SwapFree: 40861944 kB
INFO [2026-03-16 14:08:52] Memory: Total: 61649012 kB, Available: 47652480 kB, Active: 12960936 kB, SwapTotal: 40894456 kB, SwapFree: 40861944 kB
INFO [2026-03-16 14:08:52] Memory: Total: 61649012 kB, Available: 47652480 kB, Active: 12961356 kB, SwapTotal: 40894456 kB, SwapFree: 40861944 kB
INFO [2026-03-16 14:08:52] Memory: Total: 61649012 kB, Available: 47652480 kB, Active: 12961356 kB, SwapTotal: 40894456 kB, SwapFree: 40861944 kB
INFO [2026-03-16 14:08:52] Memory: Total: 61649012 kB, Available: 47652480 kB, Active: 12961388 kB, SwapTotal: 40894456 kB, SwapFree: 40861944 kB
INFO [2026-03-16 14:08:52] Memory: Total: 61649012 kB, Available: 47652480 kB, Active: 12961388 kB, SwapTotal: 40894456 kB, SwapFree: 40861944 kB
INFO [2026-03-16 14:08:52] Memory: Total: 61649012 kB, Available: 47652480 kB, Active: 12961712 kB, SwapTotal: 40894456 kB, SwapFree: 40861944 kB
INFO [2026-03-16 14:08:52] Memory: Total: 61649012 kB, Available: 47652480 kB, Active: 12961712 kB, SwapTotal: 40894456 kB, SwapFree: 40861944 kB
INFO [2026-03-16 14:08:52] Memory: Total: 61649012 kB, Available: 47652480 kB, Active: 12961692 kB, SwapTotal: 40894456 kB, SwapFree: 40861944 kB
INFO [2026-03-16 14:08:52] Memory: Total: 61649012 kB, Available: 47652480 kB, Active: 12962024 kB, SwapTotal: 40894456 kB, SwapFree: 40861944 kB
INFO [2026-03-16 14:08:52] Memory: Total: 61649012 kB, Available: 47652480 kB, Active: 12961584 kB, SwapTotal: 40894456 kB, SwapFree: 40861944 kB
INFO [2026-03-16 14:08:52] Memory: Total: 61649012 kB, Available: 47652480 kB, Active: 12962116 kB, SwapTotal: 40894456 kB, SwapFree: 40861944 kB
INFO [2026-03-16 14:08:52] Memory: Total: 61649012 kB, Available: 47652480 kB, Active: 12961880 kB, SwapTotal: 40894456 kB, SwapFree: 40861944 kB
INFO [2026-03-16 14:08:52] Memory: Total: 61649012 kB, Available: 47652484 kB, Active: 12961556 kB, SwapTotal: 40894456 kB, SwapFree: 40861944 kB
INFO [2026-03-16 14:08:53] Memory: Total: 61649012 kB, Available: 47652484 kB, Active: 12961592 kB, SwapTotal: 40894456 kB, SwapFree: 40861944 kB
INFO [2026-03-16 14:08:53] Memory: Total: 61649012 kB, Available: 47652484 kB, Active: 12961680 kB, SwapTotal: 40894456 kB, SwapFree: 40861944 kB
INFO [2026-03-16 14:08:53] Memory: Total: 61649012 kB, Available: 47652484 kB, Active: 12962004 kB, SwapTotal: 40894456 kB, SwapFree: 40861944 kB
INFO [2026-03-16 14:08:53] Memory: Total: 61649012 kB, Available: 47652484 kB, Active: 12962004 kB, SwapTotal: 40894456 kB, SwapFree: 40861944 kB
INFO [2026-03-16 14:08:53] Memory: Total: 61649012 kB, Available: 47652484 kB, Active: 12962004 kB, SwapTotal: 40894456 kB, SwapFree: 40861944 kB
INFO [2026-03-16 14:08:53] Memory: Total: 61649012 kB, Available: 47652100 kB, Active: 12962052 kB, SwapTotal: 40894456 kB, SwapFree: 40861944 kB
INFO [2026-03-16 14:08:53] Memory: Total: 61649012 kB, Available: 47652232 kB, Active: 12962060 kB, SwapTotal: 40894456 kB, SwapFree: 40861944 kB
INFO [2026-03-16 14:08:53] Memory: Total: 61649012 kB, Available: 47652232 kB, Active: 12962372 kB, SwapTotal: 40894456 kB, SwapFree: 40861944 kB
INFO [2026-03-16 14:08:53] Memory: Total: 61649012 kB, Available: 47652232 kB, Active: 12962372 kB, SwapTotal: 40894456 kB, SwapFree: 40861944 kB
INFO [2026-03-16 14:08:53] Memory: Total: 61649012 kB, Available: 47651452 kB, Active: 12962820 kB, SwapTotal: 40894456 kB, SwapFree: 40861944 kB
INFO [2026-03-16 14:08:53] Memory: Total: 61649012 kB, Available: 47651592 kB, Active: 12962932 kB, SwapTotal: 40894456 kB, SwapFree: 40861944 kB
INFO [2026-03-16 14:08:53] Memory: Total: 61649012 kB, Available: 47651196 kB, Active: 12962964 kB, SwapTotal: 40894456 kB, SwapFree: 40861944 kB
INFO [2026-03-16 14:08:53] Memory: Total: 61649012 kB, Available: 47651340 kB, Active: 12963068 kB, SwapTotal: 40894456 kB, SwapFree: 40861944 kB
INFO [2026-03-16 14:08:53] Memory: Total: 61649012 kB, Available: 47651048 kB, Active: 12963392 kB, SwapTotal: 40894456 kB, SwapFree: 40861944 kB
INFO [2026-03-16 14:08:53] Memory: Total: 61649012 kB, Available: 47651048 kB, Active: 12963392 kB, SwapTotal: 40894456 kB, SwapFree: 40861944 kB
INFO [2026-03-16 14:08:53] Memory: Total: 61649012 kB, Available: 47651048 kB, Active: 12963392 kB, SwapTotal: 40894456 kB, SwapFree: 40861944 kB
INFO [2026-03-16 14:08:53] Memory: Total: 61649012 kB, Available: 47650180 kB, Active: 12963520 kB, SwapTotal: 40894456 kB, SwapFree: 40861944 kB
INFO [2026-03-16 14:08:53] Memory: Total: 61649012 kB, Available: 47649924 kB, Active: 12964164 kB, SwapTotal: 40894456 kB, SwapFree: 40861944 kB
INFO [2026-03-16 14:08:53] Memory: Total: 61649012 kB, Available: 47649800 kB, Active: 12962960 kB, SwapTotal: 40894456 kB, SwapFree: 40861944 kB
INFO [2026-03-16 14:08:53] Memory: Total: 61649012 kB, Available: 47649800 kB, Active: 12962960 kB, SwapTotal: 40894456 kB, SwapFree: 40861944 kB
INFO [2026-03-16 14:08:53] Memory: Total: 61649012 kB, Available: 47649964 kB, Active: 12963064 kB, SwapTotal: 40894456 kB, SwapFree: 40861944 kB
INFO [2026-03-16 14:08:54] Memory: Total: 61649012 kB, Available: 47649964 kB, Active: 12963132 kB, SwapTotal: 40894456 kB, SwapFree: 40861944 kB
INFO [2026-03-16 14:08:54] Memory: Total: 61649012 kB, Available: 47649556 kB, Active: 12963272 kB, SwapTotal: 40894456 kB, SwapFree: 40861944 kB
INFO [2026-03-16 14:08:54] Memory: Total: 61649012 kB, Available: 47649724 kB, Active: 12963316 kB, SwapTotal: 40894456 kB, SwapFree: 40861944 kB
INFO [2026-03-16 14:08:54] Memory: Total: 61649012 kB, Available: 47649300 kB, Active: 12963412 kB, SwapTotal: 40894456 kB, SwapFree: 40861944 kB
INFO [2026-03-16 14:08:54] Memory: Total: 61649012 kB, Available: 47649300 kB, Active: 12963412 kB, SwapTotal: 40894456 kB, SwapFree: 40861944 kB
INFO [2026-03-16 14:08:54] Memory: Total: 61649012 kB, Available: 47649300 kB, Active: 12963412 kB, SwapTotal: 40894456 kB, SwapFree: 40861944 kB
INFO [2026-03-16 14:08:54] Memory: Total: 61649012 kB, Available: 47649220 kB, Active: 12963536 kB, SwapTotal: 40894456 kB, SwapFree: 40861944 kB
INFO [2026-03-16 14:08:54] Memory: Total: 61649012 kB, Available: 47648788 kB, Active: 12963860 kB, SwapTotal: 40894456 kB, SwapFree: 40861944 kB
INFO [2026-03-16 14:08:54] Memory: Total: 61649012 kB, Available: 47648276 kB, Active: 12964480 kB, SwapTotal: 40894456 kB, SwapFree: 40861944 kB
INFO [2026-03-16 14:08:54] Memory: Total: 61649012 kB, Available: 47648464 kB, Active: 12964300 kB, SwapTotal: 40894456 kB, SwapFree: 40861944 kB
INFO [2026-03-16 14:08:54] Memory: Total: 61649012 kB, Available: 47648464 kB, Active: 12964628 kB, SwapTotal: 40894456 kB, SwapFree: 40861944 kB
INFO [2026-03-16 14:08:54] Memory: Total: 61649012 kB, Available: 47648020 kB, Active: 12964848 kB, SwapTotal: 40894456 kB, SwapFree: 40861944 kB
INFO [2026-03-16 14:08:54] Memory: Total: 61649012 kB, Available: 47647764 kB, Active: 12965036 kB, SwapTotal: 40894456 kB, SwapFree: 40861944 kB
INFO [2026-03-16 14:08:54] Memory: Total: 61649012 kB, Available: 47647508 kB, Active: 12964828 kB, SwapTotal: 40894456 kB, SwapFree: 40861944 kB
INFO [2026-03-16 14:08:54] Memory: Total: 61649012 kB, Available: 47647508 kB, Active: 12965152 kB, SwapTotal: 40894456 kB, SwapFree: 40861944 kB
INFO [2026-03-16 14:08:54] Memory: Total: 61649012 kB, Available: 47647508 kB, Active: 12965152 kB, SwapTotal: 40894456 kB, SwapFree: 40861944 kB
INFO [2026-03-16 14:08:54] Memory: Total: 61649012 kB, Available: 47647508 kB, Active: 12965152 kB, SwapTotal: 40894456 kB, SwapFree: 40861944 kB
INFO [2026-03-16 14:08:54] Memory: Total: 61649012 kB, Available: 47647252 kB, Active: 12965236 kB, SwapTotal: 40894456 kB, SwapFree: 40861944 kB
INFO [2026-03-16 14:08:54] Memory: Total: 61649012 kB, Available: 47646996 kB, Active: 12964708 kB, SwapTotal: 40894456 kB, SwapFree: 40861944 kB
INFO [2026-03-16 14:08:54] Memory: Total: 61649012 kB, Available: 47647204 kB, Active: 12964448 kB, SwapTotal: 40894456 kB, SwapFree: 40861944 kB
INFO [2026-03-16 14:08:55] Memory: Total: 61649012 kB, Available: 47647204 kB, Active: 12964512 kB, SwapTotal: 40894456 kB, SwapFree: 40861944 kB
INFO [2026-03-16 14:08:55] Memory: Total: 61649012 kB, Available: 47646740 kB, Active: 12964972 kB, SwapTotal: 40894456 kB, SwapFree: 40861944 kB
INFO [2026-03-16 14:08:55] Memory: Total: 61649012 kB, Available: 47646228 kB, Active: 12965524 kB, SwapTotal: 40894456 kB, SwapFree: 40861944 kB
INFO [2026-03-16 14:08:55] Memory: Total: 61649012 kB, Available: 47645972 kB, Active: 12965860 kB, SwapTotal: 40894456 kB, SwapFree: 40861944 kB
INFO [2026-03-16 14:08:55] Memory: Total: 61649012 kB, Available: 47645944 kB, Active: 12966096 kB, SwapTotal: 40894456 kB, SwapFree: 40861944 kB
INFO [2026-03-16 14:08:55] Memory: Total: 61649012 kB, Available: 47645204 kB, Active: 12966576 kB, SwapTotal: 40894456 kB, SwapFree: 40861944 kB
INFO [2026-03-16 14:08:55] Memory: Total: 61649012 kB, Available: 47645204 kB, Active: 12966576 kB, SwapTotal: 40894456 kB, SwapFree: 40861944 kB
INFO [2026-03-16 14:08:55] Memory: Total: 61649012 kB, Available: 47645204 kB, Active: 12966576 kB, SwapTotal: 40894456 kB, SwapFree: 40861944 kB
INFO [2026-03-16 14:08:55] Memory: Total: 61649012 kB, Available: 47645204 kB, Active: 12966264 kB, SwapTotal: 40894456 kB, SwapFree: 40861944 kB
INFO [2026-03-16 14:08:55] Memory: Total: 61649012 kB, Available: 47644948 kB, Active: 12966656 kB, SwapTotal: 40894456 kB, SwapFree: 40861944 kB
INFO [2026-03-16 14:08:55] Memory: Total: 61649012 kB, Available: 47644936 kB, Active: 12966352 kB, SwapTotal: 40894456 kB, SwapFree: 40861944 kB
INFO [2026-03-16 14:08:55] Memory: Total: 61649012 kB, Available: 47644436 kB, Active: 12966760 kB, SwapTotal: 40894456 kB, SwapFree: 40861944 kB
INFO [2026-03-16 14:08:55] Memory: Total: 61649012 kB, Available: 47644436 kB, Active: 12967408 kB, SwapTotal: 40894456 kB, SwapFree: 40861944 kB
INFO [2026-03-16 14:08:55] Memory: Total: 61649012 kB, Available: 47644436 kB, Active: 12967084 kB, SwapTotal: 40894456 kB, SwapFree: 40861944 kB
INFO [2026-03-16 14:08:55] Memory: Total: 61649012 kB, Available: 47643668 kB, Active: 12967172 kB, SwapTotal: 40894456 kB, SwapFree: 40861944 kB
INFO [2026-03-16 14:08:55] Memory: Total: 61649012 kB, Available: 47643156 kB, Active: 12966420 kB, SwapTotal: 40894456 kB, SwapFree: 40861944 kB
INFO [2026-03-16 14:08:55] Memory: Total: 61649012 kB, Available: 47643172 kB, Active: 12966908 kB, SwapTotal: 40894456 kB, SwapFree: 40861944 kB
INFO [2026-03-16 14:08:56] Memory: Total: 61649012 kB, Available: 47643172 kB, Active: 12966908 kB, SwapTotal: 40894456 kB, SwapFree: 40861944 kB
INFO [2026-03-16 14:08:56] Memory: Total: 61649012 kB, Available: 47643172 kB, Active: 12967232 kB, SwapTotal: 40894456 kB, SwapFree: 40861944 kB
INFO [2026-03-16 14:08:56] Memory: Total: 61649012 kB, Available: 47642920 kB, Active: 12967300 kB, SwapTotal: 40894456 kB, SwapFree: 40861944 kB
INFO [2026-03-16 14:08:56] Memory: Total: 61649012 kB, Available: 47642668 kB, Active: 12967384 kB, SwapTotal: 40894456 kB, SwapFree: 40861944 kB
INFO [2026-03-16 14:08:56] Memory: Total: 61649012 kB, Available: 47642136 kB, Active: 12967788 kB, SwapTotal: 40894456 kB, SwapFree: 40861944 kB
INFO [2026-03-16 14:08:56] Memory: Total: 61649012 kB, Available: 47642164 kB, Active: 12967856 kB, SwapTotal: 40894456 kB, SwapFree: 40861944 kB
INFO [2026-03-16 14:08:56] Memory: Total: 61649012 kB, Available: 47642164 kB, Active: 12968004 kB, SwapTotal: 40894456 kB, SwapFree: 40861944 kB
INFO [2026-03-16 14:08:56] Memory: Total: 61649012 kB, Available: 47642164 kB, Active: 12968032 kB, SwapTotal: 40894456 kB, SwapFree: 40861944 kB
INFO [2026-03-16 14:08:56] Memory: Total: 61649012 kB, Available: 47641624 kB, Active: 12968316 kB, SwapTotal: 40894456 kB, SwapFree: 40861944 kB
INFO [2026-03-16 14:08:56] Memory: Total: 61649012 kB, Available: 47641660 kB, Active: 12968588 kB, SwapTotal: 40894456 kB, SwapFree: 40861944 kB
INFO [2026-03-16 14:08:56] Memory: Total: 61649012 kB, Available: 47641408 kB, Active: 12968292 kB, SwapTotal: 40894456 kB, SwapFree: 40861944 kB
INFO [2026-03-16 14:08:56] Memory: Total: 61649012 kB, Available: 47640856 kB, Active: 12968744 kB, SwapTotal: 40894456 kB, SwapFree: 40861944 kB
INFO [2026-03-16 14:08:56] Memory: Total: 61649012 kB, Available: 47640856 kB, Active: 12968744 kB, SwapTotal: 40894456 kB, SwapFree: 40861944 kB
INFO [2026-03-16 14:08:56] Memory: Total: 61649012 kB, Available: 47640856 kB, Active: 12969068 kB, SwapTotal: 40894456 kB, SwapFree: 40861944 kB
INFO [2026-03-16 14:08:56] Memory: Total: 61649012 kB, Available: 47640904 kB, Active: 12969136 kB, SwapTotal: 40894456 kB, SwapFree: 40861944 kB
INFO [2026-03-16 14:08:56] Memory: Total: 61649012 kB, Available: 47640904 kB, Active: 12969484 kB, SwapTotal: 40894456 kB, SwapFree: 40861944 kB
INFO [2026-03-16 14:08:56] Memory: Total: 61649012 kB, Available: 47640904 kB, Active: 12969484 kB, SwapTotal: 40894456 kB, SwapFree: 40861944 kB
INFO [2026-03-16 14:08:56] Memory: Total: 61649012 kB, Available: 47640652 kB, Active: 12969492 kB, SwapTotal: 40894456 kB, SwapFree: 40861944 kB
INFO [2026-03-16 14:08:56] Memory: Total: 61649012 kB, Available: 47640400 kB, Active: 12969900 kB, SwapTotal: 40894456 kB, SwapFree: 40861944 kB
INFO [2026-03-16 14:08:56] Memory: Total: 61649012 kB, Available: 47646448 kB, Active: 12968820 kB, SwapTotal: 40894456 kB, SwapFree: 40861944 kB
INFO [2026-03-16 14:08:56] Memory: Total: 61649012 kB, Available: 47646448 kB, Active: 12968820 kB, SwapTotal: 40894456 kB, SwapFree: 40861944 kB
INFO [2026-03-16 14:08:57] Memory: Total: 61649012 kB, Available: 47646196 kB, Active: 12969096 kB, SwapTotal: 40894456 kB, SwapFree: 40861944 kB
INFO [2026-03-16 14:08:57] Memory: Total: 61649012 kB, Available: 47645944 kB, Active: 12968908 kB, SwapTotal: 40894456 kB, SwapFree: 40861944 kB
INFO [2026-03-16 14:08:57] Memory: Total: 61649012 kB, Available: 47645620 kB, Active: 12969232 kB, SwapTotal: 40894456 kB, SwapFree: 40861944 kB
INFO [2026-03-16 14:08:57] Memory: Total: 61649012 kB, Available: 47646268 kB, Active: 12969232 kB, SwapTotal: 40894456 kB, SwapFree: 40861944 kB
INFO [2026-03-16 14:08:57] Memory: Total: 61649012 kB, Available: 47646008 kB, Active: 12969540 kB, SwapTotal: 40894456 kB, SwapFree: 40861944 kB
INFO [2026-03-16 14:08:57] Memory: Total: 61649012 kB, Available: 47645208 kB, Active: 12969980 kB, SwapTotal: 40894456 kB, SwapFree: 40861944 kB
INFO [2026-03-16 14:08:57] Memory: Total: 61649012 kB, Available: 47645208 kB, Active: 12969980 kB, SwapTotal: 40894456 kB, SwapFree: 40861944 kB
INFO [2026-03-16 14:08:57] Memory: Total: 61649012 kB, Available: 47645208 kB, Active: 12970300 kB, SwapTotal: 40894456 kB, SwapFree: 40861944 kB
INFO [2026-03-16 14:08:57] Memory: Total: 61649012 kB, Available: 47645208 kB, Active: 12970300 kB, SwapTotal: 40894456 kB, SwapFree: 40861944 kB
INFO [2026-03-16 14:08:57] Memory: Total: 61649012 kB, Available: 47645208 kB, Active: 12970624 kB, SwapTotal: 40894456 kB, SwapFree: 40861944 kB
INFO [2026-03-16 14:08:57] Memory: Total: 61649012 kB, Available: 47645208 kB, Active: 12970796 kB, SwapTotal: 40894456 kB, SwapFree: 40861944 kB
INFO [2026-03-16 14:08:57] Memory: Total: 61649012 kB, Available: 47645208 kB, Active: 12970680 kB, SwapTotal: 40894456 kB, SwapFree: 40861944 kB
INFO [2026-03-16 14:08:57] Memory: Total: 61649012 kB, Available: 47645856 kB, Active: 12970984 kB, SwapTotal: 40894456 kB, SwapFree: 40861944 kB
INFO [2026-03-16 14:08:57] Memory: Total: 61649012 kB, Available: 47645856 kB, Active: 12971268 kB, SwapTotal: 40894456 kB, SwapFree: 40861944 kB
INFO [2026-03-16 14:08:57] Memory: Total: 61649012 kB, Available: 47645856 kB, Active: 12971552 kB, SwapTotal: 40894456 kB, SwapFree: 40861944 kB
INFO [2026-03-16 14:08:57] Memory: Total: 61649012 kB, Available: 47645856 kB, Active: 12971876 kB, SwapTotal: 40894456 kB, SwapFree: 40861944 kB
INFO [2026-03-16 14:08:57] Memory: Total: 61649012 kB, Available: 47653972 kB, Active: 12969648 kB, SwapTotal: 40894456 kB, SwapFree: 40861944 kB
INFO [2026-03-16 14:08:57] Memory: Total: 61649012 kB, Available: 47653972 kB, Active: 12969648 kB, SwapTotal: 40894456 kB, SwapFree: 40861944 kB
INFO [2026-03-16 14:08:57] Memory: Total: 61649012 kB, Available: 47653972 kB, Active: 12969652 kB, SwapTotal: 40894456 kB, SwapFree: 40861944 kB
INFO [2026-03-16 14:08:58] Memory: Total: 61649012 kB, Available: 47653972 kB, Active: 12969652 kB, SwapTotal: 40894456 kB, SwapFree: 40861944 kB
INFO [2026-03-16 14:08:58] Memory: Total: 61649012 kB, Available: 47653972 kB, Active: 12969652 kB, SwapTotal: 40894456 kB, SwapFree: 40861944 kB
INFO [2026-03-16 14:08:58] Memory: Total: 61649012 kB, Available: 47653972 kB, Active: 12969944 kB, SwapTotal: 40894456 kB, SwapFree: 40861944 kB
INFO [2026-03-16 14:08:58] Memory: Total: 61649012 kB, Available: 47653972 kB, Active: 12969944 kB, SwapTotal: 40894456 kB, SwapFree: 40861944 kB
INFO [2026-03-16 14:08:58] Memory: Total: 61649012 kB, Available: 47653972 kB, Active: 12970228 kB, SwapTotal: 40894456 kB, SwapFree: 40861944 kB
INFO [2026-03-16 14:08:58] Memory: Total: 61649012 kB, Available: 47654944 kB, Active: 12970232 kB, SwapTotal: 40894456 kB, SwapFree: 40861944 kB
INFO [2026-03-16 14:08:58] Memory: Total: 61649012 kB, Available: 47655268 kB, Active: 12970556 kB, SwapTotal: 40894456 kB, SwapFree: 40861944 kB
INFO [2026-03-16 14:08:58] Memory: Total: 61649012 kB, Available: 47655268 kB, Active: 12971132 kB, SwapTotal: 40894456 kB, SwapFree: 40861944 kB
INFO [2026-03-16 14:08:58] Memory: Total: 61649012 kB, Available: 47655268 kB, Active: 12971464 kB, SwapTotal: 40894456 kB, SwapFree: 40861944 kB
INFO [2026-03-16 14:08:58] Memory: Total: 61649012 kB, Available: 47655268 kB, Active: 12971464 kB, SwapTotal: 40894456 kB, SwapFree: 40861944 kB
INFO [2026-03-16 14:08:58] Memory: Total: 61649012 kB, Available: 47655268 kB, Active: 12971140 kB, SwapTotal: 40894456 kB, SwapFree: 40861944 kB
INFO [2026-03-16 14:08:58] Memory: Total: 61649012 kB, Available: 47655268 kB, Active: 12971140 kB, SwapTotal: 40894456 kB, SwapFree: 40861944 kB
INFO [2026-03-16 14:08:58] Memory: Total: 61649012 kB, Available: 47655268 kB, Active: 12971464 kB, SwapTotal: 40894456 kB, SwapFree: 40861944 kB
INFO [2026-03-16 14:08:58] Memory: Total: 61649012 kB, Available: 47655268 kB, Active: 12971788 kB, SwapTotal: 40894456 kB, SwapFree: 40861944 kB
INFO [2026-03-16 14:08:58] Memory: Total: 61649012 kB, Available: 47655268 kB, Active: 12971408 kB, SwapTotal: 40894456 kB, SwapFree: 40861944 kB
INFO [2026-03-16 14:08:58] Memory: Total: 61649012 kB, Available: 47659308 kB, Active: 12970540 kB, SwapTotal: 40894456 kB, SwapFree: 40861944 kB
INFO [2026-03-16 14:08:58] Memory: Total: 61649012 kB, Available: 47659308 kB, Active: 12969952 kB, SwapTotal: 40894456 kB, SwapFree: 40861944 kB
INFO [2026-03-16 14:08:58] Memory: Total: 61649012 kB, Available: 47659956 kB, Active: 12969956 kB, SwapTotal: 40894456 kB, SwapFree: 40861944 kB
INFO [2026-03-16 14:08:58] Memory: Total: 61649012 kB, Available: 47659956 kB, Active: 12970252 kB, SwapTotal: 40894456 kB, SwapFree: 40861944 kB
INFO [2026-03-16 14:08:59] Memory: Total: 61649012 kB, Available: 47660280 kB, Active: 12970256 kB, SwapTotal: 40894456 kB, SwapFree: 40861944 kB
INFO [2026-03-16 14:08:59] Memory: Total: 61649012 kB, Available: 47660280 kB, Active: 12970552 kB, SwapTotal: 40894456 kB, SwapFree: 40861944 kB
INFO [2026-03-16 14:08:59] Memory: Total: 61649012 kB, Available: 47660280 kB, Active: 12970552 kB, SwapTotal: 40894456 kB, SwapFree: 40861944 kB
INFO [2026-03-16 14:08:59] Memory: Total: 61649012 kB, Available: 47660280 kB, Active: 12970296 kB, SwapTotal: 40894456 kB, SwapFree: 40861944 kB
INFO [2026-03-16 14:08:59] Memory: Total: 61649012 kB, Available: 47660280 kB, Active: 12970300 kB, SwapTotal: 40894456 kB, SwapFree: 40861944 kB
INFO [2026-03-16 14:08:59] Memory: Total: 61649012 kB, Available: 47660280 kB, Active: 12970300 kB, SwapTotal: 40894456 kB, SwapFree: 40861944 kB
INFO [2026-03-16 14:08:59] Memory: Total: 61649012 kB, Available: 47660280 kB, Active: 12970624 kB, SwapTotal: 40894456 kB, SwapFree: 40861944 kB
INFO [2026-03-16 14:08:59] Memory: Total: 61649012 kB, Available: 47660280 kB, Active: 12970328 kB, SwapTotal: 40894456 kB, SwapFree: 40861944 kB
INFO [2026-03-16 14:08:59] Memory: Total: 61649012 kB, Available: 47660280 kB, Active: 12970328 kB, SwapTotal: 40894456 kB, SwapFree: 40861944 kB
INFO [2026-03-16 14:08:59] Memory: Total: 61649012 kB, Available: 47660280 kB, Active: 12970332 kB, SwapTotal: 40894456 kB, SwapFree: 40861944 kB
INFO [2026-03-16 14:08:59] Memory: Total: 61649012 kB, Available: 47660280 kB, Active: 12970624 kB, SwapTotal: 40894456 kB, SwapFree: 40861944 kB
INFO [2026-03-16 14:08:59] Memory: Total: 61649012 kB, Available: 47660280 kB, Active: 12970304 kB, SwapTotal: 40894456 kB, SwapFree: 40861944 kB
INFO [2026-03-16 14:08:59] Memory: Total: 61649012 kB, Available: 47660280 kB, Active: 12970924 kB, SwapTotal: 40894456 kB, SwapFree: 40861944 kB
INFO [2026-03-16 14:08:59] Memory: Total: 61649012 kB, Available: 47660028 kB, Active: 12971536 kB, SwapTotal: 40894456 kB, SwapFree: 40861944 kB
INFO [2026-03-16 14:08:59] Memory: Total: 61649012 kB, Available: 47660028 kB, Active: 12971860 kB, SwapTotal: 40894456 kB, SwapFree: 40861944 kB
INFO [2026-03-16 14:08:59] Memory: Total: 61649012 kB, Available: 47659776 kB, Active: 12971868 kB, SwapTotal: 40894456 kB, SwapFree: 40861944 kB
INFO [2026-03-16 14:08:59] Memory: Total: 61649012 kB, Available: 47659776 kB, Active: 12971868 kB, SwapTotal: 40894456 kB, SwapFree: 40861944 kB
INFO [2026-03-16 14:08:59] Memory: Total: 61649012 kB, Available: 47661944 kB, Active: 12970524 kB, SwapTotal: 40894456 kB, SwapFree: 40861944 kB
INFO [2026-03-16 14:09:00] Memory: Total: 61649012 kB, Available: 47662036 kB, Active: 12970232 kB, SwapTotal: 40894456 kB, SwapFree: 40861944 kB
INFO [2026-03-16 14:09:00] Memory: Total: 61649012 kB, Available: 47661308 kB, Active: 12970548 kB, SwapTotal: 40894456 kB, SwapFree: 40861944 kB
INFO [2026-03-16 14:09:00] Memory: Total: 61649012 kB, Available: 47661532 kB, Active: 12970552 kB, SwapTotal: 40894456 kB, SwapFree: 40861944 kB
INFO [2026-03-16 14:09:00] Memory: Total: 61649012 kB, Available: 47661856 kB, Active: 12970552 kB, SwapTotal: 40894456 kB, SwapFree: 40861944 kB
INFO [2026-03-16 14:09:00] Memory: Total: 61649012 kB, Available: 47662180 kB, Active: 12970560 kB, SwapTotal: 40894456 kB, SwapFree: 40861944 kB
INFO [2026-03-16 14:09:00] Memory: Total: 61649012 kB, Available: 47662180 kB, Active: 12970848 kB, SwapTotal: 40894456 kB, SwapFree: 40861944 kB
INFO [2026-03-16 14:09:00] Memory: Total: 61649012 kB, Available: 47662180 kB, Active: 12970848 kB, SwapTotal: 40894456 kB, SwapFree: 40861944 kB
INFO [2026-03-16 14:09:00] Memory: Total: 61649012 kB, Available: 47662180 kB, Active: 12970880 kB, SwapTotal: 40894456 kB, SwapFree: 40861944 kB
INFO [2026-03-16 14:09:00] Memory: Total: 61649012 kB, Available: 47662180 kB, Active: 12970896 kB, SwapTotal: 40894456 kB, SwapFree: 40861944 kB
INFO [2026-03-16 14:09:00] Memory: Total: 61649012 kB, Available: 47662180 kB, Active: 12970896 kB, SwapTotal: 40894456 kB, SwapFree: 40861944 kB
INFO [2026-03-16 14:09:00] Memory: Total: 61649012 kB, Available: 48675564 kB, Active: 11959588 kB, SwapTotal: 40894456 kB, SwapFree: 40861944 kB
INFO [2026-03-16 14:09:00] Memory: Total: 61649012 kB, Available: 48675316 kB, Active: 11959588 kB, SwapTotal: 40894456 kB, SwapFree: 40861944 kB
INFO [2026-03-16 14:09:00] Memory: Total: 61649012 kB, Available: 48675316 kB, Active: 11959588 kB, SwapTotal: 40894456 kB, SwapFree: 40861944 kB
INFO [2026-03-16 14:09:00] Memory: Total: 61649012 kB, Available: 48675316 kB, Active: 11960036 kB, SwapTotal: 40894456 kB, SwapFree: 40861944 kB
INFO [2026-03-16 14:09:00] Memory: Total: 61649012 kB, Available: 48675316 kB, Active: 11959720 kB, SwapTotal: 40894456 kB, SwapFree: 40861944 kB
INFO [2026-03-16 14:09:00] Memory: Total: 61649012 kB, Available: 48675316 kB, Active: 11959720 kB, SwapTotal: 40894456 kB, SwapFree: 40861944 kB
INFO [2026-03-16 14:09:00] Memory: Total: 61649012 kB, Available: 48675316 kB, Active: 11959720 kB, SwapTotal: 40894456 kB, SwapFree: 40861944 kB
INFO [2026-03-16 14:09:00] Memory: Total: 61649012 kB, Available: 48675316 kB, Active: 11959720 kB, SwapTotal: 40894456 kB, SwapFree: 40861944 kB
INFO [2026-03-16 14:09:00] Memory: Total: 61649012 kB, Available: 48675384 kB, Active: 11959552 kB, SwapTotal: 40894456 kB, SwapFree: 40861944 kB
INFO [2026-03-16 14:09:00] Memory: Total: 61649012 kB, Available: 48675384 kB, Active: 11959876 kB, SwapTotal: 40894456 kB, SwapFree: 40861944 kB
INFO [2026-03-16 14:09:01] Memory: Total: 61649012 kB, Available: 49071980 kB, Active: 11570048 kB, SwapTotal: 40894456 kB, SwapFree: 40861944 kB
INFO [2026-03-16 14:09:01] Memory: Total: 61649012 kB, Available: 49073600 kB, Active: 11568752 kB, SwapTotal: 40894456 kB, SwapFree: 40861944 kB
INFO [2026-03-16 14:09:01] Memory: Total: 61649012 kB, Available: 49694240 kB, Active: 10948536 kB, SwapTotal: 40894456 kB, SwapFree: 40861944 kB
INFO [2026-03-16 14:09:01] Memory: Total: 61649012 kB, Available: 49694240 kB, Active: 10948536 kB, SwapTotal: 40894456 kB, SwapFree: 40861944 kB
INFO [2026-03-16 14:09:01] Memory: Total: 61649012 kB, Available: 49694240 kB, Active: 10948536 kB, SwapTotal: 40894456 kB, SwapFree: 40861944 kB
INFO [2026-03-16 14:09:01] Memory: Total: 61649012 kB, Available: 49694240 kB, Active: 10948536 kB, SwapTotal: 40894456 kB, SwapFree: 40861944 kB
INFO [2026-03-16 14:09:01] Memory: Total: 61649012 kB, Available: 49694240 kB, Active: 10948536 kB, SwapTotal: 40894456 kB, SwapFree: 40861944 kB
INFO [2026-03-16 14:09:01] Memory: Total: 61649012 kB, Available: 49694240 kB, Active: 10948660 kB, SwapTotal: 40894456 kB, SwapFree: 40861944 kB
INFO [2026-03-16 14:09:01] Memory: Total: 61649012 kB, Available: 49694240 kB, Active: 10948984 kB, SwapTotal: 40894456 kB, SwapFree: 40861944 kB
INFO [2026-03-16 14:09:01] Memory: Total: 61649012 kB, Available: 49693988 kB, Active: 10948724 kB, SwapTotal: 40894456 kB, SwapFree: 40861944 kB
INFO [2026-03-16 14:09:01] Memory: Total: 61649012 kB, Available: 49693988 kB, Active: 10948724 kB, SwapTotal: 40894456 kB, SwapFree: 40861944 kB
INFO [2026-03-16 14:09:01] Memory: Total: 61649012 kB, Available: 49693988 kB, Active: 10948724 kB, SwapTotal: 40894456 kB, SwapFree: 40861944 kB
INFO [2026-03-16 14:09:01] Memory: Total: 61649012 kB, Available: 49693988 kB, Active: 10948724 kB, SwapTotal: 40894456 kB, SwapFree: 40861944 kB
INFO [2026-03-16 14:09:01] Memory: Total: 61649012 kB, Available: 49694188 kB, Active: 10948720 kB, SwapTotal: 40894456 kB, SwapFree: 40861944 kB
INFO [2026-03-16 14:09:01] Memory: Total: 61649012 kB, Available: 49694188 kB, Active: 10948560 kB, SwapTotal: 40894456 kB, SwapFree: 40861944 kB
INFO [2026-03-16 14:09:01] Memory: Total: 61649012 kB, Available: 49694188 kB, Active: 10948884 kB, SwapTotal: 40894456 kB, SwapFree: 40861944 kB
INFO [2026-03-16 14:09:01] Memory: Total: 61649012 kB, Available: 49694188 kB, Active: 10948884 kB, SwapTotal: 40894456 kB, SwapFree: 40861944 kB
INFO [2026-03-16 14:09:02] Memory: Total: 61649012 kB, Available: 49693936 kB, Active: 10948636 kB, SwapTotal: 40894456 kB, SwapFree: 40861944 kB
INFO [2026-03-16 14:09:02] Memory: Total: 61649012 kB, Available: 49693936 kB, Active: 10948636 kB, SwapTotal: 40894456 kB, SwapFree: 40861944 kB
INFO [2026-03-16 14:09:02] Memory: Total: 61649012 kB, Available: 49693936 kB, Active: 10948636 kB, SwapTotal: 40894456 kB, SwapFree: 40861944 kB
INFO [2026-03-16 14:09:02] Memory: Total: 61649012 kB, Available: 49693936 kB, Active: 10948636 kB, SwapTotal: 40894456 kB, SwapFree: 40861944 kB
INFO [2026-03-16 14:09:02] Memory: Total: 61649012 kB, Available: 49693936 kB, Active: 10948760 kB, SwapTotal: 40894456 kB, SwapFree: 40861944 kB
INFO [2026-03-16 14:09:02] Memory: Total: 61649012 kB, Available: 49693936 kB, Active: 10949084 kB, SwapTotal: 40894456 kB, SwapFree: 40861944 kB
INFO [2026-03-16 14:09:02] Memory: Total: 61649012 kB, Available: 49693936 kB, Active: 10948812 kB, SwapTotal: 40894456 kB, SwapFree: 40861944 kB
INFO [2026-03-16 14:09:02] Memory: Total: 61649012 kB, Available: 49693936 kB, Active: 10948812 kB, SwapTotal: 40894456 kB, SwapFree: 40861944 kB
INFO [2026-03-16 14:09:02] Memory: Total: 61649012 kB, Available: 49693936 kB, Active: 10948812 kB, SwapTotal: 40894456 kB, SwapFree: 40861944 kB
INFO [2026-03-16 14:09:02] Memory: Total: 61649012 kB, Available: 49693936 kB, Active: 10948812 kB, SwapTotal: 40894456 kB, SwapFree: 40861944 kB
INFO [2026-03-16 14:09:02] Memory: Total: 61649012 kB, Available: 49693936 kB, Active: 10948812 kB, SwapTotal: 40894456 kB, SwapFree: 40861944 kB
INFO [2026-03-16 14:09:02] Memory: Total: 61649012 kB, Available: 49693936 kB, Active: 10948936 kB, SwapTotal: 40894456 kB, SwapFree: 40861944 kB
INFO [2026-03-16 14:09:02] Memory: Total: 61649012 kB, Available: 49693936 kB, Active: 10948936 kB, SwapTotal: 40894456 kB, SwapFree: 40861944 kB
INFO [2026-03-16 14:09:02] Memory: Total: 61649012 kB, Available: 49693936 kB, Active: 10949260 kB, SwapTotal: 40894456 kB, SwapFree: 40861944 kB
INFO [2026-03-16 14:09:02] Memory: Total: 61649012 kB, Available: 49693684 kB, Active: 10949160 kB, SwapTotal: 40894456 kB, SwapFree: 40861944 kB
INFO [2026-03-16 14:09:02] Memory: Total: 61649012 kB, Available: 49693684 kB, Active: 10949160 kB, SwapTotal: 40894456 kB, SwapFree: 40861944 kB
INFO [2026-03-16 14:09:02] Memory: Total: 61649012 kB, Available: 49764712 kB, Active: 10878900 kB, SwapTotal: 40894456 kB, SwapFree: 40861944 kB
INFO [2026-03-16 14:09:03] Memory: Total: 61649012 kB, Available: 50708240 kB, Active: 9937540 kB, SwapTotal: 40894456 kB, SwapFree: 40861944 kB
INFO [2026-03-16 14:09:03] Memory: Total: 61649012 kB, Available: 50708240 kB, Active: 9937664 kB, SwapTotal: 40894456 kB, SwapFree: 40861944 kB
INFO [2026-03-16 14:09:03] Memory: Total: 61649012 kB, Available: 50992676 kB, Active: 9654784 kB, SwapTotal: 40894456 kB, SwapFree: 40861944 kB
INFO [2026-03-16 14:09:03] Memory: Total: 61649012 kB, Available: 51371756 kB, Active: 9280240 kB, SwapTotal: 40894456 kB, SwapFree: 40861944 kB
INFO [2026-03-16 14:09:03] Memory: Total: 61649012 kB, Available: 51726416 kB, Active: 8926104 kB, SwapTotal: 40894456 kB, SwapFree: 40861944 kB
INFO [2026-03-16 14:09:03] Memory: Total: 61649012 kB, Available: 51726416 kB, Active: 8926104 kB, SwapTotal: 40894456 kB, SwapFree: 40861944 kB
INFO [2026-03-16 14:09:03] Memory: Total: 61649012 kB, Available: 51726416 kB, Active: 8926228 kB, SwapTotal: 40894456 kB, SwapFree: 40861944 kB
INFO [2026-03-16 14:09:03] Memory: Total: 61649012 kB, Available: 52353176 kB, Active: 8293076 kB, SwapTotal: 40894456 kB, SwapFree: 40861944 kB
INFO [2026-03-16 14:09:03] Memory: Total: 61649012 kB, Available: 54054824 kB, Active: 6587636 kB, SwapTotal: 40894456 kB, SwapFree: 40861944 kB
INFO [2026-03-16 14:09:03] Memory: Total: 61649012 kB, Available: 54756684 kB, Active: 5891700 kB, SwapTotal: 40894456 kB, SwapFree: 40861944 kB
INFO [2026-03-16 14:09:03] Memory: Total: 61649012 kB, Available: 54756684 kB, Active: 5891700 kB, SwapTotal: 40894456 kB, SwapFree: 40861944 kB
INFO [2026-03-16 14:09:03] Memory: Total: 61649012 kB, Available: 55771660 kB, Active: 4880040 kB, SwapTotal: 40894456 kB, SwapFree: 40861944 kB
INFO [2026-03-16 14:09:04] Memory: Total: 61649012 kB, Available: 57547736 kB, Active: 3112604 kB, SwapTotal: 40894456 kB, SwapFree: 40861944 kB
INFO [2026-03-16 14:09:04] Recombining results ...
