INFO [2026-03-16 14:01:06] Memory: Total: 61649012 kB, Available: 58905968 kB, Active: 1773732 kB, SwapTotal: 40894456 kB, SwapFree: 40861944 kB
INFO [2026-03-16 14:01:06] Processing missing values ...
INFO [2026-03-16 14:01:07] Figuring out comparisons to do ...
INFO [2026-03-16 14:01:07] Splitting up across compute ...
INFO [2026-03-16 14:01:07] Running correlations ...
INFO [2026-03-16 14:01:08] Memory: Total: 61649012 kB, Available: 58083888 kB, Active: 2569104 kB, SwapTotal: 40894456 kB, SwapFree: 40861944 kB
INFO [2026-03-16 14:01:08] Memory: Total: 61649012 kB, Available: 58076144 kB, Active: 2581092 kB, SwapTotal: 40894456 kB, SwapFree: 40861944 kB
INFO [2026-03-16 14:01:08] Memory: Total: 61649012 kB, Available: 58059704 kB, Active: 2597776 kB, SwapTotal: 40894456 kB, SwapFree: 40861944 kB
INFO [2026-03-16 14:01:08] Memory: Total: 61649012 kB, Available: 58043512 kB, Active: 2608868 kB, SwapTotal: 40894456 kB, SwapFree: 40861944 kB
INFO [2026-03-16 14:01:08] Memory: Total: 61649012 kB, Available: 58043512 kB, Active: 2609960 kB, SwapTotal: 40894456 kB, SwapFree: 40861944 kB
INFO [2026-03-16 14:01:08] Memory: Total: 61649012 kB, Available: 58043512 kB, Active: 2612588 kB, SwapTotal: 40894456 kB, SwapFree: 40861944 kB
INFO [2026-03-16 14:01:08] Memory: Total: 61649012 kB, Available: 58043512 kB, Active: 2612588 kB, SwapTotal: 40894456 kB, SwapFree: 40861944 kB
INFO [2026-03-16 14:01:08] Memory: Total: 61649012 kB, Available: 58043512 kB, Active: 2613364 kB, SwapTotal: 40894456 kB, SwapFree: 40861944 kB
INFO [2026-03-16 14:01:08] Memory: Total: 61649012 kB, Available: 58043512 kB, Active: 2613608 kB, SwapTotal: 40894456 kB, SwapFree: 40861944 kB
INFO [2026-03-16 14:01:08] Memory: Total: 61649012 kB, Available: 58043220 kB, Active: 2613964 kB, SwapTotal: 40894456 kB, SwapFree: 40861944 kB
INFO [2026-03-16 14:01:09] Memory: Total: 61649012 kB, Available: 58041872 kB, Active: 2615964 kB, SwapTotal: 40894456 kB, SwapFree: 40861944 kB
INFO [2026-03-16 14:01:09] Memory: Total: 61649012 kB, Available: 58040864 kB, Active: 2615804 kB, SwapTotal: 40894456 kB, SwapFree: 40861944 kB
INFO [2026-03-16 14:01:09] Memory: Total: 61649012 kB, Available: 58040864 kB, Active: 2615860 kB, SwapTotal: 40894456 kB, SwapFree: 40861944 kB
INFO [2026-03-16 14:01:09] Memory: Total: 61649012 kB, Available: 58040864 kB, Active: 2616112 kB, SwapTotal: 40894456 kB, SwapFree: 40861944 kB
INFO [2026-03-16 14:01:09] Memory: Total: 61649012 kB, Available: 58040864 kB, Active: 2616112 kB, SwapTotal: 40894456 kB, SwapFree: 40861944 kB
INFO [2026-03-16 14:01:09] Memory: Total: 61649012 kB, Available: 58017304 kB, Active: 2637240 kB, SwapTotal: 40894456 kB, SwapFree: 40861944 kB
INFO [2026-03-16 14:01:09] Memory: Total: 61649012 kB, Available: 58007224 kB, Active: 2652804 kB, SwapTotal: 40894456 kB, SwapFree: 40861944 kB
INFO [2026-03-16 14:01:09] Memory: Total: 61649012 kB, Available: 57978080 kB, Active: 2678248 kB, SwapTotal: 40894456 kB, SwapFree: 40861944 kB
INFO [2026-03-16 14:01:09] Memory: Total: 61649012 kB, Available: 57954152 kB, Active: 2696840 kB, SwapTotal: 40894456 kB, SwapFree: 40861944 kB
INFO [2026-03-16 14:01:09] Memory: Total: 61649012 kB, Available: 57954152 kB, Active: 2696964 kB, SwapTotal: 40894456 kB, SwapFree: 40861944 kB
INFO [2026-03-16 14:01:09] Memory: Total: 61649012 kB, Available: 57954152 kB, Active: 2698128 kB, SwapTotal: 40894456 kB, SwapFree: 40861944 kB
INFO [2026-03-16 14:01:09] Memory: Total: 61649012 kB, Available: 57953936 kB, Active: 2699212 kB, SwapTotal: 40894456 kB, SwapFree: 40861944 kB
INFO [2026-03-16 14:01:09] Memory: Total: 61649012 kB, Available: 57953936 kB, Active: 2699212 kB, SwapTotal: 40894456 kB, SwapFree: 40861944 kB
INFO [2026-03-16 14:01:09] Memory: Total: 61649012 kB, Available: 57953688 kB, Active: 2699248 kB, SwapTotal: 40894456 kB, SwapFree: 40861944 kB
INFO [2026-03-16 14:01:09] Memory: Total: 61649012 kB, Available: 57953688 kB, Active: 2699544 kB, SwapTotal: 40894456 kB, SwapFree: 40861944 kB
INFO [2026-03-16 14:01:10] Memory: Total: 61649012 kB, Available: 57953688 kB, Active: 2700412 kB, SwapTotal: 40894456 kB, SwapFree: 40861944 kB
INFO [2026-03-16 14:01:10] Memory: Total: 61649012 kB, Available: 57953688 kB, Active: 2700412 kB, SwapTotal: 40894456 kB, SwapFree: 40861944 kB
INFO [2026-03-16 14:01:10] Memory: Total: 61649012 kB, Available: 57953688 kB, Active: 2700412 kB, SwapTotal: 40894456 kB, SwapFree: 40861944 kB
INFO [2026-03-16 14:01:10] Memory: Total: 61649012 kB, Available: 57953688 kB, Active: 2700536 kB, SwapTotal: 40894456 kB, SwapFree: 40861944 kB
INFO [2026-03-16 14:01:10] Memory: Total: 61649012 kB, Available: 57953688 kB, Active: 2700660 kB, SwapTotal: 40894456 kB, SwapFree: 40861944 kB
INFO [2026-03-16 14:01:10] Memory: Total: 61649012 kB, Available: 57953688 kB, Active: 2701528 kB, SwapTotal: 40894456 kB, SwapFree: 40861944 kB
INFO [2026-03-16 14:01:10] Memory: Total: 61649012 kB, Available: 57953688 kB, Active: 2701652 kB, SwapTotal: 40894456 kB, SwapFree: 40861944 kB
INFO [2026-03-16 14:01:10] Memory: Total: 61649012 kB, Available: 57953688 kB, Active: 2701652 kB, SwapTotal: 40894456 kB, SwapFree: 40861944 kB
INFO [2026-03-16 14:01:10] Memory: Total: 61649012 kB, Available: 57953688 kB, Active: 2701652 kB, SwapTotal: 40894456 kB, SwapFree: 40861944 kB
INFO [2026-03-16 14:01:10] Memory: Total: 61649012 kB, Available: 57953688 kB, Active: 2701752 kB, SwapTotal: 40894456 kB, SwapFree: 40861944 kB
INFO [2026-03-16 14:01:11] Memory: Total: 61649012 kB, Available: 57953692 kB, Active: 2703808 kB, SwapTotal: 40894456 kB, SwapFree: 40861944 kB
INFO [2026-03-16 14:01:11] Memory: Total: 61649012 kB, Available: 57953692 kB, Active: 2703808 kB, SwapTotal: 40894456 kB, SwapFree: 40861944 kB
INFO [2026-03-16 14:01:11] Memory: Total: 61649012 kB, Available: 57953692 kB, Active: 2703808 kB, SwapTotal: 40894456 kB, SwapFree: 40861944 kB
INFO [2026-03-16 14:01:11] Memory: Total: 61649012 kB, Available: 57953692 kB, Active: 2703932 kB, SwapTotal: 40894456 kB, SwapFree: 40861944 kB
INFO [2026-03-16 14:01:11] Memory: Total: 61649012 kB, Available: 57953692 kB, Active: 2704056 kB, SwapTotal: 40894456 kB, SwapFree: 40861944 kB
INFO [2026-03-16 14:01:11] Memory: Total: 61649012 kB, Available: 57953440 kB, Active: 2704880 kB, SwapTotal: 40894456 kB, SwapFree: 40861944 kB
INFO [2026-03-16 14:01:11] Memory: Total: 61649012 kB, Available: 57953440 kB, Active: 2705348 kB, SwapTotal: 40894456 kB, SwapFree: 40861944 kB
INFO [2026-03-16 14:01:11] Memory: Total: 61649012 kB, Available: 57953440 kB, Active: 2705024 kB, SwapTotal: 40894456 kB, SwapFree: 40861944 kB
INFO [2026-03-16 14:01:11] Memory: Total: 61649012 kB, Available: 57953188 kB, Active: 2705644 kB, SwapTotal: 40894456 kB, SwapFree: 40861944 kB
INFO [2026-03-16 14:01:11] Memory: Total: 61649012 kB, Available: 57952684 kB, Active: 2705264 kB, SwapTotal: 40894456 kB, SwapFree: 40861944 kB
INFO [2026-03-16 14:01:11] Memory: Total: 61649012 kB, Available: 57951928 kB, Active: 2706132 kB, SwapTotal: 40894456 kB, SwapFree: 40861944 kB
INFO [2026-03-16 14:01:11] Memory: Total: 61649012 kB, Available: 57951928 kB, Active: 2706132 kB, SwapTotal: 40894456 kB, SwapFree: 40861944 kB
INFO [2026-03-16 14:01:11] Memory: Total: 61649012 kB, Available: 57951928 kB, Active: 2706132 kB, SwapTotal: 40894456 kB, SwapFree: 40861944 kB
INFO [2026-03-16 14:01:11] Memory: Total: 61649012 kB, Available: 57951928 kB, Active: 2706132 kB, SwapTotal: 40894456 kB, SwapFree: 40861944 kB
INFO [2026-03-16 14:01:11] Memory: Total: 61649012 kB, Available: 57951676 kB, Active: 2706260 kB, SwapTotal: 40894456 kB, SwapFree: 40861944 kB
INFO [2026-03-16 14:01:12] Memory: Total: 61649012 kB, Available: 57950920 kB, Active: 2707856 kB, SwapTotal: 40894456 kB, SwapFree: 40861944 kB
INFO [2026-03-16 14:01:12] Memory: Total: 61649012 kB, Available: 57950920 kB, Active: 2707856 kB, SwapTotal: 40894456 kB, SwapFree: 40861944 kB
INFO [2026-03-16 14:01:12] Memory: Total: 61649012 kB, Available: 57950920 kB, Active: 2707856 kB, SwapTotal: 40894456 kB, SwapFree: 40861944 kB
INFO [2026-03-16 14:01:12] Memory: Total: 61649012 kB, Available: 57950920 kB, Active: 2707856 kB, SwapTotal: 40894456 kB, SwapFree: 40861944 kB
INFO [2026-03-16 14:01:12] Memory: Total: 61649012 kB, Available: 57950920 kB, Active: 2707980 kB, SwapTotal: 40894456 kB, SwapFree: 40861944 kB
INFO [2026-03-16 14:01:12] Memory: Total: 61649012 kB, Available: 57949912 kB, Active: 2708848 kB, SwapTotal: 40894456 kB, SwapFree: 40861944 kB
INFO [2026-03-16 14:01:12] Memory: Total: 61649012 kB, Available: 57949912 kB, Active: 2708848 kB, SwapTotal: 40894456 kB, SwapFree: 40861944 kB
INFO [2026-03-16 14:01:12] Memory: Total: 61649012 kB, Available: 57949912 kB, Active: 2708848 kB, SwapTotal: 40894456 kB, SwapFree: 40861944 kB
INFO [2026-03-16 14:01:12] Memory: Total: 61649012 kB, Available: 57949912 kB, Active: 2708972 kB, SwapTotal: 40894456 kB, SwapFree: 40861944 kB
INFO [2026-03-16 14:01:12] Memory: Total: 61649012 kB, Available: 57947896 kB, Active: 2709096 kB, SwapTotal: 40894456 kB, SwapFree: 40861944 kB
INFO [2026-03-16 14:01:12] Memory: Total: 61649012 kB, Available: 57947648 kB, Active: 2711100 kB, SwapTotal: 40894456 kB, SwapFree: 40861944 kB
INFO [2026-03-16 14:01:12] Memory: Total: 61649012 kB, Available: 57947648 kB, Active: 2711156 kB, SwapTotal: 40894456 kB, SwapFree: 40861944 kB
INFO [2026-03-16 14:01:12] Memory: Total: 61649012 kB, Available: 57947648 kB, Active: 2711156 kB, SwapTotal: 40894456 kB, SwapFree: 40861944 kB
INFO [2026-03-16 14:01:12] Memory: Total: 61649012 kB, Available: 57947648 kB, Active: 2711224 kB, SwapTotal: 40894456 kB, SwapFree: 40861944 kB
INFO [2026-03-16 14:01:12] Memory: Total: 61649012 kB, Available: 57947648 kB, Active: 2711348 kB, SwapTotal: 40894456 kB, SwapFree: 40861944 kB
INFO [2026-03-16 14:01:14] Memory: Total: 61649012 kB, Available: 54063608 kB, Active: 6581372 kB, SwapTotal: 40894456 kB, SwapFree: 40861944 kB
INFO [2026-03-16 14:01:14] Memory: Total: 61649012 kB, Available: 54063608 kB, Active: 6581372 kB, SwapTotal: 40894456 kB, SwapFree: 40861944 kB
INFO [2026-03-16 14:01:14] Memory: Total: 61649012 kB, Available: 54063608 kB, Active: 6581372 kB, SwapTotal: 40894456 kB, SwapFree: 40861944 kB
INFO [2026-03-16 14:01:14] Memory: Total: 61649012 kB, Available: 54063608 kB, Active: 6581372 kB, SwapTotal: 40894456 kB, SwapFree: 40861944 kB
INFO [2026-03-16 14:01:14] Memory: Total: 61649012 kB, Available: 54063608 kB, Active: 6581740 kB, SwapTotal: 40894456 kB, SwapFree: 40861944 kB
INFO [2026-03-16 14:01:14] Memory: Total: 61649012 kB, Available: 53794056 kB, Active: 6856964 kB, SwapTotal: 40894456 kB, SwapFree: 40861944 kB
INFO [2026-03-16 14:01:14] Memory: Total: 61649012 kB, Available: 53794056 kB, Active: 6856964 kB, SwapTotal: 40894456 kB, SwapFree: 40861944 kB
INFO [2026-03-16 14:01:14] Memory: Total: 61649012 kB, Available: 53794056 kB, Active: 6856968 kB, SwapTotal: 40894456 kB, SwapFree: 40861944 kB
INFO [2026-03-16 14:01:14] Memory: Total: 61649012 kB, Available: 53794056 kB, Active: 6857292 kB, SwapTotal: 40894456 kB, SwapFree: 40861944 kB
INFO [2026-03-16 14:01:14] Memory: Total: 61649012 kB, Available: 53793680 kB, Active: 6858064 kB, SwapTotal: 40894456 kB, SwapFree: 40861944 kB
INFO [2026-03-16 14:01:15] Memory: Total: 61649012 kB, Available: 53793680 kB, Active: 6858064 kB, SwapTotal: 40894456 kB, SwapFree: 40861944 kB
INFO [2026-03-16 14:01:15] Memory: Total: 61649012 kB, Available: 53793680 kB, Active: 6858064 kB, SwapTotal: 40894456 kB, SwapFree: 40861944 kB
INFO [2026-03-16 14:01:15] Memory: Total: 61649012 kB, Available: 53793680 kB, Active: 6858104 kB, SwapTotal: 40894456 kB, SwapFree: 40861944 kB
INFO [2026-03-16 14:01:15] Memory: Total: 61649012 kB, Available: 53793680 kB, Active: 6858104 kB, SwapTotal: 40894456 kB, SwapFree: 40861944 kB
INFO [2026-03-16 14:01:15] Memory: Total: 61649012 kB, Available: 53793680 kB, Active: 6858104 kB, SwapTotal: 40894456 kB, SwapFree: 40861944 kB
INFO [2026-03-16 14:01:15] Memory: Total: 61649012 kB, Available: 53793680 kB, Active: 6858108 kB, SwapTotal: 40894456 kB, SwapFree: 40861944 kB
INFO [2026-03-16 14:01:15] Memory: Total: 61649012 kB, Available: 53793680 kB, Active: 6858108 kB, SwapTotal: 40894456 kB, SwapFree: 40861944 kB
INFO [2026-03-16 14:01:15] Memory: Total: 61649012 kB, Available: 53793680 kB, Active: 6858108 kB, SwapTotal: 40894456 kB, SwapFree: 40861944 kB
INFO [2026-03-16 14:01:15] Memory: Total: 61649012 kB, Available: 53793680 kB, Active: 6858108 kB, SwapTotal: 40894456 kB, SwapFree: 40861944 kB
INFO [2026-03-16 14:01:15] Memory: Total: 61649012 kB, Available: 53793680 kB, Active: 6858108 kB, SwapTotal: 40894456 kB, SwapFree: 40861944 kB
INFO [2026-03-16 14:01:15] Memory: Total: 61649012 kB, Available: 53793684 kB, Active: 6858500 kB, SwapTotal: 40894456 kB, SwapFree: 40861944 kB
INFO [2026-03-16 14:01:15] Memory: Total: 61649012 kB, Available: 53793684 kB, Active: 6858504 kB, SwapTotal: 40894456 kB, SwapFree: 40861944 kB
INFO [2026-03-16 14:01:15] Memory: Total: 61649012 kB, Available: 53793684 kB, Active: 6858504 kB, SwapTotal: 40894456 kB, SwapFree: 40861944 kB
INFO [2026-03-16 14:01:15] Memory: Total: 61649012 kB, Available: 53793684 kB, Active: 6858504 kB, SwapTotal: 40894456 kB, SwapFree: 40861944 kB
INFO [2026-03-16 14:01:15] Memory: Total: 61649012 kB, Available: 53793684 kB, Active: 6858504 kB, SwapTotal: 40894456 kB, SwapFree: 40861944 kB
INFO [2026-03-16 14:01:16] Memory: Total: 61649012 kB, Available: 53793684 kB, Active: 6858616 kB, SwapTotal: 40894456 kB, SwapFree: 40861944 kB
INFO [2026-03-16 14:01:16] Memory: Total: 61649012 kB, Available: 53793684 kB, Active: 6858616 kB, SwapTotal: 40894456 kB, SwapFree: 40861944 kB
INFO [2026-03-16 14:01:16] Memory: Total: 61649012 kB, Available: 53793684 kB, Active: 6858616 kB, SwapTotal: 40894456 kB, SwapFree: 40861944 kB
INFO [2026-03-16 14:01:16] Memory: Total: 61649012 kB, Available: 53793684 kB, Active: 6858616 kB, SwapTotal: 40894456 kB, SwapFree: 40861944 kB
INFO [2026-03-16 14:01:16] Memory: Total: 61649012 kB, Available: 53793684 kB, Active: 6858616 kB, SwapTotal: 40894456 kB, SwapFree: 40861944 kB
INFO [2026-03-16 14:01:16] Memory: Total: 61649012 kB, Available: 53793684 kB, Active: 6858620 kB, SwapTotal: 40894456 kB, SwapFree: 40861944 kB
INFO [2026-03-16 14:01:16] Memory: Total: 61649012 kB, Available: 53793684 kB, Active: 6858620 kB, SwapTotal: 40894456 kB, SwapFree: 40861944 kB
INFO [2026-03-16 14:01:16] Memory: Total: 61649012 kB, Available: 53793684 kB, Active: 6858628 kB, SwapTotal: 40894456 kB, SwapFree: 40861944 kB
INFO [2026-03-16 14:01:16] Memory: Total: 61649012 kB, Available: 53793684 kB, Active: 6858628 kB, SwapTotal: 40894456 kB, SwapFree: 40861944 kB
INFO [2026-03-16 14:01:16] Memory: Total: 61649012 kB, Available: 53793684 kB, Active: 6858628 kB, SwapTotal: 40894456 kB, SwapFree: 40861944 kB
INFO [2026-03-16 14:01:17] Memory: Total: 61649012 kB, Available: 53793684 kB, Active: 6858760 kB, SwapTotal: 40894456 kB, SwapFree: 40861944 kB
INFO [2026-03-16 14:01:17] Memory: Total: 61649012 kB, Available: 53793684 kB, Active: 6858704 kB, SwapTotal: 40894456 kB, SwapFree: 40861944 kB
INFO [2026-03-16 14:01:17] Memory: Total: 61649012 kB, Available: 53793684 kB, Active: 6858704 kB, SwapTotal: 40894456 kB, SwapFree: 40861944 kB
INFO [2026-03-16 14:01:17] Memory: Total: 61649012 kB, Available: 53793684 kB, Active: 6858704 kB, SwapTotal: 40894456 kB, SwapFree: 40861944 kB
INFO [2026-03-16 14:01:17] Memory: Total: 61649012 kB, Available: 53793684 kB, Active: 6858704 kB, SwapTotal: 40894456 kB, SwapFree: 40861944 kB
INFO [2026-03-16 14:01:17] Memory: Total: 61649012 kB, Available: 53793684 kB, Active: 6858704 kB, SwapTotal: 40894456 kB, SwapFree: 40861944 kB
INFO [2026-03-16 14:01:17] Memory: Total: 61649012 kB, Available: 53793684 kB, Active: 6858704 kB, SwapTotal: 40894456 kB, SwapFree: 40861944 kB
INFO [2026-03-16 14:01:17] Memory: Total: 61649012 kB, Available: 53793684 kB, Active: 6858704 kB, SwapTotal: 40894456 kB, SwapFree: 40861944 kB
INFO [2026-03-16 14:01:17] Memory: Total: 61649012 kB, Available: 53793684 kB, Active: 6858704 kB, SwapTotal: 40894456 kB, SwapFree: 40861944 kB
INFO [2026-03-16 14:01:17] Memory: Total: 61649012 kB, Available: 53793684 kB, Active: 6858704 kB, SwapTotal: 40894456 kB, SwapFree: 40861944 kB
INFO [2026-03-16 14:01:17] Memory: Total: 61649012 kB, Available: 53793684 kB, Active: 6858704 kB, SwapTotal: 40894456 kB, SwapFree: 40861944 kB
INFO [2026-03-16 14:01:17] Memory: Total: 61649012 kB, Available: 53793684 kB, Active: 6858704 kB, SwapTotal: 40894456 kB, SwapFree: 40861944 kB
INFO [2026-03-16 14:01:17] Memory: Total: 61649012 kB, Available: 53793684 kB, Active: 6858704 kB, SwapTotal: 40894456 kB, SwapFree: 40861944 kB
INFO [2026-03-16 14:01:17] Memory: Total: 61649012 kB, Available: 53793688 kB, Active: 6859060 kB, SwapTotal: 40894456 kB, SwapFree: 40861944 kB
INFO [2026-03-16 14:01:17] Memory: Total: 61649012 kB, Available: 53793688 kB, Active: 6859060 kB, SwapTotal: 40894456 kB, SwapFree: 40861944 kB
INFO [2026-03-16 14:01:18] Memory: Total: 61649012 kB, Available: 53793688 kB, Active: 6859060 kB, SwapTotal: 40894456 kB, SwapFree: 40861944 kB
INFO [2026-03-16 14:01:18] Memory: Total: 61649012 kB, Available: 53793688 kB, Active: 6859060 kB, SwapTotal: 40894456 kB, SwapFree: 40861944 kB
INFO [2026-03-16 14:01:18] Memory: Total: 61649012 kB, Available: 53793688 kB, Active: 6859060 kB, SwapTotal: 40894456 kB, SwapFree: 40861944 kB
INFO [2026-03-16 14:01:18] Memory: Total: 61649012 kB, Available: 53793688 kB, Active: 6859060 kB, SwapTotal: 40894456 kB, SwapFree: 40861944 kB
INFO [2026-03-16 14:01:18] Memory: Total: 61649012 kB, Available: 53793688 kB, Active: 6859060 kB, SwapTotal: 40894456 kB, SwapFree: 40861944 kB
INFO [2026-03-16 14:01:18] Memory: Total: 61649012 kB, Available: 53793688 kB, Active: 6859060 kB, SwapTotal: 40894456 kB, SwapFree: 40861944 kB
INFO [2026-03-16 14:01:18] Memory: Total: 61649012 kB, Available: 53793688 kB, Active: 6859060 kB, SwapTotal: 40894456 kB, SwapFree: 40861944 kB
INFO [2026-03-16 14:01:18] Memory: Total: 61649012 kB, Available: 53793688 kB, Active: 6859060 kB, SwapTotal: 40894456 kB, SwapFree: 40861944 kB
INFO [2026-03-16 14:01:18] Memory: Total: 61649012 kB, Available: 53793688 kB, Active: 6859060 kB, SwapTotal: 40894456 kB, SwapFree: 40861944 kB
INFO [2026-03-16 14:01:18] Memory: Total: 61649012 kB, Available: 53793688 kB, Active: 6859060 kB, SwapTotal: 40894456 kB, SwapFree: 40861944 kB
INFO [2026-03-16 14:01:18] Memory: Total: 61649012 kB, Available: 53793688 kB, Active: 6859060 kB, SwapTotal: 40894456 kB, SwapFree: 40861944 kB
INFO [2026-03-16 14:01:18] Memory: Total: 61649012 kB, Available: 53793688 kB, Active: 6859060 kB, SwapTotal: 40894456 kB, SwapFree: 40861944 kB
INFO [2026-03-16 14:01:19] Memory: Total: 61649012 kB, Available: 53793688 kB, Active: 6859060 kB, SwapTotal: 40894456 kB, SwapFree: 40861944 kB
INFO [2026-03-16 14:01:19] Memory: Total: 61649012 kB, Available: 53793688 kB, Active: 6859060 kB, SwapTotal: 40894456 kB, SwapFree: 40861944 kB
INFO [2026-03-16 14:01:19] Memory: Total: 61649012 kB, Available: 53793688 kB, Active: 6859060 kB, SwapTotal: 40894456 kB, SwapFree: 40861944 kB
INFO [2026-03-16 14:01:19] Memory: Total: 61649012 kB, Available: 53793688 kB, Active: 6859060 kB, SwapTotal: 40894456 kB, SwapFree: 40861944 kB
INFO [2026-03-16 14:01:19] Memory: Total: 61649012 kB, Available: 53793688 kB, Active: 6859060 kB, SwapTotal: 40894456 kB, SwapFree: 40861944 kB
INFO [2026-03-16 14:01:19] Memory: Total: 61649012 kB, Available: 53793688 kB, Active: 6859060 kB, SwapTotal: 40894456 kB, SwapFree: 40861944 kB
INFO [2026-03-16 14:01:19] Memory: Total: 61649012 kB, Available: 53793688 kB, Active: 6859060 kB, SwapTotal: 40894456 kB, SwapFree: 40861944 kB
INFO [2026-03-16 14:01:19] Memory: Total: 61649012 kB, Available: 53793688 kB, Active: 6859060 kB, SwapTotal: 40894456 kB, SwapFree: 40861944 kB
INFO [2026-03-16 14:01:19] Memory: Total: 61649012 kB, Available: 53793688 kB, Active: 6859060 kB, SwapTotal: 40894456 kB, SwapFree: 40861944 kB
INFO [2026-03-16 14:01:19] Memory: Total: 61649012 kB, Available: 53793688 kB, Active: 6859060 kB, SwapTotal: 40894456 kB, SwapFree: 40861944 kB
INFO [2026-03-16 14:01:19] Memory: Total: 61649012 kB, Available: 53793688 kB, Active: 6859060 kB, SwapTotal: 40894456 kB, SwapFree: 40861944 kB
INFO [2026-03-16 14:01:19] Memory: Total: 61649012 kB, Available: 53793688 kB, Active: 6859060 kB, SwapTotal: 40894456 kB, SwapFree: 40861944 kB
INFO [2026-03-16 14:01:19] Memory: Total: 61649012 kB, Available: 53793688 kB, Active: 6859064 kB, SwapTotal: 40894456 kB, SwapFree: 40861944 kB
INFO [2026-03-16 14:01:20] Memory: Total: 61649012 kB, Available: 53793692 kB, Active: 6859332 kB, SwapTotal: 40894456 kB, SwapFree: 40861944 kB
INFO [2026-03-16 14:01:20] Memory: Total: 61649012 kB, Available: 53793692 kB, Active: 6859332 kB, SwapTotal: 40894456 kB, SwapFree: 40861944 kB
INFO [2026-03-16 14:01:20] Memory: Total: 61649012 kB, Available: 53793692 kB, Active: 6859332 kB, SwapTotal: 40894456 kB, SwapFree: 40861944 kB
INFO [2026-03-16 14:01:20] Memory: Total: 61649012 kB, Available: 53793692 kB, Active: 6859332 kB, SwapTotal: 40894456 kB, SwapFree: 40861944 kB
INFO [2026-03-16 14:01:20] Memory: Total: 61649012 kB, Available: 53793692 kB, Active: 6859332 kB, SwapTotal: 40894456 kB, SwapFree: 40861944 kB
INFO [2026-03-16 14:01:20] Memory: Total: 61649012 kB, Available: 53793692 kB, Active: 6859332 kB, SwapTotal: 40894456 kB, SwapFree: 40861944 kB
INFO [2026-03-16 14:01:20] Memory: Total: 61649012 kB, Available: 53793692 kB, Active: 6859332 kB, SwapTotal: 40894456 kB, SwapFree: 40861944 kB
INFO [2026-03-16 14:01:20] Memory: Total: 61649012 kB, Available: 53793692 kB, Active: 6859332 kB, SwapTotal: 40894456 kB, SwapFree: 40861944 kB
INFO [2026-03-16 14:01:20] Memory: Total: 61649012 kB, Available: 53793692 kB, Active: 6859332 kB, SwapTotal: 40894456 kB, SwapFree: 40861944 kB
INFO [2026-03-16 14:01:20] Memory: Total: 61649012 kB, Available: 53793692 kB, Active: 6859336 kB, SwapTotal: 40894456 kB, SwapFree: 40861944 kB
INFO [2026-03-16 14:01:20] Memory: Total: 61649012 kB, Available: 53793692 kB, Active: 6859336 kB, SwapTotal: 40894456 kB, SwapFree: 40861944 kB
INFO [2026-03-16 14:01:20] Memory: Total: 61649012 kB, Available: 53793692 kB, Active: 6859744 kB, SwapTotal: 40894456 kB, SwapFree: 40861944 kB
INFO [2026-03-16 14:01:20] Memory: Total: 61649012 kB, Available: 53793440 kB, Active: 6859492 kB, SwapTotal: 40894456 kB, SwapFree: 40861944 kB
INFO [2026-03-16 14:01:20] Memory: Total: 61649012 kB, Available: 53793440 kB, Active: 6859492 kB, SwapTotal: 40894456 kB, SwapFree: 40861944 kB
INFO [2026-03-16 14:01:21] Memory: Total: 61649012 kB, Available: 53793440 kB, Active: 6859492 kB, SwapTotal: 40894456 kB, SwapFree: 40861944 kB
INFO [2026-03-16 14:01:21] Memory: Total: 61649012 kB, Available: 53793440 kB, Active: 6859492 kB, SwapTotal: 40894456 kB, SwapFree: 40861944 kB
INFO [2026-03-16 14:01:21] Memory: Total: 61649012 kB, Available: 53793440 kB, Active: 6859492 kB, SwapTotal: 40894456 kB, SwapFree: 40861944 kB
INFO [2026-03-16 14:01:21] Memory: Total: 61649012 kB, Available: 53793440 kB, Active: 6859492 kB, SwapTotal: 40894456 kB, SwapFree: 40861944 kB
INFO [2026-03-16 14:01:21] Memory: Total: 61649012 kB, Available: 53793440 kB, Active: 6859492 kB, SwapTotal: 40894456 kB, SwapFree: 40861944 kB
INFO [2026-03-16 14:01:21] Memory: Total: 61649012 kB, Available: 53793440 kB, Active: 6859492 kB, SwapTotal: 40894456 kB, SwapFree: 40861944 kB
INFO [2026-03-16 14:01:21] Memory: Total: 61649012 kB, Available: 53793440 kB, Active: 6859492 kB, SwapTotal: 40894456 kB, SwapFree: 40861944 kB
INFO [2026-03-16 14:01:21] Memory: Total: 61649012 kB, Available: 53793440 kB, Active: 6859492 kB, SwapTotal: 40894456 kB, SwapFree: 40861944 kB
INFO [2026-03-16 14:01:21] Memory: Total: 61649012 kB, Available: 53793440 kB, Active: 6859492 kB, SwapTotal: 40894456 kB, SwapFree: 40861944 kB
INFO [2026-03-16 14:01:21] Memory: Total: 61649012 kB, Available: 53793440 kB, Active: 6859492 kB, SwapTotal: 40894456 kB, SwapFree: 40861944 kB
INFO [2026-03-16 14:01:21] Memory: Total: 61649012 kB, Available: 53793440 kB, Active: 6859492 kB, SwapTotal: 40894456 kB, SwapFree: 40861944 kB
INFO [2026-03-16 14:01:22] Memory: Total: 61649012 kB, Available: 53793440 kB, Active: 6859564 kB, SwapTotal: 40894456 kB, SwapFree: 40861944 kB
INFO [2026-03-16 14:01:22] Memory: Total: 61649012 kB, Available: 53793440 kB, Active: 6859564 kB, SwapTotal: 40894456 kB, SwapFree: 40861944 kB
INFO [2026-03-16 14:01:22] Memory: Total: 61649012 kB, Available: 53793440 kB, Active: 6859564 kB, SwapTotal: 40894456 kB, SwapFree: 40861944 kB
INFO [2026-03-16 14:01:22] Memory: Total: 61649012 kB, Available: 53793440 kB, Active: 6859564 kB, SwapTotal: 40894456 kB, SwapFree: 40861944 kB
INFO [2026-03-16 14:01:22] Memory: Total: 61649012 kB, Available: 53793440 kB, Active: 6859564 kB, SwapTotal: 40894456 kB, SwapFree: 40861944 kB
INFO [2026-03-16 14:01:22] Memory: Total: 61649012 kB, Available: 53793440 kB, Active: 6859564 kB, SwapTotal: 40894456 kB, SwapFree: 40861944 kB
INFO [2026-03-16 14:01:22] Memory: Total: 61649012 kB, Available: 53793440 kB, Active: 6859564 kB, SwapTotal: 40894456 kB, SwapFree: 40861944 kB
INFO [2026-03-16 14:01:22] Memory: Total: 61649012 kB, Available: 53793440 kB, Active: 6859564 kB, SwapTotal: 40894456 kB, SwapFree: 40861944 kB
INFO [2026-03-16 14:01:22] Memory: Total: 61649012 kB, Available: 53793440 kB, Active: 6859564 kB, SwapTotal: 40894456 kB, SwapFree: 40861944 kB
INFO [2026-03-16 14:01:22] Memory: Total: 61649012 kB, Available: 53793440 kB, Active: 6859564 kB, SwapTotal: 40894456 kB, SwapFree: 40861944 kB
INFO [2026-03-16 14:01:22] Memory: Total: 61649012 kB, Available: 53793440 kB, Active: 6859564 kB, SwapTotal: 40894456 kB, SwapFree: 40861944 kB
INFO [2026-03-16 14:01:22] Memory: Total: 61649012 kB, Available: 53793440 kB, Active: 6859564 kB, SwapTotal: 40894456 kB, SwapFree: 40861944 kB
INFO [2026-03-16 14:01:22] Memory: Total: 61649012 kB, Available: 53793440 kB, Active: 6859564 kB, SwapTotal: 40894456 kB, SwapFree: 40861944 kB
INFO [2026-03-16 14:01:22] Memory: Total: 61649012 kB, Available: 53793444 kB, Active: 6859564 kB, SwapTotal: 40894456 kB, SwapFree: 40861944 kB
INFO [2026-03-16 14:01:22] Memory: Total: 61649012 kB, Available: 53793444 kB, Active: 6859564 kB, SwapTotal: 40894456 kB, SwapFree: 40861944 kB
INFO [2026-03-16 14:01:23] Memory: Total: 61649012 kB, Available: 53793444 kB, Active: 6859564 kB, SwapTotal: 40894456 kB, SwapFree: 40861944 kB
INFO [2026-03-16 14:01:23] Memory: Total: 61649012 kB, Available: 53793444 kB, Active: 6859564 kB, SwapTotal: 40894456 kB, SwapFree: 40861944 kB
INFO [2026-03-16 14:01:23] Memory: Total: 61649012 kB, Available: 53793444 kB, Active: 6859564 kB, SwapTotal: 40894456 kB, SwapFree: 40861944 kB
INFO [2026-03-16 14:01:23] Memory: Total: 61649012 kB, Available: 53793444 kB, Active: 6859564 kB, SwapTotal: 40894456 kB, SwapFree: 40861944 kB
INFO [2026-03-16 14:01:23] Memory: Total: 61649012 kB, Available: 53793444 kB, Active: 6859564 kB, SwapTotal: 40894456 kB, SwapFree: 40861944 kB
INFO [2026-03-16 14:01:23] Memory: Total: 61649012 kB, Available: 53793444 kB, Active: 6859564 kB, SwapTotal: 40894456 kB, SwapFree: 40861944 kB
INFO [2026-03-16 14:01:23] Memory: Total: 61649012 kB, Available: 53793444 kB, Active: 6859564 kB, SwapTotal: 40894456 kB, SwapFree: 40861944 kB
INFO [2026-03-16 14:01:23] Memory: Total: 61649012 kB, Available: 53793444 kB, Active: 6859564 kB, SwapTotal: 40894456 kB, SwapFree: 40861944 kB
INFO [2026-03-16 14:01:23] Memory: Total: 61649012 kB, Available: 53793444 kB, Active: 6859564 kB, SwapTotal: 40894456 kB, SwapFree: 40861944 kB
INFO [2026-03-16 14:01:23] Memory: Total: 61649012 kB, Available: 53793444 kB, Active: 6859564 kB, SwapTotal: 40894456 kB, SwapFree: 40861944 kB
INFO [2026-03-16 14:01:23] Memory: Total: 61649012 kB, Available: 53793444 kB, Active: 6859564 kB, SwapTotal: 40894456 kB, SwapFree: 40861944 kB
INFO [2026-03-16 14:01:23] Memory: Total: 61649012 kB, Available: 53793444 kB, Active: 6859564 kB, SwapTotal: 40894456 kB, SwapFree: 40861944 kB
INFO [2026-03-16 14:01:24] Memory: Total: 61649012 kB, Available: 53793444 kB, Active: 6859564 kB, SwapTotal: 40894456 kB, SwapFree: 40861944 kB
INFO [2026-03-16 14:01:24] Memory: Total: 61649012 kB, Available: 53793444 kB, Active: 6859564 kB, SwapTotal: 40894456 kB, SwapFree: 40861944 kB
INFO [2026-03-16 14:01:24] Memory: Total: 61649012 kB, Available: 53793444 kB, Active: 6859688 kB, SwapTotal: 40894456 kB, SwapFree: 40861944 kB
INFO [2026-03-16 14:01:24] Memory: Total: 61649012 kB, Available: 53793444 kB, Active: 6859688 kB, SwapTotal: 40894456 kB, SwapFree: 40861944 kB
INFO [2026-03-16 14:01:24] Memory: Total: 61649012 kB, Available: 53793444 kB, Active: 6859688 kB, SwapTotal: 40894456 kB, SwapFree: 40861944 kB
INFO [2026-03-16 14:01:24] Memory: Total: 61649012 kB, Available: 53793444 kB, Active: 6859688 kB, SwapTotal: 40894456 kB, SwapFree: 40861944 kB
INFO [2026-03-16 14:01:24] Memory: Total: 61649012 kB, Available: 53793444 kB, Active: 6859688 kB, SwapTotal: 40894456 kB, SwapFree: 40861944 kB
INFO [2026-03-16 14:01:24] Memory: Total: 61649012 kB, Available: 53793444 kB, Active: 6859688 kB, SwapTotal: 40894456 kB, SwapFree: 40861944 kB
INFO [2026-03-16 14:01:24] Memory: Total: 61649012 kB, Available: 53793444 kB, Active: 6859688 kB, SwapTotal: 40894456 kB, SwapFree: 40861944 kB
INFO [2026-03-16 14:01:24] Memory: Total: 61649012 kB, Available: 53793444 kB, Active: 6859688 kB, SwapTotal: 40894456 kB, SwapFree: 40861944 kB
INFO [2026-03-16 14:01:24] Memory: Total: 61649012 kB, Available: 53793444 kB, Active: 6859688 kB, SwapTotal: 40894456 kB, SwapFree: 40861944 kB
INFO [2026-03-16 14:01:24] Memory: Total: 61649012 kB, Available: 53793444 kB, Active: 6859688 kB, SwapTotal: 40894456 kB, SwapFree: 40861944 kB
INFO [2026-03-16 14:01:24] Memory: Total: 61649012 kB, Available: 53793444 kB, Active: 6859692 kB, SwapTotal: 40894456 kB, SwapFree: 40861944 kB
INFO [2026-03-16 14:01:25] Memory: Total: 61649012 kB, Available: 53793088 kB, Active: 6859692 kB, SwapTotal: 40894456 kB, SwapFree: 40861944 kB
INFO [2026-03-16 14:01:25] Memory: Total: 61649012 kB, Available: 53793088 kB, Active: 6859692 kB, SwapTotal: 40894456 kB, SwapFree: 40861944 kB
INFO [2026-03-16 14:01:25] Memory: Total: 61649012 kB, Available: 53793088 kB, Active: 6859692 kB, SwapTotal: 40894456 kB, SwapFree: 40861944 kB
INFO [2026-03-16 14:01:25] Memory: Total: 61649012 kB, Available: 53793088 kB, Active: 6859692 kB, SwapTotal: 40894456 kB, SwapFree: 40861944 kB
INFO [2026-03-16 14:01:25] Memory: Total: 61649012 kB, Available: 53793088 kB, Active: 6859692 kB, SwapTotal: 40894456 kB, SwapFree: 40861944 kB
INFO [2026-03-16 14:01:25] Memory: Total: 61649012 kB, Available: 53793088 kB, Active: 6859692 kB, SwapTotal: 40894456 kB, SwapFree: 40861944 kB
INFO [2026-03-16 14:01:25] Memory: Total: 61649012 kB, Available: 53793088 kB, Active: 6859692 kB, SwapTotal: 40894456 kB, SwapFree: 40861944 kB
INFO [2026-03-16 14:01:25] Memory: Total: 61649012 kB, Available: 53793088 kB, Active: 6859692 kB, SwapTotal: 40894456 kB, SwapFree: 40861944 kB
INFO [2026-03-16 14:01:25] Memory: Total: 61649012 kB, Available: 53793088 kB, Active: 6859692 kB, SwapTotal: 40894456 kB, SwapFree: 40861944 kB
INFO [2026-03-16 14:01:25] Memory: Total: 61649012 kB, Available: 53793088 kB, Active: 6859692 kB, SwapTotal: 40894456 kB, SwapFree: 40861944 kB
INFO [2026-03-16 14:01:25] Memory: Total: 61649012 kB, Available: 53793196 kB, Active: 6860208 kB, SwapTotal: 40894456 kB, SwapFree: 40861944 kB
INFO [2026-03-16 14:01:25] Memory: Total: 61649012 kB, Available: 53793196 kB, Active: 6859924 kB, SwapTotal: 40894456 kB, SwapFree: 40861944 kB
INFO [2026-03-16 14:01:25] Memory: Total: 61649012 kB, Available: 53793196 kB, Active: 6859924 kB, SwapTotal: 40894456 kB, SwapFree: 40861944 kB
INFO [2026-03-16 14:01:25] Memory: Total: 61649012 kB, Available: 53793196 kB, Active: 6859924 kB, SwapTotal: 40894456 kB, SwapFree: 40861944 kB
INFO [2026-03-16 14:01:26] Memory: Total: 61649012 kB, Available: 53793196 kB, Active: 6859924 kB, SwapTotal: 40894456 kB, SwapFree: 40861944 kB
INFO [2026-03-16 14:01:26] Memory: Total: 61649012 kB, Available: 53793196 kB, Active: 6860248 kB, SwapTotal: 40894456 kB, SwapFree: 40861944 kB
INFO [2026-03-16 14:01:26] Memory: Total: 61649012 kB, Available: 53793196 kB, Active: 6859940 kB, SwapTotal: 40894456 kB, SwapFree: 40861944 kB
INFO [2026-03-16 14:01:26] Memory: Total: 61649012 kB, Available: 53793196 kB, Active: 6859940 kB, SwapTotal: 40894456 kB, SwapFree: 40861944 kB
INFO [2026-03-16 14:01:26] Memory: Total: 61649012 kB, Available: 53793196 kB, Active: 6859940 kB, SwapTotal: 40894456 kB, SwapFree: 40861944 kB
INFO [2026-03-16 14:01:26] Memory: Total: 61649012 kB, Available: 53793196 kB, Active: 6859940 kB, SwapTotal: 40894456 kB, SwapFree: 40861944 kB
INFO [2026-03-16 14:01:26] Memory: Total: 61649012 kB, Available: 53793196 kB, Active: 6859940 kB, SwapTotal: 40894456 kB, SwapFree: 40861944 kB
INFO [2026-03-16 14:01:26] Memory: Total: 61649012 kB, Available: 53793196 kB, Active: 6859940 kB, SwapTotal: 40894456 kB, SwapFree: 40861944 kB
INFO [2026-03-16 14:01:26] Memory: Total: 61649012 kB, Available: 53793196 kB, Active: 6859940 kB, SwapTotal: 40894456 kB, SwapFree: 40861944 kB
INFO [2026-03-16 14:01:26] Memory: Total: 61649012 kB, Available: 53793196 kB, Active: 6859940 kB, SwapTotal: 40894456 kB, SwapFree: 40861944 kB
INFO [2026-03-16 14:01:26] Memory: Total: 61649012 kB, Available: 53793196 kB, Active: 6859940 kB, SwapTotal: 40894456 kB, SwapFree: 40861944 kB
INFO [2026-03-16 14:01:27] Memory: Total: 61649012 kB, Available: 53793200 kB, Active: 6860068 kB, SwapTotal: 40894456 kB, SwapFree: 40861944 kB
INFO [2026-03-16 14:01:27] Memory: Total: 61649012 kB, Available: 53793200 kB, Active: 6860068 kB, SwapTotal: 40894456 kB, SwapFree: 40861944 kB
INFO [2026-03-16 14:01:27] Memory: Total: 61649012 kB, Available: 53793200 kB, Active: 6860124 kB, SwapTotal: 40894456 kB, SwapFree: 40861944 kB
INFO [2026-03-16 14:01:27] Memory: Total: 61649012 kB, Available: 53793200 kB, Active: 6860124 kB, SwapTotal: 40894456 kB, SwapFree: 40861944 kB
INFO [2026-03-16 14:01:27] Memory: Total: 61649012 kB, Available: 53793200 kB, Active: 6860068 kB, SwapTotal: 40894456 kB, SwapFree: 40861944 kB
INFO [2026-03-16 14:01:27] Memory: Total: 61649012 kB, Available: 53793200 kB, Active: 6860068 kB, SwapTotal: 40894456 kB, SwapFree: 40861944 kB
INFO [2026-03-16 14:01:27] Memory: Total: 61649012 kB, Available: 53793200 kB, Active: 6860068 kB, SwapTotal: 40894456 kB, SwapFree: 40861944 kB
INFO [2026-03-16 14:01:27] Memory: Total: 61649012 kB, Available: 53793200 kB, Active: 6860068 kB, SwapTotal: 40894456 kB, SwapFree: 40861944 kB
INFO [2026-03-16 14:01:27] Memory: Total: 61649012 kB, Available: 53793200 kB, Active: 6860068 kB, SwapTotal: 40894456 kB, SwapFree: 40861944 kB
INFO [2026-03-16 14:01:27] Memory: Total: 61649012 kB, Available: 53793200 kB, Active: 6860072 kB, SwapTotal: 40894456 kB, SwapFree: 40861944 kB
INFO [2026-03-16 14:01:27] Memory: Total: 61649012 kB, Available: 53793200 kB, Active: 6860396 kB, SwapTotal: 40894456 kB, SwapFree: 40861944 kB
INFO [2026-03-16 14:01:27] Memory: Total: 61649012 kB, Available: 53793200 kB, Active: 6860100 kB, SwapTotal: 40894456 kB, SwapFree: 40861944 kB
INFO [2026-03-16 14:01:27] Memory: Total: 61649012 kB, Available: 53793200 kB, Active: 6860168 kB, SwapTotal: 40894456 kB, SwapFree: 40861944 kB
INFO [2026-03-16 14:01:27] Memory: Total: 61649012 kB, Available: 53793200 kB, Active: 6860492 kB, SwapTotal: 40894456 kB, SwapFree: 40861944 kB
INFO [2026-03-16 14:01:27] Memory: Total: 61649012 kB, Available: 53793200 kB, Active: 6860380 kB, SwapTotal: 40894456 kB, SwapFree: 40861944 kB
INFO [2026-03-16 14:01:28] Memory: Total: 61649012 kB, Available: 53793200 kB, Active: 6860220 kB, SwapTotal: 40894456 kB, SwapFree: 40861944 kB
INFO [2026-03-16 14:01:28] Memory: Total: 61649012 kB, Available: 53793200 kB, Active: 6860220 kB, SwapTotal: 40894456 kB, SwapFree: 40861944 kB
INFO [2026-03-16 14:01:28] Memory: Total: 61649012 kB, Available: 53793200 kB, Active: 6860220 kB, SwapTotal: 40894456 kB, SwapFree: 40861944 kB
INFO [2026-03-16 14:01:28] Memory: Total: 61649012 kB, Available: 53793200 kB, Active: 6860220 kB, SwapTotal: 40894456 kB, SwapFree: 40861944 kB
INFO [2026-03-16 14:01:28] Memory: Total: 61649012 kB, Available: 53793200 kB, Active: 6860220 kB, SwapTotal: 40894456 kB, SwapFree: 40861944 kB
INFO [2026-03-16 14:01:28] Memory: Total: 61649012 kB, Available: 53793200 kB, Active: 6860220 kB, SwapTotal: 40894456 kB, SwapFree: 40861944 kB
INFO [2026-03-16 14:01:28] Memory: Total: 61649012 kB, Available: 53793200 kB, Active: 6860220 kB, SwapTotal: 40894456 kB, SwapFree: 40861944 kB
INFO [2026-03-16 14:01:28] Memory: Total: 61649012 kB, Available: 53793200 kB, Active: 6860220 kB, SwapTotal: 40894456 kB, SwapFree: 40861944 kB
INFO [2026-03-16 14:01:28] Memory: Total: 61649012 kB, Available: 53793200 kB, Active: 6860220 kB, SwapTotal: 40894456 kB, SwapFree: 40861944 kB
INFO [2026-03-16 14:01:28] Memory: Total: 61649012 kB, Available: 53793200 kB, Active: 6860220 kB, SwapTotal: 40894456 kB, SwapFree: 40861944 kB
INFO [2026-03-16 14:01:28] Memory: Total: 61649012 kB, Available: 53793204 kB, Active: 6860336 kB, SwapTotal: 40894456 kB, SwapFree: 40861944 kB
INFO [2026-03-16 14:01:28] Memory: Total: 61649012 kB, Available: 53793204 kB, Active: 6860336 kB, SwapTotal: 40894456 kB, SwapFree: 40861944 kB
INFO [2026-03-16 14:01:29] Memory: Total: 61649012 kB, Available: 53793204 kB, Active: 6860336 kB, SwapTotal: 40894456 kB, SwapFree: 40861944 kB
INFO [2026-03-16 14:01:29] Memory: Total: 61649012 kB, Available: 53793204 kB, Active: 6860336 kB, SwapTotal: 40894456 kB, SwapFree: 40861944 kB
INFO [2026-03-16 14:01:29] Memory: Total: 61649012 kB, Available: 53793204 kB, Active: 6860336 kB, SwapTotal: 40894456 kB, SwapFree: 40861944 kB
INFO [2026-03-16 14:01:29] Memory: Total: 61649012 kB, Available: 53793204 kB, Active: 6860336 kB, SwapTotal: 40894456 kB, SwapFree: 40861944 kB
INFO [2026-03-16 14:01:29] Memory: Total: 61649012 kB, Available: 53793204 kB, Active: 6860336 kB, SwapTotal: 40894456 kB, SwapFree: 40861944 kB
INFO [2026-03-16 14:01:29] Memory: Total: 61649012 kB, Available: 53793204 kB, Active: 6860336 kB, SwapTotal: 40894456 kB, SwapFree: 40861944 kB
INFO [2026-03-16 14:01:29] Memory: Total: 61649012 kB, Available: 53793204 kB, Active: 6860336 kB, SwapTotal: 40894456 kB, SwapFree: 40861944 kB
INFO [2026-03-16 14:01:29] Memory: Total: 61649012 kB, Available: 53793204 kB, Active: 6860340 kB, SwapTotal: 40894456 kB, SwapFree: 40861944 kB
INFO [2026-03-16 14:01:29] Memory: Total: 61649012 kB, Available: 53793204 kB, Active: 6860340 kB, SwapTotal: 40894456 kB, SwapFree: 40861944 kB
INFO [2026-03-16 14:01:29] Memory: Total: 61649012 kB, Available: 53793204 kB, Active: 6860340 kB, SwapTotal: 40894456 kB, SwapFree: 40861944 kB
INFO [2026-03-16 14:01:29] Memory: Total: 61649012 kB, Available: 53793204 kB, Active: 6860340 kB, SwapTotal: 40894456 kB, SwapFree: 40861944 kB
INFO [2026-03-16 14:01:29] Memory: Total: 61649012 kB, Available: 53793204 kB, Active: 6860664 kB, SwapTotal: 40894456 kB, SwapFree: 40861944 kB
INFO [2026-03-16 14:01:29] Memory: Total: 61649012 kB, Available: 53793204 kB, Active: 6860380 kB, SwapTotal: 40894456 kB, SwapFree: 40861944 kB
INFO [2026-03-16 14:01:30] Memory: Total: 61649012 kB, Available: 53793204 kB, Active: 6860380 kB, SwapTotal: 40894456 kB, SwapFree: 40861944 kB
INFO [2026-03-16 14:01:30] Memory: Total: 61649012 kB, Available: 53793204 kB, Active: 6860380 kB, SwapTotal: 40894456 kB, SwapFree: 40861944 kB
INFO [2026-03-16 14:01:30] Memory: Total: 61649012 kB, Available: 53793204 kB, Active: 6860380 kB, SwapTotal: 40894456 kB, SwapFree: 40861944 kB
INFO [2026-03-16 14:01:30] Memory: Total: 61649012 kB, Available: 53793204 kB, Active: 6860380 kB, SwapTotal: 40894456 kB, SwapFree: 40861944 kB
INFO [2026-03-16 14:01:30] Memory: Total: 61649012 kB, Available: 53793204 kB, Active: 6860704 kB, SwapTotal: 40894456 kB, SwapFree: 40861944 kB
INFO [2026-03-16 14:01:30] Memory: Total: 61649012 kB, Available: 53793204 kB, Active: 6860388 kB, SwapTotal: 40894456 kB, SwapFree: 40861944 kB
INFO [2026-03-16 14:01:30] Memory: Total: 61649012 kB, Available: 53793204 kB, Active: 6860388 kB, SwapTotal: 40894456 kB, SwapFree: 40861944 kB
INFO [2026-03-16 14:01:30] Memory: Total: 61649012 kB, Available: 53793204 kB, Active: 6860392 kB, SwapTotal: 40894456 kB, SwapFree: 40861944 kB
INFO [2026-03-16 14:01:30] Memory: Total: 61649012 kB, Available: 53793204 kB, Active: 6860392 kB, SwapTotal: 40894456 kB, SwapFree: 40861944 kB
INFO [2026-03-16 14:01:30] Memory: Total: 61649012 kB, Available: 53793204 kB, Active: 6860392 kB, SwapTotal: 40894456 kB, SwapFree: 40861944 kB
INFO [2026-03-16 14:01:30] Memory: Total: 61649012 kB, Available: 53792844 kB, Active: 6860436 kB, SwapTotal: 40894456 kB, SwapFree: 40861944 kB
INFO [2026-03-16 14:01:30] Memory: Total: 61649012 kB, Available: 53792844 kB, Active: 6860436 kB, SwapTotal: 40894456 kB, SwapFree: 40861944 kB
INFO [2026-03-16 14:01:30] Memory: Total: 61649012 kB, Available: 53792844 kB, Active: 6860436 kB, SwapTotal: 40894456 kB, SwapFree: 40861944 kB
INFO [2026-03-16 14:01:30] Memory: Total: 61649012 kB, Available: 53792956 kB, Active: 6860436 kB, SwapTotal: 40894456 kB, SwapFree: 40861944 kB
INFO [2026-03-16 14:01:31] Memory: Total: 61649012 kB, Available: 53792956 kB, Active: 6860448 kB, SwapTotal: 40894456 kB, SwapFree: 40861944 kB
INFO [2026-03-16 14:01:31] Memory: Total: 61649012 kB, Available: 53792956 kB, Active: 6860448 kB, SwapTotal: 40894456 kB, SwapFree: 40861944 kB
INFO [2026-03-16 14:01:31] Memory: Total: 61649012 kB, Available: 53792956 kB, Active: 6860448 kB, SwapTotal: 40894456 kB, SwapFree: 40861944 kB
INFO [2026-03-16 14:01:31] Memory: Total: 61649012 kB, Available: 53792956 kB, Active: 6860448 kB, SwapTotal: 40894456 kB, SwapFree: 40861944 kB
INFO [2026-03-16 14:01:31] Memory: Total: 61649012 kB, Available: 53792956 kB, Active: 6860448 kB, SwapTotal: 40894456 kB, SwapFree: 40861944 kB
INFO [2026-03-16 14:01:31] Memory: Total: 61649012 kB, Available: 53792956 kB, Active: 6860448 kB, SwapTotal: 40894456 kB, SwapFree: 40861944 kB
INFO [2026-03-16 14:01:31] Memory: Total: 61649012 kB, Available: 53792956 kB, Active: 6860448 kB, SwapTotal: 40894456 kB, SwapFree: 40861944 kB
INFO [2026-03-16 14:01:31] Memory: Total: 61649012 kB, Available: 53792956 kB, Active: 6860448 kB, SwapTotal: 40894456 kB, SwapFree: 40861944 kB
INFO [2026-03-16 14:01:31] Memory: Total: 61649012 kB, Available: 53792956 kB, Active: 6860448 kB, SwapTotal: 40894456 kB, SwapFree: 40861944 kB
INFO [2026-03-16 14:01:31] Memory: Total: 61649012 kB, Available: 53792956 kB, Active: 6860448 kB, SwapTotal: 40894456 kB, SwapFree: 40861944 kB
INFO [2026-03-16 14:01:31] Memory: Total: 61649012 kB, Available: 53792956 kB, Active: 6860448 kB, SwapTotal: 40894456 kB, SwapFree: 40861944 kB
INFO [2026-03-16 14:01:32] Memory: Total: 61649012 kB, Available: 53792956 kB, Active: 6860452 kB, SwapTotal: 40894456 kB, SwapFree: 40861944 kB
INFO [2026-03-16 14:01:32] Memory: Total: 61649012 kB, Available: 53792956 kB, Active: 6860776 kB, SwapTotal: 40894456 kB, SwapFree: 40861944 kB
INFO [2026-03-16 14:01:32] Memory: Total: 61649012 kB, Available: 53792956 kB, Active: 6860776 kB, SwapTotal: 40894456 kB, SwapFree: 40861944 kB
INFO [2026-03-16 14:01:32] Memory: Total: 61649012 kB, Available: 53792956 kB, Active: 6860776 kB, SwapTotal: 40894456 kB, SwapFree: 40861944 kB
INFO [2026-03-16 14:01:32] Memory: Total: 61649012 kB, Available: 53792956 kB, Active: 6860476 kB, SwapTotal: 40894456 kB, SwapFree: 40861944 kB
INFO [2026-03-16 14:01:32] Memory: Total: 61649012 kB, Available: 53792956 kB, Active: 6860476 kB, SwapTotal: 40894456 kB, SwapFree: 40861944 kB
INFO [2026-03-16 14:01:32] Memory: Total: 61649012 kB, Available: 53792956 kB, Active: 6860476 kB, SwapTotal: 40894456 kB, SwapFree: 40861944 kB
INFO [2026-03-16 14:01:32] Memory: Total: 61649012 kB, Available: 53792956 kB, Active: 6860476 kB, SwapTotal: 40894456 kB, SwapFree: 40861944 kB
INFO [2026-03-16 14:01:32] Memory: Total: 61649012 kB, Available: 53792956 kB, Active: 6860476 kB, SwapTotal: 40894456 kB, SwapFree: 40861944 kB
INFO [2026-03-16 14:01:32] Memory: Total: 61649012 kB, Available: 53792956 kB, Active: 6860476 kB, SwapTotal: 40894456 kB, SwapFree: 40861944 kB
INFO [2026-03-16 14:01:32] Memory: Total: 61649012 kB, Available: 53792956 kB, Active: 6860480 kB, SwapTotal: 40894456 kB, SwapFree: 40861944 kB
INFO [2026-03-16 14:01:32] Memory: Total: 61649012 kB, Available: 53792956 kB, Active: 6860480 kB, SwapTotal: 40894456 kB, SwapFree: 40861944 kB
INFO [2026-03-16 14:01:32] Memory: Total: 61649012 kB, Available: 53792956 kB, Active: 6860480 kB, SwapTotal: 40894456 kB, SwapFree: 40861944 kB
INFO [2026-03-16 14:01:32] Memory: Total: 61649012 kB, Available: 53792956 kB, Active: 6860480 kB, SwapTotal: 40894456 kB, SwapFree: 40861944 kB
INFO [2026-03-16 14:01:33] Memory: Total: 61649012 kB, Available: 53792956 kB, Active: 6860768 kB, SwapTotal: 40894456 kB, SwapFree: 40861944 kB
INFO [2026-03-16 14:01:33] Memory: Total: 61649012 kB, Available: 53792956 kB, Active: 6860892 kB, SwapTotal: 40894456 kB, SwapFree: 40861944 kB
INFO [2026-03-16 14:01:33] Memory: Total: 61649012 kB, Available: 53792956 kB, Active: 6860892 kB, SwapTotal: 40894456 kB, SwapFree: 40861944 kB
INFO [2026-03-16 14:01:33] Memory: Total: 61649012 kB, Available: 53792956 kB, Active: 6860892 kB, SwapTotal: 40894456 kB, SwapFree: 40861944 kB
INFO [2026-03-16 14:01:33] Memory: Total: 61649012 kB, Available: 53792956 kB, Active: 6860892 kB, SwapTotal: 40894456 kB, SwapFree: 40861944 kB
INFO [2026-03-16 14:01:33] Memory: Total: 61649012 kB, Available: 53792956 kB, Active: 6860888 kB, SwapTotal: 40894456 kB, SwapFree: 40861944 kB
INFO [2026-03-16 14:01:33] Memory: Total: 61649012 kB, Available: 53792956 kB, Active: 6860888 kB, SwapTotal: 40894456 kB, SwapFree: 40861944 kB
INFO [2026-03-16 14:01:33] Memory: Total: 61649012 kB, Available: 53792956 kB, Active: 6860888 kB, SwapTotal: 40894456 kB, SwapFree: 40861944 kB
INFO [2026-03-16 14:01:33] Memory: Total: 61649012 kB, Available: 53792956 kB, Active: 6860888 kB, SwapTotal: 40894456 kB, SwapFree: 40861944 kB
INFO [2026-03-16 14:01:33] Memory: Total: 61649012 kB, Available: 53792956 kB, Active: 6860888 kB, SwapTotal: 40894456 kB, SwapFree: 40861944 kB
INFO [2026-03-16 14:01:33] Memory: Total: 61649012 kB, Available: 53792956 kB, Active: 6860888 kB, SwapTotal: 40894456 kB, SwapFree: 40861944 kB
INFO [2026-03-16 14:01:34] Memory: Total: 61649012 kB, Available: 53792960 kB, Active: 6860728 kB, SwapTotal: 40894456 kB, SwapFree: 40861944 kB
INFO [2026-03-16 14:01:34] Memory: Total: 61649012 kB, Available: 53792960 kB, Active: 6860728 kB, SwapTotal: 40894456 kB, SwapFree: 40861944 kB
INFO [2026-03-16 14:01:34] Memory: Total: 61649012 kB, Available: 53792960 kB, Active: 6860728 kB, SwapTotal: 40894456 kB, SwapFree: 40861944 kB
INFO [2026-03-16 14:01:34] Memory: Total: 61649012 kB, Available: 53792960 kB, Active: 6860728 kB, SwapTotal: 40894456 kB, SwapFree: 40861944 kB
INFO [2026-03-16 14:01:34] Memory: Total: 61649012 kB, Available: 53792960 kB, Active: 6860728 kB, SwapTotal: 40894456 kB, SwapFree: 40861944 kB
INFO [2026-03-16 14:01:34] Memory: Total: 61649012 kB, Available: 53792960 kB, Active: 6860728 kB, SwapTotal: 40894456 kB, SwapFree: 40861944 kB
INFO [2026-03-16 14:01:34] Memory: Total: 61649012 kB, Available: 53792960 kB, Active: 6860728 kB, SwapTotal: 40894456 kB, SwapFree: 40861944 kB
INFO [2026-03-16 14:01:34] Memory: Total: 61649012 kB, Available: 53792960 kB, Active: 6860728 kB, SwapTotal: 40894456 kB, SwapFree: 40861944 kB
INFO [2026-03-16 14:01:34] Memory: Total: 61649012 kB, Available: 53792960 kB, Active: 6860728 kB, SwapTotal: 40894456 kB, SwapFree: 40861944 kB
INFO [2026-03-16 14:01:34] Memory: Total: 61649012 kB, Available: 53792960 kB, Active: 6860728 kB, SwapTotal: 40894456 kB, SwapFree: 40861944 kB
INFO [2026-03-16 14:01:34] Memory: Total: 61649012 kB, Available: 53792960 kB, Active: 6860728 kB, SwapTotal: 40894456 kB, SwapFree: 40861944 kB
INFO [2026-03-16 14:01:34] Memory: Total: 61649012 kB, Available: 53792960 kB, Active: 6860728 kB, SwapTotal: 40894456 kB, SwapFree: 40861944 kB
INFO [2026-03-16 14:01:34] Memory: Total: 61649012 kB, Available: 53792960 kB, Active: 6860728 kB, SwapTotal: 40894456 kB, SwapFree: 40861944 kB
INFO [2026-03-16 14:01:34] Memory: Total: 61649012 kB, Available: 53792960 kB, Active: 6860728 kB, SwapTotal: 40894456 kB, SwapFree: 40861944 kB
INFO [2026-03-16 14:01:34] Memory: Total: 61649012 kB, Available: 53792960 kB, Active: 6860856 kB, SwapTotal: 40894456 kB, SwapFree: 40861944 kB
INFO [2026-03-16 14:01:35] Memory: Total: 61649012 kB, Available: 53792960 kB, Active: 6860856 kB, SwapTotal: 40894456 kB, SwapFree: 40861944 kB
INFO [2026-03-16 14:01:35] Memory: Total: 61649012 kB, Available: 53792960 kB, Active: 6860856 kB, SwapTotal: 40894456 kB, SwapFree: 40861944 kB
INFO [2026-03-16 14:01:35] Memory: Total: 61649012 kB, Available: 53792960 kB, Active: 6860856 kB, SwapTotal: 40894456 kB, SwapFree: 40861944 kB
INFO [2026-03-16 14:01:35] Memory: Total: 61649012 kB, Available: 53792960 kB, Active: 6860856 kB, SwapTotal: 40894456 kB, SwapFree: 40861944 kB
INFO [2026-03-16 14:01:35] Memory: Total: 61649012 kB, Available: 53792960 kB, Active: 6860860 kB, SwapTotal: 40894456 kB, SwapFree: 40861944 kB
INFO [2026-03-16 14:01:35] Memory: Total: 61649012 kB, Available: 53792204 kB, Active: 6859928 kB, SwapTotal: 40894456 kB, SwapFree: 40861944 kB
INFO [2026-03-16 14:01:35] Memory: Total: 61649012 kB, Available: 53792204 kB, Active: 6860252 kB, SwapTotal: 40894456 kB, SwapFree: 40861944 kB
INFO [2026-03-16 14:01:35] Memory: Total: 61649012 kB, Available: 53792204 kB, Active: 6860576 kB, SwapTotal: 40894456 kB, SwapFree: 40861944 kB
INFO [2026-03-16 14:01:35] Memory: Total: 61649012 kB, Available: 53792204 kB, Active: 6860576 kB, SwapTotal: 40894456 kB, SwapFree: 40861944 kB
INFO [2026-03-16 14:01:35] Memory: Total: 61649012 kB, Available: 53792204 kB, Active: 6860056 kB, SwapTotal: 40894456 kB, SwapFree: 40861944 kB
INFO [2026-03-16 14:01:36] Memory: Total: 61649012 kB, Available: 53793236 kB, Active: 6860112 kB, SwapTotal: 40894456 kB, SwapFree: 40861944 kB
INFO [2026-03-16 14:01:36] Memory: Total: 61649012 kB, Available: 53793236 kB, Active: 6860112 kB, SwapTotal: 40894456 kB, SwapFree: 40861944 kB
INFO [2026-03-16 14:01:36] Memory: Total: 61649012 kB, Available: 53793236 kB, Active: 6860436 kB, SwapTotal: 40894456 kB, SwapFree: 40861944 kB
INFO [2026-03-16 14:01:36] Memory: Total: 61649012 kB, Available: 53793236 kB, Active: 6860436 kB, SwapTotal: 40894456 kB, SwapFree: 40861944 kB
INFO [2026-03-16 14:01:36] Memory: Total: 61649012 kB, Available: 53793236 kB, Active: 6860560 kB, SwapTotal: 40894456 kB, SwapFree: 40861944 kB
INFO [2026-03-16 14:01:36] Memory: Total: 61649012 kB, Available: 53793492 kB, Active: 6860252 kB, SwapTotal: 40894456 kB, SwapFree: 40861944 kB
INFO [2026-03-16 14:01:36] Memory: Total: 61649012 kB, Available: 53793492 kB, Active: 6860252 kB, SwapTotal: 40894456 kB, SwapFree: 40861944 kB
INFO [2026-03-16 14:01:36] Memory: Total: 61649012 kB, Available: 53793492 kB, Active: 6860252 kB, SwapTotal: 40894456 kB, SwapFree: 40861944 kB
INFO [2026-03-16 14:01:36] Memory: Total: 61649012 kB, Available: 53793492 kB, Active: 6860252 kB, SwapTotal: 40894456 kB, SwapFree: 40861944 kB
INFO [2026-03-16 14:01:36] Memory: Total: 61649012 kB, Available: 53793492 kB, Active: 6860576 kB, SwapTotal: 40894456 kB, SwapFree: 40861944 kB
INFO [2026-03-16 14:01:36] Memory: Total: 61649012 kB, Available: 53793492 kB, Active: 6860260 kB, SwapTotal: 40894456 kB, SwapFree: 40861944 kB
INFO [2026-03-16 14:01:36] Memory: Total: 61649012 kB, Available: 53794740 kB, Active: 6860256 kB, SwapTotal: 40894456 kB, SwapFree: 40861944 kB
INFO [2026-03-16 14:01:36] Memory: Total: 61649012 kB, Available: 53794748 kB, Active: 6860256 kB, SwapTotal: 40894456 kB, SwapFree: 40861944 kB
INFO [2026-03-16 14:01:36] Memory: Total: 61649012 kB, Available: 53794748 kB, Active: 6860256 kB, SwapTotal: 40894456 kB, SwapFree: 40861944 kB
INFO [2026-03-16 14:01:36] Memory: Total: 61649012 kB, Available: 53794748 kB, Active: 6860256 kB, SwapTotal: 40894456 kB, SwapFree: 40861944 kB
INFO [2026-03-16 14:01:37] Memory: Total: 61649012 kB, Available: 53794748 kB, Active: 6860580 kB, SwapTotal: 40894456 kB, SwapFree: 40861944 kB
INFO [2026-03-16 14:01:37] Memory: Total: 61649012 kB, Available: 53794748 kB, Active: 6860632 kB, SwapTotal: 40894456 kB, SwapFree: 40861944 kB
INFO [2026-03-16 14:01:37] Memory: Total: 61649012 kB, Available: 53794748 kB, Active: 6860320 kB, SwapTotal: 40894456 kB, SwapFree: 40861944 kB
INFO [2026-03-16 14:01:37] Memory: Total: 61649012 kB, Available: 53794748 kB, Active: 6860320 kB, SwapTotal: 40894456 kB, SwapFree: 40861944 kB
INFO [2026-03-16 14:01:37] Memory: Total: 61649012 kB, Available: 53794748 kB, Active: 6860320 kB, SwapTotal: 40894456 kB, SwapFree: 40861944 kB
INFO [2026-03-16 14:01:37] Memory: Total: 61649012 kB, Available: 53794748 kB, Active: 6860444 kB, SwapTotal: 40894456 kB, SwapFree: 40861944 kB
INFO [2026-03-16 14:01:37] Memory: Total: 61649012 kB, Available: 53794748 kB, Active: 6860444 kB, SwapTotal: 40894456 kB, SwapFree: 40861944 kB
INFO [2026-03-16 14:01:37] Memory: Total: 61649012 kB, Available: 53794748 kB, Active: 6860444 kB, SwapTotal: 40894456 kB, SwapFree: 40861944 kB
INFO [2026-03-16 14:01:37] Memory: Total: 61649012 kB, Available: 53794748 kB, Active: 6860444 kB, SwapTotal: 40894456 kB, SwapFree: 40861944 kB
INFO [2026-03-16 14:01:37] Memory: Total: 61649012 kB, Available: 53794748 kB, Active: 6860444 kB, SwapTotal: 40894456 kB, SwapFree: 40861944 kB
INFO [2026-03-16 14:01:37] Memory: Total: 61649012 kB, Available: 53794832 kB, Active: 6860448 kB, SwapTotal: 40894456 kB, SwapFree: 40861944 kB
INFO [2026-03-16 14:01:38] Memory: Total: 61649012 kB, Available: 53794832 kB, Active: 6860448 kB, SwapTotal: 40894456 kB, SwapFree: 40861944 kB
INFO [2026-03-16 14:01:38] Memory: Total: 61649012 kB, Available: 53794832 kB, Active: 6860448 kB, SwapTotal: 40894456 kB, SwapFree: 40861944 kB
INFO [2026-03-16 14:01:38] Memory: Total: 61649012 kB, Available: 53794832 kB, Active: 6860448 kB, SwapTotal: 40894456 kB, SwapFree: 40861944 kB
INFO [2026-03-16 14:01:38] Memory: Total: 61649012 kB, Available: 53794832 kB, Active: 6860448 kB, SwapTotal: 40894456 kB, SwapFree: 40861944 kB
INFO [2026-03-16 14:01:38] Memory: Total: 61649012 kB, Available: 53795084 kB, Active: 6860572 kB, SwapTotal: 40894456 kB, SwapFree: 40861944 kB
INFO [2026-03-16 14:01:38] Memory: Total: 61649012 kB, Available: 53795084 kB, Active: 6860572 kB, SwapTotal: 40894456 kB, SwapFree: 40861944 kB
INFO [2026-03-16 14:01:38] Memory: Total: 61649012 kB, Available: 53795084 kB, Active: 6860572 kB, SwapTotal: 40894456 kB, SwapFree: 40861944 kB
INFO [2026-03-16 14:01:38] Memory: Total: 61649012 kB, Available: 53795084 kB, Active: 6860572 kB, SwapTotal: 40894456 kB, SwapFree: 40861944 kB
INFO [2026-03-16 14:01:38] Memory: Total: 61649012 kB, Available: 53795084 kB, Active: 6860572 kB, SwapTotal: 40894456 kB, SwapFree: 40861944 kB
INFO [2026-03-16 14:01:38] Memory: Total: 61649012 kB, Available: 53795084 kB, Active: 6860896 kB, SwapTotal: 40894456 kB, SwapFree: 40861944 kB
INFO [2026-03-16 14:01:38] Memory: Total: 61649012 kB, Available: 53795084 kB, Active: 6860772 kB, SwapTotal: 40894456 kB, SwapFree: 40861944 kB
INFO [2026-03-16 14:01:38] Memory: Total: 61649012 kB, Available: 53795084 kB, Active: 6860772 kB, SwapTotal: 40894456 kB, SwapFree: 40861944 kB
INFO [2026-03-16 14:01:38] Memory: Total: 61649012 kB, Available: 53795084 kB, Active: 6860772 kB, SwapTotal: 40894456 kB, SwapFree: 40861944 kB
INFO [2026-03-16 14:01:38] Memory: Total: 61649012 kB, Available: 53795084 kB, Active: 6860612 kB, SwapTotal: 40894456 kB, SwapFree: 40861944 kB
INFO [2026-03-16 14:01:39] Memory: Total: 61649012 kB, Available: 53795096 kB, Active: 6860616 kB, SwapTotal: 40894456 kB, SwapFree: 40861944 kB
INFO [2026-03-16 14:01:39] Memory: Total: 61649012 kB, Available: 53795096 kB, Active: 6860616 kB, SwapTotal: 40894456 kB, SwapFree: 40861944 kB
INFO [2026-03-16 14:01:39] Memory: Total: 61649012 kB, Available: 53795096 kB, Active: 6860616 kB, SwapTotal: 40894456 kB, SwapFree: 40861944 kB
INFO [2026-03-16 14:01:39] Memory: Total: 61649012 kB, Available: 53795096 kB, Active: 6860616 kB, SwapTotal: 40894456 kB, SwapFree: 40861944 kB
INFO [2026-03-16 14:01:39] Memory: Total: 61649012 kB, Available: 53795096 kB, Active: 6860616 kB, SwapTotal: 40894456 kB, SwapFree: 40861944 kB
INFO [2026-03-16 14:01:39] Memory: Total: 61649012 kB, Available: 53795096 kB, Active: 6860740 kB, SwapTotal: 40894456 kB, SwapFree: 40861944 kB
INFO [2026-03-16 14:01:39] Memory: Total: 61649012 kB, Available: 53795096 kB, Active: 6860740 kB, SwapTotal: 40894456 kB, SwapFree: 40861944 kB
INFO [2026-03-16 14:01:39] Memory: Total: 61649012 kB, Available: 53795096 kB, Active: 6860740 kB, SwapTotal: 40894456 kB, SwapFree: 40861944 kB
INFO [2026-03-16 14:01:39] Memory: Total: 61649012 kB, Available: 53795096 kB, Active: 6860740 kB, SwapTotal: 40894456 kB, SwapFree: 40861944 kB
INFO [2026-03-16 14:01:39] Memory: Total: 61649012 kB, Available: 53795096 kB, Active: 6860740 kB, SwapTotal: 40894456 kB, SwapFree: 40861944 kB
INFO [2026-03-16 14:01:39] Memory: Total: 61649012 kB, Available: 53795100 kB, Active: 6860896 kB, SwapTotal: 40894456 kB, SwapFree: 40861944 kB
INFO [2026-03-16 14:01:40] Memory: Total: 61649012 kB, Available: 53795100 kB, Active: 6860736 kB, SwapTotal: 40894456 kB, SwapFree: 40861944 kB
INFO [2026-03-16 14:01:40] Memory: Total: 61649012 kB, Available: 53795100 kB, Active: 6860736 kB, SwapTotal: 40894456 kB, SwapFree: 40861944 kB
INFO [2026-03-16 14:01:40] Memory: Total: 61649012 kB, Available: 53795100 kB, Active: 6860740 kB, SwapTotal: 40894456 kB, SwapFree: 40861944 kB
INFO [2026-03-16 14:01:40] Memory: Total: 61649012 kB, Available: 53795100 kB, Active: 6860740 kB, SwapTotal: 40894456 kB, SwapFree: 40861944 kB
INFO [2026-03-16 14:01:40] Memory: Total: 61649012 kB, Available: 53794848 kB, Active: 6860864 kB, SwapTotal: 40894456 kB, SwapFree: 40861944 kB
INFO [2026-03-16 14:01:40] Memory: Total: 61649012 kB, Available: 53794848 kB, Active: 6860864 kB, SwapTotal: 40894456 kB, SwapFree: 40861944 kB
INFO [2026-03-16 14:01:40] Memory: Total: 61649012 kB, Available: 53794848 kB, Active: 6860864 kB, SwapTotal: 40894456 kB, SwapFree: 40861944 kB
INFO [2026-03-16 14:01:40] Memory: Total: 61649012 kB, Available: 53794848 kB, Active: 6860864 kB, SwapTotal: 40894456 kB, SwapFree: 40861944 kB
INFO [2026-03-16 14:01:40] Memory: Total: 61649012 kB, Available: 53794848 kB, Active: 6860864 kB, SwapTotal: 40894456 kB, SwapFree: 40861944 kB
INFO [2026-03-16 14:01:40] Memory: Total: 61649012 kB, Available: 53794848 kB, Active: 6860988 kB, SwapTotal: 40894456 kB, SwapFree: 40861944 kB
INFO [2026-03-16 14:01:40] Memory: Total: 61649012 kB, Available: 53794848 kB, Active: 6860988 kB, SwapTotal: 40894456 kB, SwapFree: 40861944 kB
INFO [2026-03-16 14:01:40] Memory: Total: 61649012 kB, Available: 53794848 kB, Active: 6860988 kB, SwapTotal: 40894456 kB, SwapFree: 40861944 kB
INFO [2026-03-16 14:01:40] Memory: Total: 61649012 kB, Available: 53794848 kB, Active: 6860988 kB, SwapTotal: 40894456 kB, SwapFree: 40861944 kB
INFO [2026-03-16 14:01:40] Memory: Total: 61649012 kB, Available: 53794848 kB, Active: 6860988 kB, SwapTotal: 40894456 kB, SwapFree: 40861944 kB
INFO [2026-03-16 14:01:41] Memory: Total: 61649012 kB, Available: 53794848 kB, Active: 6861312 kB, SwapTotal: 40894456 kB, SwapFree: 40861944 kB
INFO [2026-03-16 14:01:41] Memory: Total: 61649012 kB, Available: 53794596 kB, Active: 6861376 kB, SwapTotal: 40894456 kB, SwapFree: 40861944 kB
INFO [2026-03-16 14:01:41] Memory: Total: 61649012 kB, Available: 53794596 kB, Active: 6861376 kB, SwapTotal: 40894456 kB, SwapFree: 40861944 kB
INFO [2026-03-16 14:01:41] Memory: Total: 61649012 kB, Available: 53794596 kB, Active: 6861376 kB, SwapTotal: 40894456 kB, SwapFree: 40861944 kB
INFO [2026-03-16 14:01:41] Memory: Total: 61649012 kB, Available: 53794596 kB, Active: 6861376 kB, SwapTotal: 40894456 kB, SwapFree: 40861944 kB
INFO [2026-03-16 14:01:41] Memory: Total: 61649012 kB, Available: 53794596 kB, Active: 6861776 kB, SwapTotal: 40894456 kB, SwapFree: 40861944 kB
INFO [2026-03-16 14:01:41] Memory: Total: 61649012 kB, Available: 53794344 kB, Active: 6861924 kB, SwapTotal: 40894456 kB, SwapFree: 40861944 kB
INFO [2026-03-16 14:01:41] Memory: Total: 61649012 kB, Available: 53794344 kB, Active: 6861656 kB, SwapTotal: 40894456 kB, SwapFree: 40861944 kB
INFO [2026-03-16 14:01:41] Memory: Total: 61649012 kB, Available: 53794344 kB, Active: 6861656 kB, SwapTotal: 40894456 kB, SwapFree: 40861944 kB
INFO [2026-03-16 14:01:41] Memory: Total: 61649012 kB, Available: 53794344 kB, Active: 6861656 kB, SwapTotal: 40894456 kB, SwapFree: 40861944 kB
INFO [2026-03-16 14:01:41] Memory: Total: 61649012 kB, Available: 53794344 kB, Active: 6862168 kB, SwapTotal: 40894456 kB, SwapFree: 40861944 kB
INFO [2026-03-16 14:01:41] Memory: Total: 61649012 kB, Available: 53794344 kB, Active: 6862168 kB, SwapTotal: 40894456 kB, SwapFree: 40861944 kB
INFO [2026-03-16 14:01:41] Memory: Total: 61649012 kB, Available: 53794344 kB, Active: 6862292 kB, SwapTotal: 40894456 kB, SwapFree: 40861944 kB
INFO [2026-03-16 14:01:41] Memory: Total: 61649012 kB, Available: 53794344 kB, Active: 6862292 kB, SwapTotal: 40894456 kB, SwapFree: 40861944 kB
INFO [2026-03-16 14:01:42] Memory: Total: 61649012 kB, Available: 53794344 kB, Active: 6862292 kB, SwapTotal: 40894456 kB, SwapFree: 40861944 kB
INFO [2026-03-16 14:01:42] Memory: Total: 61649012 kB, Available: 53793588 kB, Active: 6862540 kB, SwapTotal: 40894456 kB, SwapFree: 40861944 kB
INFO [2026-03-16 14:01:42] Memory: Total: 61649012 kB, Available: 53793588 kB, Active: 6862664 kB, SwapTotal: 40894456 kB, SwapFree: 40861944 kB
INFO [2026-03-16 14:01:42] Memory: Total: 61649012 kB, Available: 53793588 kB, Active: 6862664 kB, SwapTotal: 40894456 kB, SwapFree: 40861944 kB
INFO [2026-03-16 14:01:42] Memory: Total: 61649012 kB, Available: 53793588 kB, Active: 6862664 kB, SwapTotal: 40894456 kB, SwapFree: 40861944 kB
INFO [2026-03-16 14:01:42] Memory: Total: 61649012 kB, Available: 53793588 kB, Active: 6862664 kB, SwapTotal: 40894456 kB, SwapFree: 40861944 kB
INFO [2026-03-16 14:01:42] Memory: Total: 61649012 kB, Available: 53792328 kB, Active: 6863172 kB, SwapTotal: 40894456 kB, SwapFree: 40861944 kB
INFO [2026-03-16 14:01:42] Memory: Total: 61649012 kB, Available: 53792328 kB, Active: 6863296 kB, SwapTotal: 40894456 kB, SwapFree: 40861944 kB
INFO [2026-03-16 14:01:42] Memory: Total: 61649012 kB, Available: 53792328 kB, Active: 6863420 kB, SwapTotal: 40894456 kB, SwapFree: 40861944 kB
INFO [2026-03-16 14:01:42] Memory: Total: 61649012 kB, Available: 53792328 kB, Active: 6863420 kB, SwapTotal: 40894456 kB, SwapFree: 40861944 kB
INFO [2026-03-16 14:01:42] Memory: Total: 61649012 kB, Available: 53792328 kB, Active: 6863420 kB, SwapTotal: 40894456 kB, SwapFree: 40861944 kB
INFO [2026-03-16 14:01:43] Memory: Total: 61649012 kB, Available: 53792332 kB, Active: 6863916 kB, SwapTotal: 40894456 kB, SwapFree: 40861944 kB
INFO [2026-03-16 14:01:43] Memory: Total: 61649012 kB, Available: 53790316 kB, Active: 6864288 kB, SwapTotal: 40894456 kB, SwapFree: 40861944 kB
INFO [2026-03-16 14:01:43] Memory: Total: 61649012 kB, Available: 53790316 kB, Active: 6864288 kB, SwapTotal: 40894456 kB, SwapFree: 40861944 kB
INFO [2026-03-16 14:01:43] Memory: Total: 61649012 kB, Available: 53790316 kB, Active: 6864288 kB, SwapTotal: 40894456 kB, SwapFree: 40861944 kB
INFO [2026-03-16 14:01:43] Memory: Total: 61649012 kB, Available: 53790316 kB, Active: 6864288 kB, SwapTotal: 40894456 kB, SwapFree: 40861944 kB
INFO [2026-03-16 14:01:43] Memory: Total: 61649012 kB, Available: 53790316 kB, Active: 6864784 kB, SwapTotal: 40894456 kB, SwapFree: 40861944 kB
INFO [2026-03-16 14:01:43] Memory: Total: 61649012 kB, Available: 53790316 kB, Active: 6864908 kB, SwapTotal: 40894456 kB, SwapFree: 40861944 kB
INFO [2026-03-16 14:01:43] Memory: Total: 61649012 kB, Available: 53790316 kB, Active: 6864908 kB, SwapTotal: 40894456 kB, SwapFree: 40861944 kB
INFO [2026-03-16 14:01:43] Memory: Total: 61649012 kB, Available: 53790316 kB, Active: 6864908 kB, SwapTotal: 40894456 kB, SwapFree: 40861944 kB
INFO [2026-03-16 14:01:43] Memory: Total: 61649012 kB, Available: 53790316 kB, Active: 6864900 kB, SwapTotal: 40894456 kB, SwapFree: 40861944 kB
INFO [2026-03-16 14:01:43] Memory: Total: 61649012 kB, Available: 53790568 kB, Active: 6865288 kB, SwapTotal: 40894456 kB, SwapFree: 40861944 kB
INFO [2026-03-16 14:01:43] Memory: Total: 61649012 kB, Available: 53790568 kB, Active: 6865412 kB, SwapTotal: 40894456 kB, SwapFree: 40861944 kB
INFO [2026-03-16 14:01:43] Memory: Total: 61649012 kB, Available: 53790568 kB, Active: 6865412 kB, SwapTotal: 40894456 kB, SwapFree: 40861944 kB
INFO [2026-03-16 14:01:43] Memory: Total: 61649012 kB, Available: 53790568 kB, Active: 6865412 kB, SwapTotal: 40894456 kB, SwapFree: 40861944 kB
INFO [2026-03-16 14:01:43] Memory: Total: 61649012 kB, Available: 53790568 kB, Active: 6865412 kB, SwapTotal: 40894456 kB, SwapFree: 40861944 kB
INFO [2026-03-16 14:01:44] Memory: Total: 61649012 kB, Available: 53790316 kB, Active: 6865784 kB, SwapTotal: 40894456 kB, SwapFree: 40861944 kB
INFO [2026-03-16 14:01:44] Memory: Total: 61649012 kB, Available: 53790316 kB, Active: 6865908 kB, SwapTotal: 40894456 kB, SwapFree: 40861944 kB
INFO [2026-03-16 14:01:44] Memory: Total: 61649012 kB, Available: 53790316 kB, Active: 6865908 kB, SwapTotal: 40894456 kB, SwapFree: 40861944 kB
INFO [2026-03-16 14:01:44] Memory: Total: 61649012 kB, Available: 53790316 kB, Active: 6865908 kB, SwapTotal: 40894456 kB, SwapFree: 40861944 kB
INFO [2026-03-16 14:01:44] Memory: Total: 61649012 kB, Available: 53790316 kB, Active: 6865908 kB, SwapTotal: 40894456 kB, SwapFree: 40861944 kB
INFO [2026-03-16 14:01:44] Memory: Total: 61649012 kB, Available: 53789816 kB, Active: 6866468 kB, SwapTotal: 40894456 kB, SwapFree: 40861944 kB
INFO [2026-03-16 14:01:44] Memory: Total: 61649012 kB, Available: 53789564 kB, Active: 6866716 kB, SwapTotal: 40894456 kB, SwapFree: 40861944 kB
INFO [2026-03-16 14:01:44] Memory: Total: 61649012 kB, Available: 53789564 kB, Active: 6866716 kB, SwapTotal: 40894456 kB, SwapFree: 40861944 kB
INFO [2026-03-16 14:01:44] Memory: Total: 61649012 kB, Available: 53789564 kB, Active: 6866720 kB, SwapTotal: 40894456 kB, SwapFree: 40861944 kB
INFO [2026-03-16 14:01:44] Memory: Total: 61649012 kB, Available: 53789564 kB, Active: 6866844 kB, SwapTotal: 40894456 kB, SwapFree: 40861944 kB
INFO [2026-03-16 14:01:45] Memory: Total: 61649012 kB, Available: 53788996 kB, Active: 6867092 kB, SwapTotal: 40894456 kB, SwapFree: 40861944 kB
INFO [2026-03-16 14:01:45] Memory: Total: 61649012 kB, Available: 53788996 kB, Active: 6867340 kB, SwapTotal: 40894456 kB, SwapFree: 40861944 kB
INFO [2026-03-16 14:01:45] Memory: Total: 61649012 kB, Available: 53788996 kB, Active: 6867340 kB, SwapTotal: 40894456 kB, SwapFree: 40861944 kB
INFO [2026-03-16 14:01:45] Memory: Total: 61649012 kB, Available: 53788240 kB, Active: 6867464 kB, SwapTotal: 40894456 kB, SwapFree: 40861944 kB
INFO [2026-03-16 14:01:45] Memory: Total: 61649012 kB, Available: 53788240 kB, Active: 6867464 kB, SwapTotal: 40894456 kB, SwapFree: 40861944 kB
INFO [2026-03-16 14:01:45] Memory: Total: 61649012 kB, Available: 53788240 kB, Active: 6867836 kB, SwapTotal: 40894456 kB, SwapFree: 40861944 kB
INFO [2026-03-16 14:01:45] Memory: Total: 61649012 kB, Available: 53788240 kB, Active: 6868084 kB, SwapTotal: 40894456 kB, SwapFree: 40861944 kB
INFO [2026-03-16 14:01:45] Memory: Total: 61649012 kB, Available: 53788240 kB, Active: 6868084 kB, SwapTotal: 40894456 kB, SwapFree: 40861944 kB
INFO [2026-03-16 14:01:45] Memory: Total: 61649012 kB, Available: 53788240 kB, Active: 6868208 kB, SwapTotal: 40894456 kB, SwapFree: 40861944 kB
INFO [2026-03-16 14:01:45] Memory: Total: 61649012 kB, Available: 53788240 kB, Active: 6868208 kB, SwapTotal: 40894456 kB, SwapFree: 40861944 kB
INFO [2026-03-16 14:01:45] Memory: Total: 61649012 kB, Available: 53786224 kB, Active: 6868704 kB, SwapTotal: 40894456 kB, SwapFree: 40861944 kB
INFO [2026-03-16 14:01:45] Memory: Total: 61649012 kB, Available: 53786224 kB, Active: 6868992 kB, SwapTotal: 40894456 kB, SwapFree: 40861944 kB
INFO [2026-03-16 14:01:45] Memory: Total: 61649012 kB, Available: 53786224 kB, Active: 6868992 kB, SwapTotal: 40894456 kB, SwapFree: 40861944 kB
INFO [2026-03-16 14:01:45] Memory: Total: 61649012 kB, Available: 53786224 kB, Active: 6868992 kB, SwapTotal: 40894456 kB, SwapFree: 40861944 kB
INFO [2026-03-16 14:01:45] Memory: Total: 61649012 kB, Available: 53786224 kB, Active: 6868992 kB, SwapTotal: 40894456 kB, SwapFree: 40861944 kB
INFO [2026-03-16 14:01:46] Memory: Total: 61649012 kB, Available: 53785972 kB, Active: 6869240 kB, SwapTotal: 40894456 kB, SwapFree: 40861944 kB
INFO [2026-03-16 14:01:46] Memory: Total: 61649012 kB, Available: 53785468 kB, Active: 6869364 kB, SwapTotal: 40894456 kB, SwapFree: 40861944 kBINFO [2026-03-16 14:01:46] Memory: Total: 61649012 kB, Available: 53785468 kB, Active: 6869364 kB, SwapTotal: 40894456 kB, SwapFree: 40861944 kB

INFO [2026-03-16 14:01:46] Memory: Total: 61649012 kB, Available: 53785468 kB, Active: 6869488 kB, SwapTotal: 40894456 kB, SwapFree: 40861944 kB
INFO [2026-03-16 14:01:46] Memory: Total: 61649012 kB, Available: 53785468 kB, Active: 6869488 kB, SwapTotal: 40894456 kB, SwapFree: 40861944 kB
INFO [2026-03-16 14:01:46] Memory: Total: 61649012 kB, Available: 53784460 kB, Active: 6869864 kB, SwapTotal: 40894456 kB, SwapFree: 40861944 kB
INFO [2026-03-16 14:01:46] Memory: Total: 61649012 kB, Available: 53784460 kB, Active: 6870436 kB, SwapTotal: 40894456 kB, SwapFree: 40861944 kBINFO [2026-03-16 14:01:46] Memory: Total: 61649012 kB, Available: 53784460 kB, Active: 6870112 kB, SwapTotal: 40894456 kB, SwapFree: 40861944 kB

INFO [2026-03-16 14:01:46] Memory: Total: 61649012 kB, Available: 53784460 kB, Active: 6870436 kB, SwapTotal: 40894456 kB, SwapFree: 40861944 kB
INFO [2026-03-16 14:01:46] Memory: Total: 61649012 kB, Available: 53784460 kB, Active: 6870436 kB, SwapTotal: 40894456 kB, SwapFree: 40861944 kB
INFO [2026-03-16 14:01:46] Memory: Total: 61649012 kB, Available: 53784460 kB, Active: 6870672 kB, SwapTotal: 40894456 kB, SwapFree: 40861944 kB
INFO [2026-03-16 14:01:47] Memory: Total: 61649012 kB, Available: 53784460 kB, Active: 6870984 kB, SwapTotal: 40894456 kB, SwapFree: 40861944 kB
INFO [2026-03-16 14:01:47] Memory: Total: 61649012 kB, Available: 53782444 kB, Active: 6870984 kB, SwapTotal: 40894456 kB, SwapFree: 40861944 kB
INFO [2026-03-16 14:01:47] Memory: Total: 61649012 kB, Available: 53782444 kB, Active: 6870984 kB, SwapTotal: 40894456 kB, SwapFree: 40861944 kB
INFO [2026-03-16 14:01:47] Memory: Total: 61649012 kB, Available: 53782444 kB, Active: 6870984 kB, SwapTotal: 40894456 kB, SwapFree: 40861944 kB
INFO [2026-03-16 14:01:47] Memory: Total: 61649012 kB, Available: 53782444 kB, Active: 6871480 kB, SwapTotal: 40894456 kB, SwapFree: 40861944 kB
INFO [2026-03-16 14:01:47] Memory: Total: 61649012 kB, Available: 53782444 kB, Active: 6871852 kB, SwapTotal: 40894456 kB, SwapFree: 40861944 kB
INFO [2026-03-16 14:01:47] Memory: Total: 61649012 kB, Available: 53782444 kB, Active: 6871852 kB, SwapTotal: 40894456 kB, SwapFree: 40861944 kB
INFO [2026-03-16 14:01:47] Memory: Total: 61649012 kB, Available: 53782444 kB, Active: 6871852 kB, SwapTotal: 40894456 kB, SwapFree: 40861944 kB
INFO [2026-03-16 14:01:47] Memory: Total: 61649012 kB, Available: 53782444 kB, Active: 6871852 kB, SwapTotal: 40894456 kB, SwapFree: 40861944 kB
INFO [2026-03-16 14:01:47] Memory: Total: 61649012 kB, Available: 53782444 kB, Active: 6872224 kB, SwapTotal: 40894456 kB, SwapFree: 40861944 kB
INFO [2026-03-16 14:01:47] Memory: Total: 61649012 kB, Available: 53782444 kB, Active: 6872756 kB, SwapTotal: 40894456 kB, SwapFree: 40861944 kB
INFO [2026-03-16 14:01:47] Memory: Total: 61649012 kB, Available: 53782444 kB, Active: 6872812 kB, SwapTotal: 40894456 kB, SwapFree: 40861944 kB
INFO [2026-03-16 14:01:47] Memory: Total: 61649012 kB, Available: 53782444 kB, Active: 6872528 kB, SwapTotal: 40894456 kB, SwapFree: 40861944 kB
INFO [2026-03-16 14:01:47] Memory: Total: 61649012 kB, Available: 53782444 kB, Active: 6872472 kB, SwapTotal: 40894456 kB, SwapFree: 40861944 kB
INFO [2026-03-16 14:01:48] Memory: Total: 61649012 kB, Available: 53782444 kB, Active: 6873044 kB, SwapTotal: 40894456 kB, SwapFree: 40861944 kB
INFO [2026-03-16 14:01:48] Memory: Total: 61649012 kB, Available: 53782444 kB, Active: 6872784 kB, SwapTotal: 40894456 kB, SwapFree: 40861944 kB
INFO [2026-03-16 14:01:48] Memory: Total: 61649012 kB, Available: 53782444 kB, Active: 6872784 kB, SwapTotal: 40894456 kB, SwapFree: 40861944 kB
INFO [2026-03-16 14:01:48] Memory: Total: 61649012 kB, Available: 53782444 kB, Active: 6872784 kB, SwapTotal: 40894456 kB, SwapFree: 40861944 kB
INFO [2026-03-16 14:01:48] Memory: Total: 61649012 kB, Available: 53782444 kB, Active: 6873108 kB, SwapTotal: 40894456 kB, SwapFree: 40861944 kB
INFO [2026-03-16 14:01:48] Memory: Total: 61649012 kB, Available: 53782444 kB, Active: 6872792 kB, SwapTotal: 40894456 kB, SwapFree: 40861944 kB
INFO [2026-03-16 14:01:48] Memory: Total: 61649012 kB, Available: 53782444 kB, Active: 6872792 kB, SwapTotal: 40894456 kB, SwapFree: 40861944 kB
INFO [2026-03-16 14:01:48] Memory: Total: 61649012 kB, Available: 53782444 kB, Active: 6872792 kB, SwapTotal: 40894456 kB, SwapFree: 40861944 kB
INFO [2026-03-16 14:01:48] Memory: Total: 61649012 kB, Available: 53782444 kB, Active: 6872792 kB, SwapTotal: 40894456 kB, SwapFree: 40861944 kB
INFO [2026-03-16 14:01:48] Memory: Total: 61649012 kB, Available: 53782444 kB, Active: 6872792 kB, SwapTotal: 40894456 kB, SwapFree: 40861944 kB
INFO [2026-03-16 14:01:48] Memory: Total: 61649012 kB, Available: 53782444 kB, Active: 6873228 kB, SwapTotal: 40894456 kB, SwapFree: 40861944 kB
INFO [2026-03-16 14:01:49] Memory: Total: 61649012 kB, Available: 53782444 kB, Active: 6872944 kB, SwapTotal: 40894456 kB, SwapFree: 40861944 kB
INFO [2026-03-16 14:01:49] Memory: Total: 61649012 kB, Available: 53782444 kB, Active: 6872944 kB, SwapTotal: 40894456 kB, SwapFree: 40861944 kB
INFO [2026-03-16 14:01:49] Memory: Total: 61649012 kB, Available: 53782444 kB, Active: 6872944 kB, SwapTotal: 40894456 kB, SwapFree: 40861944 kB
INFO [2026-03-16 14:01:49] Memory: Total: 61649012 kB, Available: 53782120 kB, Active: 6873268 kB, SwapTotal: 40894456 kB, SwapFree: 40861944 kB
INFO [2026-03-16 14:01:49] Memory: Total: 61649012 kB, Available: 53782192 kB, Active: 6873036 kB, SwapTotal: 40894456 kB, SwapFree: 40861944 kB
INFO [2026-03-16 14:01:49] Memory: Total: 61649012 kB, Available: 53782192 kB, Active: 6873036 kB, SwapTotal: 40894456 kB, SwapFree: 40861944 kB
INFO [2026-03-16 14:01:49] Memory: Total: 61649012 kB, Available: 53782192 kB, Active: 6873036 kB, SwapTotal: 40894456 kB, SwapFree: 40861944 kB
INFO [2026-03-16 14:01:49] Memory: Total: 61649012 kB, Available: 53782192 kB, Active: 6873036 kB, SwapTotal: 40894456 kB, SwapFree: 40861944 kB
INFO [2026-03-16 14:01:49] Memory: Total: 61649012 kB, Available: 53782192 kB, Active: 6873036 kB, SwapTotal: 40894456 kB, SwapFree: 40861944 kB
INFO [2026-03-16 14:01:49] Memory: Total: 61649012 kB, Available: 53782192 kB, Active: 6873128 kB, SwapTotal: 40894456 kB, SwapFree: 40861944 kB
INFO [2026-03-16 14:01:49] Memory: Total: 61649012 kB, Available: 53782192 kB, Active: 6873128 kB, SwapTotal: 40894456 kB, SwapFree: 40861944 kB
INFO [2026-03-16 14:01:49] Memory: Total: 61649012 kB, Available: 53782192 kB, Active: 6873128 kB, SwapTotal: 40894456 kB, SwapFree: 40861944 kB
INFO [2026-03-16 14:01:49] Memory: Total: 61649012 kB, Available: 53782192 kB, Active: 6873128 kB, SwapTotal: 40894456 kB, SwapFree: 40861944 kB
INFO [2026-03-16 14:01:49] Memory: Total: 61649012 kB, Available: 53782192 kB, Active: 6873128 kB, SwapTotal: 40894456 kB, SwapFree: 40861944 kB
INFO [2026-03-16 14:01:50] Memory: Total: 61649012 kB, Available: 53782192 kB, Active: 6873128 kB, SwapTotal: 40894456 kB, SwapFree: 40861944 kB
INFO [2026-03-16 14:01:50] Memory: Total: 61649012 kB, Available: 53782192 kB, Active: 6873252 kB, SwapTotal: 40894456 kB, SwapFree: 40861944 kB
INFO [2026-03-16 14:01:50] Memory: Total: 61649012 kB, Available: 53782192 kB, Active: 6873252 kB, SwapTotal: 40894456 kB, SwapFree: 40861944 kB
INFO [2026-03-16 14:01:50] Memory: Total: 61649012 kB, Available: 53782192 kB, Active: 6873252 kB, SwapTotal: 40894456 kB, SwapFree: 40861944 kB
INFO [2026-03-16 14:01:50] Memory: Total: 61649012 kB, Available: 53782192 kB, Active: 6873252 kB, SwapTotal: 40894456 kB, SwapFree: 40861944 kB
INFO [2026-03-16 14:01:50] Memory: Total: 61649012 kB, Available: 53782192 kB, Active: 6873252 kB, SwapTotal: 40894456 kB, SwapFree: 40861944 kB
INFO [2026-03-16 14:01:50] Memory: Total: 61649012 kB, Available: 53782192 kB, Active: 6873252 kB, SwapTotal: 40894456 kB, SwapFree: 40861944 kB
INFO [2026-03-16 14:01:50] Memory: Total: 61649012 kB, Available: 53782192 kB, Active: 6873252 kB, SwapTotal: 40894456 kB, SwapFree: 40861944 kB
INFO [2026-03-16 14:01:50] Memory: Total: 61649012 kB, Available: 53782192 kB, Active: 6873252 kB, SwapTotal: 40894456 kB, SwapFree: 40861944 kB
INFO [2026-03-16 14:01:50] Memory: Total: 61649012 kB, Available: 53782192 kB, Active: 6873252 kB, SwapTotal: 40894456 kB, SwapFree: 40861944 kB
INFO [2026-03-16 14:01:50] Memory: Total: 61649012 kB, Available: 53782196 kB, Active: 6873376 kB, SwapTotal: 40894456 kB, SwapFree: 40861944 kB
INFO [2026-03-16 14:01:51] Memory: Total: 61649012 kB, Available: 53782196 kB, Active: 6873376 kB, SwapTotal: 40894456 kB, SwapFree: 40861944 kB
INFO [2026-03-16 14:01:51] Memory: Total: 61649012 kB, Available: 53782196 kB, Active: 6873376 kB, SwapTotal: 40894456 kB, SwapFree: 40861944 kB
INFO [2026-03-16 14:01:51] Memory: Total: 61649012 kB, Available: 53782196 kB, Active: 6873376 kB, SwapTotal: 40894456 kB, SwapFree: 40861944 kB
INFO [2026-03-16 14:01:51] Memory: Total: 61649012 kB, Available: 53782196 kB, Active: 6873376 kB, SwapTotal: 40894456 kB, SwapFree: 40861944 kB
INFO [2026-03-16 14:01:51] Memory: Total: 61649012 kB, Available: 53782196 kB, Active: 6873376 kB, SwapTotal: 40894456 kB, SwapFree: 40861944 kB
INFO [2026-03-16 14:01:51] Memory: Total: 61649012 kB, Available: 53782196 kB, Active: 6873376 kB, SwapTotal: 40894456 kB, SwapFree: 40861944 kB
INFO [2026-03-16 14:01:51] Memory: Total: 61649012 kB, Available: 53782196 kB, Active: 6873376 kB, SwapTotal: 40894456 kB, SwapFree: 40861944 kB
INFO [2026-03-16 14:01:51] Memory: Total: 61649012 kB, Available: 53782196 kB, Active: 6873376 kB, SwapTotal: 40894456 kB, SwapFree: 40861944 kBINFO [2026-03-16 14:01:51] Memory: Total: 61649012 kB, Available: 53782196 kB, Active: 6873376 kB, SwapTotal: 40894456 kB, SwapFree: 40861944 kB

INFO [2026-03-16 14:01:51] Memory: Total: 61649012 kB, Available: 53782196 kB, Active: 6873500 kB, SwapTotal: 40894456 kB, SwapFree: 40861944 kB
INFO [2026-03-16 14:01:51] Memory: Total: 61649012 kB, Available: 53782196 kB, Active: 6873500 kB, SwapTotal: 40894456 kB, SwapFree: 40861944 kB
INFO [2026-03-16 14:01:51] Memory: Total: 61649012 kB, Available: 53782196 kB, Active: 6873500 kB, SwapTotal: 40894456 kB, SwapFree: 40861944 kB
INFO [2026-03-16 14:01:51] Memory: Total: 61649012 kB, Available: 53782196 kB, Active: 6873788 kB, SwapTotal: 40894456 kB, SwapFree: 40861944 kB
INFO [2026-03-16 14:01:51] Memory: Total: 61649012 kB, Available: 53782196 kB, Active: 6873788 kB, SwapTotal: 40894456 kB, SwapFree: 40861944 kB
INFO [2026-03-16 14:01:52] Memory: Total: 61649012 kB, Available: 53782192 kB, Active: 6873500 kB, SwapTotal: 40894456 kB, SwapFree: 40861944 kB
INFO [2026-03-16 14:01:52] Memory: Total: 61649012 kB, Available: 53782192 kB, Active: 6873624 kB, SwapTotal: 40894456 kB, SwapFree: 40861944 kB
INFO [2026-03-16 14:01:52] Memory: Total: 61649012 kB, Available: 53782192 kB, Active: 6873624 kB, SwapTotal: 40894456 kB, SwapFree: 40861944 kB
INFO [2026-03-16 14:01:52] Memory: Total: 61649012 kB, Available: 53782192 kB, Active: 6873624 kB, SwapTotal: 40894456 kB, SwapFree: 40861944 kBINFO [2026-03-16 14:01:52] Memory: Total: 61649012 kB, Available: 53782192 kB, Active: 6873624 kB, SwapTotal: 40894456 kB, SwapFree: 40861944 kB

INFO [2026-03-16 14:01:52] Memory: Total: 61649012 kB, Available: 53782192 kB, Active: 6873624 kB, SwapTotal: 40894456 kB, SwapFree: 40861944 kB
INFO [2026-03-16 14:01:52] Memory: Total: 61649012 kB, Available: 53782192 kB, Active: 6873748 kB, SwapTotal: 40894456 kB, SwapFree: 40861944 kB
INFO [2026-03-16 14:01:52] Memory: Total: 61649012 kB, Available: 53782192 kB, Active: 6873748 kB, SwapTotal: 40894456 kB, SwapFree: 40861944 kB
INFO [2026-03-16 14:01:52] Memory: Total: 61649012 kB, Available: 53782192 kB, Active: 6873748 kB, SwapTotal: 40894456 kB, SwapFree: 40861944 kB
INFO [2026-03-16 14:01:52] Memory: Total: 61649012 kB, Available: 53782192 kB, Active: 6873748 kB, SwapTotal: 40894456 kB, SwapFree: 40861944 kB
INFO [2026-03-16 14:01:52] Memory: Total: 61649012 kB, Available: 53782192 kB, Active: 6873748 kB, SwapTotal: 40894456 kB, SwapFree: 40861944 kB
INFO [2026-03-16 14:01:52] Memory: Total: 61649012 kB, Available: 53782192 kB, Active: 6873928 kB, SwapTotal: 40894456 kB, SwapFree: 40861944 kB
INFO [2026-03-16 14:01:52] Memory: Total: 61649012 kB, Available: 53782192 kB, Active: 6873928 kB, SwapTotal: 40894456 kB, SwapFree: 40861944 kB
INFO [2026-03-16 14:01:53] Memory: Total: 61649012 kB, Available: 53782192 kB, Active: 6873872 kB, SwapTotal: 40894456 kB, SwapFree: 40861944 kB
INFO [2026-03-16 14:01:53] Memory: Total: 61649012 kB, Available: 53782192 kB, Active: 6873872 kB, SwapTotal: 40894456 kB, SwapFree: 40861944 kB
INFO [2026-03-16 14:01:53] Memory: Total: 61649012 kB, Available: 53782192 kB, Active: 6873996 kB, SwapTotal: 40894456 kB, SwapFree: 40861944 kB
INFO [2026-03-16 14:01:53] Memory: Total: 61649012 kB, Available: 53782192 kB, Active: 6874320 kB, SwapTotal: 40894456 kB, SwapFree: 40861944 kB
INFO [2026-03-16 14:01:53] Memory: Total: 61649012 kB, Available: 53782192 kB, Active: 6874320 kB, SwapTotal: 40894456 kB, SwapFree: 40861944 kB
INFO [2026-03-16 14:01:53] Memory: Total: 61649012 kB, Available: 53782192 kB, Active: 6874104 kB, SwapTotal: 40894456 kB, SwapFree: 40861944 kB
INFO [2026-03-16 14:01:53] Memory: Total: 61649012 kB, Available: 53782192 kB, Active: 6874104 kB, SwapTotal: 40894456 kB, SwapFree: 40861944 kB
INFO [2026-03-16 14:01:53] Memory: Total: 61649012 kB, Available: 53782192 kB, Active: 6874104 kB, SwapTotal: 40894456 kB, SwapFree: 40861944 kB
INFO [2026-03-16 14:01:53] Memory: Total: 61649012 kB, Available: 53782192 kB, Active: 6874228 kB, SwapTotal: 40894456 kB, SwapFree: 40861944 kB
INFO [2026-03-16 14:01:53] Memory: Total: 61649012 kB, Available: 53782192 kB, Active: 6874228 kB, SwapTotal: 40894456 kB, SwapFree: 40861944 kB
INFO [2026-03-16 14:01:53] Memory: Total: 61649012 kB, Available: 53782192 kB, Active: 6874552 kB, SwapTotal: 40894456 kB, SwapFree: 40861944 kB
INFO [2026-03-16 14:01:53] Memory: Total: 61649012 kB, Available: 53782192 kB, Active: 6874568 kB, SwapTotal: 40894456 kB, SwapFree: 40861944 kB
INFO [2026-03-16 14:01:53] Memory: Total: 61649012 kB, Available: 53782192 kB, Active: 6874576 kB, SwapTotal: 40894456 kB, SwapFree: 40861944 kB
INFO [2026-03-16 14:01:54] Memory: Total: 61649012 kB, Available: 53782192 kB, Active: 6874648 kB, SwapTotal: 40894456 kB, SwapFree: 40861944 kB
INFO [2026-03-16 14:01:54] Memory: Total: 61649012 kB, Available: 53782192 kB, Active: 6874648 kB, SwapTotal: 40894456 kB, SwapFree: 40861944 kB
INFO [2026-03-16 14:01:54] Memory: Total: 61649012 kB, Available: 53782192 kB, Active: 6874400 kB, SwapTotal: 40894456 kB, SwapFree: 40861944 kB
INFO [2026-03-16 14:01:54] Memory: Total: 61649012 kB, Available: 53782192 kB, Active: 6874724 kB, SwapTotal: 40894456 kB, SwapFree: 40861944 kB
INFO [2026-03-16 14:01:54] Memory: Total: 61649012 kB, Available: 53782192 kB, Active: 6874788 kB, SwapTotal: 40894456 kB, SwapFree: 40861944 kB
INFO [2026-03-16 14:01:54] Memory: Total: 61649012 kB, Available: 53782192 kB, Active: 6874684 kB, SwapTotal: 40894456 kB, SwapFree: 40861944 kB
INFO [2026-03-16 14:01:54] Memory: Total: 61649012 kB, Available: 53782192 kB, Active: 6874684 kB, SwapTotal: 40894456 kB, SwapFree: 40861944 kB
INFO [2026-03-16 14:01:54] Memory: Total: 61649012 kB, Available: 53782192 kB, Active: 6874684 kB, SwapTotal: 40894456 kB, SwapFree: 40861944 kB
INFO [2026-03-16 14:01:54] Memory: Total: 61649012 kB, Available: 53782192 kB, Active: 6874684 kB, SwapTotal: 40894456 kB, SwapFree: 40861944 kB
INFO [2026-03-16 14:01:54] Memory: Total: 61649012 kB, Available: 53782192 kB, Active: 6874808 kB, SwapTotal: 40894456 kB, SwapFree: 40861944 kB
INFO [2026-03-16 14:01:54] Memory: Total: 61649012 kB, Available: 53782192 kB, Active: 6875212 kB, SwapTotal: 40894456 kB, SwapFree: 40861944 kB
INFO [2026-03-16 14:01:54] Memory: Total: 61649012 kB, Available: 53782192 kB, Active: 6875212 kB, SwapTotal: 40894456 kB, SwapFree: 40861944 kB
INFO [2026-03-16 14:01:54] Memory: Total: 61649012 kB, Available: 53782192 kB, Active: 6874924 kB, SwapTotal: 40894456 kB, SwapFree: 40861944 kB
INFO [2026-03-16 14:01:55] Memory: Total: 61649012 kB, Available: 53781940 kB, Active: 6874924 kB, SwapTotal: 40894456 kB, SwapFree: 40861944 kB
INFO [2026-03-16 14:01:55] Memory: Total: 61649012 kB, Available: 53781940 kB, Active: 6875048 kB, SwapTotal: 40894456 kB, SwapFree: 40861944 kB
INFO [2026-03-16 14:01:55] Memory: Total: 61649012 kB, Available: 53781940 kB, Active: 6875048 kB, SwapTotal: 40894456 kB, SwapFree: 40861944 kB
INFO [2026-03-16 14:01:55] Memory: Total: 61649012 kB, Available: 53781940 kB, Active: 6875048 kB, SwapTotal: 40894456 kB, SwapFree: 40861944 kB
INFO [2026-03-16 14:01:55] Memory: Total: 61649012 kB, Available: 53781940 kB, Active: 6875372 kB, SwapTotal: 40894456 kB, SwapFree: 40861944 kB
INFO [2026-03-16 14:01:55] Memory: Total: 61649012 kB, Available: 53781940 kB, Active: 6875404 kB, SwapTotal: 40894456 kB, SwapFree: 40861944 kB
INFO [2026-03-16 14:01:55] Memory: Total: 61649012 kB, Available: 53781940 kB, Active: 6875544 kB, SwapTotal: 40894456 kB, SwapFree: 40861944 kB
INFO [2026-03-16 14:01:55] Memory: Total: 61649012 kB, Available: 53781940 kB, Active: 6875584 kB, SwapTotal: 40894456 kB, SwapFree: 40861944 kB
INFO [2026-03-16 14:01:56] Memory: Total: 61649012 kB, Available: 53781688 kB, Active: 6875768 kB, SwapTotal: 40894456 kB, SwapFree: 40861944 kB
INFO [2026-03-16 14:01:56] Memory: Total: 61649012 kB, Available: 53781688 kB, Active: 6875768 kB, SwapTotal: 40894456 kB, SwapFree: 40861944 kB
INFO [2026-03-16 14:01:56] Memory: Total: 61649012 kB, Available: 53781688 kB, Active: 6875872 kB, SwapTotal: 40894456 kB, SwapFree: 40861944 kB
INFO [2026-03-16 14:01:56] Memory: Total: 61649012 kB, Available: 53781688 kB, Active: 6875952 kB, SwapTotal: 40894456 kB, SwapFree: 40861944 kB
INFO [2026-03-16 14:01:56] Memory: Total: 61649012 kB, Available: 53781688 kB, Active: 6875812 kB, SwapTotal: 40894456 kB, SwapFree: 40861944 kB
INFO [2026-03-16 14:01:56] Memory: Total: 61649012 kB, Available: 53781436 kB, Active: 6875936 kB, SwapTotal: 40894456 kB, SwapFree: 40861944 kB
INFO [2026-03-16 14:01:56] Memory: Total: 61649012 kB, Available: 53781436 kB, Active: 6875936 kB, SwapTotal: 40894456 kB, SwapFree: 40861944 kB
INFO [2026-03-16 14:01:56] Memory: Total: 61649012 kB, Available: 53781436 kB, Active: 6876224 kB, SwapTotal: 40894456 kB, SwapFree: 40861944 kB
INFO [2026-03-16 14:01:57] Memory: Total: 61649012 kB, Available: 53781436 kB, Active: 6876356 kB, SwapTotal: 40894456 kB, SwapFree: 40861944 kB
INFO [2026-03-16 14:01:57] Memory: Total: 61649012 kB, Available: 53781436 kB, Active: 6876048 kB, SwapTotal: 40894456 kB, SwapFree: 40861944 kB
INFO [2026-03-16 14:01:57] Memory: Total: 61649012 kB, Available: 53781436 kB, Active: 6876372 kB, SwapTotal: 40894456 kB, SwapFree: 40861944 kB
INFO [2026-03-16 14:01:57] Memory: Total: 61649012 kB, Available: 53781436 kB, Active: 6876472 kB, SwapTotal: 40894456 kB, SwapFree: 40861944 kB
INFO [2026-03-16 14:01:57] Memory: Total: 61649012 kB, Available: 53781436 kB, Active: 6876472 kB, SwapTotal: 40894456 kB, SwapFree: 40861944 kB
INFO [2026-03-16 14:01:57] Memory: Total: 61649012 kB, Available: 53781436 kB, Active: 6876328 kB, SwapTotal: 40894456 kB, SwapFree: 40861944 kB
INFO [2026-03-16 14:01:57] Memory: Total: 61649012 kB, Available: 53780932 kB, Active: 6876452 kB, SwapTotal: 40894456 kB, SwapFree: 40861944 kB
INFO [2026-03-16 14:01:57] Memory: Total: 61649012 kB, Available: 53780932 kB, Active: 6876452 kB, SwapTotal: 40894456 kB, SwapFree: 40861944 kB
INFO [2026-03-16 14:01:57] Memory: Total: 61649012 kB, Available: 53780932 kB, Active: 6876452 kB, SwapTotal: 40894456 kB, SwapFree: 40861944 kB
INFO [2026-03-16 14:01:57] Memory: Total: 61649012 kB, Available: 53780932 kB, Active: 6876452 kB, SwapTotal: 40894456 kB, SwapFree: 40861944 kB
INFO [2026-03-16 14:01:57] Memory: Total: 61649012 kB, Available: 53780932 kB, Active: 6876576 kB, SwapTotal: 40894456 kB, SwapFree: 40861944 kB
INFO [2026-03-16 14:01:57] Memory: Total: 61649012 kB, Available: 53780932 kB, Active: 6876984 kB, SwapTotal: 40894456 kB, SwapFree: 40861944 kB
INFO [2026-03-16 14:01:57] Memory: Total: 61649012 kB, Available: 53780932 kB, Active: 6876700 kB, SwapTotal: 40894456 kB, SwapFree: 40861944 kB
INFO [2026-03-16 14:01:58] Memory: Total: 61649012 kB, Available: 53780932 kB, Active: 6876700 kB, SwapTotal: 40894456 kB, SwapFree: 40861944 kB
INFO [2026-03-16 14:01:58] Memory: Total: 61649012 kB, Available: 53780932 kB, Active: 6876700 kB, SwapTotal: 40894456 kB, SwapFree: 40861944 kB
INFO [2026-03-16 14:01:58] Memory: Total: 61649012 kB, Available: 53780932 kB, Active: 6876824 kB, SwapTotal: 40894456 kB, SwapFree: 40861944 kB
INFO [2026-03-16 14:01:58] Memory: Total: 61649012 kB, Available: 53779924 kB, Active: 6876948 kB, SwapTotal: 40894456 kB, SwapFree: 40861944 kB
INFO [2026-03-16 14:01:58] Memory: Total: 61649012 kB, Available: 53779924 kB, Active: 6876948 kB, SwapTotal: 40894456 kB, SwapFree: 40861944 kB
INFO [2026-03-16 14:01:58] Memory: Total: 61649012 kB, Available: 53779924 kB, Active: 6877272 kB, SwapTotal: 40894456 kB, SwapFree: 40861944 kB
INFO [2026-03-16 14:01:58] Memory: Total: 61649012 kB, Available: 53779924 kB, Active: 6877280 kB, SwapTotal: 40894456 kB, SwapFree: 40861944 kB
INFO [2026-03-16 14:01:58] Memory: Total: 61649012 kB, Available: 53779924 kB, Active: 6877308 kB, SwapTotal: 40894456 kB, SwapFree: 40861944 kB
INFO [2026-03-16 14:01:58] Memory: Total: 61649012 kB, Available: 53779924 kB, Active: 6877060 kB, SwapTotal: 40894456 kB, SwapFree: 40861944 kB
INFO [2026-03-16 14:01:58] Memory: Total: 61649012 kB, Available: 53779924 kB, Active: 6877060 kB, SwapTotal: 40894456 kB, SwapFree: 40861944 kB
INFO [2026-03-16 14:01:58] Memory: Total: 61649012 kB, Available: 53779924 kB, Active: 6877184 kB, SwapTotal: 40894456 kB, SwapFree: 40861944 kB
INFO [2026-03-16 14:01:58] Memory: Total: 61649012 kB, Available: 53779924 kB, Active: 6877184 kB, SwapTotal: 40894456 kB, SwapFree: 40861944 kB
INFO [2026-03-16 14:01:58] Memory: Total: 61649012 kB, Available: 53779924 kB, Active: 6877184 kB, SwapTotal: 40894456 kB, SwapFree: 40861944 kB
INFO [2026-03-16 14:01:59] Memory: Total: 61649012 kB, Available: 53779924 kB, Active: 6877472 kB, SwapTotal: 40894456 kB, SwapFree: 40861944 kB
INFO [2026-03-16 14:01:59] Memory: Total: 61649012 kB, Available: 53779924 kB, Active: 6877472 kB, SwapTotal: 40894456 kB, SwapFree: 40861944 kB
INFO [2026-03-16 14:01:59] Memory: Total: 61649012 kB, Available: 53779924 kB, Active: 6877432 kB, SwapTotal: 40894456 kB, SwapFree: 40861944 kB
INFO [2026-03-16 14:01:59] Memory: Total: 61649012 kB, Available: 53779924 kB, Active: 6877432 kB, SwapTotal: 40894456 kB, SwapFree: 40861944 kB
INFO [2026-03-16 14:01:59] Memory: Total: 61649012 kB, Available: 53779924 kB, Active: 6877432 kB, SwapTotal: 40894456 kB, SwapFree: 40861944 kB
INFO [2026-03-16 14:01:59] Memory: Total: 61649012 kB, Available: 53779924 kB, Active: 6877556 kB, SwapTotal: 40894456 kB, SwapFree: 40861944 kB
INFO [2026-03-16 14:01:59] Memory: Total: 61649012 kB, Available: 53779924 kB, Active: 6877596 kB, SwapTotal: 40894456 kB, SwapFree: 40861944 kB
INFO [2026-03-16 14:01:59] Memory: Total: 61649012 kB, Available: 53779924 kB, Active: 6877680 kB, SwapTotal: 40894456 kB, SwapFree: 40861944 kB
INFO [2026-03-16 14:01:59] Memory: Total: 61649012 kB, Available: 53779924 kB, Active: 6877680 kB, SwapTotal: 40894456 kB, SwapFree: 40861944 kB
INFO [2026-03-16 14:01:59] Memory: Total: 61649012 kB, Available: 53779924 kB, Active: 6877804 kB, SwapTotal: 40894456 kB, SwapFree: 40861944 kB
INFO [2026-03-16 14:01:59] Memory: Total: 61649012 kB, Available: 53779924 kB, Active: 6878088 kB, SwapTotal: 40894456 kB, SwapFree: 40861944 kB
INFO [2026-03-16 14:01:59] Memory: Total: 61649012 kB, Available: 53779924 kB, Active: 6877928 kB, SwapTotal: 40894456 kB, SwapFree: 40861944 kB
INFO [2026-03-16 14:01:59] Memory: Total: 61649012 kB, Available: 53779924 kB, Active: 6877928 kB, SwapTotal: 40894456 kB, SwapFree: 40861944 kB
INFO [2026-03-16 14:02:00] Memory: Total: 61649012 kB, Available: 53779924 kB, Active: 6877928 kB, SwapTotal: 40894456 kB, SwapFree: 40861944 kB
INFO [2026-03-16 14:02:00] Memory: Total: 61649012 kB, Available: 53779924 kB, Active: 6878052 kB, SwapTotal: 40894456 kB, SwapFree: 40861944 kB
INFO [2026-03-16 14:02:00] Memory: Total: 61649012 kB, Available: 53779924 kB, Active: 6878176 kB, SwapTotal: 40894456 kB, SwapFree: 40861944 kB
INFO [2026-03-16 14:02:00] Memory: Total: 61649012 kB, Available: 53779924 kB, Active: 6878176 kB, SwapTotal: 40894456 kB, SwapFree: 40861944 kB
INFO [2026-03-16 14:02:00] Memory: Total: 61649012 kB, Available: 53779924 kB, Active: 6878176 kB, SwapTotal: 40894456 kB, SwapFree: 40861944 kB
INFO [2026-03-16 14:02:00] Memory: Total: 61649012 kB, Available: 53779924 kB, Active: 6878300 kB, SwapTotal: 40894456 kB, SwapFree: 40861944 kB
INFO [2026-03-16 14:02:00] Memory: Total: 61649012 kB, Available: 53779924 kB, Active: 6878424 kB, SwapTotal: 40894456 kB, SwapFree: 40861944 kB
INFO [2026-03-16 14:02:00] Memory: Total: 61649012 kB, Available: 53779924 kB, Active: 6878424 kB, SwapTotal: 40894456 kB, SwapFree: 40861944 kB
INFO [2026-03-16 14:02:00] Memory: Total: 61649012 kB, Available: 53779924 kB, Active: 6878424 kB, SwapTotal: 40894456 kB, SwapFree: 40861944 kB
INFO [2026-03-16 14:02:00] Memory: Total: 61649012 kB, Available: 53779924 kB, Active: 6878548 kB, SwapTotal: 40894456 kB, SwapFree: 40861944 kB
INFO [2026-03-16 14:02:00] Memory: Total: 61649012 kB, Available: 53779924 kB, Active: 6878548 kB, SwapTotal: 40894456 kB, SwapFree: 40861944 kB
INFO [2026-03-16 14:02:00] Memory: Total: 61649012 kB, Available: 53779672 kB, Active: 6878960 kB, SwapTotal: 40894456 kB, SwapFree: 40861944 kB
INFO [2026-03-16 14:02:01] Memory: Total: 61649012 kB, Available: 53779672 kB, Active: 6879120 kB, SwapTotal: 40894456 kB, SwapFree: 40861944 kB
INFO [2026-03-16 14:02:01] Memory: Total: 61649012 kB, Available: 53779672 kB, Active: 6879120 kB, SwapTotal: 40894456 kB, SwapFree: 40861944 kB
INFO [2026-03-16 14:02:01] Memory: Total: 61649012 kB, Available: 53779672 kB, Active: 6878836 kB, SwapTotal: 40894456 kB, SwapFree: 40861944 kB
INFO [2026-03-16 14:02:01] Memory: Total: 61649012 kB, Available: 53779672 kB, Active: 6878960 kB, SwapTotal: 40894456 kB, SwapFree: 40861944 kB
INFO [2026-03-16 14:02:01] Memory: Total: 61649012 kB, Available: 53779672 kB, Active: 6879084 kB, SwapTotal: 40894456 kB, SwapFree: 40861944 kB
INFO [2026-03-16 14:02:01] Memory: Total: 61649012 kB, Available: 53779672 kB, Active: 6879084 kB, SwapTotal: 40894456 kB, SwapFree: 40861944 kB
INFO [2026-03-16 14:02:01] Memory: Total: 61649012 kB, Available: 53779672 kB, Active: 6879208 kB, SwapTotal: 40894456 kB, SwapFree: 40861944 kB
INFO [2026-03-16 14:02:01] Memory: Total: 61649012 kB, Available: 53779672 kB, Active: 6879208 kB, SwapTotal: 40894456 kB, SwapFree: 40861944 kB
INFO [2026-03-16 14:02:01] Memory: Total: 61649012 kB, Available: 53779672 kB, Active: 6879208 kB, SwapTotal: 40894456 kB, SwapFree: 40861944 kB
INFO [2026-03-16 14:02:01] Memory: Total: 61649012 kB, Available: 53779672 kB, Active: 6879332 kB, SwapTotal: 40894456 kB, SwapFree: 40861944 kB
INFO [2026-03-16 14:02:01] Memory: Total: 61649012 kB, Available: 53779672 kB, Active: 6879456 kB, SwapTotal: 40894456 kB, SwapFree: 40861944 kB
INFO [2026-03-16 14:02:01] Memory: Total: 61649012 kB, Available: 53779672 kB, Active: 6879456 kB, SwapTotal: 40894456 kB, SwapFree: 40861944 kB
INFO [2026-03-16 14:02:01] Memory: Total: 61649012 kB, Available: 53779672 kB, Active: 6879456 kB, SwapTotal: 40894456 kB, SwapFree: 40861944 kB
INFO [2026-03-16 14:02:01] Memory: Total: 61649012 kB, Available: 53779672 kB, Active: 6879580 kB, SwapTotal: 40894456 kB, SwapFree: 40861944 kB
INFO [2026-03-16 14:02:02] Memory: Total: 61649012 kB, Available: 53779672 kB, Active: 6879704 kB, SwapTotal: 40894456 kB, SwapFree: 40861944 kB
INFO [2026-03-16 14:02:02] Memory: Total: 61649012 kB, Available: 53779672 kB, Active: 6879828 kB, SwapTotal: 40894456 kB, SwapFree: 40861944 kB
INFO [2026-03-16 14:02:02] Memory: Total: 61649012 kB, Available: 53779672 kB, Active: 6879544 kB, SwapTotal: 40894456 kB, SwapFree: 40861944 kB
INFO [2026-03-16 14:02:02] Memory: Total: 61649012 kB, Available: 53779672 kB, Active: 6879544 kB, SwapTotal: 40894456 kB, SwapFree: 40861944 kB
INFO [2026-03-16 14:02:02] Memory: Total: 61649012 kB, Available: 53779672 kB, Active: 6879668 kB, SwapTotal: 40894456 kB, SwapFree: 40861944 kB
INFO [2026-03-16 14:02:02] Memory: Total: 61649012 kB, Available: 53779420 kB, Active: 6879792 kB, SwapTotal: 40894456 kB, SwapFree: 40861944 kB
INFO [2026-03-16 14:02:02] Memory: Total: 61649012 kB, Available: 53779420 kB, Active: 6880076 kB, SwapTotal: 40894456 kB, SwapFree: 40861944 kB
INFO [2026-03-16 14:02:02] Memory: Total: 61649012 kB, Available: 53779420 kB, Active: 6880076 kB, SwapTotal: 40894456 kB, SwapFree: 40861944 kB
INFO [2026-03-16 14:02:02] Memory: Total: 61649012 kB, Available: 53779420 kB, Active: 6880200 kB, SwapTotal: 40894456 kB, SwapFree: 40861944 kB
INFO [2026-03-16 14:02:02] Memory: Total: 61649012 kB, Available: 53779420 kB, Active: 6880200 kB, SwapTotal: 40894456 kB, SwapFree: 40861944 kB
INFO [2026-03-16 14:02:02] Memory: Total: 61649012 kB, Available: 53779420 kB, Active: 6880388 kB, SwapTotal: 40894456 kB, SwapFree: 40861944 kB
INFO [2026-03-16 14:02:03] Memory: Total: 61649012 kB, Available: 53779420 kB, Active: 6880516 kB, SwapTotal: 40894456 kB, SwapFree: 40861944 kB
INFO [2026-03-16 14:02:03] Memory: Total: 61649012 kB, Available: 53779420 kB, Active: 6880516 kB, SwapTotal: 40894456 kB, SwapFree: 40861944 kB
INFO [2026-03-16 14:02:03] Memory: Total: 61649012 kB, Available: 53779168 kB, Active: 6880516 kB, SwapTotal: 40894456 kB, SwapFree: 40861944 kB
INFO [2026-03-16 14:02:03] Memory: Total: 61649012 kB, Available: 53779168 kB, Active: 6880640 kB, SwapTotal: 40894456 kB, SwapFree: 40861944 kB
INFO [2026-03-16 14:02:03] Memory: Total: 61649012 kB, Available: 53779168 kB, Active: 6880764 kB, SwapTotal: 40894456 kB, SwapFree: 40861944 kB
INFO [2026-03-16 14:02:03] Memory: Total: 61649012 kB, Available: 53778664 kB, Active: 6880888 kB, SwapTotal: 40894456 kB, SwapFree: 40861944 kB
INFO [2026-03-16 14:02:03] Memory: Total: 61649012 kB, Available: 53778664 kB, Active: 6880888 kB, SwapTotal: 40894456 kB, SwapFree: 40861944 kB
INFO [2026-03-16 14:02:03] Memory: Total: 61649012 kB, Available: 53778664 kB, Active: 6880888 kB, SwapTotal: 40894456 kB, SwapFree: 40861944 kB
INFO [2026-03-16 14:02:03] Memory: Total: 61649012 kB, Available: 53778664 kB, Active: 6881012 kB, SwapTotal: 40894456 kB, SwapFree: 40861944 kB
INFO [2026-03-16 14:02:03] Memory: Total: 61649012 kB, Available: 53778664 kB, Active: 6881012 kB, SwapTotal: 40894456 kB, SwapFree: 40861944 kB
INFO [2026-03-16 14:02:03] Memory: Total: 61649012 kB, Available: 53778664 kB, Active: 6881012 kB, SwapTotal: 40894456 kB, SwapFree: 40861944 kB
INFO [2026-03-16 14:02:03] Memory: Total: 61649012 kB, Available: 53778664 kB, Active: 6881012 kB, SwapTotal: 40894456 kB, SwapFree: 40861944 kB
INFO [2026-03-16 14:02:03] Memory: Total: 61649012 kB, Available: 53778664 kB, Active: 6881128 kB, SwapTotal: 40894456 kB, SwapFree: 40861944 kB
INFO [2026-03-16 14:02:03] Memory: Total: 61649012 kB, Available: 53778664 kB, Active: 6881128 kB, SwapTotal: 40894456 kB, SwapFree: 40861944 kB
INFO [2026-03-16 14:02:04] Memory: Total: 61649012 kB, Available: 53778664 kB, Active: 6881128 kB, SwapTotal: 40894456 kB, SwapFree: 40861944 kB
INFO [2026-03-16 14:02:04] Memory: Total: 61649012 kB, Available: 53778664 kB, Active: 6881128 kB, SwapTotal: 40894456 kB, SwapFree: 40861944 kB
INFO [2026-03-16 14:02:04] Memory: Total: 61649012 kB, Available: 53778664 kB, Active: 6881128 kB, SwapTotal: 40894456 kB, SwapFree: 40861944 kB
INFO [2026-03-16 14:02:04] Memory: Total: 61649012 kB, Available: 53778664 kB, Active: 6881128 kB, SwapTotal: 40894456 kB, SwapFree: 40861944 kB
INFO [2026-03-16 14:02:04] Memory: Total: 61649012 kB, Available: 53778664 kB, Active: 6881128 kB, SwapTotal: 40894456 kB, SwapFree: 40861944 kB
INFO [2026-03-16 14:02:04] Memory: Total: 61649012 kB, Available: 53778412 kB, Active: 6881128 kB, SwapTotal: 40894456 kB, SwapFree: 40861944 kB
INFO [2026-03-16 14:02:04] Memory: Total: 61649012 kB, Available: 53778412 kB, Active: 6881128 kB, SwapTotal: 40894456 kB, SwapFree: 40861944 kB
INFO [2026-03-16 14:02:04] Memory: Total: 61649012 kB, Available: 53778412 kB, Active: 6881128 kB, SwapTotal: 40894456 kB, SwapFree: 40861944 kB
INFO [2026-03-16 14:02:04] Memory: Total: 61649012 kB, Available: 53778412 kB, Active: 6881128 kB, SwapTotal: 40894456 kB, SwapFree: 40861944 kB
INFO [2026-03-16 14:02:04] Memory: Total: 61649012 kB, Available: 53778412 kB, Active: 6881128 kB, SwapTotal: 40894456 kB, SwapFree: 40861944 kB
INFO [2026-03-16 14:02:04] Memory: Total: 61649012 kB, Available: 53778408 kB, Active: 6881128 kB, SwapTotal: 40894456 kB, SwapFree: 40861944 kB
INFO [2026-03-16 14:02:05] Memory: Total: 61649012 kB, Available: 53778412 kB, Active: 6881128 kB, SwapTotal: 40894456 kB, SwapFree: 40861944 kB
INFO [2026-03-16 14:02:05] Memory: Total: 61649012 kB, Available: 53778412 kB, Active: 6881128 kB, SwapTotal: 40894456 kB, SwapFree: 40861944 kB
INFO [2026-03-16 14:02:05] Memory: Total: 61649012 kB, Available: 53778412 kB, Active: 6881128 kB, SwapTotal: 40894456 kB, SwapFree: 40861944 kB
INFO [2026-03-16 14:02:05] Memory: Total: 61649012 kB, Available: 53778412 kB, Active: 6881128 kB, SwapTotal: 40894456 kB, SwapFree: 40861944 kB
INFO [2026-03-16 14:02:05] Memory: Total: 61649012 kB, Available: 53778412 kB, Active: 6881128 kB, SwapTotal: 40894456 kB, SwapFree: 40861944 kB
INFO [2026-03-16 14:02:05] Memory: Total: 61649012 kB, Available: 53778412 kB, Active: 6881128 kB, SwapTotal: 40894456 kB, SwapFree: 40861944 kB
INFO [2026-03-16 14:02:05] Memory: Total: 61649012 kB, Available: 53778412 kB, Active: 6881128 kB, SwapTotal: 40894456 kB, SwapFree: 40861944 kB
INFO [2026-03-16 14:02:05] Memory: Total: 61649012 kB, Available: 53778412 kB, Active: 6881128 kB, SwapTotal: 40894456 kB, SwapFree: 40861944 kB
INFO [2026-03-16 14:02:05] Memory: Total: 61649012 kB, Available: 53778412 kB, Active: 6881128 kB, SwapTotal: 40894456 kB, SwapFree: 40861944 kB
INFO [2026-03-16 14:02:05] Memory: Total: 61649012 kB, Available: 53778412 kB, Active: 6881128 kB, SwapTotal: 40894456 kB, SwapFree: 40861944 kB
INFO [2026-03-16 14:02:05] Memory: Total: 61649012 kB, Available: 53778412 kB, Active: 6881128 kB, SwapTotal: 40894456 kB, SwapFree: 40861944 kB
INFO [2026-03-16 14:02:05] Memory: Total: 61649012 kB, Available: 53778412 kB, Active: 6881128 kB, SwapTotal: 40894456 kB, SwapFree: 40861944 kB
INFO [2026-03-16 14:02:05] Memory: Total: 61649012 kB, Available: 53778412 kB, Active: 6881464 kB, SwapTotal: 40894456 kB, SwapFree: 40861944 kB
INFO [2026-03-16 14:02:05] Memory: Total: 61649012 kB, Available: 53778412 kB, Active: 6881176 kB, SwapTotal: 40894456 kB, SwapFree: 40861944 kB
INFO [2026-03-16 14:02:06] Memory: Total: 61649012 kB, Available: 53778412 kB, Active: 6881176 kB, SwapTotal: 40894456 kB, SwapFree: 40861944 kB
INFO [2026-03-16 14:02:06] Memory: Total: 61649012 kB, Available: 53778412 kB, Active: 6881500 kB, SwapTotal: 40894456 kB, SwapFree: 40861944 kB
INFO [2026-03-16 14:02:06] Memory: Total: 61649012 kB, Available: 53778412 kB, Active: 6881500 kB, SwapTotal: 40894456 kB, SwapFree: 40861944 kB
INFO [2026-03-16 14:02:06] Memory: Total: 61649012 kB, Available: 53778412 kB, Active: 6881184 kB, SwapTotal: 40894456 kB, SwapFree: 40861944 kB
INFO [2026-03-16 14:02:06] Memory: Total: 61649012 kB, Available: 53778412 kB, Active: 6881184 kB, SwapTotal: 40894456 kB, SwapFree: 40861944 kB
INFO [2026-03-16 14:02:06] Memory: Total: 61649012 kB, Available: 53778412 kB, Active: 6881184 kB, SwapTotal: 40894456 kB, SwapFree: 40861944 kB
INFO [2026-03-16 14:02:06] Memory: Total: 61649012 kB, Available: 53778412 kB, Active: 6881184 kB, SwapTotal: 40894456 kB, SwapFree: 40861944 kB
INFO [2026-03-16 14:02:06] Memory: Total: 61649012 kB, Available: 53778412 kB, Active: 6881184 kB, SwapTotal: 40894456 kB, SwapFree: 40861944 kB
INFO [2026-03-16 14:02:06] Memory: Total: 61649012 kB, Available: 53778412 kB, Active: 6881212 kB, SwapTotal: 40894456 kB, SwapFree: 40861944 kB
INFO [2026-03-16 14:02:06] Memory: Total: 61649012 kB, Available: 53778412 kB, Active: 6881216 kB, SwapTotal: 40894456 kB, SwapFree: 40861944 kB
INFO [2026-03-16 14:02:06] Memory: Total: 61649012 kB, Available: 53778412 kB, Active: 6881216 kB, SwapTotal: 40894456 kB, SwapFree: 40861944 kB
INFO [2026-03-16 14:02:06] Memory: Total: 61649012 kB, Available: 53778412 kB, Active: 6881232 kB, SwapTotal: 40894456 kB, SwapFree: 40861944 kB
INFO [2026-03-16 14:02:06] Memory: Total: 61649012 kB, Available: 53778412 kB, Active: 6881556 kB, SwapTotal: 40894456 kB, SwapFree: 40861944 kB
INFO [2026-03-16 14:02:07] Memory: Total: 61649012 kB, Available: 53778412 kB, Active: 6881264 kB, SwapTotal: 40894456 kB, SwapFree: 40861944 kB
INFO [2026-03-16 14:02:07] Memory: Total: 61649012 kB, Available: 53778412 kB, Active: 6881264 kB, SwapTotal: 40894456 kB, SwapFree: 40861944 kB
INFO [2026-03-16 14:02:07] Memory: Total: 61649012 kB, Available: 53778412 kB, Active: 6881264 kB, SwapTotal: 40894456 kB, SwapFree: 40861944 kB
INFO [2026-03-16 14:02:07] Memory: Total: 61649012 kB, Available: 53778408 kB, Active: 6881264 kB, SwapTotal: 40894456 kB, SwapFree: 40861944 kB
INFO [2026-03-16 14:02:07] Memory: Total: 61649012 kB, Available: 53778408 kB, Active: 6881588 kB, SwapTotal: 40894456 kB, SwapFree: 40861944 kB
INFO [2026-03-16 14:02:07] Memory: Total: 61649012 kB, Available: 53778408 kB, Active: 6881296 kB, SwapTotal: 40894456 kB, SwapFree: 40861944 kB
INFO [2026-03-16 14:02:07] Memory: Total: 61649012 kB, Available: 53778408 kB, Active: 6881296 kB, SwapTotal: 40894456 kB, SwapFree: 40861944 kB
INFO [2026-03-16 14:02:07] Memory: Total: 61649012 kB, Available: 53778408 kB, Active: 6881296 kB, SwapTotal: 40894456 kB, SwapFree: 40861944 kB
INFO [2026-03-16 14:02:07] Memory: Total: 61649012 kB, Available: 53778408 kB, Active: 6881296 kB, SwapTotal: 40894456 kB, SwapFree: 40861944 kB
INFO [2026-03-16 14:02:07] Memory: Total: 61649012 kB, Available: 53778408 kB, Active: 6881620 kB, SwapTotal: 40894456 kB, SwapFree: 40861944 kB
INFO [2026-03-16 14:02:07] Memory: Total: 61649012 kB, Available: 53778408 kB, Active: 6881336 kB, SwapTotal: 40894456 kB, SwapFree: 40861944 kB
INFO [2026-03-16 14:02:07] Memory: Total: 61649012 kB, Available: 53778412 kB, Active: 6881336 kB, SwapTotal: 40894456 kB, SwapFree: 40861944 kB
INFO [2026-03-16 14:02:08] Memory: Total: 61649012 kB, Available: 53778412 kB, Active: 6881336 kB, SwapTotal: 40894456 kB, SwapFree: 40861944 kB
INFO [2026-03-16 14:02:08] Memory: Total: 61649012 kB, Available: 53778412 kB, Active: 6881336 kB, SwapTotal: 40894456 kB, SwapFree: 40861944 kB
INFO [2026-03-16 14:02:08] Memory: Total: 61649012 kB, Available: 53778412 kB, Active: 6881336 kB, SwapTotal: 40894456 kB, SwapFree: 40861944 kB
INFO [2026-03-16 14:02:08] Memory: Total: 61649012 kB, Available: 53778412 kB, Active: 6881336 kB, SwapTotal: 40894456 kB, SwapFree: 40861944 kB
INFO [2026-03-16 14:02:08] Memory: Total: 61649012 kB, Available: 53778412 kB, Active: 6881336 kB, SwapTotal: 40894456 kB, SwapFree: 40861944 kB
INFO [2026-03-16 14:02:08] Memory: Total: 61649012 kB, Available: 53778412 kB, Active: 6881336 kB, SwapTotal: 40894456 kB, SwapFree: 40861944 kB
INFO [2026-03-16 14:02:08] Memory: Total: 61649012 kB, Available: 53778160 kB, Active: 6881336 kB, SwapTotal: 40894456 kB, SwapFree: 40861944 kB
INFO [2026-03-16 14:02:08] Memory: Total: 61649012 kB, Available: 53778160 kB, Active: 6881336 kB, SwapTotal: 40894456 kB, SwapFree: 40861944 kB
INFO [2026-03-16 14:02:08] Memory: Total: 61649012 kB, Available: 53778160 kB, Active: 6881340 kB, SwapTotal: 40894456 kB, SwapFree: 40861944 kB
INFO [2026-03-16 14:02:08] Memory: Total: 61649012 kB, Available: 53778160 kB, Active: 6881340 kB, SwapTotal: 40894456 kB, SwapFree: 40861944 kB
INFO [2026-03-16 14:02:08] Memory: Total: 61649012 kB, Available: 53778160 kB, Active: 6881340 kB, SwapTotal: 40894456 kB, SwapFree: 40861944 kB
INFO [2026-03-16 14:02:08] Memory: Total: 61649012 kB, Available: 53778160 kB, Active: 6881520 kB, SwapTotal: 40894456 kB, SwapFree: 40861944 kB
INFO [2026-03-16 14:02:08] Memory: Total: 61649012 kB, Available: 53778160 kB, Active: 6881520 kB, SwapTotal: 40894456 kB, SwapFree: 40861944 kB
INFO [2026-03-16 14:02:09] Memory: Total: 61649012 kB, Available: 53778160 kB, Active: 6881520 kB, SwapTotal: 40894456 kB, SwapFree: 40861944 kB
INFO [2026-03-16 14:02:09] Memory: Total: 61649012 kB, Available: 53778160 kB, Active: 6881520 kB, SwapTotal: 40894456 kB, SwapFree: 40861944 kB
INFO [2026-03-16 14:02:09] Memory: Total: 61649012 kB, Available: 53778160 kB, Active: 6881520 kB, SwapTotal: 40894456 kB, SwapFree: 40861944 kB
INFO [2026-03-16 14:02:09] Memory: Total: 61649012 kB, Available: 53778160 kB, Active: 6881844 kB, SwapTotal: 40894456 kB, SwapFree: 40861944 kB
INFO [2026-03-16 14:02:09] Memory: Total: 61649012 kB, Available: 53778160 kB, Active: 6881844 kB, SwapTotal: 40894456 kB, SwapFree: 40861944 kB
INFO [2026-03-16 14:02:09] Memory: Total: 61649012 kB, Available: 53778160 kB, Active: 6881528 kB, SwapTotal: 40894456 kB, SwapFree: 40861944 kB
INFO [2026-03-16 14:02:09] Memory: Total: 61649012 kB, Available: 53778160 kB, Active: 6881528 kB, SwapTotal: 40894456 kB, SwapFree: 40861944 kB
INFO [2026-03-16 14:02:09] Memory: Total: 61649012 kB, Available: 53778160 kB, Active: 6881528 kB, SwapTotal: 40894456 kB, SwapFree: 40861944 kB
INFO [2026-03-16 14:02:09] Memory: Total: 61649012 kB, Available: 53778160 kB, Active: 6881528 kB, SwapTotal: 40894456 kB, SwapFree: 40861944 kB
INFO [2026-03-16 14:02:09] Memory: Total: 61649012 kB, Available: 53778160 kB, Active: 6881528 kB, SwapTotal: 40894456 kB, SwapFree: 40861944 kB
INFO [2026-03-16 14:02:09] Memory: Total: 61649012 kB, Available: 53778160 kB, Active: 6881528 kB, SwapTotal: 40894456 kB, SwapFree: 40861944 kB
INFO [2026-03-16 14:02:09] Memory: Total: 61649012 kB, Available: 53778160 kB, Active: 6881656 kB, SwapTotal: 40894456 kB, SwapFree: 40861944 kB
INFO [2026-03-16 14:02:09] Memory: Total: 61649012 kB, Available: 53778160 kB, Active: 6881656 kB, SwapTotal: 40894456 kB, SwapFree: 40861944 kB
INFO [2026-03-16 14:02:10] Memory: Total: 61649012 kB, Available: 53778412 kB, Active: 6881656 kB, SwapTotal: 40894456 kB, SwapFree: 40861944 kB
INFO [2026-03-16 14:02:10] Memory: Total: 61649012 kB, Available: 53778412 kB, Active: 6881656 kB, SwapTotal: 40894456 kB, SwapFree: 40861944 kB
INFO [2026-03-16 14:02:10] Memory: Total: 61649012 kB, Available: 53778412 kB, Active: 6881656 kB, SwapTotal: 40894456 kB, SwapFree: 40861944 kB
INFO [2026-03-16 14:02:10] Memory: Total: 61649012 kB, Available: 53778412 kB, Active: 6881656 kB, SwapTotal: 40894456 kB, SwapFree: 40861944 kB
INFO [2026-03-16 14:02:10] Memory: Total: 61649012 kB, Available: 53778412 kB, Active: 6881980 kB, SwapTotal: 40894456 kB, SwapFree: 40861944 kB
INFO [2026-03-16 14:02:10] Memory: Total: 61649012 kB, Available: 53778412 kB, Active: 6881664 kB, SwapTotal: 40894456 kB, SwapFree: 40861944 kB
INFO [2026-03-16 14:02:10] Memory: Total: 61649012 kB, Available: 53778412 kB, Active: 6881664 kB, SwapTotal: 40894456 kB, SwapFree: 40861944 kB
INFO [2026-03-16 14:02:10] Memory: Total: 61649012 kB, Available: 53778412 kB, Active: 6881664 kB, SwapTotal: 40894456 kB, SwapFree: 40861944 kB
INFO [2026-03-16 14:02:10] Memory: Total: 61649012 kB, Available: 53778412 kB, Active: 6881664 kB, SwapTotal: 40894456 kB, SwapFree: 40861944 kB
INFO [2026-03-16 14:02:10] Memory: Total: 61649012 kB, Available: 53778412 kB, Active: 6881664 kB, SwapTotal: 40894456 kB, SwapFree: 40861944 kB
INFO [2026-03-16 14:02:10] Memory: Total: 61649012 kB, Available: 53778412 kB, Active: 6881824 kB, SwapTotal: 40894456 kB, SwapFree: 40861944 kB
INFO [2026-03-16 14:02:10] Memory: Total: 61649012 kB, Available: 53778412 kB, Active: 6881824 kB, SwapTotal: 40894456 kB, SwapFree: 40861944 kB
INFO [2026-03-16 14:02:11] Memory: Total: 61649012 kB, Available: 53778412 kB, Active: 6881824 kB, SwapTotal: 40894456 kB, SwapFree: 40861944 kB
INFO [2026-03-16 14:02:11] Memory: Total: 61649012 kB, Available: 53778412 kB, Active: 6881824 kB, SwapTotal: 40894456 kB, SwapFree: 40861944 kB
INFO [2026-03-16 14:02:11] Memory: Total: 61649012 kB, Available: 53778412 kB, Active: 6881824 kB, SwapTotal: 40894456 kB, SwapFree: 40861944 kB
INFO [2026-03-16 14:02:11] Memory: Total: 61649012 kB, Available: 53778412 kB, Active: 6881824 kB, SwapTotal: 40894456 kB, SwapFree: 40861944 kB
INFO [2026-03-16 14:02:11] Memory: Total: 61649012 kB, Available: 53778412 kB, Active: 6881824 kB, SwapTotal: 40894456 kB, SwapFree: 40861944 kB
INFO [2026-03-16 14:02:11] Memory: Total: 61649012 kB, Available: 53778412 kB, Active: 6881824 kB, SwapTotal: 40894456 kB, SwapFree: 40861944 kB
INFO [2026-03-16 14:02:11] Memory: Total: 61649012 kB, Available: 53778412 kB, Active: 6881824 kB, SwapTotal: 40894456 kB, SwapFree: 40861944 kB
INFO [2026-03-16 14:02:11] Memory: Total: 61649012 kB, Available: 53778412 kB, Active: 6881824 kB, SwapTotal: 40894456 kB, SwapFree: 40861944 kB
INFO [2026-03-16 14:02:11] Memory: Total: 61649012 kB, Available: 53778412 kB, Active: 6881824 kB, SwapTotal: 40894456 kB, SwapFree: 40861944 kB
INFO [2026-03-16 14:02:11] Memory: Total: 61649012 kB, Available: 53778412 kB, Active: 6881824 kB, SwapTotal: 40894456 kB, SwapFree: 40861944 kB
INFO [2026-03-16 14:02:11] Memory: Total: 61649012 kB, Available: 53778412 kB, Active: 6881824 kB, SwapTotal: 40894456 kB, SwapFree: 40861944 kB
INFO [2026-03-16 14:02:11] Memory: Total: 61649012 kB, Available: 54020208 kB, Active: 6638400 kB, SwapTotal: 40894456 kB, SwapFree: 40861944 kB
INFO [2026-03-16 14:02:12] Recombining results ...
